:START_ID,:END_ID,:TYPE,n_support:int,source_sentence:string,chapter_path:string,passage_id:string,evidence_verbatim:boolean,engine:string,agreement:string
Physician_5baca69bb0,Work_c6ca06bcfb,authored,4,自汉张仲景撰《伤寒杂病论》,概述,p00297,true,builtin-sonnet,single_engine
Physician_b5cb5b9c75,Work_5759b66c42,authored,23,以俞根初《通俗伤寒论》而得名,概述,p00298,true,builtin-sonnet,single_engine
Doctrine_f450d790c7,Work_5759b66c42,statedIn,1,《通俗伤寒论》何秀山序曰,概述,p00298,true,builtin-sonnet,single_engine
Physician_dd9265a598,Work_1473338f60,authored,1,张景岳《景岳全书•伤寒典》阐述的论伤寒之汗法、下法、补法、慎用苦寒的学术观点,概述,p00299,true,builtin-sonnet,single_engine
Physician_a87561c078,Work_e72b7b3bdc,authored,1,越安视柯韵伯《伤寒论翼》错讹处，去繁就简，成《伤寒法祖》二卷,概述,p00299,true,builtin-sonnet,single_engine
Physician_b83bb2ffc4,Work_5d401f3a3e,authored,1,沨波著有《医学心源》四卷，《任氏简易方》一卷。,概述,p00299,true,builtin-sonnet,single_engine
Physician_b83bb2ffc4,Work_e89d37f551,authored,1,沨波著有《医学心源》四卷，《任氏简易方》一卷。,概述,p00299,true,builtin-sonnet,single_engine
Physician_7577a19b15,Work_bdf97771a4,authored,1,其后，章虚谷撰《伤寒论本旨》，对仲景原文条分义析,概述,p00299,true,builtin-sonnet,single_engine
Physician_7577a19b15,Work_fd074ff823,authored,1,并撰“伤寒热病辨”，提出先分病类后辨病症，详析伤寒、温热,概述,p00299,true,builtin-sonnet,single_engine
Physician_d77b132925,Work_88ab8c6bd5,authored,1,而对叶氏《温热论》、薛氏《湿热条辨》的解释，颇有新意。,概述,p00299,true,builtin-sonnet,single_engine
Physician_149a06fb68,Work_3b853f56e9,authored,1,高学山的《伤寒尚论辨似》，能辨喻嘉言之似是而非处。,概述,p00299,true,builtin-sonnet,single_engine
Physician_189c916d15,Work_5759b66c42,editedRevised,2,何秀山在俞氏《通俗伤寒论》的三卷抄本上，每条每段各加按语，或作阐发，或作补正,概述,p00299,true,builtin-sonnet,single_engine
Physician_7577a19b15,Doctrine_c36a1887eb,proposes,1,提出先分病类后辨病症，详析伤寒、温热,概述,p00299,true,builtin-sonnet,single_engine
Physician_64d2cbdcf5,Work_e1bbf1453e,authored,8,他先著《重订广温热论》、《感证宝筏》,概述,p00300,true,builtin-sonnet,single_engine
Physician_64d2cbdcf5,Work_b09a0aaf94,authored,1,他先著《重订广温热论》、《感证宝筏》,概述,p00300,true,builtin-sonnet,single_engine
Physician_64d2cbdcf5,Work_5759b66c42,editedRevised,4,继则给《通俗伤寒论》逐条勘证并加以发挥，使该书内容大增，从三卷到十二卷,概述,p00300,true,builtin-sonnet,single_engine
Physician_64d2cbdcf5,Work_d033104cc1,authored,1,又编著《湿温时疫治疗法》《增订时病论》,概述,p00300,true,builtin-sonnet,single_engine
Physician_64d2cbdcf5,Work_4302935d83,authored,1,又编著《湿温时疫治疗法》《增订时病论》,概述,p00300,true,builtin-sonnet,single_engine
Physician_64d2cbdcf5,Work_13677aae8b,editedRevised,1,校刊许叔微《伤寒百证歌注》,概述,p00300,true,builtin-sonnet,single_engine
Physician_64d2cbdcf5,Work_56221e2ae0,editedRevised,2,日本丹波氏《伤寒广要》《伤寒述义》,概述,p00300,true,builtin-sonnet,single_engine
Physician_64d2cbdcf5,Work_77861622d1,editedRevised,1,日本丹波氏《伤寒广要》《伤寒述义》,概述,p00300,true,builtin-sonnet,single_engine
Physician_64d2cbdcf5,Work_b35a73c0b4,editedRevised,2,浅田惟常的《伤寒论识》,概述,p00300,true,builtin-sonnet,single_engine
Physician_2262b1dd4a,Work_13677aae8b,authored,2,校刊许叔微《伤寒百证歌注》,概述,p00300,true,builtin-sonnet,single_engine
Physician_78f70d4133,Work_56221e2ae0,authored,1,日本丹波氏《伤寒广要》《伤寒述义》,概述,p00300,true,builtin-sonnet,single_engine
Physician_78f70d4133,Work_77861622d1,authored,1,日本丹波氏《伤寒广要》《伤寒述义》,概述,p00300,true,builtin-sonnet,single_engine
Physician_165fbbda94,Work_b35a73c0b4,authored,1,浅田惟常的《伤寒论识》,概述,p00300,true,builtin-sonnet,single_engine
Physician_6cfc465052,Work_099899db58,authored,1,赵睛初《存存斋医话》,概述,p00300,true,builtin-sonnet,single_engine
Physician_dde7109fc5,Work_cdb95f92ee,authored,1,黄寿衮《梦南雷斋医话》,概述,p00300,true,builtin-sonnet,single_engine
Physician_0ced925f3e,Work_d8254355d1,authored,1,张鲁峰《馤塘医话》,概述,p00300,true,builtin-sonnet,single_engine
Physician_dfc10f773b,Work_4bfe63d6fe,authored,1,张畹香著《暑温医旨》,概述,p00300,true,builtin-sonnet,single_engine
Physician_f22c30466d,Work_671da25e98,authored,5,周伯度在《六气感证要义》中明确指出,概述,p00300,true,builtin-sonnet,single_engine
Physician_f22c30466d,Doctrine_031a6ad17b,proposes,1,周伯度在《六气感证要义》中明确指出：“外感之证，不出风寒暑湿燥火六气，曰伤寒者，对杂病而言之；若对内伤而言，则伤寒亦同为外感。伤寒之方，多可施于六气，六气之病，亦可统于伤寒。是故欲明伤寒，当先详六气，六气者，伤寒之先河也”,概述,p00300,true,builtin-sonnet,single_engine
Physician_bec16b53a7,Work_814baf8b8e,authored,2,曹炳章著《瘟痧证治要略》《暑病证治要略》,概述,p00300,true,builtin-sonnet,single_engine
Physician_bec16b53a7,Work_4929fd93c2,authored,2,曹炳章著《瘟痧证治要略》《暑病证治要略》,概述,p00300,true,builtin-sonnet,single_engine
Physician_bec16b53a7,Work_4645542e3b,editedRevised,1,并补何氏未竟之《增订通俗伤寒论》中卷之下及下卷,概述,p00300,true,builtin-sonnet,single_engine
Physician_bec16b53a7,Work_4066c75118,authored,2,撰写《通俗伤寒论绪言》,概述,p00300,true,builtin-sonnet,single_engine
Physician_bec16b53a7,Work_0b6f246040,authored,1,并编《历代伤寒书目考》（包括许多手抄本）,概述,p00300,true,builtin-sonnet,single_engine
Physician_c884303f88,Work_c26590e9fe,authored,4,徐荣斋所著《重订通俗伤寒论》,概述,p00300,true,builtin-sonnet,single_engine
Physician_b07302a897,Work_f1b486c4b4,authored,1,2001年，连建伟著《三订通俗伤寒论》,概述,p00300,true,builtin-sonnet,single_engine
Physician_64d2cbdcf5,Physician_5f1fdad40e,influencedBy,6,何廉臣崇尚叶天士之说,概述,p00301,true,builtin-sonnet,single_engine
Doctrine_a9ebdc73e0,Work_686e5f063c,statedIn,1,其重要内容编入《中医各家学说》《方剂学》《中医诊断学》等教材,概述,p00303,true,builtin-sonnet,single_engine
Doctrine_a9ebdc73e0,Work_f023a55017,statedIn,1,其重要内容编入《中医各家学说》《方剂学》《中医诊断学》等教材,概述,p00303,true,builtin-sonnet,single_engine
Doctrine_a9ebdc73e0,Work_4855a24fb7,statedIn,1,其重要内容编入《中医各家学说》《方剂学》《中医诊断学》等教材,概述,p00303,true,builtin-sonnet,single_engine
Physician_dd9265a598,Work_d278644b9a,authored,1,一是《类经》。景岳综合百家，剖析疑义，将《内经》进行全面整理和注释,代表医家 / 张景岳 / 生平与代表著作简介,p00318,true,builtin-sonnet,single_engine
Physician_dd9265a598,Work_c2858261d4,editedRevised,1,将《内经》进行全面整理和注释,代表医家 / 张景岳 / 生平与代表著作简介,p00318,true,builtin-sonnet,single_engine
Physician_2993c24c00,Work_d754461e69,authored,2,仿皇甫谧《甲乙经》,代表医家 / 张景岳 / 生平与代表著作简介,p00318,true,builtin-sonnet,single_engine
Physician_dd9265a598,Work_1e67ecee5d,authored,4,全书六十四卷，包括传忠录、脉神章、伤寒典、杂证谟、妇人规、小儿则、痘疹诠、外科钤、本草正、新方八阵、古方八阵以及妇人、小儿、痘疹、外科古方等部分,代表医家 / 张景岳 / 生平与代表著作简介,p00319,true,builtin-sonnet,single_engine
Physician_dd9265a598,Work_fac0827821,authored,2,其中《伤寒典》二卷，统论四时外感病的诊治,代表医家 / 张景岳 / 生平与代表著作简介,p00319,true,builtin-sonnet,single_engine
Doctrine_362cae8226,Work_1e67ecee5d,statedIn,1,其中《伤寒典》二卷,代表医家 / 张景岳 / 生平与代表著作简介,p00319,true,builtin-sonnet,single_engine
Doctrine_362cae8226,Work_371bcea53c,statedIn,2,“凡诊病施治，必须要审阴阳，乃为医道之纲领。阴阳无谬，治焉有差？医道虽繁，而可以一言蔽之者，曰阴阳而已”（《景岳全书·传忠录阴阳篇》）,代表医家 / 张景岳 / 学术观点及诊治经验 / 洞明医理重阴阳,p00323,true,builtin-sonnet,single_engine
Doctrine_580f946fc1,Work_371bcea53c,statedIn,1,“道产阴阳，原同一气。火为水之主，水即火之源，水火原不相离也”（《景岳全书·传忠录阴阳篇》）,代表医家 / 张景岳 / 学术观点及诊治经验 / 洞明医理重阴阳,p00324,true,builtin-sonnet,single_engine
Doctrine_bb17b85671,Work_c9018e32ef,statedIn,1,“火水得其正则为精与气，水火失其和则为寒为热”（《古今名医汇粹·张景岳虚损论》）,代表医家 / 张景岳 / 学术观点及诊治经验 / 洞明医理重阴阳,p00324,true,builtin-sonnet,single_engine
Doctrine_2527da3d67,Work_96cf470f77,statedIn,1,“天之大宝只此一丸红日，人之大宝只此一息真阳”（《类经图翼·大宝论》）,代表医家 / 张景岳 / 学术观点及诊治经验 / 洞明医理重阴阳,p00324,true,builtin-sonnet,single_engine
Doctrine_c4f2e16fbc,Work_703eecae40,statedIn,1,“善治精者，能使精中生气；善治气者，能使气中生精”（《景岳全书· 阳不足再辨》）,代表医家 / 张景岳 / 学术观点及诊治经验 / 洞明医理重阴阳,p00324,true,builtin-sonnet,single_engine
Physician_dd9265a598,Doctrine_580f946fc1,proposes,1,景岳却认为“道产阴阳，原同一气。火为水之主，水即火之源，水火原不相离也”,代表医家 / 张景岳 / 学术观点及诊治经验 / 洞明医理重阴阳,p00324,true,builtin-sonnet,single_engine
Physician_dd9265a598,Doctrine_bb17b85671,proposes,1,景岳认为“火水得其正则为精与气，水火失其和则为寒为热”,代表医家 / 张景岳 / 学术观点及诊治经验 / 洞明医理重阴阳,p00324,true,builtin-sonnet,single_engine
Physician_dd9265a598,Doctrine_c4f2e16fbc,proposes,1,“善治精者，能使精中生气；善治气者，能使气中生精”,代表医家 / 张景岳 / 学术观点及诊治经验 / 洞明医理重阴阳,p00324,true,builtin-sonnet,single_engine
Physician_dd9265a598,Work_3b07717e62,authored,5,他说：“凡治伤寒，如时寒火衰，内无热邪而表不解者，宜辛温热剂散之;时热火盛而表不解者，宜辛温热剂散之，时热火盛而表不解者，宜以辛甘凉剂散之”（《景岳全书·伤寒典》）,代表医家 / 张景岳 / 学术观点及诊治经验 / 伤寒散表分温凉,p00326,true,builtin-sonnet,single_engine
Physician_dd9265a598,Doctrine_95cd315e62,proposes,1,并首开伤寒之辛凉解表（凉散法）、辛温解表（温散法）的先河,代表医家 / 张景岳 / 学术观点及诊治经验 / 伤寒散表分温凉,p00326,true,builtin-sonnet,single_engine
Physician_5baca69bb0,Work_1d76324e98,authored,2,张仲景在《伤寒论》中首创麻黄、桂枝之辛温解表法,代表医家 / 张景岳 / 学术观点及诊治经验 / 伤寒汗法尽其妙,p00328,true,builtin-sonnet,single_engine
Physician_dd9265a598,Doctrine_ea118ea30c,proposes,1,“治伤寒之法，惟汗为主”,代表医家 / 张景岳 / 学术观点及诊治经验 / 伤寒汗法尽其妙,p00328,true,builtin-sonnet,single_engine
Physician_dd9265a598,Doctrine_cdc98d67d0,proposes,1,“伤寒之愈，未有不从汗解者”,代表医家 / 张景岳 / 学术观点及诊治经验 / 伤寒汗法尽其妙,p00328,true,builtin-sonnet,single_engine
Doctrine_ea118ea30c,Work_27b47dea9a,statedIn,1,“治伤寒之法，惟汗为主”“伤寒之愈，未有不从汗解者”（《景岳全书·杂证谟瘟疫篇》）,代表医家 / 张景岳 / 学术观点及诊治经验 / 伤寒汗法尽其妙,p00328,true,builtin-sonnet,single_engine
Doctrine_b6fd0776e7,Work_27b47dea9a,statedIn,2,“寒邪外盛而内无热证，及元气无亏而气清受寒者”（《景岳全书·杂证谟瘟疫篇》）,代表医家 / 张景岳 / 学术观点及诊治经验 / 伤寒汗法尽其妙,p00330,true,builtin-sonnet,single_engine
Doctrine_8406b7601b,Work_27b47dea9a,statedIn,2,适宜于伤寒“外热里亦热，脉证俱阳而烦渴喜冷饮者” （《景岳全书·杂证谟瘟疫篇》）,代表医家 / 张景岳 / 学术观点及诊治经验 / 伤寒汗法尽其妙,p00331,true,builtin-sonnet,single_engine
Physician_dd9265a598,Work_7c8476d8b4,authored,2,他认为“伤寒千态万状， 只虚实二字尽之”（《质疑录》）,代表医家 / 张景岳 / 学术观点及诊治经验 / 伤寒补法开生面,p00336,true,builtin-sonnet,single_engine
Physician_dd9265a598,Doctrine_a439f35c9e,proposes,1,他说“最可恨者，有曰‘伤寒无补法’，惑乱人心，莫此为甚”“故力辩之，欲以救时弊，非好补也”（《质疑录》）,代表医家 / 张景岳 / 学术观点及诊治经验 / 伤寒补法开生面,p00336,true,builtin-sonnet,single_engine
Doctrine_a439f35c9e,Work_7c8476d8b4,statedIn,1,（《质疑录》）,代表医家 / 张景岳 / 学术观点及诊治经验 / 伤寒补法开生面,p00336,true,builtin-sonnet,single_engine
Physician_dd9265a598,Work_19871c045b,authored,1,张氏除专著《伤寒无补法辨》《论虚邪治法》《论伤寒无补法》诸篇外,代表医家 / 张景岳 / 学术观点及诊治经验 / 伤寒补法开生面,p00337,true,builtin-sonnet,single_engine
Physician_dd9265a598,Work_2966e90bd3,authored,1,张氏除专著《伤寒无补法辨》《论虚邪治法》《论伤寒无补法》诸篇外,代表医家 / 张景岳 / 学术观点及诊治经验 / 伤寒补法开生面,p00337,true,builtin-sonnet,single_engine
Physician_dd9265a598,Work_387b0df5bc,authored,1,张氏除专著《伤寒无补法辨》《论虚邪治法》《论伤寒无补法》诸篇外,代表医家 / 张景岳 / 学术观点及诊治经验 / 伤寒补法开生面,p00337,true,builtin-sonnet,single_engine
Physician_dd9265a598,Work_b73f44beb3,authored,1,别列《伤寒治虚法》专篇，详举伤寒补虚法则之要，凡十二法，法法有方，方方切用,代表医家 / 张景岳 / 学术观点及诊治经验 / 伤寒补法开生面,p00337,true,builtin-sonnet,single_engine
Physician_dd9265a598,Work_27b47dea9a,authored,2,何为补住邪气”（《景岳全书·杂证谟瘟疫篇》）,代表医家 / 张景岳 / 学术观点及诊治经验 / 伤寒补法开生面,p00337,true,builtin-sonnet,single_engine
Physician_dd9265a598,Doctrine_c3be009632,proposes,1,“若寒邪陷入阴分，血虚不能外达而当升散者，宜补阴益气煎”,代表医家 / 张景岳 / 学术观点及诊治经验 / 伤寒补法开生面,p00337,true,builtin-sonnet,single_engine
Physician_dd9265a598,Doctrine_ed75717f80,proposes,1,“凡患伤寒有阴阳大虚、元气将败而邪不能解者非六味回阳饮不可”,代表医家 / 张景岳 / 学术观点及诊治经验 / 伤寒补法开生面,p00337,true,builtin-sonnet,single_engine
Doctrine_ed75717f80,Work_27b47dea9a,statedIn,1,“凡患伤寒有阴阳大虚、元气将败而邪不能解者非六味回阳饮不可”（《景岳全书·杂证谟瘟疫篇》）,代表医家 / 张景岳 / 学术观点及诊治经验 / 伤寒补法开生面,p00337,true,builtin-sonnet,single_engine
Physician_63803ee7c4,Work_1d76324e98,authored,6,仲景《伤寒论》有曰,代表医家 / 张景岳 / 学术观点及诊治经验 / 伤寒下法启后人,p00339,true,builtin-sonnet,single_engine
Doctrine_1e9a060659,Work_1d76324e98,statedIn,1,仲景《伤寒论》有曰病发于阳而反下之，热入因作结胸;病发于阴而反下之，内虚因作痞气,代表医家 / 张景岳 / 学术观点及诊治经验 / 伤寒下法启后人,p00339,true,builtin-sonnet,single_engine
Physician_dd9265a598,Doctrine_3d004f39ab,proposes,1,“(伤寒)攻下，必须在正阳明之腑”,代表医家 / 张景岳 / 学术观点及诊治经验 / 伤寒下法启后人,p00339,true,builtin-sonnet,single_engine
Physician_dd9265a598,Doctrine_9c88ea0d99,proposes,1,“近或有以温病热病谓非真伤寒者，在未达其义耳”,代表医家 / 张景岳 / 原文选释 / 拘于时代，寒温未分,p00347,true,builtin-sonnet,single_engine
Physician_dd9265a598,Doctrine_341a3fa99d,proposes,1,片面的认为“凡病温热病而因于外感者，皆本于寒，即今医家皆谓之为伤寒”,代表医家 / 张景岳 / 原文选释 / 拘于时代，寒温未分,p00347,true,builtin-sonnet,single_engine
Doctrine_305830b996,Work_c2858261d4,statedIn,1,《内经》语：“今夫热病者，皆伤寒之类也”,代表医家 / 张景岳 / 原文选释 / 拘于时代，寒温未分,p00347,true,builtin-sonnet,single_engine
Doctrine_9271a2cfab,Work_c2858261d4,statedIn,1,“人伤于寒传为热，夫寒盛则生热也”,代表医家 / 张景岳 / 原文选释 / 拘于时代，寒温未分,p00347,true,builtin-sonnet,single_engine
Physician_3d32a4b038,Work_e890bfa888,authored,1,景岳先生《杂证谟瘟疫篇》认为,代表医家 / 张景岳 / 原文选释 / 拘于时代，寒温未分,p00348,true,builtin-sonnet,single_engine
Physician_dd9265a598,Doctrine_2ec96b7437,proposes,1,认为“凡欲察表邪者，不宜单据浮沉，只当于紧数与否为辨，方为的确”,代表医家 / 张景岳 / 原文选释 / 外感伤寒，紧脉为凭,p00354,true,builtin-sonnet,single_engine
Physician_dd9265a598,Doctrine_d0b7d6d108,proposes,1,“以紧数脉而兼见表证者，其为外感无疑，即当从解散”,代表医家 / 张景岳 / 原文选释 / 外感伤寒，紧脉为凭,p00354,true,builtin-sonnet,single_engine
Physician_dd9265a598,Doctrine_c312704b2d,proposes,1,景岳先生认为：“伤寒传变，不可以日数为拘，亦不可以次数为拘”,代表医家 / 张景岳 / 原文选释 / 因机察变，原始要终,p00360,true,builtin-sonnet,single_engine
Physician_dd9265a598,Doctrine_9e78009cfe,proposes,1,又云“但能因机察变，原始要终，而纤悉无遗者，方是活人高手”,代表医家 / 张景岳 / 原文选释 / 因机察变，原始要终,p00360,true,builtin-sonnet,single_engine
Physician_dd9265a598,Doctrine_88174ef1df,proposes,1,景岳先生认为“伤寒纲领，惟阴阳为最，此而有误，必致杀人”,代表医家 / 张景岳 / 原文选释 / 伤寒纲领，阴阳为最,p00365,true,builtin-sonnet,single_engine
Physician_dd9265a598,Physician_63803ee7c4,influencedBy,2,仲景先师总结在前，景岳先生启示在后,代表医家 / 张景岳 / 原文选释 / 伤寒纲领，阴阳为最,p00365,true,builtin-sonnet,single_engine
Physician_dd9265a598,Doctrine_edf90dbced,proposes,1,正如景岳先生所言：“胃本属土，为万物所归，邪入于胃，则无所复传”,代表医家 / 张景岳 / 原文选释 / 邪入于胃，无所复传,p00370,true,builtin-sonnet,single_engine
Physician_dd9265a598,Work_219183235e,authored,1,,代表医家 / 张景岳 / 原文选释 / 有力之脉，即为得神,p00379,false,builtin-sonnet,single_engine
Physician_dd9265a598,Work_d634513dca,authored,1,,代表医家 / 张景岳 / 原文选释 / 有力之脉，即为得神,p00379,false,builtin-sonnet,single_engine
Doctrine_828238259d,Work_219183235e,statedIn,1,力者，元气也。（《景岳全书·传忠录表证篇》）,代表医家 / 张景岳 / 原文选释 / 有力之脉，即为得神,p00379,true,builtin-sonnet,single_engine
Doctrine_406c6ad681,Work_d634513dca,statedIn,1,有力者，非强健之谓，谓中和之力也。（《景岳全书·传忠录神气存亡论》）,代表医家 / 张景岳 / 原文选释 / 有力之脉，即为得神,p00379,false,builtin-sonnet,single_engine
Doctrine_781a9947d0,Work_d634513dca,statedIn,1,大抵有力中不失和缓，柔软中不失有力，此方是脉中之神。（《景岳全书·传忠录神气存亡论》）,代表医家 / 张景岳 / 原文选释 / 有力之脉，即为得神,p00379,false,builtin-sonnet,single_engine
Doctrine_a29cd2490f,Work_d634513dca,statedIn,1,若其不及，即微弱脱绝之无力也。（《景岳全书·传忠录神气存亡论》）,代表医家 / 张景岳 / 原文选释 / 有力之脉，即为得神,p00379,true,builtin-sonnet,single_engine
Physician_dd9265a598,Doctrine_828238259d,proposes,1,力者，元气也。,代表医家 / 张景岳 / 原文选释 / 有力之脉，即为得神,p00379,true,builtin-sonnet,single_engine
Physician_dd9265a598,Doctrine_406c6ad681,proposes,1,有力者，非强健之谓，谓中和之力也。,代表医家 / 张景岳 / 原文选释 / 有力之脉，即为得神,p00379,true,builtin-sonnet,single_engine
Physician_dd9265a598,Doctrine_781a9947d0,proposes,1,大抵有力中不失和缓，柔软中不失有力，此方是脉中之神。,代表医家 / 张景岳 / 原文选释 / 有力之脉，即为得神,p00379,true,builtin-sonnet,single_engine
Physician_dd9265a598,Doctrine_a29cd2490f,proposes,1,若其不及，即微弱脱绝之无力也。,代表医家 / 张景岳 / 原文选释 / 有力之脉，即为得神,p00379,true,builtin-sonnet,single_engine
Doctrine_7a6a881cb3,Work_1d76324e98,statedIn,1,仲景伤寒论中有“但见一证便是，不必悉具”抓主证之语,代表医家 / 张景岳 / 方剂选录 / 诸柴胡煎,p00433,true,builtin-sonnet,single_engine
Physician_3d32a4b038,Doctrine_0d3d241021,proposes,1,其柴陈煎是在二陈汤结构上加柴胡一药而已,代表医家 / 张景岳 / 方剂选录 / 诸柴胡煎,p00433,true,builtin-sonnet,single_engine
Physician_3d32a4b038,Doctrine_6998b5530d,proposes,1,景岳用柴胡、黄芩清透少阳之邪，并以栀子、泽泻、木通导小肠火于尿液，利小便而实大便，泻痢自然而去，此少阳热痢柴芩煎确为精妥之剂,代表医家 / 张景岳 / 方剂选录 / 诸柴胡煎,p00433,true,builtin-sonnet,single_engine
Physician_dd9265a598,Doctrine_dc5572b085,proposes,1,而不知汗之出与汗之收，皆元气为之枢机耳,代表医家 / 张景岳 / 医案选按 / 七旬衰翁伤寒战汗案,p00469,true,builtin-sonnet,single_engine
Physician_dd9265a598,Doctrine_fc4c221d51,proposes,1,盖水为天一之精，凉能解热，甘可助阴，非若苦寒伤气者之比,代表医家 / 张景岳 / 医案选按 / 水药并投救治阴虚伤寒案,p00473,true,builtin-sonnet,single_engine
Doctrine_fc4c221d51,Work_3b07717e62,statedIn,1,（《景岳全书·伤寒典》）,代表医家 / 张景岳 / 医案选按 / 水药并投救治阴虚伤寒案,p00473,true,builtin-sonnet,single_engine
Doctrine_ed196ddeaa,Work_390e14f10f,statedIn,1,享年65岁（据《山阴陶里俞氏宗谱》）,代表医家 / 俞根初 / 生平与代表著作简介,p00481,true,builtin-sonnet,single_engine
Doctrine_ed196ddeaa,Work_b4137a1c46,statedIn,1,（《绍兴医药月报》1924年第1卷第2期）,代表医家 / 俞根初 / 生平与代表著作简介,p00483,true,builtin-sonnet,single_engine
Doctrine_a1a6e87a9e,Work_6650bcdaba,statedIn,1,谚云，熟读王叔和，不如临证多，非谓临证多者不必读书也，亦谓临证多者乃为读书耳（《伤寒要义》）,代表医家 / 俞根初 / 生平与代表著作简介,p00484,false,builtin-sonnet,single_engine
Physician_1245bdc3d9,Physician_63803ee7c4,influencedBy,1,其学识折衷仲景,代表医家 / 俞根初 / 生平与代表著作简介,p00484,true,builtin-sonnet,single_engine
Physician_1245bdc3d9,Physician_9c9c6a6600,influencedBy,1,参用朱氏南阳、方氏中行、陶氏节庵、吴氏又可、张氏景岳,代表医家 / 俞根初 / 生平与代表著作简介,p00484,true,builtin-sonnet,single_engine
Physician_1245bdc3d9,Physician_7ec142db00,influencedBy,1,参用朱氏南阳、方氏中行、陶氏节庵、吴氏又可、张氏景岳,代表医家 / 俞根初 / 生平与代表著作简介,p00484,true,builtin-sonnet,single_engine
Physician_1245bdc3d9,Physician_5cd7ce0d9d,influencedBy,1,参用朱氏南阳、方氏中行、陶氏节庵、吴氏又可、张氏景岳,代表医家 / 俞根初 / 生平与代表著作简介,p00484,true,builtin-sonnet,single_engine
Physician_1245bdc3d9,Physician_4e055cd849,influencedBy,1,参用朱氏南阳、方氏中行、陶氏节庵、吴氏又可、张氏景岳,代表医家 / 俞根初 / 生平与代表著作简介,p00484,true,builtin-sonnet,single_engine
Physician_1245bdc3d9,Physician_f935508bd6,influencedBy,1,参用朱氏南阳、方氏中行、陶氏节庵、吴氏又可、张氏景岳,代表医家 / 俞根初 / 生平与代表著作简介,p00484,true,builtin-sonnet,single_engine
Doctrine_4be31b010a,Work_c2b57eeddb,statedIn,1,常谓“慎毋相对斯须，便处方药”（《伤寒诊法》）,代表医家 / 俞根初 / 生平与代表著作简介,p00485,true,builtin-sonnet,single_engine
Physician_b5cb5b9c75,Doctrine_4be31b010a,proposes,1,常谓“慎毋相对斯须，便处方药”（《伤寒诊法》）,代表医家 / 俞根初 / 生平与代表著作简介,p00485,true,builtin-sonnet,single_engine
Physician_c884303f88,Work_c26590e9fe,editedRevised,9,故徐荣斋于1944年起，历时11年，予以潜心研究，系统整理，俾去芜存菁，益臻完美，而成《重订通俗伤寒论》,代表医家 / 俞根初 / 生平与代表著作简介,p00489,true,builtin-sonnet,single_engine
Physician_b9160a9b2b,Work_1d76324e98,editedRevised,3,晋·王叔和以断简残篇，补方造论，混名曰《伤寒论》,代表医家 / 俞根初 / 生平与代表著作简介,p00490,true,builtin-sonnet,single_engine
Physician_b5cb5b9c75,Doctrine_7810f600d1,proposes,1,俞氏认为中风自是中风，伤寒自是伤寒，湿温自是湿温，温热自是温热，然皆列入伤寒门中,代表医家 / 俞根初 / 生平与代表著作简介,p00490,true,builtin-sonnet,single_engine
Physician_189c916d15,Doctrine_4da359c235,proposes,1,评：直截了当，简明朴实。,代表医家 / 俞根初 / 生平与代表著作简介,p00504,true,builtin-sonnet,single_engine
Doctrine_90637ad29a,Work_5759b66c42,statedIn,1,何廉臣《通俗伤寒论·序》评,代表医家 / 俞根初 / 生平与代表著作简介,p00505,true,builtin-sonnet,single_engine
Doctrine_e2699d33af,Work_4066c75118,statedIn,1,得俞、何及末学三人之经验， 成伤寒独一无二之大观,代表医家 / 俞根初 / 生平与代表著作简介,p00506,true,builtin-sonnet,single_engine
Physician_bec16b53a7,Work_b300d41019,authored,1,曹炳章《重订通俗伤寒论题辞》评,代表医家 / 俞根初 / 生平与代表著作简介,p00507,true,builtin-sonnet,single_engine
Physician_64d2cbdcf5,Work_5759b66c42,authored,3,何廉臣先生之《通俗伤寒论》,代表医家 / 俞根初 / 生平与代表著作简介,p00507,true,builtin-sonnet,single_engine
Doctrine_ed9946fa3e,Work_b300d41019,statedIn,1,医学界公认为四时感证之诊疗全书,代表医家 / 俞根初 / 生平与代表著作简介,p00507,true,builtin-sonnet,single_engine
Physician_b5cb5b9c75,Work_f1b486c4b4,authored,7,本书原作者俞根初先生为浙江名医,代表医家 / 俞根初 / 生平与代表著作简介,p00510,true,builtin-sonnet,single_engine
Physician_b5cb5b9c75,Doctrine_a4041ab63e,proposes,2,"若以""寒温统一论""观点看，则俞根初先生可以说是先行者",代表医家 / 俞根初 / 生平与代表著作简介,p00511,false,builtin-sonnet,single_engine
Physician_b5cb5b9c75,Physician_5baca69bb0,influencedBy,2,遵张仲景之旨,代表医家 / 俞根初 / 学术观点及诊治经验 / 崇六经、参三焦，倡外感新论,p00517,true,builtin-sonnet,single_engine
Physician_b5cb5b9c75,Doctrine_fed7732617,proposes,1,以六经统摄三焦、气血辨证，从表里寒热论治外感病,代表医家 / 俞根初 / 学术观点及诊治经验 / 崇六经、参三焦，倡外感新论,p00517,true,builtin-sonnet,single_engine
Physician_d9eb3817e4,Work_97527e091f,authored,3,吴鞠通谓：“若真知确见其为伤寒，无论何时，自当仍宗仲景；若真知六气中为何气，非伤寒者，则于本论中求之”（《温病条辨·自序》）,代表医家 / 俞根初 / 学术观点及诊治经验 / 崇六经、参三焦，倡外感新论,p00519,true,builtin-sonnet,single_engine
Physician_5baca69bb0,Doctrine_ca4e06d50d,proposes,1,张仲景《伤寒论》中提出的六经辨证,代表医家 / 俞根初 / 学术观点及诊治经验 / 崇六经、参三焦，倡外感新论,p00519,true,builtin-sonnet,single_engine
Physician_5f1fdad40e,Doctrine_0b9e95fe3f,proposes,1,叶天士创卫气营血辨证,代表医家 / 俞根初 / 学术观点及诊治经验 / 崇六经、参三焦，倡外感新论,p00519,true,builtin-sonnet,single_engine
Physician_d9eb3817e4,Doctrine_710d7b32e8,proposes,2,吴鞠通倡三焦辨证,代表医家 / 俞根初 / 学术观点及诊治经验 / 崇六经、参三焦，倡外感新论,p00519,true,builtin-sonnet,single_engine
Physician_b5cb5b9c75,Doctrine_872da1df0c,proposes,1,提出以形层说解六经理论,代表医家 / 俞根初 / 学术观点及诊治经验 / 崇六经、参三焦，倡外感新论,p00520,true,builtin-sonnet,single_engine
Physician_1245bdc3d9,Work_5759b66c42,authored,1,（《通俗伤寒论•六经形层》）,代表医家 / 俞根初 / 学术观点及诊治经验 / 崇六经、参三焦，倡外感新论,p00521,true,builtin-sonnet,single_engine
Physician_189c916d15,Doctrine_c50cc7a06e,proposes,1,六经为感证传变之路径，三焦为感证传变之归宿也。,代表医家 / 俞根初 / 学术观点及诊治经验 / 崇六经、参三焦，倡外感新论,p00522,true,builtin-sonnet,single_engine
Physician_b5cb5b9c75,Physician_dcc3994bf5,influencedBy,1,俞氏形层说解六经理论，为阐发仲景六经学说精蕴，另辟蹊径，亦为其寒温一统理论奠定了基础。,代表医家 / 俞根初 / 学术观点及诊治经验 / 崇六经、参三焦，倡外感新论,p00522,true,builtin-sonnet,single_engine
Physician_b5cb5b9c75,Doctrine_c385db1ecb,proposes,1,俞氏除以形层说解六经外，还以八纲结合六经加以辨析,代表医家 / 俞根初 / 学术观点及诊治经验 / 崇六经、参三焦，倡外感新论,p00524,true,builtin-sonnet,single_engine
Physician_b5cb5b9c75,Work_73af68211f,authored,1,俞氏说：“凡勘伤寒，必先明表里寒热。有表寒，有里寒，有表里皆寒；有表热，有里热，有表里皆热；有表寒里热，有表热里寒，有里真热而表假寒，有里真寒而表假热”（《表里寒热》）,代表医家 / 俞根初 / 学术观点及诊治经验 / 崇六经、参三焦，倡外感新论,p00524,true,builtin-sonnet,single_engine
Physician_b5cb5b9c75,Work_fe16527262,authored,2,俞氏又谓：“凡勘伤寒，既明病所之表里，病状之寒热，尤必明病人之气血，病体之虚实”（《气血虚实》）,代表医家 / 俞根初 / 学术观点及诊治经验 / 崇六经、参三焦，倡外感新论,p00524,true,builtin-sonnet,single_engine
Physician_b5cb5b9c75,Work_f9e0a22b56,authored,2,“吾四十余年阅历以来，凡病之属阳明、少阳、厥阴而宜凉泻清滋者，十有七八；如太阳、太阴、少阴之宜温散温补者，十仅三四，表里双解，三焦并治，温凉合用，通补兼施者，最居多数”（《六经治法》）,代表医家 / 俞根初 / 学术观点及诊治经验 / 崇六经、参三焦，倡外感新论,p00524,true,builtin-sonnet,single_engine
Physician_b5cb5b9c75,Work_13db2d32cd,authored,2,“六经实热，总清阳明；六经虚寒，总温太阴；六经实寒，总散太阳；六经虚热，总滋厥阴”（《六经总诀》）,代表医家 / 俞根初 / 学术观点及诊治经验 / 崇六经、参三焦，倡外感新论,p00524,true,builtin-sonnet,single_engine
Doctrine_3f3a2c81ee,Work_73af68211f,statedIn,1,俞氏说：“凡勘伤寒，必先明表里寒热。有表寒，有里寒，有表里皆寒；有表热，有里热，有表里皆热；有表寒里热，有表热里寒，有里真热而表假寒，有里真寒而表假热”（《表里寒热》）,代表医家 / 俞根初 / 学术观点及诊治经验 / 崇六经、参三焦，倡外感新论,p00524,true,builtin-sonnet,single_engine
Doctrine_ed196ddeaa,Work_6650bcdaba,statedIn,2,俞氏谓：“伤寒，外感百病之总名也”（《伤寒要义》）,代表医家 / 俞根初 / 学术观点及诊治经验 / 崇六经、参三焦，倡外感新论,p00527,true,builtin-sonnet,single_engine
Doctrine_ed196ddeaa,Work_43d9b160fa,statedIn,1,“后汉张仲景著《伤寒杂病论》，以伤寒二字统括四时六气之外感证”（《伤寒夹证》）,代表医家 / 俞根初 / 学术观点及诊治经验 / 崇六经、参三焦，倡外感新论,p00527,true,builtin-sonnet,single_engine
Physician_d688535bfe,Work_fff329e953,authored,1,廉臣细参吴氏《条辨》峙立三焦,代表医家 / 俞根初 / 学术观点及诊治经验 / 崇六经、参三焦，倡外感新论,p00528,true,builtin-sonnet,single_engine
Physician_b5cb5b9c75,Doctrine_2dae923077,proposes,2,俞氏在辨证上提出“以六经钤百病，为确定之总诀；以三焦赅疫证，为变通之捷诀”（《六经总诀》）,代表医家 / 俞根初 / 学术观点及诊治经验 / 崇六经、参三焦，倡外感新论,p00528,true,builtin-sonnet,single_engine
Physician_b5cb5b9c75,Physician_63803ee7c4,influencedBy,6,既丰富了仲景六经辨证理论，又补温病学派之未备,代表医家 / 俞根初 / 学术观点及诊治经验 / 崇六经、参三焦，倡外感新论,p00528,true,builtin-sonnet,single_engine
Physician_b5cb5b9c75,Work_cd4e40ab4d,authored,1,“外寒宜汗，宜用太阳汗剂药；里寒宜温，宜用太阴温剂药，固已，惟上焦可佐生姜、蔻仁；中焦可佐以朴、草果，或佐丁香、花椒；下焦可佐小茴、沉香，或佐吴萸、乌药，随证均可酌入”（《六淫病用药法》）,代表医家 / 俞根初 / 学术观点及诊治经验 / 崇六经、参三焦，倡外感新论,p00529,true,builtin-sonnet,single_engine
Physician_b5cb5b9c75,Work_19dc0a6a7d,authored,1,（《观两目法》）,代表医家 / 俞根初 / 学术观点及诊治经验 / 重观目、擅腹诊，分六经舌苔,p00534,true,builtin-sonnet,single_engine
Doctrine_4115241724,Work_19dc0a6a7d,statedIn,1,“凡诊伤寒时病，须先观病人两目，”,代表医家 / 俞根初 / 学术观点及诊治经验 / 重观目、擅腹诊，分六经舌苔,p00534,true,builtin-sonnet,single_engine
Doctrine_92802f6e18,Work_19dc0a6a7d,statedIn,1,“凡病至危，必察两目，视其目色以知病之存亡也。,代表医家 / 俞根初 / 学术观点及诊治经验 / 重观目、擅腹诊，分六经舌苔,p00534,true,builtin-sonnet,single_engine
Physician_b5cb5b9c75,Doctrine_aa2507d822,proposes,1,故观目为诊法之首要,代表医家 / 俞根初 / 学术观点及诊治经验 / 重观目、擅腹诊，分六经舌苔,p00534,true,builtin-sonnet,single_engine
Physician_b5cb5b9c75,Doctrine_e827dac643,proposes,2,俞氏发明之观目法，使医者能在纷繁的症候中抓住主要矛盾，有提纲掣领的作用，于重危病人尤为重要。,代表医家 / 俞根初 / 学术观点及诊治经验 / 重观目、擅腹诊，分六经舌苔,p00537,true,builtin-sonnet,single_engine
Doctrine_90637ad29a,Work_19dc0a6a7d,statedIn,1,何廉臣谓：“俞氏以观目为诊法之首要，洵得诊断学的主脑”（《观两目法》）,代表医家 / 俞根初 / 学术观点及诊治经验 / 重观目、擅腹诊，分六经舌苔,p00537,true,builtin-sonnet,single_engine
Doctrine_5dced9efc9,Work_c2858261d4,statedIn,1,腹诊源于《内经》,代表医家 / 俞根初 / 学术观点及诊治经验 / 重观目、擅腹诊，分六经舌苔,p00540,true,builtin-sonnet,single_engine
Physician_b5cb5b9c75,Doctrine_d609195aa7,proposes,1,俞氏认为，冲任为脐间动气之源，与虚里同为生命活动的征兆之一，诊冲任预后与虚里同功，而辨寒热真假尤为可据。,代表医家 / 俞根初 / 学术观点及诊治经验 / 重观目、擅腹诊，分六经舌苔,p00543,true,builtin-sonnet,single_engine
Physician_b5cb5b9c75,Doctrine_43e42c325b,proposes,1,俞氏的体会是，“水积胸者，按之疼痛，推之漉漉”,代表医家 / 俞根初 / 学术观点及诊治经验 / 重观目、擅腹诊，分六经舌苔,p00544,true,builtin-sonnet,single_engine
Doctrine_43e42c325b,Work_6a49b23db3,statedIn,1,（引文均见《按胸腹》）,代表医家 / 俞根初 / 学术观点及诊治经验 / 重观目、擅腹诊，分六经舌苔,p00544,true,builtin-sonnet,single_engine
Doctrine_e1d8b28581,Work_6a49b23db3,statedIn,1,（引文均见《按胸腹》）,代表医家 / 俞根初 / 学术观点及诊治经验 / 重观目、擅腹诊，分六经舌苔,p00544,true,builtin-sonnet,single_engine
Doctrine_20cee5a71c,Work_6a49b23db3,statedIn,1,（引文均见《按胸腹》）,代表医家 / 俞根初 / 学术观点及诊治经验 / 重观目、擅腹诊，分六经舌苔,p00544,true,builtin-sonnet,single_engine
Physician_b5cb5b9c75,Doctrine_4fb9c28953,proposes,1,俞氏的观目法、腹诊、六经辨舌法，丰富了温热病诊断学,代表医家 / 俞根初 / 学术观点及诊治经验 / 重观目、擅腹诊，分六经舌苔,p00547,true,builtin-sonnet,single_engine
Physician_64d2cbdcf5,Doctrine_c97d487e91,proposes,1,俞氏按胸以诊虚里，按腹以诊冲任，较诊太溪、趺阳，尤为可据,代表医家 / 俞根初 / 学术观点及诊治经验 / 重观目、擅腹诊，分六经舌苔,p00547,true,builtin-sonnet,single_engine
Physician_64d2cbdcf5,Doctrine_890dd7ada6,proposes,1,故腹诊之法，亦诊断上之必要,代表医家 / 俞根初 / 学术观点及诊治经验 / 重观目、擅腹诊，分六经舌苔,p00547,true,builtin-sonnet,single_engine
Physician_c884303f88,Doctrine_4f0d360b75,proposes,1,俞氏之腹诊法，能补中医诊法之未逮，可法可传,代表医家 / 俞根初 / 学术观点及诊治经验 / 重观目、擅腹诊，分六经舌苔,p00547,true,builtin-sonnet,single_engine
Physician_b5cb5b9c75,Doctrine_0f7af5d514,proposes,1,医必求其所伤何邪先去其病。病去则虚者亦生，病留则实者亦死。,代表医家 / 俞根初 / 学术观点及诊治经验 / 先开郁、善透达，为邪留出路,p00549,true,builtin-sonnet,single_engine
Physician_b5cb5b9c75,Doctrine_0428946da9,proposes,1,故俞氏治感证总以祛邪为首务,代表医家 / 俞根初 / 学术观点及诊治经验 / 先开郁、善透达，为邪留出路,p00549,true,builtin-sonnet,single_engine
Physician_d649e19095,Work_ad79d888c5,authored,1,张凤逵《治暑全书》曰,代表医家 / 俞根初 / 学术观点及诊治经验 / 先开郁、善透达，为邪留出路,p00551,true,builtin-sonnet,single_engine
Physician_b5cb5b9c75,Doctrine_1260cae37d,proposes,2,故提出“凡伤寒病，均以开郁为先”,代表医家 / 俞根初 / 学术观点及诊治经验 / 先开郁、善透达，为邪留出路,p00551,true,builtin-sonnet,single_engine
Doctrine_1260cae37d,Work_f9e0a22b56,statedIn,1,凡伤寒病，均以开郁为先”（《六经治法》）,代表医家 / 俞根初 / 学术观点及诊治经验 / 先开郁、善透达，为邪留出路,p00551,true,builtin-sonnet,single_engine
Physician_b5cb5b9c75,Doctrine_ebef68e58f,proposes,1,并指出，“如表郁而汗，里郁而下，寒湿而温，火燥而清，皆所以通其气之郁也”,代表医家 / 俞根初 / 学术观点及诊治经验 / 先开郁、善透达，为邪留出路,p00551,true,builtin-sonnet,single_engine
Physician_b5cb5b9c75,Doctrine_a5e4f127a9,proposes,1,俞氏谓：“浙绍卑湿，凡伤寒恒多夹湿”,代表医家 / 俞根初 / 学术观点及诊治经验 / 先开郁、善透达，为邪留出路,p00551,true,builtin-sonnet,single_engine
Doctrine_a5e4f127a9,Work_72d7fe1bb5,statedIn,1,浙绍卑湿，凡伤寒恒多夹湿”（《六经方药》）,代表医家 / 俞根初 / 学术观点及诊治经验 / 先开郁、善透达，为邪留出路,p00551,true,builtin-sonnet,single_engine
Physician_b5cb5b9c75,Doctrine_89c3248f95,proposes,1,但俞氏以为达郁宣气则一,代表医家 / 俞根初 / 学术观点及诊治经验 / 先开郁、善透达，为邪留出路,p00551,true,builtin-sonnet,single_engine
Physician_d649e19095,Doctrine_6be2abfa94,proposes,1,暑病首用辛凉，继用甘寒，终用酸泄敛津,代表医家 / 俞根初 / 学术观点及诊治经验 / 先开郁、善透达，为邪留出路,p00551,true,builtin-sonnet,single_engine
Doctrine_c0b2ebca91,Work_13db2d32cd,statedIn,1,“邪去正乃安，故逐邪以发表、攻里为先”（《六经总诀》）,代表医家 / 俞根初 / 学术观点及诊治经验 / 先开郁、善透达，为邪留出路,p00555,true,builtin-sonnet,single_engine
Physician_189c916d15,Work_531ab57857,editedRevised,1,何秀山在该方的按语中说：“是以小便清通者，包络心经之热，悉从下降，神气清矣。”,代表医家 / 俞根初 / 学术观点及诊治经验 / 先开郁、善透达，为邪留出路,p00555,true,builtin-sonnet,single_engine
Doctrine_ed196ddeaa,Work_ea085caddb,statedIn,1,“应用则用，别无他药可代，切忽以稳药塞责，药稳定而病反不稳定也”（《六经用药法》）,代表医家 / 俞根初 / 学术观点及诊治经验 / 先开郁、善透达，为邪留出路,p00558,true,builtin-sonnet,single_engine
Doctrine_ed196ddeaa,Work_cd4e40ab4d,statedIn,1,俞氏从其临证得失中体会到，“切不可一见暑病，不审其有无兼证夹证，擅用清凉也”（《六淫病用药法》）,代表医家 / 俞根初 / 学术观点及诊治经验 / 先开郁、善透达，为邪留出路,p00558,true,builtin-sonnet,single_engine
Physician_1245bdc3d9,Doctrine_20f36e3f24,proposes,1,俞氏祛邪的另一种特色为“以通为补”,代表医家 / 俞根初 / 学术观点及诊治经验 / 先开郁、善透达，为邪留出路,p00560,true,builtin-sonnet,single_engine
Doctrine_a1a6e87a9e,Work_9ac800cde2,statedIn,1,（《妊娠伤寒》）,代表医家 / 俞根初 / 学术观点及诊治经验 / 先开郁、善透达，为邪留出路,p00560,true,builtin-sonnet,single_engine
Doctrine_a1a6e87a9e,Work_1a633b3b8b,statedIn,1,（《产后伤寒》）,代表医家 / 俞根初 / 学术观点及诊治经验 / 先开郁、善透达，为邪留出路,p00560,true,builtin-sonnet,single_engine
Physician_1245bdc3d9,Physician_1a38154d6c,influencedBy,1,以通为补，此皆庞安常之法也,代表医家 / 俞根初 / 学术观点及诊治经验 / 先开郁、善透达，为邪留出路,p00560,true,builtin-sonnet,single_engine
Physician_b5cb5b9c75,Physician_8f6a448570,influencedBy,1,俞根初治时病重祛邪的观点，与张子和很相似,代表医家 / 俞根初 / 学术观点及诊治经验 / 先开郁、善透达，为邪留出路,p00561,true,builtin-sonnet,single_engine
Physician_b5cb5b9c75,Doctrine_4f6e4d4763,proposes,1,但俞氏之祛邪法纯由伤寒出发，更切于时病之治，亦更灵活实用,代表医家 / 俞根初 / 学术观点及诊治经验 / 先开郁、善透达，为邪留出路,p00561,true,builtin-sonnet,single_engine
Doctrine_ed196ddeaa,Work_f9e0a22b56,statedIn,2,俞氏谓：“伤寒证治，全藉阳明”（《六经治法》）,代表医家 / 俞根初 / 学术观点及诊治经验 / 治伤寒独重阳明,p00563,true,builtin-sonnet,single_engine
Doctrine_ed196ddeaa,Work_13db2d32cd,statedIn,2,“凡勘伤寒病，必先能治阳明”（《六经总诀》）,代表医家 / 俞根初 / 学术观点及诊治经验 / 治伤寒独重阳明,p00563,true,builtin-sonnet,single_engine
Physician_bb3e1f6e01,Work_9b0893ae5d,authored,1,陆九芝在《伤寒阳明病释》中提出的“阳明为成温之薮”的思想,代表医家 / 俞根初 / 学术观点及诊治经验 / 治伤寒独重阳明,p00563,true,builtin-sonnet,single_engine
Physician_bb3e1f6e01,Doctrine_53eb23fb15,proposes,1,陆九芝在《伤寒阳明病释》中提出的“阳明为成温之薮”的思想,代表医家 / 俞根初 / 学术观点及诊治经验 / 治伤寒独重阳明,p00563,true,builtin-sonnet,single_engine
Physician_b5cb5b9c75,Doctrine_09afd804a6,proposes,2,俞氏谓：“伤寒证治，全藉阳明”（《六经治法》）,代表医家 / 俞根初 / 学术观点及诊治经验 / 治伤寒独重阳明,p00563,true,builtin-sonnet,single_engine
Physician_189c916d15,Doctrine_21120fa59d,proposes,1,故阳明固三阴之外护，亦三阳之同赖也。,代表医家 / 俞根初 / 学术观点及诊治经验 / 治伤寒独重阳明,p00565,true,builtin-sonnet,single_engine
Physician_b5cb5b9c75,Doctrine_b58d694e0a,proposes,1,俞氏以为治法虽千变万化，但健脾胃必须时时放在首位，脾胃若不健，药又岂能收功？,代表医家 / 俞根初 / 学术观点及诊治经验 / 治伤寒独重阳明,p00565,true,builtin-sonnet,single_engine
Physician_b5cb5b9c75,Doctrine_d452235b65,proposes,1,“阳明之为病，实证多属火”（《六经总诀》）,代表医家 / 俞根初 / 学术观点及诊治经验 / 治伤寒独重阳明,p00567,true,builtin-sonnet,single_engine
Doctrine_d452235b65,Work_13db2d32cd,statedIn,1,“阳明之为病，实证多属火”（《六经总诀》）,代表医家 / 俞根初 / 学术观点及诊治经验 / 治伤寒独重阳明,p00567,true,builtin-sonnet,single_engine
Physician_b5cb5b9c75,Doctrine_c97f73a180,proposes,1,“六经实热，总清阳明”（同上）,代表医家 / 俞根初 / 学术观点及诊治经验 / 治伤寒独重阳明,p00567,true,builtin-sonnet,single_engine
Doctrine_c97f73a180,Work_13db2d32cd,statedIn,1,“六经实热，总清阳明”（同上）,代表医家 / 俞根初 / 学术观点及诊治经验 / 治伤寒独重阳明,p00567,true,builtin-sonnet,single_engine
Physician_189c916d15,Doctrine_6407a5de9c,proposes,1,“俞氏善用凉泻，故能善治阳明，而名医之名亦由此得”（《六经总诀》）,代表医家 / 俞根初 / 学术观点及诊治经验 / 治伤寒独重阳明,p00567,false,builtin-sonnet,single_engine
Doctrine_6407a5de9c,Work_13db2d32cd,statedIn,1,“俞氏善用凉泻，故能善治阳明，而名医之名亦由此得”（《六经总诀》）,代表医家 / 俞根初 / 学术观点及诊治经验 / 治伤寒独重阳明,p00567,false,builtin-sonnet,single_engine
Physician_b5cb5b9c75,Doctrine_dc857d3a70,proposes,1,设加减葳蕤汤以滋阴发汗,代表医家 / 俞根初 / 学术观点及诊治经验 / 方方切用法轻灵,p00584,true,builtin-sonnet,single_engine
Doctrine_f450d790c7,Work_842ed6639e,statedIn,1,何秀山称之为“屡用达药，善于化裁者矣”(《发汗剂》),代表医家 / 俞根初 / 学术观点及诊治经验 / 方方切用法轻灵,p00584,true,builtin-sonnet,single_engine
Physician_b5cb5b9c75,Physician_68fd45f47c,influencedBy,1,较之吴又可之原方又有新意,代表医家 / 俞根初 / 学术观点及诊治经验 / 方方切用法轻灵,p00584,true,builtin-sonnet,single_engine
Doctrine_ed196ddeaa,Work_9921f3307c,statedIn,1,就予所验，凡太阳伤寒，其邪有但传少阳阳明而止者;有不传少阳阳明越传三阴者，各随其人之体质阴阳，脏腑寒热。从火化者为热证，从水化者为寒证，从水火合化者，则为寒热错杂之证。医者能审其阴阳盛衰、寒热虚实，为之温凉补泻于其间，对证发药，随机应变，心灵手敏，庶可以治伤寒变证矣。”（《大伤寒》）,代表医家 / 俞根初 / 学术观点及诊治经验 / 传变要诀是“三化”,p00586,true,builtin-sonnet,single_engine
Doctrine_f450d790c7,Work_9921f3307c,statedIn,1,此节论伤寒传变证，抉择原论之精华，补助仲景之缺略，发明火化、水化、水火合化三端，独出心裁，非经验宏富者不能道，学人当奉为准绳。”（《大伤寒》）,代表医家 / 俞根初 / 学术观点及诊治经验 / 传变要诀是“三化”,p00586,true,builtin-sonnet,single_engine
Doctrine_90637ad29a,Work_9921f3307c,statedIn,1,细绎其诊察之法，大抵以头、项、背、腰之变化察表，以面目、九窍之变化察里，以血脉、睛、舌之变化察其病势之安危，断其病机之吉凶。”（《大伤寒》）,代表医家 / 俞根初 / 学术观点及诊治经验 / 传变要诀是“三化”,p00586,true,builtin-sonnet,single_engine
Physician_189c916d15,Physician_b5cb5b9c75,influencedBy,1,发明火化、水化、水火合化三端，独出心裁，非经验宏富者不能道，学人当奉为准绳。,代表医家 / 俞根初 / 学术观点及诊治经验 / 传变要诀是“三化”,p00586,true,builtin-sonnet,single_engine
Physician_64d2cbdcf5,Physician_b5cb5b9c75,influencedBy,1,俞氏特立火化、水化、水火合化三端，已握传变之主脑。,代表医家 / 俞根初 / 学术观点及诊治经验 / 传变要诀是“三化”,p00586,true,builtin-sonnet,single_engine
Physician_b5cb5b9c75,Work_9921f3307c,authored,1,（《大伤寒》）,代表医家 / 俞根初 / 学术观点及诊治经验 / 传变要诀是“三化”,p00600,true,builtin-sonnet,single_engine
Physician_b5cb5b9c75,Doctrine_c2fd6879f8,proposes,1,俞根初认为，“伤寒温热，大邪退后，余热未尽，元气已虚，胃虚少纳，脾弱不运”,代表医家 / 俞根初 / 学术观点及诊治经验 / 病后调理有专法,p00634,true,builtin-sonnet,single_engine
Doctrine_c2fd6879f8,Work_1ee0c32a96,statedIn,1,（《瘥后药物调理法》）,代表医家 / 俞根初 / 学术观点及诊治经验 / 病后调理有专法,p00634,true,builtin-sonnet,single_engine
Physician_b5cb5b9c75,Work_1ee0c32a96,authored,1,俞根初认为，“伤寒温热，大邪退后，余热未尽，元气已虚，胃虚少纳，脾弱不运”（《瘥后药物调理法》），当以清余邪、调脾胃为法。,代表医家 / 俞根初 / 学术观点及诊治经验 / 病后调理有专法,p00634,true,builtin-sonnet,single_engine
Physician_b5cb5b9c75,Doctrine_a9e4e6a2d2,proposes,1,俞氏经验得出，不欲食者病在胃，宜养以甘凉，《金匮》麦门冬汤或叶氏养胃汤主之。,代表医家 / 俞根初 / 学术观点及诊治经验 / 病后调理有专法,p00637,true,builtin-sonnet,single_engine
Physician_b5cb5b9c75,Doctrine_1e259119ca,proposes,1,食不化者病在脾，治当温运，香砂理中汤、六君子汤主之。,代表医家 / 俞根初 / 学术观点及诊治经验 / 病后调理有专法,p00637,true,builtin-sonnet,single_engine
Physician_2dac7570c2,Doctrine_6bd6d09c64,proposes,1,国初喻嘉言尝云：读书无眼，病人无命,代表医家 / 俞根初 / 原文选释 / 伤寒，外感百病之总名也,p00659,true,builtin-sonnet,single_engine
Doctrine_09afd804a6,Work_f1b486c4b4,statedIn,1,（《三订通俗伤寒论》 第一章第六节六经治法）,代表医家 / 俞根初 / 原文选释 / 伤寒证治，全藉阳明,p00664,true,builtin-sonnet,single_engine
Doctrine_1260cae37d,Work_f1b486c4b4,statedIn,1,《三订通俗伤寒论》 第一章第六节六经治法,代表医家 / 俞根初 / 原文选释 / 凡伤寒病，均以开郁为先,p00669,true,builtin-sonnet,single_engine
Physician_b5cb5b9c75,Doctrine_ff314dd29b,proposes,1,厥阴宜清,代表医家 / 俞根初 / 原文选释 / 六经用药法,p00680,true,builtin-sonnet,single_engine
Physician_48fac8a86e,Doctrine_a9f7e612c9,proposes,1,李氏所谓甘温能除大热是也,代表医家 / 俞根初 / 原文选释 / 六淫病用药法,p00704,true,builtin-sonnet,single_engine
Doctrine_ad9a69acfd,Work_c2858261d4,statedIn,1,《内经》所谓“身如燔炭，汗出而散”也,代表医家 / 俞根初 / 原文选释 / 六淫病用药法,p00704,true,builtin-sonnet,single_engine
Doctrine_5699811958,Work_5759b66c42,statedIn,1,（《通俗伤寒论·发汗剂》）,代表医家 / 俞根初 / 方剂选录 / 苏羌达表汤,p00737,true,builtin-sonnet,single_engine
Physician_63803ee7c4,Doctrine_6659ae9449,proposes,1,仲景于辛温中佐以甘润者，防其化燥也,代表医家 / 俞根初 / 方剂选录 / 苏羌达表汤,p00737,true,builtin-sonnet,single_engine
Physician_68fd45f47c,Doctrine_67be03426b,proposes,1,吴又可治疫邪初犯膜原所以有达原饮之作也,代表医家 / 俞根初 / 方剂选录 / 柴胡达原饮,p00746,true,builtin-sonnet,single_engine
Physician_d9eb3817e4,Doctrine_a3eccc3e3a,proposes,1,吴鞠通先生曰鸡子黄为定风珠，立有大定风珠、小定风珠二方,代表医家 / 俞根初 / 方剂选录 / 阿胶鸡子黄汤,p00808,true,builtin-sonnet,single_engine
Physician_b07302a897,Work_f1b486c4b4,editedRevised,2,连建伟订校，徐晓东参订.清·俞根初.三订通俗伤寒论,代表医家 / 俞根初 / 方剂选录 / 阿胶鸡子黄汤,p00811,true,builtin-sonnet,single_engine
Physician_598b94157a,Work_fa4b532437,authored,1,著《医门棒喝》,代表医家 / 章虚谷 / 生平与代表著作简介,p00814,true,builtin-sonnet,single_engine
Physician_7577a19b15,Work_fa4b532437,authored,4,撰成《医门棒喝》,代表医家 / 章虚谷 / 生平与代表著作简介,p00815,true,builtin-sonnet,single_engine
Physician_665035e9bf,Work_fa4b532437,editedRevised,1,并有同乡田晋元（雪帆）加以评点,代表医家 / 章虚谷 / 生平与代表著作简介,p00815,true,builtin-sonnet,single_engine
Doctrine_e61b1daf3a,Work_fa4b532437,statedIn,1,据章氏自己说,代表医家 / 章虚谷 / 生平与代表著作简介,p00815,true,builtin-sonnet,single_engine
Physician_175513da37,Work_88f2477f70,authored,1,章氏于道光十五年（1835）写成二集（一名《伤寒论本旨》或《活人新书》）,代表医家 / 章虚谷 / 生平与代表著作简介,p00816,true,builtin-sonnet,single_engine
Physician_b57782ec58,Work_bd9a390aa7,authored,1,海宁王孟英编纂的《温热经纬》,代表医家 / 章虚谷 / 生平与代表著作简介,p00816,true,builtin-sonnet,single_engine
Physician_175513da37,Work_ff514a3853,authored,1,在道光十四年（1834）著成《灵素节注类编》，即《医门棒喝》三集。,代表医家 / 章虚谷 / 生平与代表著作简介,p00817,true,builtin-sonnet,single_engine
Physician_c8ab6ed98f,Work_e01cc652c9,editedRevised,1,1986年，方春阳等点校后以《灵素节注类编·医门棒喝三集》在浙江科技出版社出版。,代表医家 / 章虚谷 / 生平与代表著作简介,p00817,true,builtin-sonnet,single_engine
Doctrine_6d6d5ef75e,Work_ff514a3853,statedIn,1,在该书自序中，章氏谓《内经》为“圣人阐明生死之理之书”,代表医家 / 章虚谷 / 生平与代表著作简介,p00817,true,builtin-sonnet,single_engine
Physician_175513da37,Work_7c6aa4a3e9,authored,1,“譬如春雨山溪骤涨，行人趑趄，余适有竹数竿，急为作筏，虽不能济多人，亦尽吾心力而已”（《初集·卷一·自题 》）,代表医家 / 章虚谷 / 生平与代表著作简介,p00820,true,builtin-sonnet,single_engine
Physician_63803ee7c4,Work_af9267016e,authored,1,仲景“上以疗君亲之疾，下以救贫贱之厄，中以保身养全”（《伤寒论·自序》）,代表医家 / 章虚谷 / 生平与代表著作简介,p00820,true,builtin-sonnet,single_engine
Physician_175513da37,Doctrine_7836df494a,proposes,1,章氏学医的目的是“尽吾心力”，他把学医比作是以竹筏济人。,代表医家 / 章虚谷 / 生平与代表著作简介,p00820,true,builtin-sonnet,single_engine
Physician_175513da37,Work_54bdb8354e,authored,2,《初集·卷一·自序》,代表医家 / 章虚谷 / 生平与代表著作简介,p00822,true,builtin-sonnet,single_engine
Physician_63803ee7c4,Work_c6ca06bcfb,authored,2,仲景绍圣轩岐、本《灵》《素》作《伤寒杂病论》，为方书之祖,代表医家 / 章虚谷 / 生平与代表著作简介,p00822,true,builtin-sonnet,single_engine
Physician_175513da37,Physician_786e726320,influencedBy,1,其下最服膺的是叶天土,代表医家 / 章虚谷 / 生平与代表著作简介,p00822,true,builtin-sonnet,single_engine
Doctrine_e9d0f00130,Work_54bdb8354e,statedIn,1,（同上）,代表医家 / 章虚谷 / 生平与代表著作简介,p00822,true,builtin-sonnet,single_engine
Physician_175513da37,Work_df76f7fc55,authored,2,（《初集·卷三·平心论》）,代表医家 / 章虚谷 / 生平与代表著作简介,p00823,true,builtin-sonnet,single_engine
Physician_b711a07540,Doctrine_f88e324f8b,proposes,2,朱丹溪所言“阳常有余，阴常不足”,代表医家 / 章虚谷 / 生平与代表著作简介,p00823,true,builtin-sonnet,single_engine
Physician_dd9265a598,Doctrine_da8c4ef005,proposes,1,张景岳所言“阳常不足，阴常有余”,代表医家 / 章虚谷 / 生平与代表著作简介,p00823,true,builtin-sonnet,single_engine
Physician_175513da37,Work_f7e85fccdc,authored,1,（《二集·卷一·自序》）,代表医家 / 章虚谷 / 生平与代表著作简介,p00824,true,builtin-sonnet,single_engine
Physician_175513da37,Physician_63803ee7c4,influencedBy,2,赞赏仲景有是证用是药，必详辨脉证而后始立一方，又反复辨其疑似异同，则方药随宜变换,代表医家 / 章虚谷 / 生平与代表著作简介,p00824,true,builtin-sonnet,single_engine
Physician_d77b132925,Physician_63803ee7c4,influencedBy,1,如叶氏医案之所以为传仲景心印者，正因其善能变化而无丝毫执滞，仍不出圣道法度故也,代表医家 / 章虚谷 / 生平与代表著作简介,p00824,true,builtin-sonnet,single_engine
Physician_175513da37,Doctrine_e0be068e8e,proposes,1,章氏认为“理有一定而法无定；法有定而方无定；方有定而病无定也”,代表医家 / 章虚谷 / 生平与代表著作简介,p00824,true,builtin-sonnet,single_engine
Physician_175513da37,Doctrine_db035262d5,proposes,1,“治病制方固难，而辨证尤难也”,代表医家 / 章虚谷 / 生平与代表著作简介,p00824,true,builtin-sonnet,single_engine
Physician_175513da37,Doctrine_01946d8243,proposes,1,故曰“方书日富，则圣道日晦”,代表医家 / 章虚谷 / 生平与代表著作简介,p00824,true,builtin-sonnet,single_engine
Doctrine_e0be068e8e,Work_54bdb8354e,statedIn,1,（《初集·卷一》）,代表医家 / 章虚谷 / 生平与代表著作简介,p00824,true,builtin-sonnet,single_engine
Doctrine_db035262d5,Work_df76f7fc55,statedIn,1,（《初集·卷三·平心论》）,代表医家 / 章虚谷 / 生平与代表著作简介,p00824,true,builtin-sonnet,single_engine
Doctrine_01946d8243,Work_f7e85fccdc,statedIn,1,（《二集·卷一·自序》）,代表医家 / 章虚谷 / 生平与代表著作简介,p00824,true,builtin-sonnet,single_engine
Physician_0e558be2f9,Doctrine_4b6889552a,proposes,1,设为十剂，曰宣、通、补、泻、轻、重、滑、涩、燥、湿,代表医家 / 章虚谷 / 生平与代表著作简介,p00825,true,builtin-sonnet,single_engine
Physician_7577a19b15,Doctrine_4d724a7ff1,proposes,1,方药治病的奥秘在于以药之偏救病之偏，以药之性适人之表里、阴阳、虚实、寒热,代表医家 / 章虚谷 / 生平与代表著作简介,p00825,true,builtin-sonnet,single_engine
Doctrine_a714432879,Work_5162d9be1c,statedIn,1,“要妙者，药性气味也；配合制度，实不外阴阳五行之理耳”（《初集·卷二·方制要妙论》）,代表医家 / 章虚谷 / 生平与代表著作简介,p00825,true,builtin-sonnet,single_engine
Physician_7577a19b15,Work_7c6aa4a3e9,authored,1,常谓“知我罪我，皆我师也”（《初集·卷一·自题》）,代表医家 / 章虚谷 / 生平与代表著作简介,p00827,true,builtin-sonnet,single_engine
Physician_7577a19b15,Doctrine_0421779830,proposes,1,以为“医理渊微，愈辨驳则愈明显”（《二集·卷一·自序》）,代表医家 / 章虚谷 / 生平与代表著作简介,p00827,true,builtin-sonnet,single_engine
Physician_7577a19b15,Doctrine_96e946e04e,proposes,1,常谓“知我罪我，皆我师也”（《初集·卷一·自题》）,代表医家 / 章虚谷 / 生平与代表著作简介,p00827,true,builtin-sonnet,single_engine
Physician_d7e73668cd,Doctrine_7144cb7090,proposes,3,河间论六气皆从火化,代表医家 / 章虚谷 / 生平与代表著作简介,p00829,true,builtin-sonnet,single_engine
Physician_175513da37,Doctrine_a241321fca,proposes,1,认为止可论六气之邪，未可论病,代表医家 / 章虚谷 / 生平与代表著作简介,p00829,true,builtin-sonnet,single_engine
Physician_8334df7ba8,Doctrine_f88e324f8b,proposes,1,丹溪“阳常有余，阴常不足”论,代表医家 / 章虚谷 / 生平与代表著作简介,p00830,true,builtin-sonnet,single_engine
Physician_3d32a4b038,Doctrine_da8c4ef005,proposes,2,景岳“阳常不足，阴常有余”论,代表医家 / 章虚谷 / 生平与代表著作简介,p00830,true,builtin-sonnet,single_engine
Physician_7577a19b15,Doctrine_21dfee3de3,proposes,1,认为丹溪“阳常有余，阴常不足”论，与景岳“阳常不足，阴常有余”论，不过发明一节经义，而非全经之理,代表医家 / 章虚谷 / 生平与代表著作简介,p00830,true,builtin-sonnet,single_engine
Physician_7577a19b15,Doctrine_57af310147,proposes,1,人生与天地万物同根，故禀天地阴阳之气以生,代表医家 / 章虚谷 / 学术观点及诊治经验 / 天人合一，阴阳五行为生死之纲,p00837,true,builtin-sonnet,single_engine
Physician_7577a19b15,Doctrine_dcac8217bc,proposes,1,五脏具五行之性，五行又各有阴阳,代表医家 / 章虚谷 / 学术观点及诊治经验 / 天人合一，阴阳五行为生死之纲,p00837,true,builtin-sonnet,single_engine
Physician_7577a19b15,Doctrine_b54d49961d,proposes,1,“详究天地阴阳、五行生化之理”，就是为了“详明所以生、所以死之理”,代表医家 / 章虚谷 / 学术观点及诊治经验 / 天人合一，阴阳五行为生死之纲,p00837,true,builtin-sonnet,single_engine
Physician_7577a19b15,Doctrine_dd9a97d971,proposes,1,能明乎此理，就能“操造化之柄，而补天地之缺失”,代表医家 / 章虚谷 / 学术观点及诊治经验 / 天人合一，阴阳五行为生死之纲,p00837,true,builtin-sonnet,single_engine
Doctrine_e61b1daf3a,Work_669400289f,statedIn,1,章氏认为《素问·阴阳应象大论》首明天人合一之道,代表医家 / 章虚谷 / 学术观点及诊治经验 / 天人合一，阴阳五行为生死之纲,p00839,true,builtin-sonnet,single_engine
Physician_7577a19b15,Doctrine_9b82870383,proposes,1,章氏以“人为一小天地”为总结,代表医家 / 章虚谷 / 学术观点及诊治经验 / 天人合一，阴阳五行为生死之纲,p00839,true,builtin-sonnet,single_engine
Physician_7577a19b15,Work_3bf5ac92f2,authored,1,他说立秋后“火力微，则水不能沸，而湿气遂收。然火力虽弱，阳焰犹存，则反化燥，故秋为燥金之令”（《素问辨疑》）。,代表医家 / 章虚谷 / 学术观点及诊治经验 / 天人合一，阴阳五行为生死之纲,p00840,true,builtin-sonnet,single_engine
Physician_7577a19b15,Doctrine_3a4bacc641,proposes,1,章氏还认为天地人身的变化，都本乎阴阳太极。,代表医家 / 章虚谷 / 学术观点及诊治经验 / 天人合一，阴阳五行为生死之纲,p00840,true,builtin-sonnet,single_engine
Physician_7577a19b15,Physician_5f1fdad40e,influencedBy,1,后读叶天士医案受到启发,代表医家 / 章虚谷 / 学术观点及诊治经验 / 从流溯源，《内经》《伤寒》为学医之本,p00842,true,builtin-sonnet,single_engine
Physician_5f1fdad40e,Physician_63803ee7c4,influencedBy,1,与千百年前仲景心心相印,代表医家 / 章虚谷 / 学术观点及诊治经验 / 从流溯源，《内经》《伤寒》为学医之本,p00842,true,builtin-sonnet,single_engine
Physician_7577a19b15,Doctrine_89a90bacbd,proposes,1,主张学医的人应从流溯源，全面掌握《内经》理论，如片面强调某个方面，势必产生偏见,代表医家 / 章虚谷 / 学术观点及诊治经验 / 从流溯源，《内经》《伤寒》为学医之本,p00842,true,builtin-sonnet,single_engine
Physician_d3749aaf09,Doctrine_ac9fdeaf72,proposes,1,东垣言相火元气之贼,代表医家 / 章虚谷 / 学术观点及诊治经验 / 从流溯源，《内经》《伤寒》为学医之本,p00842,true,builtin-sonnet,single_engine
Physician_3d32a4b038,Doctrine_ac9fdeaf72,proposes,1,景岳言相火元气之本,代表医家 / 章虚谷 / 学术观点及诊治经验 / 从流溯源，《内经》《伤寒》为学医之本,p00842,true,builtin-sonnet,single_engine
Physician_7577a19b15,Work_c2858261d4,editedRevised,1,章氏注《内经》既为“防病全生”之目的,代表医家 / 章虚谷 / 学术观点及诊治经验 / 从流溯源，《内经》《伤寒》为学医之本,p00843,true,builtin-sonnet,single_engine
Physician_63803ee7c4,Work_38972bb882,authored,1,仲景《金匱要略》已明大纲,代表医家 / 章虚谷 / 学术观点及诊治经验 / 从流溯源，《内经》《伤寒》为学医之本,p00843,false,builtin-sonnet,single_engine
Physician_7577a19b15,Doctrine_6ebd5cfb1b,proposes,1,强调了“正气内存，邪不可干”之理。,代表医家 / 章虚谷 / 学术观点及诊治经验 / 正气为本，邪正虚实乃辨病首务,p00845,true,builtin-sonnet,single_engine
Physician_7577a19b15,Doctrine_07a77dbf75,proposes,1,故曰：‘有胃气则生，无胃气则死’,代表医家 / 章虚谷 / 学术观点及诊治经验 / 正气为本，邪正虚实乃辨病首务,p00845,true,builtin-sonnet,single_engine
Doctrine_0c9cce9734,Work_2202fe4458,statedIn,1,《通评虚实论》“邪气盛则实，精气夺则虚。此两句，为治之大纲。其辞似显，其义甚微，而辨之最难也。”,代表医家 / 章虚谷 / 学术观点及诊治经验 / 正气为本，邪正虚实乃辨病首务,p00847,false,builtin-sonnet,single_engine
Physician_7577a19b15,Work_2202fe4458,editedRevised,1,注解之精详务实，于此亦可略见。,代表医家 / 章虚谷 / 学术观点及诊治经验 / 正气为本，邪正虚实乃辨病首务,p00847,true,builtin-sonnet,single_engine
Physician_7577a19b15,Work_195aba361c,editedRevised,1,他将叶天士温病论治和薛生白湿热病辨治的著述加以整理研究，收入其《医门棒喝》二集中，名曰《叶天士温病论》,代表医家 / 章虚谷 / 学术观点及诊治经验 / 大胆创新，承前启后乃新学功臣,p00852,true,builtin-sonnet,single_engine
Physician_7577a19b15,Work_1856975475,editedRevised,1,他将叶天士温病论治和薛生白湿热病辨治的著述加以整理研究，收入其《医门棒喝》二集中，名曰...《薛生白湿热条辨》,代表医家 / 章虚谷 / 学术观点及诊治经验 / 大胆创新，承前启后乃新学功臣,p00852,false,builtin-sonnet,single_engine
Physician_b57782ec58,Work_bd9a390aa7,editedRevised,1,以后王孟英编入《温热经纬》中的《叶香岩外感温热篇》和《薛生白湿热病篇》，即以此为蓝本,代表医家 / 章虚谷 / 学术观点及诊治经验 / 大胆创新，承前启后乃新学功臣,p00852,true,builtin-sonnet,single_engine
Physician_5f1fdad40e,Doctrine_68d3dbe954,proposes,2,如对叶氏“温邪上受，首先犯肺，逆传心包”“若论治法，则与伤寒大异”条文,代表医家 / 章虚谷 / 学术观点及诊治经验 / 大胆创新，承前启后乃新学功臣,p00852,true,builtin-sonnet,single_engine
Physician_2f03d4d40a,Work_6c1e6b0bd4,authored,1,如尤氏《贯珠集》将治温热之黄芩、白虎例入伤寒正治,代表医家 / 章虚谷 / 学术观点及诊治经验 / 大胆创新，承前启后乃新学功臣,p00853,true,builtin-sonnet,single_engine
Physician_68fd45f47c,Work_0815264e33,authored,2,撰著《瘟疫论》以辨别之,代表医家 / 章虚谷 / 学术观点及诊治经验 / 大胆创新，承前启后乃新学功臣,p00853,true,builtin-sonnet,single_engine
Physician_7577a19b15,Doctrine_77f3f8740e,proposes,1,章氏将温病按照春温、风温、暑温、湿温、瘟疫分列证治,代表医家 / 章虚谷 / 学术观点及诊治经验 / 大胆创新，承前启后乃新学功臣,p00853,true,builtin-sonnet,single_engine
Physician_7577a19b15,Doctrine_431e29dcc0,proposes,1,但建议改称“伏邪”，因为“气”是邪正的总称，能致病的应称为“邪”,代表医家 / 章虚谷 / 学术观点及诊治经验 / 大胆创新，承前启后乃新学功臣,p00853,true,builtin-sonnet,single_engine
Physician_7577a19b15,Work_daaa92ef4b,authored,1,他在《医门棒喝初集·卷三·论景岳书》说,代表医家 / 章虚谷 / 学术观点及诊治经验 / 大胆创新，承前启后乃新学功臣,p00855,true,builtin-sonnet,single_engine
Physician_7577a19b15,Doctrine_e61b1daf3a,proposes,1,但明确提出“辨证论治”一词的第一人则是章虚谷,代表医家 / 章虚谷 / 学术观点及诊治经验 / 大胆创新，承前启后乃新学功臣,p00855,true,builtin-sonnet,single_engine
Physician_7577a19b15,Work_ad67feab77,authored,1,章氏在《类编》对四诊合参的阐释中,代表医家 / 章虚谷 / 学术观点及诊治经验 / 大胆创新，承前启后乃新学功臣,p00856,true,builtin-sonnet,single_engine
Physician_175513da37,Doctrine_5754280f09,proposes,1,章氏善于有是证用是药，温病不废附姜，屡起危厄,代表医家 / 章虚谷 / 学术观点及诊治经验 / 大胆创新，承前启后乃新学功臣,p00858,true,builtin-sonnet,single_engine
Doctrine_5754280f09,Work_1b5d138ac2,statedIn,1,《六月感暑脾肾两伤助阳得愈案》载，丁亥六月，周小梅先生夫人感暑邪，因服疏散药热更甚，他医改用大黄、鲜生地、柴胡、厚朴等，致寒热加重,代表医家 / 章虚谷 / 学术观点及诊治经验 / 大胆创新，承前启后乃新学功臣,p00858,true,builtin-sonnet,single_engine
Physician_175513da37,Doctrine_c45eb2c7ad,proposes,1,伤寒温病虽不同，然辨邪之浅深，人之虚实岂有异乎？,代表医家 / 章虚谷 / 学术观点及诊治经验 / 大胆创新，承前启后乃新学功臣,p00858,true,builtin-sonnet,single_engine
Physician_fea56b4975,Doctrine_f5731d6663,proposes,1,刘河间有见此理，故云六气皆从火化，以寒凉药主治,代表医家 / 章虚谷 / 原文选释 / 六气皆从火化，以寒凉药主治，此理止可论邪，不可论病,p00864,true,builtin-sonnet,single_engine
Physician_dd9265a598,Doctrine_ec919b7ed3,proposes,1,张景岳非之，云相火元气之本也，岂可谓之贼,代表医家 / 章虚谷 / 原文选释 / 六气皆从火化，以寒凉药主治，此理止可论邪，不可论病,p00864,true,builtin-sonnet,single_engine
Physician_dd9265a598,Physician_d3749aaf09,influencedBy,1,张景岳非之，云相火元气之本也，岂可谓之贼,代表医家 / 章虚谷 / 原文选释 / 六气皆从火化，以寒凉药主治，此理止可论邪，不可论病,p00864,true,builtin-sonnet,single_engine
Doctrine_f5731d6663,Work_fa4b532437,statedIn,1,（《医门棒喝·卷一·六气阴阳论》）,代表医家 / 章虚谷 / 原文选释 / 六气皆从火化，以寒凉药主治，此理止可论邪，不可论病,p00864,true,builtin-sonnet,single_engine
Physician_d3749aaf09,Doctrine_5ae3ac9a02,proposes,1,东垣言相火“元气之贼”,代表医家 / 章虚谷 / 原文选释 / 六气皆从火化，以寒凉药主治，此理止可论邪，不可论病,p00866,true,builtin-sonnet,single_engine
Physician_3d32a4b038,Doctrine_bfd3fd8db2,proposes,1,景岳言相火“元气之本”,代表医家 / 章虚谷 / 原文选释 / 六气皆从火化，以寒凉药主治，此理止可论邪，不可论病,p00866,true,builtin-sonnet,single_engine
Physician_175513da37,Doctrine_62b6384876,proposes,1,章氏认为，东垣论其变，景岳论其常，后人不可偏执,代表医家 / 章虚谷 / 原文选释 / 六气皆从火化，以寒凉药主治，此理止可论邪，不可论病,p00866,true,builtin-sonnet,single_engine
Physician_7577a19b15,Physician_8334df7ba8,influencedBy,1,虽丹溪略举其概,代表医家 / 章虚谷 / 原文选释 / 治病之要，首当察人体质之阴阳强弱,p00869,true,builtin-sonnet,single_engine
Physician_7577a19b15,Physician_d77b132925,influencedBy,1,叶氏医案每论其端,代表医家 / 章虚谷 / 原文选释 / 治病之要，首当察人体质之阴阳强弱,p00869,true,builtin-sonnet,single_engine
Physician_7577a19b15,Doctrine_9118f0feb1,proposes,1,治病之要，首当察人体质之阴阳强弱，而后方能调之使安。,代表医家 / 章虚谷 / 原文选释 / 治病之要，首当察人体质之阴阳强弱,p00869,true,builtin-sonnet,single_engine
Physician_7577a19b15,Doctrine_f5174ae381,proposes,1,治虚损者，先辨阴阳，次分上下,代表医家 / 章虚谷 / 原文选释 / 治虚损者，先辨阴阳，次分上下,p00874,true,builtin-sonnet,single_engine
Physician_7577a19b15,Doctrine_9635e58a68,proposes,1,阴虚者，最忌助气；阳虚者，大禁寒凉,代表医家 / 章虚谷 / 原文选释 / 治虚损者，先辨阴阳，次分上下,p00874,true,builtin-sonnet,single_engine
Physician_7577a19b15,Doctrine_9af5a46295,proposes,1,上损则清金为先，下损必固肾为主，此千古不易之成法也,代表医家 / 章虚谷 / 原文选释 / 治虚损者，先辨阴阳，次分上下,p00874,true,builtin-sonnet,single_engine
Physician_7577a19b15,Doctrine_4297e46d8f,proposes,1,阴阳之气，禀于肾元；生化之权操乎脾胃,代表医家 / 章虚谷 / 原文选释 / 治虚损者，先辨阴阳，次分上下,p00874,true,builtin-sonnet,single_engine
Doctrine_3303e82ef5,Work_99a510090a,statedIn,1,《难经》谓：上损至下，下损过中，皆不治。,代表医家 / 章虚谷 / 原文选释 / 治虚损者，先辨阴阳，次分上下,p00874,true,builtin-sonnet,single_engine
Physician_7577a19b15,Doctrine_6da2beb571,proposes,1,且虚损之中尤重先后天之脾肾,代表医家 / 章虚谷 / 原文选释 / 治虚损者，先辨阴阳，次分上下,p00876,true,builtin-sonnet,single_engine
Physician_7577a19b15,Doctrine_49d3a85913,proposes,1,认为肾阳鼓舞脾胃之生化，而肾阳的固密作用由脾胃化生的阴精滋育实现,代表医家 / 章虚谷 / 原文选释 / 治虚损者，先辨阴阳，次分上下,p00876,true,builtin-sonnet,single_engine
Physician_7577a19b15,Doctrine_96914499f4,proposes,1,夫阳倡阴随，为造化自然之道，故阳能帅阴，而阴赖阳之煦通以生长；阴能和阳，而阳借阴之翕阖以固密，此阴阳自然之性能,代表医家 / 章虚谷 / 原文选释 / 阳倡阴随，为造化自然之道,p00879,true,builtin-sonnet,single_engine
Physician_7577a19b15,Doctrine_3b2036d8e7,proposes,1,而治法，则多针砭，而少方药，以上古所宜也,代表医家 / 章虚谷 / 原文选释 / 阳倡阴随，为造化自然之道,p00879,true,builtin-sonnet,single_engine
Physician_175513da37,Doctrine_140f307354,proposes,1,章氏认为，学医者，首重明理明圣道,代表医家 / 章虚谷 / 原文选释 / 阳倡阴随，为造化自然之道,p00881,true,builtin-sonnet,single_engine
Physician_7577a19b15,Doctrine_5311ba22fb,proposes,1,因言中焦虚寒，浊阴聚胃，故呕吐。是胃阳不振，非肝火作逆、胃阴不足也。,代表医家 / 章虚谷 / 医案选按 / 胃阳不振胃阴不足疑似案,p00894,true,builtin-sonnet,single_engine
Physician_7577a19b15,Doctrine_b7dc687c90,proposes,1,苏合丸中冰麝等，辛温走窜，治寒尚可，温暑大忌也,代表医家 / 章虚谷 / 医案选按 / 暑温误治案,p00906,true,builtin-sonnet,single_engine
Physician_7577a19b15,Doctrine_472741c98b,proposes,1,灵脂以浊攻浊，兼有硝磺，直达至阴，助本元以祛邪，必当奏功,代表医家 / 章虚谷 / 医案选按 / 暑温误治案,p00906,true,builtin-sonnet,single_engine
Physician_7577a19b15,Doctrine_d60111468a,proposes,1,故与伤寒之热入血室，病同而邪不同,代表医家 / 章虚谷 / 医案选按 / 暑温误治案,p00906,true,builtin-sonnet,single_engine
Physician_7577a19b15,Doctrine_b499322cc2,proposes,1,所谓有是病，必用是药,代表医家 / 章虚谷 / 医案选按 / 暑温误治案,p00906,true,builtin-sonnet,single_engine
Physician_63803ee7c4,Doctrine_b31a8a56f4,proposes,1,仲景有刺期门之法，是邪结血分也,代表医家 / 章虚谷 / 医案选按 / 暑温误治案,p00906,true,builtin-sonnet,single_engine
Physician_7577a19b15,Doctrine_771d19755e,proposes,1,余意必因服蒌仁等凉药，脾气滑泄，热邪陷入太阴也。,代表医家 / 章虚谷 / 医案选按 / 邪伏少阴案,p00910,true,builtin-sonnet,single_engine
Physician_7577a19b15,Work_3157a96d0a,authored,1,即余《温暑提纲》中所论之证也,代表医家 / 章虚谷 / 医案选按 / 邪伏少阴案,p00911,true,builtin-sonnet,single_engine
Doctrine_03946e79e0,Work_c2858261d4,statedIn,1,《内经》云，火郁则发之，木郁则达之,代表医家 / 章虚谷 / 医案选按 / 邪伏少阴案,p00911,true,builtin-sonnet,single_engine
Physician_7577a19b15,Doctrine_7ac2dc761f,proposes,1,冬受寒冷，邪伏少阴。至春阳旺，郁邪化热，劫烁肾阴，故尺脉如此,代表医家 / 章虚谷 / 医案选按 / 邪伏少阴案,p00911,true,builtin-sonnet,single_engine
Physician_7577a19b15,Doctrine_58d83c1f4c,proposes,1,热蕴少阴，乘春升少阳之气而动，兼外感虚风，表里俱病,代表医家 / 章虚谷 / 医案选按 / 邪伏少阴案,p00911,true,builtin-sonnet,single_engine
Physician_7577a19b15,Doctrine_927855adf8,proposes,1,若又可之论，偏执一隅，未达至理,代表医家 / 章虚谷 / 医案选按 / 邪伏少阴案,p00911,true,builtin-sonnet,single_engine
Physician_7577a19b15,Doctrine_718a7ebbc3,proposes,1,良由正虚挟邪，不得不攻补兼施,代表医家 / 章虚谷 / 医案选按 / 邪伏少阴案,p00911,true,builtin-sonnet,single_engine
Physician_7577a19b15,Work_8857f1d99c,authored,1,代表医家 / 章虚谷 / 医案选按 / 风寒误作温病案,代表医家 / 章虚谷 / 医案选按 / 风寒误作温病案,p00917,false,builtin-sonnet,single_engine
Physician_7577a19b15,Physician_7918d7bc41,influencedBy,1,乃仿仲圣建中例，于前方加党参三钱、干姜一钱,代表医家 / 章虚谷 / 医案选按 / 风寒误作温病案,p00917,true,builtin-sonnet,single_engine
Physician_7577a19b15,Doctrine_c20293d9e8,proposes,1,此本感受风寒，因凉药而邪内闭，胃肠被郁，故即口干,代表医家 / 章虚谷 / 医案选按 / 风寒误作温病案,p00917,true,builtin-sonnet,single_engine
Physician_7577a19b15,Doctrine_f99909d430,proposes,1,夫用姜桂附子而大便始通，其寒凝甚矣,代表医家 / 章虚谷 / 医案选按 / 风寒误作温病案,p00917,true,builtin-sonnet,single_engine
Physician_7577a19b15,Work_ff514a3853,authored,2,章虚谷遗著《灵素节注类编》钩沉,代表医家 / 章虚谷 / 医案选按 / 冬伤于寒夏病温热案,p00928,true,builtin-sonnet,single_engine
Physician_e8c6930ac8,Work_2f55f80d87,authored,1,杨茂森.章虚谷遗著《灵素节注类编》钩沉,代表医家 / 章虚谷 / 医案选按 / 冬伤于寒夏病温热案,p00928,true,builtin-sonnet,single_engine
Physician_c62dc6d8b9,Physician_189c916d15,influencedBy,1,祖父何秀山为绍派伤寒名家，何氏承祖业,代表医家 / 何廉臣 / 生平与代表著作简介,p00933,true,builtin-sonnet,single_engine
Physician_64d2cbdcf5,Physician_e1902129a6,studiedUnder,1,继从名医樊开周临证三年,代表医家 / 何廉臣 / 生平与代表著作简介,p00934,true,builtin-sonnet,single_engine
Physician_64d2cbdcf5,Physician_ea50ecfdec,influencedBy,1,何氏与周雪樵共事期间，深受影响,代表医家 / 何廉臣 / 生平与代表著作简介,p00934,true,builtin-sonnet,single_engine
Physician_64d2cbdcf5,Doctrine_919c112a35,proposes,1,主张以崇实黜华为原则，通过沟通新旧来改良医学,代表医家 / 何廉臣 / 生平与代表著作简介,p00934,true,builtin-sonnet,single_engine
Physician_9b47f4ab2d,Doctrine_42bce2230b,proposes,1,赵谓治病不可以经、时方自限，方之切用，在洞察民情禀赋之刚柔，风土凉温之迥异而后随证酌选，方显灵活,代表医家 / 何廉臣 / 生平与代表著作简介,p00934,true,builtin-sonnet,single_engine
Physician_64d2cbdcf5,Work_a90c1aad2d,editedRevised,1,校订刊刻古医书110种，名曰《绍兴医药丛书》。,代表医家 / 何廉臣 / 生平与代表著作简介,p00935,true,builtin-sonnet,single_engine
Physician_bec16b53a7,Physician_64d2cbdcf5,studiedUnder,2,曹炳章、毛凤岗、严绍琪、俞修源、郑惠中皆出其门下。,代表医家 / 何廉臣 / 生平与代表著作简介,p00935,true,builtin-sonnet,single_engine
Physician_72baf34b6a,Physician_64d2cbdcf5,studiedUnder,1,曹炳章、毛凤岗、严绍琪、俞修源、郑惠中皆出其门下。,代表医家 / 何廉臣 / 生平与代表著作简介,p00935,true,builtin-sonnet,single_engine
Physician_77191eb4c3,Physician_64d2cbdcf5,studiedUnder,1,曹炳章、毛凤岗、严绍琪、俞修源、郑惠中皆出其门下。,代表医家 / 何廉臣 / 生平与代表著作简介,p00935,true,builtin-sonnet,single_engine
Physician_c1b25b6cd9,Physician_64d2cbdcf5,studiedUnder,1,曹炳章、毛凤岗、严绍琪、俞修源、郑惠中皆出其门下。,代表医家 / 何廉臣 / 生平与代表著作简介,p00935,true,builtin-sonnet,single_engine
Physician_0b07d43237,Physician_64d2cbdcf5,studiedUnder,1,曹炳章、毛凤岗、严绍琪、俞修源、郑惠中皆出其门下。,代表医家 / 何廉臣 / 生平与代表著作简介,p00935,true,builtin-sonnet,single_engine
Physician_d41a33ac9e,Physician_64d2cbdcf5,influencedBy,1,无锡名医周小农亦私淑其门墙。,代表医家 / 何廉臣 / 生平与代表著作简介,p00935,true,builtin-sonnet,single_engine
Physician_c884303f88,Physician_64d2cbdcf5,influencedBy,2,徐荣斋、史介生为其再传弟子。,代表医家 / 何廉臣 / 生平与代表著作简介,p00935,true,builtin-sonnet,single_engine
Physician_a99e02c7f4,Physician_64d2cbdcf5,influencedBy,1,徐荣斋、史介生为其再传弟子。,代表医家 / 何廉臣 / 生平与代表著作简介,p00935,true,builtin-sonnet,single_engine
Physician_64d2cbdcf5,Doctrine_35e99f35f8,proposes,1,而转谓继承发扬岐黄祖道重于中西汇通。,代表医家 / 何廉臣 / 生平与代表著作简介,p00935,true,builtin-sonnet,single_engine
Physician_64d2cbdcf5,Work_67c8e6e941,authored,1,他在《绍兴医药学报》上公开发表《公编医学讲义之商榷》文章,代表医家 / 何廉臣 / 生平与代表著作简介,p00936,true,builtin-sonnet,single_engine
Physician_64d2cbdcf5,Work_0e92e22455,authored,3,由其亲自编撰之作，如《全国名医验案类编》,代表医家 / 何廉臣 / 生平与代表著作简介,p00940,true,builtin-sonnet,single_engine
Physician_64d2cbdcf5,Work_66d0589f3e,authored,1,《内科证治全书》12卷,代表医家 / 何廉臣 / 生平与代表著作简介,p00940,true,builtin-sonnet,single_engine
Physician_64d2cbdcf5,Work_c8abe3e1f5,authored,1,《中风新论》《痛风新论》（前二种各1卷，由“绍兴医药学报”刊出）,代表医家 / 何廉臣 / 生平与代表著作简介,p00940,true,builtin-sonnet,single_engine
Physician_64d2cbdcf5,Work_f6bd9832e1,authored,1,《中风新论》《痛风新论》（前二种各1卷，由“绍兴医药学报”刊出）,代表医家 / 何廉臣 / 生平与代表著作简介,p00940,true,builtin-sonnet,single_engine
Physician_64d2cbdcf5,Work_d033104cc1,editedRevised,2,系何氏及陈樾樵主编,代表医家 / 何廉臣 / 生平与代表著作简介,p00940,true,builtin-sonnet,single_engine
Physician_305d5b592a,Work_d033104cc1,editedRevised,1,系何氏及陈樾樵主编,代表医家 / 何廉臣 / 生平与代表著作简介,p00940,true,builtin-sonnet,single_engine
Physician_64d2cbdcf5,Work_71a80d1adf,authored,1,《儿科诊断学》2卷,代表医家 / 何廉臣 / 生平与代表著作简介,p00940,true,builtin-sonnet,single_engine
Physician_64d2cbdcf5,Work_b824414d90,authored,2,《实验药物学》4卷（均由大东书局印行）,代表医家 / 何廉臣 / 生平与代表著作简介,p00940,true,builtin-sonnet,single_engine
Physician_64d2cbdcf5,Work_97ff7f738c,authored,1,《药学汇讲》《肺痨汇编》（前二种在“越医汇讲医报”上刊出）,代表医家 / 何廉臣 / 生平与代表著作简介,p00940,true,builtin-sonnet,single_engine
Physician_64d2cbdcf5,Work_005ff038e9,authored,1,《药学汇讲》《肺痨汇编》（前二种在“越医汇讲医报”上刊出）,代表医家 / 何廉臣 / 生平与代表著作简介,p00940,true,builtin-sonnet,single_engine
Physician_64d2cbdcf5,Work_2f494407c5,authored,1,《喉痧白喉证治全书》《廉臣医案》等,代表医家 / 何廉臣 / 生平与代表著作简介,p00940,true,builtin-sonnet,single_engine
Physician_64d2cbdcf5,Work_5c88c447c3,authored,2,《喉痧白喉证治全书》《廉臣医案》等,代表医家 / 何廉臣 / 生平与代表著作简介,p00940,true,builtin-sonnet,single_engine
Physician_bec16b53a7,Doctrine_6d921b8694,proposes,1,曹炳章先生序文所说：“方法美备，学说新颖，不但四季时病无一不备，而重要杂症亦无遗漏。”,代表医家 / 何廉臣 / 生平与代表著作简介,p00941,true,builtin-sonnet,single_engine
Physician_64d2cbdcf5,Work_76cbc35cc9,authored,1,最初订出编写大纲的为《生理学讲义》,代表医家 / 何廉臣 / 生平与代表著作简介,p00943,true,builtin-sonnet,single_engine
Physician_64d2cbdcf5,Work_d7cd18c58e,authored,1,1923年，他与恽铁樵讨论编写《内经讲议》的方法,代表医家 / 何廉臣 / 生平与代表著作简介,p00943,true,builtin-sonnet,single_engine
Physician_64d2cbdcf5,Work_2c9697d6f4,authored,1,这类书计有《新医宗必读》4卷（蔡元培为之序，大东书局印行）,代表医家 / 何廉臣 / 生平与代表著作简介,p00943,true,builtin-sonnet,single_engine
Physician_64d2cbdcf5,Work_fcc3c137cb,authored,1,《全体总论》（神州医学会绍兴分会印行）,代表医家 / 何廉臣 / 生平与代表著作简介,p00943,true,builtin-sonnet,single_engine
Physician_64d2cbdcf5,Work_2ba401a3f8,authored,2,《新方歌诀》1卷（由《绍兴医药学报》刊行）,代表医家 / 何廉臣 / 生平与代表著作简介,p00943,true,builtin-sonnet,single_engine
Physician_64d2cbdcf5,Work_2d856b7833,authored,1,《勘病要诀》5卷,代表医家 / 何廉臣 / 生平与代表著作简介,p00943,true,builtin-sonnet,single_engine
Physician_64d2cbdcf5,Work_bf14c2389a,authored,1,《妇科学粹》5卷,代表医家 / 何廉臣 / 生平与代表著作简介,p00943,true,builtin-sonnet,single_engine
Physician_64d2cbdcf5,Work_48fc732118,authored,1,《药学粹言》2卷,代表医家 / 何廉臣 / 生平与代表著作简介,p00943,true,builtin-sonnet,single_engine
Physician_64d2cbdcf5,Work_46a26a6988,authored,1,《内科通论》《内经存真》（前五种均由渐东书局印行）,代表医家 / 何廉臣 / 生平与代表著作简介,p00943,true,builtin-sonnet,single_engine
Physician_64d2cbdcf5,Work_cebbf83845,authored,1,《内科通论》《内经存真》（前五种均由渐东书局印行）,代表医家 / 何廉臣 / 生平与代表著作简介,p00943,true,builtin-sonnet,single_engine
Physician_156af256d7,Work_7cc678f151,editedRevised,1,对原书有适当删节和增补，主要有《广温热论》（按照陆九芝所删定的新增温热专论六篇及应用验方和医案）,代表医家 / 何廉臣 / 生平与代表著作简介,p00945,true,builtin-sonnet,single_engine
Physician_156af256d7,Work_da48914ac0,editedRevised,1,《伤寒指掌》（根据吴坤安原著分段加以按语，改名《感症宝筏》）,代表医家 / 何廉臣 / 生平与代表著作简介,p00945,true,builtin-sonnet,single_engine
Physician_156af256d7,Work_f211f65b09,editedRevised,1,《医学妙谛》（根据何书田原著，校订其体例，增补其内容，每证每方后均加按语，每章后附以小结，对原作有更多发挥）,代表医家 / 何廉臣 / 生平与代表著作简介,p00945,true,builtin-sonnet,single_engine
Physician_156af256d7,Work_353e443eb9,editedRevised,1,《时病论》（对原著的冗字复语大加删节，增入陆晋笙的时病论方歌，在五色痢及秋暑之后附有按语）,代表医家 / 何廉臣 / 生平与代表著作简介,p00945,true,builtin-sonnet,single_engine
Physician_156af256d7,Work_97527e091f,editedRevised,1,《温病条辨》（对原文不作删节，仅补入方内散入的条辨方歌208首）,代表医家 / 何廉臣 / 生平与代表著作简介,p00945,true,builtin-sonnet,single_engine
Physician_a1d65ba63d,Work_da48914ac0,authored,2,根据吴坤安原著分段加以按语，改名《感症宝筏》,代表医家 / 何廉臣 / 生平与代表著作简介,p00945,true,builtin-sonnet,single_engine
Physician_05352c87ff,Work_f211f65b09,authored,1,根据何书田原著，校订其体例，增补其内容,代表医家 / 何廉臣 / 生平与代表著作简介,p00945,true,builtin-sonnet,single_engine
Physician_156af256d7,Physician_e1902129a6,influencedBy,1,特别选录樊开周、沈云臣的经验方，由此可窥何氏师承渊源及温热病学造诣之一斑,代表医家 / 何廉臣 / 生平与代表著作简介,p00945,true,builtin-sonnet,single_engine
Physician_156af256d7,Physician_e61cb7d893,influencedBy,1,特别选录樊开周、沈云臣的经验方，由此可窥何氏师承渊源及温热病学造诣之一斑,代表医家 / 何廉臣 / 生平与代表著作简介,p00945,true,builtin-sonnet,single_engine
Physician_64d2cbdcf5,Work_bb9a97f66d,editedRevised,1,校正原文，不作删节，偶或加注，这类书有《增订伤寒百证歌》《新证伤寒广要》《鉴定伤寒论诀》《伤寒论述义》,代表医家 / 何廉臣 / 生平与代表著作简介,p00947,true,builtin-sonnet,single_engine
Physician_64d2cbdcf5,Work_37200f4cd2,editedRevised,1,校正原文，不作删节，偶或加注，这类书有《增订伤寒百证歌》《新证伤寒广要》《鉴定伤寒论诀》《伤寒论述义》,代表医家 / 何廉臣 / 生平与代表著作简介,p00947,true,builtin-sonnet,single_engine
Physician_64d2cbdcf5,Work_d6d47e943f,editedRevised,1,校正原文，不作删节，偶或加注，这类书有《增订伤寒百证歌》《新证伤寒广要》《鉴定伤寒论诀》《伤寒论述义》,代表医家 / 何廉臣 / 生平与代表著作简介,p00947,true,builtin-sonnet,single_engine
Physician_64d2cbdcf5,Work_3ed5321089,editedRevised,2,校正原文，不作删节，偶或加注，这类书有《增订伤寒百证歌》《新证伤寒广要》《鉴定伤寒论诀》《伤寒论述义》,代表医家 / 何廉臣 / 生平与代表著作简介,p00947,true,builtin-sonnet,single_engine
Physician_64d2cbdcf5,Work_7f890e3a88,editedRevised,1,《新订温病条辨》《吴鞠通医案按》《叶天士医案按》等（均由绍兴育新书局印行）,代表医家 / 何廉臣 / 生平与代表著作简介,p00947,false,builtin-sonnet,single_engine
Physician_64d2cbdcf5,Work_650e0ffbca,editedRevised,1,《新订温病条辨》《吴鞠通医案按》《叶天士医案按》等（均由绍兴育新书局印行）,代表医家 / 何廉臣 / 生平与代表著作简介,p00947,false,builtin-sonnet,single_engine
Physician_64d2cbdcf5,Work_3eee72a0e8,editedRevised,1,《新订温病条辨》《吴鞠通医案按》《叶天士医案按》等（均由绍兴育新书局印行）,代表医家 / 何廉臣 / 生平与代表著作简介,p00947,false,builtin-sonnet,single_engine
Physician_dd5fc073f9,Work_13677aae8b,editedRevised,1,（有何氏长子幼廉秉庭训每证加注）,代表医家 / 何廉臣 / 生平与代表著作简介,p00947,true,builtin-sonnet,single_engine
Physician_bec16b53a7,Doctrine_f450d790c7,proposes,1,曹炳章谓《通俗伤寒论》中许多所谓何秀山按的文字，实系何氏所作,代表医家 / 何廉臣 / 生平与代表著作简介,p00948,true,builtin-sonnet,single_engine
Physician_c884303f88,Doctrine_f450d790c7,proposes,1,此说徐荣斋亦表同意,代表医家 / 何廉臣 / 生平与代表著作简介,p00948,true,builtin-sonnet,single_engine
Physician_156af256d7,Work_5759b66c42,authored,1,许多所谓何秀山按的文字，实系何氏所作,代表医家 / 何廉臣 / 生平与代表著作简介,p00948,true,builtin-sonnet,single_engine
Physician_64d2cbdcf5,Physician_dd9265a598,influencedBy,1,推崇张景岳,代表医家 / 何廉臣 / 生平与代表著作简介,p00950,true,builtin-sonnet,single_engine
Physician_64d2cbdcf5,Physician_b57782ec58,influencedBy,1,认真研究叶天士、王孟英等后贤学说,代表医家 / 何廉臣 / 生平与代表著作简介,p00950,true,builtin-sonnet,single_engine
Physician_64d2cbdcf5,Physician_63803ee7c4,influencedBy,1,他虽崇尚仲景之学,代表医家 / 何廉臣 / 生平与代表著作简介,p00950,true,builtin-sonnet,single_engine
Physician_64d2cbdcf5,Work_c26590e9fe,authored,2,（《重订通俗伤寒论》·后序）,代表医家 / 何廉臣 / 生平与代表著作简介,p00950,true,builtin-sonnet,single_engine
Physician_64d2cbdcf5,Doctrine_34013f30ff,proposes,1,正疟小柴胡汤可治，时疟岂可以小柴胡正疟法治之,代表医家 / 何廉臣 / 生平与代表著作简介,p00950,true,builtin-sonnet,single_engine
Physician_15935624a6,Work_2e4714918a,authored,1,同意董说的《运气辨正》,代表医家 / 何廉臣 / 生平与代表著作简介,p00952,true,builtin-sonnet,single_engine
Physician_dc5228a2d3,Work_de90dd136b,editedRevised,1,隋全元起注《素问》,代表医家 / 何廉臣 / 生平与代表著作简介,p00952,true,builtin-sonnet,single_engine
Physician_0ebedd72b2,Work_58bf6a1210,editedRevised,1,唐王冰私采阴阳大论七篇补之,代表医家 / 何廉臣 / 生平与代表著作简介,p00952,true,builtin-sonnet,single_engine
Physician_64d2cbdcf5,Physician_15935624a6,influencedBy,1,同意董说的《运气辨正》,代表医家 / 何廉臣 / 生平与代表著作简介,p00952,true,builtin-sonnet,single_engine
Physician_64d2cbdcf5,Doctrine_abe907b801,proposes,1,远不逮俞氏发明六经之精详，包括三焦而无一遗憾（《重订通俗伤寒论·六经总诀》）,代表医家 / 何廉臣 / 生平与代表著作简介,p00953,true,builtin-sonnet,single_engine
Physician_64d2cbdcf5,Doctrine_a0885589c6,proposes,1,对《温病条辨》列桂枝汤为首方，提出批评。,代表医家 / 何廉臣 / 生平与代表著作简介,p00953,true,builtin-sonnet,single_engine
Physician_64d2cbdcf5,Doctrine_d98b64aa02,proposes,1,对马培之所主肺痈忌麝香之说，阐述其不同看法。,代表医家 / 何廉臣 / 生平与代表著作简介,p00953,true,builtin-sonnet,single_engine
Physician_64d2cbdcf5,Doctrine_7998d4ee53,proposes,1,认为吴、程二家，“治法尚稳，但不及俞法之约而赅，效力速”,代表医家 / 何廉臣 / 生平与代表著作简介,p00953,true,builtin-sonnet,single_engine
Physician_64d2cbdcf5,Physician_3528ac6ae7,influencedBy,1,吸取东西医译本的学说（主要是丁福保的译作）,代表医家 / 何廉臣 / 生平与代表著作简介,p00955,true,builtin-sonnet,single_engine
Physician_64d2cbdcf5,Physician_87aad2a5cb,influencedBy,1,非常赞同张锡纯氏《医学衷中参西录》的作法,代表医家 / 何廉臣 / 生平与代表著作简介,p00955,true,builtin-sonnet,single_engine
Physician_64d2cbdcf5,Physician_d8250d5e34,influencedBy,1,也同意张生甫《医学达变》的作法,代表医家 / 何廉臣 / 生平与代表著作简介,p00955,true,builtin-sonnet,single_engine
Physician_64d2cbdcf5,Physician_3400e478ba,influencedBy,1,更同意通过校勘疏证来整理中医学说，如张山雷的作法,代表医家 / 何廉臣 / 生平与代表著作简介,p00955,true,builtin-sonnet,single_engine
Physician_87aad2a5cb,Work_dfe966a15f,authored,1,张锡纯氏《医学衷中参西录》,代表医家 / 何廉臣 / 生平与代表著作简介,p00955,true,builtin-sonnet,single_engine
Physician_d8250d5e34,Work_cfcb996968,authored,1,张生甫《医学达变》,代表医家 / 何廉臣 / 生平与代表著作简介,p00955,true,builtin-sonnet,single_engine
Physician_64d2cbdcf5,Doctrine_14a2544a22,proposes,1,总括何氏学术主张，是采取融汇中西，以达到革新医学的愿望,代表医家 / 何廉臣 / 生平与代表著作简介,p00955,true,builtin-sonnet,single_engine
Physician_64d2cbdcf5,Doctrine_79da4532b0,proposes,1,明确伏火为伏气温病的共同原因,代表医家 / 何廉臣 / 学术观点及诊治经验 / 善创新，发展温病病因病机,p00960,true,builtin-sonnet,single_engine
Physician_64d2cbdcf5,Doctrine_7053b09a1c,proposes,1,凡伏气温热皆是伏火,代表医家 / 何廉臣 / 学术观点及诊治经验 / 善创新，发展温病病因病机,p00961,true,builtin-sonnet,single_engine
Physician_64d2cbdcf5,Doctrine_c3ebdcba07,proposes,1,倡“温热四时皆有”说扩充伏气温病范畴,代表医家 / 何廉臣 / 学术观点及诊治经验 / 善创新，发展温病病因病机,p00963,true,builtin-sonnet,single_engine
Physician_64d2cbdcf5,Doctrine_7fe9f763f0,proposes,1,何氏认为，“温热伏气病也……病之作往往因新感而发，所谓新感引动伏邪也”,代表医家 / 何廉臣 / 学术观点及诊治经验 / 善创新，发展温病病因病机,p00964,false,builtin-sonnet,single_engine
Physician_64d2cbdcf5,Doctrine_2b0da245d8,proposes,1,因为“风寒暑湿，悉能化火，气血郁蒸，无不生火”,代表医家 / 何廉臣 / 学术观点及诊治经验 / 善创新，发展温病病因病机,p00964,true,builtin-sonnet,single_engine
Doctrine_7fe9f763f0,Work_e1bbf1453e,statedIn,1,（《重订广温热论卷之一·论温热四时皆有》）,代表医家 / 何廉臣 / 学术观点及诊治经验 / 善创新，发展温病病因病机,p00964,true,builtin-sonnet,single_engine
Physician_156af256d7,Doctrine_35bf14308d,proposes,1,何氏提出了一个较为完整的体系，可以概括为“一因、二纲、四目”,代表医家 / 何廉臣 / 学术观点及诊治经验 / 善创新，发展温病病因病机,p00968,true,builtin-sonnet,single_engine
Physician_64d2cbdcf5,Doctrine_16660365c2,proposes,1,"倡""握机于病象之先""的诊疗思想",代表医家 / 何廉臣 / 学术观点及诊治经验 / 善创新，发展温病病因病机,p00969,false,builtin-sonnet,single_engine
Doctrine_16660365c2,Work_e1bbf1453e,statedIn,1,“医者必识得伏气，方不致见病治病，能握机于病象之先”，这是《重订广温热论》一个震聋发耽的主张,代表医家 / 何廉臣 / 学术观点及诊治经验 / 善创新，发展温病病因病机,p00969,true,builtin-sonnet,single_engine
Physician_64d2cbdcf5,Doctrine_ac25874754,proposes,1,"何氏认为伏气学说是避免""见病治病""的盲目性、达到主动""握机于病象之先""的根本途径",代表医家 / 何廉臣 / 学术观点及诊治经验 / 善创新，发展温病病因病机,p00969,false,builtin-sonnet,single_engine
Physician_156af256d7,Physician_d77b132925,influencedBy,1,何氏则对叶氏的经验进行总结，并加以阐发,代表医家 / 何廉臣 / 学术观点及诊治经验 / 善创新，发展温病病因病机,p00970,true,builtin-sonnet,single_engine
Physician_d77b132925,Work_c53939005c,authored,1,叶氏在《临证指南医案》暑门中虽有所论及,代表医家 / 何廉臣 / 学术观点及诊治经验 / 善创新，发展温病病因病机,p00970,true,builtin-sonnet,single_engine
Physician_d77b132925,Doctrine_c3f6bdc362,proposes,1,叶氏认为伏暑“皆夏秋间暑湿热气内郁，新凉引动内伏之邪”,代表医家 / 何廉臣 / 学术观点及诊治经验 / 善创新，发展温病病因病机,p00970,true,builtin-sonnet,single_engine
Physician_156af256d7,Doctrine_99b34015e9,proposes,1,何氏则进一步指出“由夏令吸收之暑气与湿气蕴伏膜原，至秋后而发”,代表医家 / 何廉臣 / 学术观点及诊治经验 / 善创新，发展温病病因病机,p00970,true,builtin-sonnet,single_engine
Physician_156af256d7,Doctrine_47ed2a5857,proposes,1,他说：“每五日为一候，非若伤寒温邪之七日为期也。如第九日有凉汗，则第十日热解，第十四日有凉汗，则第十五日解，如无凉汗，又须一候矣。以热解之先一日，必有凉汗，此余所历验不爽者也”,代表医家 / 何廉臣 / 学术观点及诊治经验 / 善创新，发展温病病因病机,p00970,true,builtin-sonnet,single_engine
Physician_64d2cbdcf5,Work_0793b70a55,editedRevised,1,何氏有感于《广瘟疫论》将温热病“或称疫病，或称时疫，或单称疫”，恐名杂害义，于是将书中凡称为时行疫病者，悉改之曰温热，或曰伏邪。,代表医家 / 何廉臣 / 学术观点及诊治经验 / 善创新，发展温病病因病机,p00972,true,builtin-sonnet,single_engine
Physician_64d2cbdcf5,Physician_803b8f80a1,influencedBy,1,他引魏柳州、嘉约翰之言,代表医家 / 何廉臣 / 学术观点及诊治经验 / 善创新，发展温病病因病机,p00973,true,builtin-sonnet,single_engine
Physician_64d2cbdcf5,Physician_c864a982dc,influencedBy,1,他引魏柳州、嘉约翰之言,代表医家 / 何廉臣 / 学术观点及诊治经验 / 善创新，发展温病病因病机,p00973,true,builtin-sonnet,single_engine
Physician_64d2cbdcf5,Doctrine_bfef5a69c1,proposes,1,内斑、外斑皆温毒所为，湿火、燥火病变重而凶险者属毒患,代表医家 / 何廉臣 / 学术观点及诊治经验 / 善创新，发展温病病因病机,p00973,true,builtin-sonnet,single_engine
Physician_64d2cbdcf5,Doctrine_2482e77b28,proposes,1,盖清其夹邪，而伏邪始得透发，传发方能传变，传变乃可解利也,代表医家 / 何廉臣 / 学术观点及诊治经验 / 精辨证，四诊入微经验独特,p00985,false,builtin-sonnet,single_engine
Physician_15bb31faf7,Work_bda5f5bc65,authored,1,这虽然是李惺庵《证治汇补》的旧说,代表医家 / 何廉臣 / 学术观点及诊治经验 / 精辨证，四诊入微经验独特,p00988,true,builtin-sonnet,single_engine
Physician_a1d65ba63d,Work_1947fe2ac3,authored,1,于吴坤安察舌辨证歌有阐发,代表医家 / 何廉臣 / 学术观点及诊治经验 / 精辨证，四诊入微经验独特,p00988,true,builtin-sonnet,single_engine
Physician_64d2cbdcf5,Physician_2dac7570c2,influencedBy,1,这一观点渊源于喻嘉言、吴鞠通、石芾南三家,代表医家 / 何廉臣 / 学术观点及诊治经验 / 精辨证，四诊入微经验独特,p00988,true,builtin-sonnet,single_engine
Physician_64d2cbdcf5,Physician_d9eb3817e4,influencedBy,1,这一观点渊源于喻嘉言、吴鞠通、石芾南三家,代表医家 / 何廉臣 / 学术观点及诊治经验 / 精辨证，四诊入微经验独特,p00988,true,builtin-sonnet,single_engine
Physician_64d2cbdcf5,Physician_34e43c094c,influencedBy,1,这一观点渊源于喻嘉言、吴鞠通、石芾南三家,代表医家 / 何廉臣 / 学术观点及诊治经验 / 精辨证，四诊入微经验独特,p00988,true,builtin-sonnet,single_engine
Physician_156af256d7,Work_7cc678f151,authored,1,何氏则用枳实栀豉合小陷胸汤加连翘、茵陈、黄芩、木通等（《广温热论》）,代表医家 / 何廉臣 / 学术观点及诊治经验 / 巧施治，完善温病治法方药,p00992,true,builtin-sonnet,single_engine
Physician_156af256d7,Doctrine_b612109c21,proposes,1,何氏在复杂的病理现象中抓住主要矛盾，提出“肃肺清胃”的治疗原则，可谓提纲挈领,代表医家 / 何廉臣 / 学术观点及诊治经验 / 巧施治，完善温病治法方药,p00992,true,builtin-sonnet,single_engine
Doctrine_699706b6a9,Work_7cc678f151,statedIn,1,肺主一身之气，肺气化则脾湿自化，即有兼邪与之俱化”（《广温热论》）,代表医家 / 何廉臣 / 学术观点及诊治经验 / 巧施治，完善温病治法方药,p00992,true,builtin-sonnet,single_engine
Physician_156af256d7,Work_e1bbf1453e,authored,1,何氏在《重订广温热论》中认为,代表医家 / 何廉臣 / 学术观点及诊治经验 / 巧施治，完善温病治法方药,p00995,true,builtin-sonnet,single_engine
Physician_5f1fdad40e,Work_cf5c2e9a94,authored,1,叶天士在《外感温热篇》与《三时伏气外感篇》中只作了原则的介绍,代表医家 / 何廉臣 / 学术观点及诊治经验 / 巧施治，完善温病治法方药,p01008,true,builtin-sonnet,single_engine
Physician_5f1fdad40e,Work_6a1bad9176,authored,1,叶天士在《外感温热篇》与《三时伏气外感篇》中只作了原则的介绍,代表医家 / 何廉臣 / 学术观点及诊治经验 / 巧施治，完善温病治法方药,p01008,true,builtin-sonnet,single_engine
Physician_64d2cbdcf5,Doctrine_4eb477e9d0,proposes,1,初起邪在卫分者，用银翘散略加麻黄，辛凉开肺以泄卫,代表医家 / 何廉臣 / 学术观点及诊治经验 / 巧施治，完善温病治法方药,p01008,true,builtin-sonnet,single_engine
Physician_64d2cbdcf5,Doctrine_1748ade9ba,proposes,1,入气分化燥者，用叶氏荷杏石甘汤加味(薄荷、杏仁、石膏、生甘草、桑叶、连翘、瓜蒌皮、焦栀皮)，展气化以轻清,代表医家 / 何廉臣 / 学术观点及诊治经验 / 巧施治，完善温病治法方药,p01008,true,builtin-sonnet,single_engine
Physician_64d2cbdcf5,Doctrine_d1c41f1a55,proposes,1,邪入营分者，叶氏犀地元参汤为主（犀角、鲜生地、元参、连翘、桑叶、丹皮、竹叶心、石菖蒲），透营以泄热,代表医家 / 何廉臣 / 学术观点及诊治经验 / 巧施治，完善温病治法方药,p01008,true,builtin-sonnet,single_engine
Physician_64d2cbdcf5,Doctrine_812751448d,proposes,1,邪入血分者，导赤泻心汤加减（川连、犀角、鲜生地、赤芍、丹皮、黄芩、西洋参、茯神、知母、麦冬、山栀、木通、益元散、灯心），凉血以泻火,代表医家 / 何廉臣 / 学术观点及诊治经验 / 巧施治，完善温病治法方药,p01008,true,builtin-sonnet,single_engine
Physician_64d2cbdcf5,Doctrine_08edb321e7,proposes,1,昏厥不语者，加至宝丹或王氏新定牛黄清心丸，开内闭以清神识,代表医家 / 何廉臣 / 学术观点及诊治经验 / 巧施治，完善温病治法方药,p01008,true,builtin-sonnet,single_engine
Physician_64d2cbdcf5,Doctrine_925456637b,proposes,1,必然里结胃肠，可选用诸承气汤（如三承气汤、陷胸承气汤、犀连承气汤、白虎承气汤等）下之,代表医家 / 何廉臣 / 学术观点及诊治经验 / 巧施治，完善温病治法方药,p01008,true,builtin-sonnet,single_engine
Physician_64d2cbdcf5,Doctrine_ee9a7f22f3,proposes,1,宜用葱豉桔梗汤（葱白、豆豉、桔梗、薄荷、连翘、焦山栀、生甘草、淡竹叶）加知母、黄芩，两解表里之热,代表医家 / 何廉臣 / 学术观点及诊治经验 / 巧施治，完善温病治法方药,p01008,true,builtin-sonnet,single_engine
Physician_64d2cbdcf5,Work_b9d1d1d3d3,authored,2,特别在《感症宝筏》、《重订广温热论》及《通俗伤寒论》中所载的“经验方”,代表医家 / 何廉臣 / 学术观点及诊治经验 / 巧施治，完善温病治法方药,p01010,true,builtin-sonnet,single_engine
Physician_64d2cbdcf5,Physician_5b3251709f,influencedBy,1,把尤在泾的“卒中八法”增其药方，并益以“养血”“活络”两法为“卒中十法”,代表医家 / 何廉臣 / 学术观点及诊治经验 / 巧施治，完善温病治法方药,p01010,true,builtin-sonnet,single_engine
Physician_64d2cbdcf5,Physician_efb1169b9b,influencedBy,1,援引当时西医程祖植氏之说，指出治中风宜分清虚实,代表医家 / 何廉臣 / 学术观点及诊治经验 / 巧施治，完善温病治法方药,p01010,true,builtin-sonnet,single_engine
Physician_64d2cbdcf5,Doctrine_1eb9c33ac6,proposes,1,阴火者，命门中之元阳也。一名元气，又名真火。,代表医家 / 何廉臣 / 原文选释 / 阴火论,p01014,true,builtin-sonnet,single_engine
Doctrine_e74ce568f7,Work_c2858261d4,statedIn,1,经云：胃之大络，名曰虚里。动而应衣者，宗气泄也。虚里无动脉者死。,代表医家 / 何廉臣 / 原文选释 / 虚里冲任论,p01019,true,builtin-sonnet,single_engine
Physician_64d2cbdcf5,Physician_1245bdc3d9,influencedBy,1,予每宗其法,代表医家 / 何廉臣 / 原文选释 / 兼湿须分寒湿、湿热论,p01024,true,builtin-sonnet,single_engine
Physician_1245bdc3d9,Doctrine_68ddd77e7f,proposes,1,俞氏区别兼寒湿、兼湿热两端，分际极清，治法方药，亦属正宗,代表医家 / 何廉臣 / 原文选释 / 兼湿须分寒湿、湿热论,p01024,true,builtin-sonnet,single_engine
Physician_5f1fdad40e,Doctrine_72e4596c40,proposes,1,湿热治肺，寒湿治脾，先生独得之薪传也,代表医家 / 何廉臣 / 原文选释 / 兼湿须分寒湿、湿热论,p01024,true,builtin-sonnet,single_engine
Physician_64d2cbdcf5,Doctrine_26eb74c9b1,proposes,1,以余临证实验，温热实症，阳明胃肠病居多。温热虚症，少阴心肾病居多,代表医家 / 何廉臣 / 原文选释 / 温热虚症，少阴心肾病居多,p01039,true,builtin-sonnet,single_engine
Physician_20db30f6a0,Doctrine_b3ce9c2e51,proposes,1,但温热病之三阴证多死，不比伤寒,代表医家 / 何廉臣 / 原文选释 / 温热虚症，少阴心肾病居多,p01039,true,builtin-sonnet,single_engine
Doctrine_26eb74c9b1,Work_e1bbf1453e,statedIn,1,（《重订广温热论·温热验案·温热本症医案）,代表医家 / 何廉臣 / 原文选释 / 温热虚症，少阴心肾病居多,p01039,true,builtin-sonnet,single_engine
Physician_5f1fdad40e,Doctrine_b6eed5fad0,proposes,1,即叶天士所谓新邪引动伏邪是也,代表医家 / 何廉臣 / 原文选释 / 新邪引动伏邪，切忌辛温消散,p01045,true,builtin-sonnet,single_engine
Physician_1de08ca507,Doctrine_7d75587205,proposes,1,即雪樵君云：湿温之病，多在胃肠。,代表医家 / 何廉臣 / 原文选释 / 湿热与湿温辨,p01055,true,builtin-sonnet,single_engine
Doctrine_4207b304f3,Work_f1b486c4b4,statedIn,1,（《三订通俗伤寒论》第八章 伤寒兼证 第十三节 秋燥伤寒）,代表医家 / 何廉臣 / 方剂选录 / 自制七汁饮,p01061,true,builtin-sonnet,single_engine
Physician_64d2cbdcf5,Doctrine_295337d84b,proposes,1,自订疏风止嗽汤,代表医家 / 何廉臣 / 方剂选录 / 自订疏风止嗽汤,p01073,true,builtin-sonnet,single_engine
Doctrine_295337d84b,Work_f1b486c4b4,statedIn,1,（《三订通俗伤寒论》第八章 伤寒兼证 第一节 伤寒兼风）,代表医家 / 何廉臣 / 方剂选录 / 自订疏风止嗽汤,p01073,true,builtin-sonnet,single_engine
Physician_dfc10f773b,Work_930c32195b,authored,2,张氏著作《医病简要》,代表医家 / 张畹香 / 生平与代表著作简介,p01137,true,builtin-sonnet,single_engine
Physician_dfc10f773b,Physician_5baca69bb0,influencedBy,1,张氏在学术上遵从张仲景,代表医家 / 张畹香 / 生平与代表著作简介,p01137,true,builtin-sonnet,single_engine
Physician_dfc10f773b,Doctrine_875465955c,proposes,1,他提出医家需“多读书，多看各家书籍，自然腹中渊博，胸有准绳。”,代表医家 / 张畹香 / 生平与代表著作简介,p01137,true,builtin-sonnet,single_engine
Physician_dfc10f773b,Work_c16a148d0d,authored,5,现存《张氏温暑医旨》一卷,代表医家 / 张畹香 / 生平与代表著作简介,p01138,true,builtin-sonnet,single_engine
Physician_dfc10f773b,Work_0ca6dbdcf6,authored,1,末附《张畹香医案》两卷,代表医家 / 张畹香 / 生平与代表著作简介,p01138,true,builtin-sonnet,single_engine
Doctrine_6c54644ac9,Work_930c32195b,statedIn,1,其议论别有会心，衷诸古而不泥古，俾后学一目了然，补前贤所未备，益后学于无穷,代表医家 / 张畹香 / 生平与代表著作简介,p01138,true,builtin-sonnet,single_engine
Physician_dfc10f773b,Doctrine_0b907026ac,proposes,1,张氏辨舌合症，论述“肺主皮毛，头为诸阳之首，当责肺分之湿热”,代表医家 / 张畹香 / 学术观点及诊治经验 / 诊病善察舌,p01147,true,builtin-sonnet,single_engine
Physician_dfc10f773b,Doctrine_7c9948d7e4,proposes,1,张氏根据舌黄滑，伴有小便短赤，大便如水样的症状，提出“温病往往有大便作泻，乃肺移热于大肠，由湿体之故，并非挟热下利”的观点,代表医家 / 张畹香 / 学术观点及诊治经验 / 诊病善察舌,p01147,true,builtin-sonnet,single_engine
Physician_dfc10f773b,Doctrine_f06112c12b,proposes,1,张氏认为舌边滑是湿性之体，但病仍在肺阴,代表医家 / 张畹香 / 学术观点及诊治经验 / 诊病善察舌,p01147,true,builtin-sonnet,single_engine
Physician_dfc10f773b,Doctrine_863bd9729e,proposes,1,3.舌症并察，审识体质，辨证用药,代表医家 / 张畹香 / 学术观点及诊治经验 / 诊病善察舌,p01147,true,builtin-sonnet,single_engine
Physician_dfc10f773b,Doctrine_62d9f91203,proposes,1,张氏认为“斑出血分，疹出于气分”,代表医家 / 张畹香 / 学术观点及诊治经验 / 温病多托邪,p01152,true,builtin-sonnet,single_engine
Physician_dfc10f773b,Doctrine_49d7bb9a07,proposes,1,提出慎用降肺泻肺之药,代表医家 / 张畹香 / 学术观点及诊治经验 / 温病多托邪,p01152,true,builtin-sonnet,single_engine
Physician_dfc10f773b,Doctrine_e435b49f01,proposes,1,张氏认为其为津伤邪留，主张予增液托邪法,代表医家 / 张畹香 / 学术观点及诊治经验 / 温病多托邪,p01153,true,builtin-sonnet,single_engine
Physician_dfc10f773b,Work_2c3e6038f3,authored,1,（《张氏温暑医旨·痢篇》）,代表医家 / 张畹香 / 原文选释 / 利湿升清止痢疾,p01176,true,builtin-sonnet,single_engine
Physician_dfc10f773b,Doctrine_8dcd75e385,proposes,2,予谓须春分前后治之,代表医家 / 张畹香 / 原文选释 / 利湿升清止痢疾,p01176,true,builtin-sonnet,single_engine
Physician_5f1fdad40e,Doctrine_2fd006052a,proposes,1,叶天士先生云：即属风感肺分，与发疹治法一样耳。,代表医家 / 张畹香 / 原文选释 / 四时分别治风疹,p01181,true,builtin-sonnet,single_engine
Physician_dfc10f773b,Doctrine_3194a0c4ff,proposes,1,绍兴谓之瘩子，苏州谓之沙子，其实皆风，感肺分。,代表医家 / 张畹香 / 原文选释 / 四时分别治风疹,p01181,true,builtin-sonnet,single_engine
Physician_dfc10f773b,Doctrine_98029eb469,proposes,1,当按四时法治之。在冬令发瘩，当用冬温法；夏时用暑风法；秋时用秋燥法；春时用风温法,代表医家 / 张畹香 / 原文选释 / 四时分别治风疹,p01181,true,builtin-sonnet,single_engine
Doctrine_3194a0c4ff,Work_d43d4b7ac1,statedIn,1,（《张氏温暑医旨·瘄疹》）,代表医家 / 张畹香 / 原文选释 / 四时分别治风疹,p01181,true,builtin-sonnet,single_engine
Physician_dfc10f773b,Doctrine_56a6ac3ff9,proposes,1,斑疹宜按四时分别论治，或辛凉，或甘寒，或淡渗，或清火，或凉营。,代表医家 / 张畹香 / 原文选释 / 四时分别治风疹,p01183,true,builtin-sonnet,single_engine
Physician_dfc10f773b,Work_c7d4eba7b6,authored,1,（《张氏温暑医旨·温邪篇》）,代表医家 / 张畹香 / 原文选释 / 斑疹皆宜早透达,p01196,true,builtin-sonnet,single_engine
Physician_dfc10f773b,Doctrine_20e917b445,proposes,1,斑出血分，疹与瘄出于气分,代表医家 / 张畹香 / 原文选释 / 斑疹皆宜早透达,p01196,true,builtin-sonnet,single_engine
Physician_dfc10f773b,Doctrine_adf0b88d37,proposes,1,然风热甚，辛凉肺分亦疹，唯早透达耳,代表医家 / 张畹香 / 原文选释 / 斑疹皆宜早透达,p01196,true,builtin-sonnet,single_engine
Physician_dfc10f773b,Doctrine_1990e99e0f,proposes,1,甚或有用生军者，则又可不用川连之说不可泥,代表医家 / 张畹香 / 原文选释 / 斑疹皆宜早透达,p01196,true,builtin-sonnet,single_engine
Doctrine_20e917b445,Work_c7d4eba7b6,statedIn,1,斑出血分，疹与瘄出于气分，古人云失下则斑，失辛凉肺分则疹。然风热甚，辛凉肺分亦疹，唯早透达耳，夹温则瘄似疹，白色有浆，热毒深入血分，即下亦斑，唯早下则斑早出耳。一见疹，黄芩汤加炒大力子、桔梗、蒌皮、蝉蜕、茯苓皮已解表托疹，勿用贝蒌葶苈泻肺致邪下陷，一见疹，即予犀角地黄汤加人中黄、金银花、大青叶化斑解毒，轻者勿用承气，若重者不如三黄汤或承气，为变解法，使表里之邪一齐解散，甚或有用生军者，则又可不用川连之说不可泥。（《张氏温暑医旨·温邪篇》）,代表医家 / 张畹香 / 原文选释 / 斑疹皆宜早透达,p01196,true,builtin-sonnet,single_engine
Physician_d8a6fc372f,Doctrine_46b8b419d2,proposes,1,又可所云苔如积粉,代表医家 / 张畹香 / 原文选释 / 瘟疫察苔宜早下,p01201,true,builtin-sonnet,single_engine
Physician_76872817a9,Doctrine_df496301f8,proposes,1,仲师云有汗不宜重汗,代表医家 / 张畹香 / 原文选释 / 瘟疫察苔宜早下,p01201,true,builtin-sonnet,single_engine
Physician_76872817a9,Doctrine_487c0c7eec,proposes,1,又云湿家忌汗，汗之则发痉厥,代表医家 / 张畹香 / 原文选释 / 瘟疫察苔宜早下,p01201,true,builtin-sonnet,single_engine
Doctrine_c1aee0208a,Work_c16a148d0d,statedIn,1,（《张氏温暑医旨·痢篇》）,代表医家 / 张畹香 / 原文选释 / 湿热痢疾治肝脾,p01206,true,builtin-sonnet,single_engine
Physician_dfc10f773b,Doctrine_c1aee0208a,proposes,1,暑湿入肝脾，则为痢疾,代表医家 / 张畹香 / 原文选释 / 湿热痢疾治肝脾,p01206,true,builtin-sonnet,single_engine
Physician_dfc10f773b,Doctrine_168c3458e5,proposes,1,生军与芒硝有禁条，痢疾勿用，即属杀人。,代表医家 / 张畹香 / 原文选释 / 湿热痢疾治肝脾,p01206,true,builtin-sonnet,single_engine
Physician_dfc10f773b,Physician_63803ee7c4,influencedBy,1,仲景白头翁汤云治下焦热毒痢,代表医家 / 张畹香 / 原文选释 / 湿热痢疾治肝脾,p01206,true,builtin-sonnet,single_engine
Physician_dfc10f773b,Physician_d77b132925,influencedBy,1,叶氏通小溲而愈者,代表医家 / 张畹香 / 原文选释 / 湿热痢疾治肝脾,p01206,true,builtin-sonnet,single_engine
Physician_dfc10f773b,Work_abc0b685be,authored,1,（《张氏温暑医旨·伤寒治论篇》）,代表医家 / 张畹香 / 原文选释 / 医者治病需明理,p01211,true,builtin-sonnet,single_engine
Doctrine_3cc0da5350,Work_b599d23ed1,statedIn,1,仲景书分晰甚明，绝无相混之处,代表医家 / 张畹香 / 原文选释 / 医者治病需明理,p01211,true,builtin-sonnet,single_engine
Physician_dfc10f773b,Doctrine_e4a676639a,proposes,1,小柴胡汤用人参亦此意,代表医家 / 张畹香 / 原文选释 / 医者治病需明理,p01211,true,builtin-sonnet,single_engine
Physician_dfc10f773b,Doctrine_74dd2735fc,proposes,1,热痰用贝母，寒痰用半夏，势如冰碳,代表医家 / 张畹香 / 原文选释 / 医者治病需明理,p01211,true,builtin-sonnet,single_engine
Physician_dfc10f773b,Doctrine_8e7c27b44e,proposes,1,茉莉治寒痢，当与姜附同用,代表医家 / 张畹香 / 原文选释 / 医者治病需明理,p01211,true,builtin-sonnet,single_engine
Physician_dfc10f773b,Doctrine_21074870a9,proposes,1,用辛凉法加生石膏羚角，大汗而愈,代表医家 / 张畹香 / 医案选按 / 辛凉发汗治上焦温邪案,p01216,true,builtin-sonnet,single_engine
Physician_dfc10f773b,Doctrine_77956cc175,proposes,1,盖高年未有脉不洪大，为六阳者也,代表医家 / 张畹香 / 医案选按 / 滋阴清热治风温案,p01224,true,builtin-sonnet,single_engine
Physician_dfc10f773b,Doctrine_e4e6d7dc86,proposes,1,今津液已涸，当救其阴，用黄芩汤，复以增液汤,代表医家 / 张畹香 / 医案选按 / 滋阴清热治风温案,p01224,true,builtin-sonnet,single_engine
Physician_dfc10f773b,Doctrine_a8b8effdbb,proposes,1,致邪陷下焦，故不得汗。不得汗则身不得凉。,代表医家 / 张畹香 / 医案选按 / 滋阴清热治风温案,p01224,true,builtin-sonnet,single_engine
Physician_dfc10f773b,Physician_eac9b7a6fd,influencedBy,2,予遵张石顽先生论,代表医家 / 张畹香 / 医案选按 / 凉血清肺治产后温病案,p01236,true,builtin-sonnet,single_engine
Physician_eac9b7a6fd,Doctrine_21bc1e0564,proposes,1,凡遇胎前产后，所患不拘何病，总以胎产为本，以病为标,代表医家 / 张畹香 / 医案选按 / 凉血清肺治产后温病案,p01236,true,builtin-sonnet,single_engine
Physician_dfc10f773b,Doctrine_0dad327f0c,proposes,1,予谓湿热未净，伤及气分,代表医家 / 张畹香 / 医案选按 / 清解湿热治休息痢案,p01240,true,builtin-sonnet,single_engine
Doctrine_0dad327f0c,Work_c16a148d0d,statedIn,1,（《张氏温暑医旨》）,代表医家 / 张畹香 / 医案选按 / 清解湿热治休息痢案,p01240,true,builtin-sonnet,single_engine
Physician_dfc10f773b,Doctrine_7673ba010c,proposes,1,予诊，脉弦，舌黄薄，痛在右腰肋，此肝痢也,代表医家 / 张畹香 / 医案选按 / 清肝利湿治肝痢案,p01244,true,builtin-sonnet,single_engine
Physician_dfc10f773b,Doctrine_8bd79402c5,proposes,1,是肾阴大伤，必攻击过分所致。,代表医家 / 张畹香 / 医案选按 / 益肾温脾固涩治痢案,p01248,true,builtin-sonnet,single_engine
Physician_eac9b7a6fd,Doctrine_5b3a7a2b5a,proposes,1,用张石顽先生下焦肝痛方,代表医家 / 张畹香 / 医案选按 / 凉血清肝滋肾治软脚瘟案,p01252,true,builtin-sonnet,single_engine
Physician_aeded2cb31,Work_22cdc1f3fd,authored,1,撰有药物学著作《本草思辨录》,代表医家 / 周伯度 / 生平与代表著作介绍,p01303,true,builtin-sonnet,single_engine
Physician_aeded2cb31,Work_671da25e98,authored,1,外感病专书《六气感证要义》,代表医家 / 周伯度 / 生平与代表著作介绍,p01303,true,builtin-sonnet,single_engine
Physician_ff5f81bc7b,Work_22cdc1f3fd,authored,1,《本草思辨录》为周氏晚年所著,代表医家 / 周伯度 / 生平与代表著作介绍,p01304,true,builtin-sonnet,single_engine
Physician_edacbc1805,Work_6e805283ba,editedRevised,2,1936年裘吉生所辑的医学丛书《珍本医书集成》,代表医家 / 周伯度 / 生平与代表著作介绍,p01304,true,builtin-sonnet,single_engine
Physician_74d40103c3,Work_da99e1fe2d,authored,1,1937年陈士谔编著的综合性中医著作《基本医书集成》,代表医家 / 周伯度 / 生平与代表著作介绍,p01304,true,builtin-sonnet,single_engine
Physician_ff5f81bc7b,Physician_63803ee7c4,influencedBy,1,周氏崇尚仲景学说，重视识方辨药与辨证结合的重要性,代表医家 / 周伯度 / 生平与代表著作介绍,p01304,true,builtin-sonnet,single_engine
Doctrine_2e0b33dbe9,Work_22cdc1f3fd,statedIn,1,（《本草思辨录·自叙》）,代表医家 / 周伯度 / 生平与代表著作介绍,p01304,true,builtin-sonnet,single_engine
Physician_f22c30466d,Doctrine_684e752b4c,proposes,1,以求津逮来者，有功前哲（《六气感证要义·序》）,代表医家 / 周伯度 / 生平与代表著作介绍,p01305,false,builtin-sonnet,single_engine
Physician_f22c30466d,Work_22cdc1f3fd,authored,5,《本草思辨录·自叙》,代表医家 / 周伯度 / 学术观点及诊治经验 / 学医推崇致知力行,p01308,true,builtin-sonnet,single_engine
Physician_f22c30466d,Doctrine_f59641f943,proposes,1,夫学问之道，不外致知力行两端，医何独不然,代表医家 / 周伯度 / 学术观点及诊治经验 / 学医推崇致知力行,p01308,true,builtin-sonnet,single_engine
Physician_f22c30466d,Doctrine_3d480313bf,proposes,1,善守旧者，其旧皆不可变之天道，惟笃守而精研之，新义斯出,代表医家 / 周伯度 / 学术观点及诊治经验 / 学医推崇致知力行,p01309,true,builtin-sonnet,single_engine
Physician_f22c30466d,Doctrine_897d655243,proposes,1,至内科之有器，更未之前闻，而不知古固有之,代表医家 / 周伯度 / 学术观点及诊治经验 / 学医推崇致知力行,p01309,true,builtin-sonnet,single_engine
Physician_f22c30466d,Doctrine_9278a1b7c9,proposes,1,复铜人之巧制，施之证治，用彰明效,代表医家 / 周伯度 / 学术观点及诊治经验 / 学医推崇致知力行,p01309,true,builtin-sonnet,single_engine
Physician_f22c30466d,Doctrine_c1bf570cd0,proposes,1,周氏提出“欲知人参之真，非取仲圣方融会而详辨之”,代表医家 / 周伯度 / 学术观点及诊治经验 / 辨证尤重识方辨药,p01311,true,builtin-sonnet,single_engine
Physician_f22c30466d,Physician_c6c1627e4f,influencedBy,1,周氏于书中多引徐洄溪、陈修园之著作，认为此二人“皆尊信本经与仲圣之至者”,代表医家 / 周伯度 / 学术观点及诊治经验 / 辨证尤重识方辨药,p01312,true,builtin-sonnet,single_engine
Physician_f22c30466d,Physician_82282d1726,influencedBy,1,周氏于书中多引徐洄溪、陈修园之著作，认为此二人“皆尊信本经与仲圣之至者”,代表医家 / 周伯度 / 学术观点及诊治经验 / 辨证尤重识方辨药,p01312,true,builtin-sonnet,single_engine
Physician_82282d1726,Doctrine_de9c6fca71,proposes,1,陈修园提出“药性始于神农，不读本草经，如作制艺不知题在四书”,代表医家 / 周伯度 / 学术观点及诊治经验 / 辨证尤重识方辨药,p01312,true,builtin-sonnet,single_engine
Physician_f22c30466d,Doctrine_920fa218cc,proposes,1,周氏“夫辨本草者，医学之始基”的思想相吻合,代表医家 / 周伯度 / 学术观点及诊治经验 / 辨证尤重识方辨药,p01312,true,builtin-sonnet,single_engine
Physician_f22c30466d,Doctrine_dbd88563e4,proposes,1,提出徐、陈二家著作“于本经皆止顺文敷衍，于仲圣方皆止知大意”,代表医家 / 周伯度 / 学术观点及诊治经验 / 辨证尤重识方辨药,p01312,true,builtin-sonnet,single_engine
Physician_c6c1627e4f,Doctrine_da590d5d15,proposes,1,徐洄溪以邪正之分合，定人参之去取,代表医家 / 周伯度 / 学术观点及诊治经验 / 辨证尤重识方辨药,p01312,true,builtin-sonnet,single_engine
Physician_f22c30466d,Doctrine_720b13c5b3,proposes,1,列明辨于学问思之后,代表医家 / 周伯度 / 学术观点及诊治经验 / 辨证尤重识方辨药,p01313,true,builtin-sonnet,single_engine
Physician_5f1fdad40e,Work_646932a6b4,editedRevised,1,叶注本事方，多羼以入某经无当之言,代表医家 / 周伯度 / 学术观点及诊治经验 / 衷中尚参西学新知,p01315,true,builtin-sonnet,single_engine
Physician_c6c1627e4f,Work_005d1334b7,editedRevised,1,徐辑伤寒类方，兰台轨范，有碎锦而无全壁,代表医家 / 周伯度 / 学术观点及诊治经验 / 衷中尚参西学新知,p01315,true,builtin-sonnet,single_engine
Physician_c6c1627e4f,Work_300645e2b6,editedRevised,1,徐辑伤寒类方，兰台轨范，有碎锦而无全壁,代表医家 / 周伯度 / 学术观点及诊治经验 / 衷中尚参西学新知,p01315,true,builtin-sonnet,single_engine
Physician_5b3251709f,Work_1d76324e98,editedRevised,1,尤注伤寒论，金匮要略，於方解多简而浑,代表医家 / 周伯度 / 学术观点及诊治经验 / 衷中尚参西学新知,p01315,true,builtin-sonnet,single_engine
Physician_5b3251709f,Work_ee3ee2e3d7,editedRevised,1,尤注伤寒论，金匮要略，於方解多简而浑,代表医家 / 周伯度 / 学术观点及诊治经验 / 衷中尚参西学新知,p01315,true,builtin-sonnet,single_engine
Physician_f22c30466d,Doctrine_1c96524490,proposes,1,他认为“医虽艺术，而深诣甚难”,代表医家 / 周伯度 / 学术观点及诊治经验 / 衷中尚参西学新知,p01315,true,builtin-sonnet,single_engine
Physician_454f184e37,Doctrine_2c05f759ae,proposes,1,喻氏以《金匮》痉病脉如蛇，与鼻塞内药鼻中两条当之,代表医家 / 周伯度 / 原文选释 / 湿,p01325,true,builtin-sonnet,single_engine
Doctrine_5f58099bd0,Work_8ea23aa53f,statedIn,1,《素问·太阴阳明论》：“伤于湿者，下先受之”。,代表医家 / 周伯度 / 原文选释 / 湿,p01328,true,builtin-sonnet,single_engine
Physician_f22c30466d,Doctrine_8cf0f1c9b9,proposes,1,风所来之方不同，亦随时令为寒温。,代表医家 / 周伯度 / 原文选释 / 风,p01331,true,builtin-sonnet,single_engine
Physician_f22c30466d,Doctrine_ef6c8d8e88,proposes,1,考古以辛温发散为治，理自莫易。,代表医家 / 周伯度 / 原文选释 / 风,p01331,true,builtin-sonnet,single_engine
Physician_f22c30466d,Doctrine_50784a9f6f,proposes,1,故桂枝汤于四时伤风，亦有宜者。,代表医家 / 周伯度 / 原文选释 / 风,p01331,true,builtin-sonnet,single_engine
Physician_f22c30466d,Doctrine_f47a7590d0,proposes,1,然必汗自出而脉浮弱，始为切合。,代表医家 / 周伯度 / 原文选释 / 风,p01331,true,builtin-sonnet,single_engine
Physician_c6c1627e4f,Work_32b5064a15,authored,1,徐洄溪有《伤风难治论》,代表医家 / 周伯度 / 原文选释 / 风,p01332,true,builtin-sonnet,single_engine
Physician_5b3251709f,Doctrine_0b16cdff4e,proposes,1,以证伤风不解便成劳之谚,代表医家 / 周伯度 / 原文选释 / 风,p01332,true,builtin-sonnet,single_engine
Doctrine_8da2c021d8,Work_b6f619c8be,statedIn,1,《黄帝内经》云：至下之地，春菊常在，故东南卑湿之区，伤风最多,代表医家 / 周伯度 / 原文选释 / 风,p01332,true,builtin-sonnet,single_engine
Doctrine_ec1067e0f2,Work_b6f619c8be,statedIn,1,《黄帝内经》有言“风从外入，令人振寒”,代表医家 / 周伯度 / 原文选释 / 风,p01336,true,builtin-sonnet,single_engine
Doctrine_2198e6ee8d,Work_fc03201f7d,statedIn,1,《伤寒论·辨太阳病脉证并治上》：“太阳病，发热，汗出，恶风，脉缓者，名为中风”,代表医家 / 周伯度 / 原文选释 / 风,p01336,true,builtin-sonnet,single_engine
Doctrine_4025f2d3e5,Work_1d76324e98,statedIn,1,《伤寒论》若发汗已，身灼热者，名曰风温一条,代表医家 / 周伯度 / 原文选释 / 风温,p01346,true,builtin-sonnet,single_engine
Doctrine_1758e27d76,Work_78abdbbacd,statedIn,1,《伤寒序例》，谓阳脉浮滑，阴脉濡弱者，更遇于风，变为风温,代表医家 / 周伯度 / 原文选释 / 风温,p01346,true,builtin-sonnet,single_engine
Physician_5b3251709f,Doctrine_d3ccc3f6c2,proposes,1,尤在泾以前风未绝，后风继之，以阳遇阳，相得益炽释之,代表医家 / 周伯度 / 原文选释 / 风温,p01346,true,builtin-sonnet,single_engine
Physician_1dfab21924,Doctrine_eed4b32279,proposes,1,陶节庵辈，以素伤于反复伤于热，风热相搏，即为风温,代表医家 / 周伯度 / 原文选释 / 风温,p01346,true,builtin-sonnet,single_engine
Physician_f22c30466d,Doctrine_24be70d2e9,proposes,1,窃谓玩若发汗已四字语气，自是从上文说下，否则无根，即《千金》葳蕤汤，为此条补治法。其先若作伏气发温，亦必不如是用药，当以此条与上条连讲为是，此一说也。,代表医家 / 周伯度 / 原文选释 / 风温,p01346,true,builtin-sonnet,single_engine
Physician_5f1fdad40e,Doctrine_fe2af719db,proposes,1,叶天士云：风温有头痛，毕竟如此，但使看者愈难矣,代表医家 / 周伯度 / 原文选释 / 风温,p01348,true,builtin-sonnet,single_engine
Physician_5f1fdad40e,Work_c53939005c,authored,1,叶天士《临证指南医案》：“风温乃肺先受邪，逆传心包，治在上焦”,代表医家 / 周伯度 / 原文选释 / 风温,p01351,true,builtin-sonnet,single_engine
Doctrine_1fd982a88e,Work_fc03201f7d,statedIn,1,《伤寒论·辨太阳病脉证并治上》：“太阳病，发热而渴，不恶寒者为温病。若发汗已，身灼热者，名风温。”,代表医家 / 周伯度 / 原文选释 / 风温,p01351,true,builtin-sonnet,single_engine
Physician_5f1fdad40e,Doctrine_fcabf2d5a6,proposes,1,叶天士《临证指南医案》：“风温乃肺先受邪，逆传心包，治在上焦”,代表医家 / 周伯度 / 原文选释 / 风温,p01351,true,builtin-sonnet,single_engine
Physician_9b47f4ab2d,Physician_63803ee7c4,influencedBy,1,法尊仲景但不拘古方,代表医家 / 赵晴初 / 生平与代表著作简介,p01361,true,builtin-sonnet,single_engine
Physician_13114a4c53,Physician_9b47f4ab2d,studiedUnder,1,嫡传弟子中享医名者有赵舒安（系其长子）、鲁东川、贺吉人、杨质安等,代表医家 / 赵晴初 / 生平与代表著作简介,p01361,true,builtin-sonnet,single_engine
Physician_65c6d4ba57,Physician_9b47f4ab2d,studiedUnder,1,嫡传弟子中享医名者有赵舒安（系其长子）、鲁东川、贺吉人、杨质安等,代表医家 / 赵晴初 / 生平与代表著作简介,p01361,true,builtin-sonnet,single_engine
Physician_4d1b429b63,Physician_9b47f4ab2d,studiedUnder,1,嫡传弟子中享医名者有赵舒安（系其长子）、鲁东川、贺吉人、杨质安等,代表医家 / 赵晴初 / 生平与代表著作简介,p01361,true,builtin-sonnet,single_engine
Physician_5fe3002570,Physician_9b47f4ab2d,studiedUnder,2,嫡传弟子中享医名者有赵舒安（系其长子）、鲁东川、贺吉人、杨质安等,代表医家 / 赵晴初 / 生平与代表著作简介,p01361,true,builtin-sonnet,single_engine
Physician_9b47f4ab2d,Work_38e68ce142,authored,5,著有《存存斋医话稿》《存存斋医稿》《存存斋教子学医法》《存存斋本草撷华》等著述,代表医家 / 赵晴初 / 生平与代表著作简介,p01362,true,builtin-sonnet,single_engine
Physician_9b47f4ab2d,Work_dbe8ad74f3,authored,4,著有《存存斋医话稿》《存存斋医稿》《存存斋教子学医法》《存存斋本草撷华》等著述,代表医家 / 赵晴初 / 生平与代表著作简介,p01362,true,builtin-sonnet,single_engine
Physician_9b47f4ab2d,Work_892767e8c1,authored,3,著有《存存斋医话稿》《存存斋医稿》《存存斋教子学医法》《存存斋本草撷华》等著述,代表医家 / 赵晴初 / 生平与代表著作简介,p01362,true,builtin-sonnet,single_engine
Physician_9b47f4ab2d,Work_2524b789c7,authored,2,著有《存存斋医话稿》《存存斋医稿》《存存斋教子学医法》《存存斋本草撷华》等著述,代表医家 / 赵晴初 / 生平与代表著作简介,p01362,true,builtin-sonnet,single_engine
Physician_65c6d4ba57,Work_38e68ce142,editedRevised,1,其嫡传弟子鲁东川、贺吉人二君再三努力，将《存存斋医话稿》初集校订付梓,代表医家 / 赵晴初 / 生平与代表著作简介,p01363,true,builtin-sonnet,single_engine
Physician_4d1b429b63,Work_38e68ce142,editedRevised,1,其嫡传弟子鲁东川、贺吉人二君再三努力，将《存存斋医话稿》初集校订付梓,代表医家 / 赵晴初 / 生平与代表著作简介,p01363,true,builtin-sonnet,single_engine
Physician_c8ab6ed98f,Work_2535198503,editedRevised,1,方春阳根据葛绥收藏《存存斋医话稿》手稿7集，点校、整理了《存存斋医话稿》未刊稿六十一则,代表医家 / 赵晴初 / 生平与代表著作简介,p01363,true,builtin-sonnet,single_engine
Physician_e04df91378,Work_6386cc1769,editedRevised,1,有赵晴初曾孙赵能谷点校之《存存斋医话稿卷三》六十则,代表医家 / 赵晴初 / 生平与代表著作简介,p01363,true,builtin-sonnet,single_engine
Physician_a13eeb6934,Work_84f8e35a34,editedRevised,1,陆拯以《广辑存存斋医话稿》、《续集》、《拾遗》收于《近代中医珍本集· 医话分册》中,代表医家 / 赵晴初 / 生平与代表著作简介,p01363,true,builtin-sonnet,single_engine
Doctrine_fb9a2eee25,Work_2535198503,statedIn,1,由赵公再传弟子徐荣斋作序，连载于《浙江中医杂志》,代表医家 / 赵晴初 / 生平与代表著作简介,p01363,true,builtin-sonnet,single_engine
Physician_9b47f4ab2d,Work_ddb1e29b6a,authored,1,惜与《存存斋医稿》《存存斋医案留底》等著述一样，均未见刊行,代表医家 / 赵晴初 / 生平与代表著作简介,p01364,true,builtin-sonnet,single_engine
Physician_9b47f4ab2d,Work_c5e3b0fe43,authored,1,（《存存斋医话一集》）,代表医家 / 赵晴初 / 学术观点及诊治经验 / 治病先明医理，反对拘方制药,p01367,true,builtin-sonnet,single_engine
Physician_9b47f4ab2d,Work_9ab71b9503,authored,1,（《存存斋医话二集》）,代表医家 / 赵晴初 / 学术观点及诊治经验 / 治病先明医理，反对拘方制药,p01367,true,builtin-sonnet,single_engine
Physician_9b47f4ab2d,Doctrine_4ab7cc2244,proposes,1,误下变结胸是阳凑于阴,代表医家 / 赵晴初 / 学术观点及诊治经验 / 治病先明医理，反对拘方制药,p01368,true,builtin-sonnet,single_engine
Physician_9b47f4ab2d,Doctrine_f8478cae50,proposes,1,误汗成痞气是阴乘于阳,代表医家 / 赵晴初 / 学术观点及诊治经验 / 治病先明医理，反对拘方制药,p01368,true,builtin-sonnet,single_engine
Physician_9b47f4ab2d,Doctrine_90a923e4ff,proposes,1,风水由肺气郁遏，不得外达，水不得泄，遂直走肠间而为便溏,代表医家 / 赵晴初 / 学术观点及诊治经验 / 治病先明医理，反对拘方制药,p01368,true,builtin-sonnet,single_engine
Physician_9b47f4ab2d,Work_8650523e5a,authored,2,（《存存斋医话稿·卷二》）,代表医家 / 赵晴初 / 学术观点及诊治经验 / 重视养护胃气，用药主张轻灵,p01370,true,builtin-sonnet,single_engine
Physician_9b47f4ab2d,Physician_5b3251709f,studiedUnder,1,后又师事尤在泾,代表医家 / 赵晴初 / 学术观点及诊治经验 / 外感遵法伤寒，推崇兼容并包,p01373,true,builtin-sonnet,single_engine
Physician_b5cb5b9c75,Doctrine_3a87888685,proposes,1,认为“伤寒乃外感百病之总名”,代表医家 / 赵晴初 / 学术观点及诊治经验 / 外感遵法伤寒，推崇兼容并包,p01373,true,builtin-sonnet,single_engine
Physician_b5cb5b9c75,Doctrine_e706c13836,proposes,1,崇尚俞根初“治感症总以逐邪为先”的治病原则,代表医家 / 赵晴初 / 学术观点及诊治经验 / 外感遵法伤寒，推崇兼容并包,p01373,true,builtin-sonnet,single_engine
Physician_9b47f4ab2d,Work_e9f8ea6408,authored,1,(《医案偶存》),代表医家 / 赵晴初 / 学术观点及诊治经验 / 外感遵法伤寒，推崇兼容并包,p01374,true,builtin-sonnet,single_engine
Doctrine_8270d0adee,Work_e9f8ea6408,statedIn,1,如对哮喘证的辨证论治，指出此证“大抵有积痰在肺络中，痰碍气，气触痰，是以喉中呼吸有声。……盖肺肾为俯仰之脏，《内经》所谓‘肾上连肺’是也。肺气开张，上而不下，久久震动元海，波及肾矣。肾旺则摄纳有权，不致犯上无等，倘肾复虚惫，则其害更非浅显”(《医案偶存》),代表医家 / 赵晴初 / 学术观点及诊治经验 / 外感遵法伤寒，推崇兼容并包,p01374,true,builtin-sonnet,single_engine
Physician_9b47f4ab2d,Physician_75de1b9ba9,influencedBy,1,赵氏临证虽博采徐灵胎、叶天士、柯琴、庞安常等人的学术经验,代表医家 / 赵晴初 / 学术观点及诊治经验 / 外感遵法伤寒，推崇兼容并包,p01375,true,builtin-sonnet,single_engine
Physician_9b47f4ab2d,Physician_5f1fdad40e,influencedBy,1,赵氏临证虽博采徐灵胎、叶天士、柯琴、庞安常等人的学术经验,代表医家 / 赵晴初 / 学术观点及诊治经验 / 外感遵法伤寒，推崇兼容并包,p01375,true,builtin-sonnet,single_engine
Physician_9b47f4ab2d,Physician_03de385994,influencedBy,1,赵氏临证虽博采徐灵胎、叶天士、柯琴、庞安常等人的学术经验,代表医家 / 赵晴初 / 学术观点及诊治经验 / 外感遵法伤寒，推崇兼容并包,p01375,true,builtin-sonnet,single_engine
Physician_9b47f4ab2d,Physician_1a38154d6c,influencedBy,1,赵氏临证虽博采徐灵胎、叶天士、柯琴、庞安常等人的学术经验,代表医家 / 赵晴初 / 学术观点及诊治经验 / 外感遵法伤寒，推崇兼容并包,p01375,true,builtin-sonnet,single_engine
Physician_9b47f4ab2d,Doctrine_4be5e7d338,proposes,1,对肾燥所致之泄泻，赵氏认为阴虚不润者有之，但以肾关不固，阳虚者多见。,代表医家 / 赵晴初 / 学术观点及诊治经验 / 外感遵法伤寒，推崇兼容并包,p01375,true,builtin-sonnet,single_engine
Physician_9b47f4ab2d,Doctrine_ca88022236,proposes,1,谓望为四诊之首,代表医家 / 赵晴初 / 学术观点及诊治经验 / 临床尤重望诊，四诊皆有心得,p01378,true,builtin-sonnet,single_engine
Physician_9b47f4ab2d,Doctrine_f19c68e06e,proposes,1,色者，神之华也,代表医家 / 赵晴初 / 学术观点及诊治经验 / 临床尤重望诊，四诊皆有心得,p01378,true,builtin-sonnet,single_engine
Physician_9b47f4ab2d,Doctrine_e80fd59c8d,proposes,1,色贵明润不欲沉天,代表医家 / 赵晴初 / 学术观点及诊治经验 / 临床尤重望诊，四诊皆有心得,p01378,true,builtin-sonnet,single_engine
Doctrine_1130884808,Work_892767e8c1,statedIn,1,（《存存斋教子学医法》）,代表医家 / 赵晴初 / 学术观点及诊治经验 / 临床尤重望诊，四诊皆有心得,p01378,true,builtin-sonnet,single_engine
Physician_9b47f4ab2d,Physician_74f36f5d02,influencedBy,1,赵氏推崇李濒湖的脉学理论，并注重实践,代表医家 / 赵晴初 / 学术观点及诊治经验 / 临床尤重望诊，四诊皆有心得,p01380,true,builtin-sonnet,single_engine
Physician_9b47f4ab2d,Work_1056177d52,authored,1,（《存存斋医话稿续集》）,代表医家 / 赵晴初 / 学术观点及诊治经验 / 处方重视药性，调养注意食禁,p01383,true,builtin-sonnet,single_engine
Physician_9b47f4ab2d,Doctrine_a18e76023c,proposes,1,不识药性，安能处方？,代表医家 / 赵晴初 / 学术观点及诊治经验 / 处方重视药性，调养注意食禁,p01383,true,builtin-sonnet,single_engine
Physician_9b47f4ab2d,Doctrine_f5cdda54d6,proposes,1,其论药不泥古，不尚玄，全以临床实践为指归,代表医家 / 赵晴初 / 学术观点及诊治经验 / 处方重视药性，调养注意食禁,p01383,true,builtin-sonnet,single_engine
Physician_9b47f4ab2d,Doctrine_5e80177f54,proposes,1,指出其功能“的在降入”，凡病情涉于宜升宜出者，决不可用,代表医家 / 赵晴初 / 学术观点及诊治经验 / 处方重视药性，调养注意食禁,p01383,true,builtin-sonnet,single_engine
Physician_9b47f4ab2d,Doctrine_7bf1a19814,proposes,1,一药有一药之功能，一方观众药之辅相,代表医家 / 赵晴初 / 学术观点及诊治经验 / 处方重视药性，调养注意食禁,p01383,true,builtin-sonnet,single_engine
Physician_9b47f4ab2d,Doctrine_c71aa6c009,proposes,1,总而言之，用五味意在保肺气不使过泄。,代表医家 / 赵晴初 / 学术观点及诊治经验 / 处方重视药性，调养注意食禁,p01383,true,builtin-sonnet,single_engine
Doctrine_5e80177f54,Work_8650523e5a,statedIn,1,（《存存斋医话稿·卷二》）,代表医家 / 赵晴初 / 学术观点及诊治经验 / 处方重视药性，调养注意食禁,p01383,true,builtin-sonnet,single_engine
Physician_149a06fb68,Work_54d3dac20b,authored,1,此高学山先生《伤寒尚论篇》辨似中语,代表医家 / 赵晴初 / 原文选释 / 阴阳升降盈虚消长论,p01387,true,builtin-sonnet,single_engine
Physician_7918d7bc41,Work_1d76324e98,authored,1,后读仲圣《伤寒论》结胸及痞塞诸证，则冰消雪化矣,代表医家 / 赵晴初 / 原文选释 / 阴阳升降盈虚消长论,p01387,true,builtin-sonnet,single_engine
Physician_99facf12e6,Work_53f3c03ffb,authored,1,缪宜亭先生医案中引卢氏之言曰：不得横遍，转为竖穷。,代表医家 / 赵晴初 / 原文选释 / 阴阳升降盈虚消长论,p01387,true,builtin-sonnet,single_engine
Doctrine_6739ec9521,Work_54d3dac20b,statedIn,1,人身内外作两层，上下作两截，而内外上下，每如呼吸而动相牵引。譬如攻下而利，是泄其在内之下截，而上截之气即陷，内上既空，而外层之表气连邪内人，此结胸之根也。譬如发表而汗，是疏其在外之上截，而在内之气跟出，内上既空，其内下之阴气上塞，此痞闷之根也。识此，在上禁过汗，在内慎攻下之法，后读仲圣《伤寒论》结胸及痞塞诸证，则冰消雪化矣，此高学山先生《伤寒尚论篇》辨似中语。,代表医家 / 赵晴初 / 原文选释 / 阴阳升降盈虚消长论,p01387,false,builtin-sonnet,single_engine
Physician_e3dea4440d,Doctrine_85fe684df5,proposes,1,缪宜亭先生医案中引卢氏之言曰：不得横遍，转为竖穷。,代表医家 / 赵晴初 / 原文选释 / 阴阳升降盈虚消长论,p01387,true,builtin-sonnet,single_engine
Doctrine_ffa0623bdb,Work_c2858261d4,statedIn,1,《内经》曰：益其不足而损其有余。,代表医家 / 赵晴初 / 原文选释 / 阴阳升降盈虚消长论,p01387,true,builtin-sonnet,single_engine
Doctrine_a4e87cc8a1,Work_f7a2de54ba,statedIn,1,《生气通天论》曰：阴平阳秘，精神乃治。,代表医家 / 赵晴初 / 原文选释 / 阴阳升降盈虚消长论,p01387,true,builtin-sonnet,single_engine
Physician_d9eb3817e4,Work_b9a2ec6f87,authored,1,此淮安吴鞠通《医医病书》中语也,代表医家 / 赵晴初 / 原文选释 / 祝由论,p01412,true,builtin-sonnet,single_engine
Physician_9b47f4ab2d,Work_a3d8d302ed,editedRevised,1,（《存存斋医话三集》）,代表医家 / 赵晴初 / 原文选释 / 祝由论,p01412,true,builtin-sonnet,single_engine
Doctrine_007303123f,Work_b9a2ec6f87,statedIn,1,此淮安吴鞠通《医医病书》中语也,代表医家 / 赵晴初 / 原文选释 / 祝由论,p01412,true,builtin-sonnet,single_engine
Physician_7918d7bc41,Doctrine_12201deb0a,proposes,1,仲圣谓脉虚为劳，脉大亦为劳也,代表医家 / 赵晴初 / 原文选释 / 养生至理，量入为出,p01417,true,builtin-sonnet,single_engine
Physician_d77b132925,Doctrine_a0b3ed8c1a,proposes,1,若脾阳不亏，胃有燥火，则当遵叶氏养胃阴之法,代表医家 / 赵晴初 / 原文选释 / 脾胃论,p01432,true,builtin-sonnet,single_engine
Physician_63803ee7c4,Doctrine_f52505ea82,proposes,1,仲景急下存津，治在胃也,代表医家 / 赵晴初 / 原文选释 / 脾胃论,p01433,true,builtin-sonnet,single_engine
Physician_d3749aaf09,Doctrine_62e884dc81,proposes,1,东垣大升阳气，治在脾也,代表医家 / 赵晴初 / 原文选释 / 脾胃论,p01433,true,builtin-sonnet,single_engine
Physician_d77b132925,Doctrine_35ae234e6c,proposes,1,叶氏参麦敛液，治在胃阴也,代表医家 / 赵晴初 / 原文选释 / 脾胃论,p01433,true,builtin-sonnet,single_engine
Physician_9b47f4ab2d,Work_ba8cf6bee8,authored,1,（《存存斋医话续集》）,代表医家 / 赵晴初 / 方剂选录 / 祛暑备用方,p01443,true,builtin-sonnet,single_engine
Doctrine_b12530c6e5,Work_ba8cf6bee8,statedIn,1,术能和脾燥湿，定中止呕，扶正却邪，故用为君,代表医家 / 赵晴初 / 方剂选录 / 祛暑备用方,p01443,true,builtin-sonnet,single_engine
Doctrine_b8a757efe1,Work_ba8cf6bee8,statedIn,1,朴能泻实而化湿，平胃调气，消痰行水，兼治泻痢呕恶,代表医家 / 赵晴初 / 方剂选录 / 祛暑备用方,p01443,true,builtin-sonnet,single_engine
Doctrine_6771379c50,Work_ba8cf6bee8,statedIn,1,陈皮能快膈导滞，宣通五脏，并可除寒散表,代表医家 / 赵晴初 / 方剂选录 / 祛暑备用方,p01443,true,builtin-sonnet,single_engine
Doctrine_aa4c9d9e46,Work_ba8cf6bee8,statedIn,1,檀香调脾利膈,代表医家 / 赵晴初 / 方剂选录 / 祛暑备用方,p01443,true,builtin-sonnet,single_engine
Doctrine_818a26a189,Work_ba8cf6bee8,statedIn,1,降香能辟秽恶怪异之气,代表医家 / 赵晴初 / 方剂选录 / 祛暑备用方,p01443,true,builtin-sonnet,single_engine
Doctrine_4814c439e9,Work_ba8cf6bee8,statedIn,1,藿香禀芬芳之清气，为达脾肺之要药，气机通畅，则邪热自定,代表医家 / 赵晴初 / 方剂选录 / 祛暑备用方,p01443,true,builtin-sonnet,single_engine
Doctrine_4a5c474a81,Work_ba8cf6bee8,statedIn,1,其曰圣治者，以圣人有治病治未病之旨，盖思患预防，莫若服药于未病之先,代表医家 / 赵晴初 / 方剂选录 / 祛暑备用方,p01443,true,builtin-sonnet,single_engine
Physician_9b47f4ab2d,Work_a3d8d302ed,authored,2,（《存存斋医话三集》）,代表医家 / 赵晴初 / 方剂选录 / 偏正头风方,p01448,true,builtin-sonnet,single_engine
Physician_ca40cd3570,Doctrine_7955687dce,proposes,1,外治法，不若蒸法最效,代表医家 / 赵晴初 / 方剂选录 / 偏正头风方,p01448,true,builtin-sonnet,single_engine
Physician_ca40cd3570,Doctrine_8d4372435a,proposes,1,平时置新鲜木瓜于枕边，取香气透达，引散肝风，亦良,代表医家 / 赵晴初 / 方剂选录 / 偏正头风方,p01448,true,builtin-sonnet,single_engine
Physician_9b47f4ab2d,Work_8f099cc552,authored,1,代表医家 / 赵晴初 / 医案选按 / 发狂案,代表医家 / 赵晴初 / 医案选按 / 发狂案,p01469,false,builtin-sonnet,single_engine
Physician_9b47f4ab2d,Doctrine_411308f705,proposes,1,此邪热在阳明经，白虎汤证也。,代表医家 / 赵晴初 / 医案选按 / 发狂案,p01469,true,builtin-sonnet,single_engine
Physician_9b47f4ab2d,Doctrine_b0028629b4,proposes,1,营热未透达，服白虎逼入血分矣。,代表医家 / 赵晴初 / 医案选按 / 发狂案,p01469,true,builtin-sonnet,single_engine
Physician_9b47f4ab2d,Doctrine_ea7cb801c5,proposes,1,男子亦有热结血室证，所以症现如狂见鬼，小便自利，大便不通也。,代表医家 / 赵晴初 / 医案选按 / 发狂案,p01469,true,builtin-sonnet,single_engine
Physician_a8afb40c33,Doctrine_e7bd279800,proposes,1,晡时发热，夜半退，小水自利，大便不通，此蓄血证也,代表医家 / 赵晴初 / 医案选按 / 发狂案,p01470,true,builtin-sonnet,single_engine
Physician_6e4b0d4ea3,Physician_9c88300d20,studiedUnder,1,先生七岁就开始随祖父恭钊(云波)、父道高正式学医,代表医家 / 胡宝书 / 生平与代表著作简介,p01492,true,builtin-sonnet,single_engine
Physician_6e4b0d4ea3,Physician_7abaf4bc25,studiedUnder,1,先生七岁就开始随祖父恭钊(云波)、父道高正式学医,代表医家 / 胡宝书 / 生平与代表著作简介,p01492,true,builtin-sonnet,single_engine
Physician_6e4b0d4ea3,Physician_63803ee7c4,influencedBy,1,对仲景之《伤寒杂病论》及叶天士、薛生白、吴鞠通、王孟英、雷少逸等温病大家的著作尤为推崇,代表医家 / 胡宝书 / 生平与代表著作简介,p01492,true,builtin-sonnet,single_engine
Physician_6e4b0d4ea3,Physician_5f1fdad40e,influencedBy,1,对仲景之《伤寒杂病论》及叶天士、薛生白、吴鞠通、王孟英、雷少逸等温病大家的著作尤为推崇,代表医家 / 胡宝书 / 生平与代表著作简介,p01492,true,builtin-sonnet,single_engine
Physician_6e4b0d4ea3,Physician_6fa685dac9,influencedBy,1,对仲景之《伤寒杂病论》及叶天士、薛生白、吴鞠通、王孟英、雷少逸等温病大家的著作尤为推崇,代表医家 / 胡宝书 / 生平与代表著作简介,p01492,true,builtin-sonnet,single_engine
Physician_6e4b0d4ea3,Physician_d9eb3817e4,influencedBy,1,对仲景之《伤寒杂病论》及叶天士、薛生白、吴鞠通、王孟英、雷少逸等温病大家的著作尤为推崇,代表医家 / 胡宝书 / 生平与代表著作简介,p01492,true,builtin-sonnet,single_engine
Physician_6e4b0d4ea3,Physician_b57782ec58,influencedBy,1,对仲景之《伤寒杂病论》及叶天士、薛生白、吴鞠通、王孟英、雷少逸等温病大家的著作尤为推崇,代表医家 / 胡宝书 / 生平与代表著作简介,p01492,true,builtin-sonnet,single_engine
Physician_6e4b0d4ea3,Physician_7e002ca0a2,influencedBy,1,对仲景之《伤寒杂病论》及叶天士、薛生白、吴鞠通、王孟英、雷少逸等温病大家的著作尤为推崇,代表医家 / 胡宝书 / 生平与代表著作简介,p01492,true,builtin-sonnet,single_engine
Physician_6e4b0d4ea3,Doctrine_e0647adfbe,proposes,1,先生常对学生说：“凡背负来诊，二手下垂之病人，多是重症，当必快诊处之。”,代表医家 / 胡宝书 / 生平与代表著作简介,p01493,true,builtin-sonnet,single_engine
Physician_6e4b0d4ea3,Doctrine_4f56a940f8,proposes,1,此衄，非衄也，乃红汗之外泄也，得此汗，疹可出。,代表医家 / 胡宝书 / 生平与代表著作简介,p01493,true,builtin-sonnet,single_engine
Physician_6e4b0d4ea3,Doctrine_e07ca469a6,proposes,1,他常告诫学生，也提醒自己，“失足是医者最受教益的老师，要从临诊的失足中寻求大知。”,代表医家 / 胡宝书 / 生平与代表著作简介,p01495,true,builtin-sonnet,single_engine
Physician_6e4b0d4ea3,Work_662bc2305c,authored,3,先生有《伤寒十八方》,代表医家 / 胡宝书 / 生平与代表著作简介,p01497,true,builtin-sonnet,single_engine
Physician_6e4b0d4ea3,Work_fc18da25db,editedRevised,1,整理其祖父遗著《校正药性》的抄本,代表医家 / 胡宝书 / 生平与代表著作简介,p01497,true,builtin-sonnet,single_engine
Physician_6e4b0d4ea3,Doctrine_76fd44aaf6,proposes,1,提出了“竖读伤寒、横看温病”的学术主张,代表医家 / 胡宝书 / 学术观点及诊治经验 / “竖读伤寒、横看温病”的寒温观,p01500,true,builtin-sonnet,single_engine
Physician_6e4b0d4ea3,Doctrine_a4041ab63e,proposes,1,故他是主张寒温统一的。,代表医家 / 胡宝书 / 学术观点及诊治经验 / “竖读伤寒、横看温病”的寒温观,p01501,true,builtin-sonnet,single_engine
Physician_6e4b0d4ea3,Doctrine_abcf826705,proposes,1,因此主张“坚读伤寒”。,代表医家 / 胡宝书 / 学术观点及诊治经验 / “竖读伤寒、横看温病”的寒温观,p01501,true,builtin-sonnet,single_engine
Physician_6e4b0d4ea3,Doctrine_a307e52294,proposes,1,宝书“坚读伤寒、横看温病”的主张，丰富了绍派伤寒理论。,代表医家 / 胡宝书 / 学术观点及诊治经验 / “竖读伤寒、横看温病”的寒温观,p01501,true,builtin-sonnet,single_engine
Physician_d9eb3817e4,Physician_5f1fdad40e,influencedBy,1,继承叶氏卫气营血辨证的要领，系统阐发温病的分证论治与传变规律。,代表医家 / 胡宝书 / 学术观点及诊治经验 / “竖读伤寒、横看温病”的寒温观,p01501,true,builtin-sonnet,single_engine
Physician_6e4b0d4ea3,Physician_d77b132925,influencedBy,1,运气之法，叶氏最精，即辛苦淡并用，上中下同治是也。,代表医家 / 胡宝书 / 学术观点及诊治经验 / 治湿重气化,p01503,true,builtin-sonnet,single_engine
Physician_6e4b0d4ea3,Doctrine_5220814e68,proposes,2,将上中下同治，归纳为“宣、运、导”三法,代表医家 / 胡宝书 / 学术观点及诊治经验 / 治湿重气化,p01503,true,builtin-sonnet,single_engine
Physician_6e4b0d4ea3,Doctrine_84e62629cd,proposes,1,治湿先须治气，气化则湿自化。,代表医家 / 胡宝书 / 学术观点及诊治经验 / 治湿重气化,p01503,true,builtin-sonnet,single_engine
Physician_6e4b0d4ea3,Doctrine_e82363dbe1,proposes,1,尤以运中为先，此乃人所未尽知也。,代表医家 / 胡宝书 / 学术观点及诊治经验 / 治湿重气化,p01503,true,builtin-sonnet,single_engine
Doctrine_5220814e68,Work_662bc2305c,statedIn,1,方中宣、运、导三法有机结合而各有侧重。,代表医家 / 胡宝书 / 学术观点及诊治经验 / 治湿重气化,p01503,true,builtin-sonnet,single_engine
Physician_83ff1072c8,Work_82774fa579,authored,1,周学海在《读医随笔》中指出,代表医家 / 胡宝书 / 学术观点及诊治经验 / 治湿重气化,p01504,true,builtin-sonnet,single_engine
Physician_6e4b0d4ea3,Physician_83ff1072c8,influencedBy,1,宝书先生深明其义，针对当时治湿热证，喜寒清而畏寒泄；治寒湿证，喜温补而畏温通之弊，于治湿证特设透湿达邪法,代表医家 / 胡宝书 / 学术观点及诊治经验 / 治湿重气化,p01504,true,builtin-sonnet,single_engine
Physician_aafd7ebdbe,Work_1b063f259f,authored,1,清周声溢《靖厂说医》中谓,代表医家 / 胡宝书 / 学术观点及诊治经验 / 用药尚轻灵,p01511,true,builtin-sonnet,single_engine
Doctrine_9c08ba50a2,Work_f0a6a5e8c1,statedIn,1,《素问·举痛论》曰：“余知百病生于气也。”,代表医家 / 胡宝书 / 学术观点及诊治经验 / 运用理气药的特点,p01526,true,builtin-sonnet,single_engine
Physician_6e4b0d4ea3,Doctrine_c35f06e603,proposes,1,胡宝书先生认为理气之法，即所谓“流水不腐，户枢不蠹”之意，气顺则百病不生。,代表医家 / 胡宝书 / 学术观点及诊治经验 / 运用理气药的特点,p01526,true,builtin-sonnet,single_engine
Physician_6e4b0d4ea3,Doctrine_04b2cbd0bb,proposes,1,议仲景半夏泻心汤合椒梅丸参用，以扶正逐邪，斯为合度,代表医家 / 胡宝书 / 学术观点及诊治经验 / 治痢特色,p01563,true,builtin-sonnet,single_engine
Physician_6e4b0d4ea3,Doctrine_67a9ddefd7,proposes,1,故立方用药处处毋忘一个“湿”字,代表医家 / 胡宝书 / 学术观点及诊治经验 / 治痢特色,p01576,true,builtin-sonnet,single_engine
Physician_6e4b0d4ea3,Doctrine_6ac00e9b63,proposes,1,欲使湿祛，必先治气，气化则湿化,代表医家 / 胡宝书 / 学术观点及诊治经验 / 治痢特色,p01576,true,builtin-sonnet,single_engine
Doctrine_063a8f2b3a,Work_99a510090a,statedIn,1,《难经》三十一难曰：“三焦者，水谷之道路，气之所终始也”,代表医家 / 胡宝书 / 学术观点及诊治经验 / 治痢特色,p01576,true,builtin-sonnet,single_engine
Physician_6e4b0d4ea3,Doctrine_8d1bf0fabc,proposes,1,余故曰：宣、运、导三者，以运为主，一通百通，非气化而不行也,代表医家 / 胡宝书 / 学术观点及诊治经验 / 治痢特色,p01576,true,builtin-sonnet,single_engine
Physician_6e4b0d4ea3,Doctrine_3f166c2422,proposes,1,清热破血一方，重用桃仁、赤芍、延胡行血散瘀，配郁金、紫草凉血热而解郁结，加焦山栀、路路通以通达三焦而走脉络，对热入血室与蓄血证有一定作用,代表医家 / 胡宝书 / 学术观点及诊治经验 / 治痢特色,p01592,true,builtin-sonnet,single_engine
Physician_6e4b0d4ea3,Work_8f099cc552,authored,1,,代表医家 / 胡宝书 / 医案选按 / 湿温,p01617,false,builtin-sonnet,single_engine
Doctrine_06b3f21d39,Work_1d76324e98,statedIn,1,《伤寒论》44条指出：“太阳病，外证未解，不可下也，下之为逆 ……”。,代表医家 / 胡宝书 / 医案选按 / 湿温,p01617,true,builtin-sonnet,single_engine
Physician_6d248c70a7,Doctrine_59f24efeb7,proposes,1,沈金鳌说：“湿之中人，必原于虚”,代表医家 / 胡宝书 / 医案选按 / 暑温,p01625,true,builtin-sonnet,single_engine
Physician_6e4b0d4ea3,Doctrine_dbaf4975e2,proposes,1,治湿之法，惟当渗利小便，别无他法,代表医家 / 胡宝书 / 医案选按 / 暑温,p01625,true,builtin-sonnet,single_engine
Physician_6e4b0d4ea3,Work_8f099cc552,editedRevised,1,代表医家 / 胡宝书 / 医案选按 / 伏暑,代表医家 / 胡宝书 / 医案选按 / 伏暑,p01631,false,builtin-sonnet,single_engine
Physician_03d41e7dc4,Physician_b9ea9a7c9b,studiedUnder,2,曾师从名医王馥原,代表医家 / 邵兰荪 / 生平与代表著作介绍,p01644,true,builtin-sonnet,single_engine
Physician_edacbc1805,Work_48f9be8a30,editedRevised,1,裘吉生先生收集其临证散方，整理筛选后汇集成册，取名为《邵氏医案》,代表医家 / 邵兰荪 / 生平与代表著作介绍,p01645,true,builtin-sonnet,single_engine
Physician_bec16b53a7,Work_e9294ea128,editedRevised,1,汇成《邵兰荪医案》4卷,代表医家 / 邵兰荪 / 生平与代表著作介绍,p01645,true,builtin-sonnet,single_engine
Physician_a99e02c7f4,Work_e9294ea128,editedRevised,1,由史介生加以评按,代表医家 / 邵兰荪 / 生平与代表著作介绍,p01645,true,builtin-sonnet,single_engine
Physician_d9cb5ba6c4,Work_18870ba856,editedRevised,1,此书为周毅修先生所辑,代表医家 / 邵兰荪 / 生平与代表著作介绍,p01645,true,builtin-sonnet,single_engine
Physician_575fa34550,Work_18870ba856,editedRevised,1,并由周明道、沈敏之编著评议,代表医家 / 邵兰荪 / 生平与代表著作介绍,p01645,true,builtin-sonnet,single_engine
Physician_57aa13a2a5,Work_18870ba856,editedRevised,1,并由周明道、沈敏之编著评议,代表医家 / 邵兰荪 / 生平与代表著作介绍,p01645,true,builtin-sonnet,single_engine
Physician_cc82f2a2eb,Work_fa5da483f7,editedRevised,1,潘老经友人同意后将其刻印成《邵兰荪累验医案》一书,代表医家 / 邵兰荪 / 生平与代表著作介绍,p01645,true,builtin-sonnet,single_engine
Physician_0f183447bd,Work_48f9be8a30,editedRevised,1,为邵氏女婿孙懿人辑本，共21册,代表医家 / 邵兰荪 / 生平与代表著作介绍,p01645,true,builtin-sonnet,single_engine
Physician_bec16b53a7,Physician_03d41e7dc4,influencedBy,1,后学曹炳章钦其学识经验,代表医家 / 邵兰荪 / 生平与代表著作介绍,p01645,true,builtin-sonnet,single_engine
Doctrine_a5e4f127a9,Work_5759b66c42,statedIn,1,俞根初《通俗伤寒论·六经方药》载“浙绍卑湿，凡伤寒恒多夹湿。”,代表医家 / 邵兰荪 / 学术观点和诊治经验 / 用药轻宣多平和,p01649,true,builtin-sonnet,single_engine
Physician_03d41e7dc4,Doctrine_1be2a94327,proposes,1,多用质地轻清药。,代表医家 / 邵兰荪 / 学术观点和诊治经验 / 用药轻宣多平和,p01649,true,builtin-sonnet,single_engine
Physician_03d41e7dc4,Work_e9294ea128,authored,1,《邵兰荪医案·卷一湿》载,代表医家 / 邵兰荪 / 学术观点和诊治经验 / 用药轻宣多平和,p01651,true,builtin-sonnet,single_engine
Physician_03d41e7dc4,Doctrine_82a0a85393,proposes,1,邵氏治病用药灵活、稳健而平和，顾护正气，同时不以峻猛求功，较少见大辛大热、大苦大寒之品,代表医家 / 邵兰荪 / 学术观点和诊治经验 / 用药轻宣多平和,p01651,true,builtin-sonnet,single_engine
Doctrine_308e56c744,Work_e9294ea128,statedIn,1,病后余湿流于下焦，治用辛泄，又佐清热，以存阳明之液，确有见地,代表医家 / 邵兰荪 / 学术观点和诊治经验 / 用药轻宣多平和,p01651,true,builtin-sonnet,single_engine
Physician_03d41e7dc4,Doctrine_dd4ad70046,proposes,1,邵氏认为妇科疾病多与冲任二脉相关，治疗时以调理任带冲脉为主，同时重视肝、肾、胃等脏腑的辨治。,代表医家 / 邵兰荪 / 学术观点和诊治经验 / 妇人患病重冲任,p01661,true,builtin-sonnet,single_engine
Physician_03d41e7dc4,Doctrine_897bc4cd41,proposes,1,邵氏深谙此理，故在辨治用药时更重视对脾胃的调护。,代表医家 / 邵兰荪 / 学术观点和诊治经验 / 妇人患病重冲任,p01661,true,builtin-sonnet,single_engine
Physician_03d41e7dc4,Work_954dfc3911,authored,1,重订邵兰荪医案,代表医家 / 邵兰荪 / 医案选按 / 咳嗽,p01725,true,builtin-sonnet,single_engine
Physician_bec16b53a7,Work_d336ca7be8,authored,1,曹氏创立和济药局，并编印《和济药学月报》及《规定药品考正》,代表医家 / 曹炳章 / 生平与代表著作,p01739,true,builtin-sonnet,single_engine
Physician_bec16b53a7,Work_4e250f1bb4,authored,1,曹氏创立和济药局，并编印《和济药学月报》及《规定药品考正》,代表医家 / 曹炳章 / 生平与代表著作,p01739,true,builtin-sonnet,single_engine
Physician_bec16b53a7,Doctrine_433e871f7d,proposes,1,从假托乱真之去伪、名物传讹之考正、仿造伪品之革除、埋没良材之推行、不精修治之改良、采取贮藏之合法六个部分论述药品改良之方法。,代表医家 / 曹炳章 / 生平与代表著作,p01739,true,builtin-sonnet,single_engine
Physician_bec16b53a7,Work_4acd795991,authored,1,1936年，曹氏所编之《中国医学大成》刊发,代表医家 / 曹炳章 / 生平与代表著作,p01743,true,builtin-sonnet,single_engine
Physician_bec16b53a7,Work_5759b66c42,editedRevised,4,完成何廉臣未完成的《通俗伤寒论》勘补,代表医家 / 曹炳章 / 生平与代表著作,p01744,true,builtin-sonnet,single_engine
Physician_bec16b53a7,Work_b0f1958460,authored,4,《喉痧证治要略》成书于1917年，是一部耳鼻咽喉口齿类中医著作。,代表医家 / 曹炳章 / 生平与代表著作,p01745,true,builtin-sonnet,single_engine
Physician_bec16b53a7,Doctrine_e25c928837,proposes,1,曹氏把喉科病症分为二种：无传染性者，但云喉症；有传染性者，则为喉疫。,代表医家 / 曹炳章 / 生平与代表著作,p01745,true,builtin-sonnet,single_engine
Doctrine_54c6fc26b6,Work_b0f1958460,statedIn,1,指出喉痧、白喉皆传染最速、夭亡最多之喉疫,代表医家 / 曹炳章 / 生平与代表著作,p01745,true,builtin-sonnet,single_engine
Physician_bec16b53a7,Work_a1529e61cd,authored,2,《秋瘟证治要略》成书于1918年，是温病类中医著作,代表医家 / 曹炳章 / 生平与代表著作,p01746,true,builtin-sonnet,single_engine
Physician_bec16b53a7,Doctrine_89beeb83b0,proposes,1,曹氏认为温暑内发，秋燥新感发为秋瘟,代表医家 / 曹炳章 / 生平与代表著作,p01746,true,builtin-sonnet,single_engine
Physician_bec16b53a7,Work_a90305df7b,authored,4,《彩图辨舌指南》，是曹氏在蒐集古今近百种舌诊相关文献的基础上，删繁就简，去芜存精，五易其稿而成,代表医家 / 曹炳章 / 生平与代表著作,p01747,true,builtin-sonnet,single_engine
Physician_bec16b53a7,Work_f8f8428e43,editedRevised,1,是曹氏在郑肖岩《伪药条辨》的基础上增补而成的一部鉴药专著,代表医家 / 曹炳章 / 生平与代表著作,p01748,true,builtin-sonnet,single_engine
Physician_bec16b53a7,Work_459263a214,authored,2,是曹氏在郑肖岩《伪药条辨》的基础上增补而成的一部鉴药专著,代表医家 / 曹炳章 / 生平与代表著作,p01748,true,builtin-sonnet,single_engine
Physician_746b06e5ca,Work_f8f8428e43,authored,1,曹氏在郑肖岩《伪药条辨》的基础上增补而成的一部鉴药专著,代表医家 / 曹炳章 / 生平与代表著作,p01748,true,builtin-sonnet,single_engine
Physician_bec16b53a7,Doctrine_1dee915377,proposes,1,曹氏认为，舌诊在中医四诊中有着重要的参考价值和特殊的临床意义,代表医家 / 曹炳章 / 学术观点与诊治经验 / 见微知著，四诊尤重审舌,p01751,true,builtin-sonnet,single_engine
Physician_bec16b53a7,Physician_335ab26fb1,influencedBy,1,曹氏引用吴堃庵云,代表医家 / 曹炳章 / 学术观点与诊治经验 / 见微知著，四诊尤重审舌,p01752,true,builtin-sonnet,single_engine
Physician_bec16b53a7,Work_9072633331,authored,1,在《霍乱寒热辨证》中，他将霍乱分为夹湿、夹食、伏暑、中寒四种。,代表医家 / 曹炳章 / 学术观点与诊治经验 / 详辨霍乱，救急善用成药,p01762,true,builtin-sonnet,single_engine
Physician_bec16b53a7,Doctrine_b5abcdf91c,proposes,1,治宜开关通窍，行气活血。,代表医家 / 曹炳章 / 学术观点与诊治经验 / 详辨霍乱，救急善用成药,p01762,true,builtin-sonnet,single_engine
Physician_bec16b53a7,Doctrine_1697ec68be,proposes,1,曹氏认为当时之霍乱热症居多，寒症居少,代表医家 / 曹炳章 / 学术观点与诊治经验 / 详辨霍乱，救急善用成药,p01762,true,builtin-sonnet,single_engine
Physician_bec16b53a7,Doctrine_ae36284ad8,proposes,1,见证既是热证，治宜苦辛开降，岂可妄用十滴水、哥啰颠等热药，以火上加油也。,代表医家 / 曹炳章 / 学术观点与诊治经验 / 详辨霍乱，救急善用成药,p01762,true,builtin-sonnet,single_engine
Doctrine_9ad4ec9fc3,Work_cc7e76847e,statedIn,1,（《暑病证治要略·暑病种类》）,代表医家 / 曹炳章 / 学术观点与诊治经验 / 用药轻灵，论治常顾暑湿,p01765,true,builtin-sonnet,single_engine
Physician_75de1b9ba9,Work_51ba83986e,authored,1,徐灵胎《医学源流论》曰,代表医家 / 曹炳章 / 原文选释 / 论夹阴伤寒,p01789,true,builtin-sonnet,single_engine
Physician_169d5fbada,Work_175f9bf27e,authored,1,汪苓友《伤寒辨证广注》曰,代表医家 / 曹炳章 / 原文选释 / 论夹阴伤寒,p01790,true,builtin-sonnet,single_engine
Physician_2dac7570c2,Doctrine_2cb4ecfec7,proposes,1,是以治阴症以救阳为主，治伤寒以救阴为主,代表医家 / 曹炳章 / 原文选释 / 论夹阴伤寒,p01790,true,builtin-sonnet,single_engine
Physician_bec16b53a7,Physician_dd9265a598,influencedBy,1,曹氏借治虚大家张景岳、治疫高手吴又可之经验,代表医家 / 曹炳章 / 原文选释 / 论夹痨伤寒,p01799,true,builtin-sonnet,single_engine
Physician_bec16b53a7,Physician_68fd45f47c,influencedBy,1,曹氏借治虚大家张景岳、治疫高手吴又可之经验,代表医家 / 曹炳章 / 原文选释 / 论夹痨伤寒,p01799,true,builtin-sonnet,single_engine
Physician_dd9265a598,Work_4a877c1a18,authored,1,"为景岳《新方八略》之""散略""",代表医家 / 曹炳章 / 原文选释 / 论夹痨伤寒,p01799,false,builtin-sonnet,single_engine
Physician_68fd45f47c,Doctrine_3361b05cdd,proposes,1,而又可所言夹痨伤寒多为外感兼有体虚，表里分传，极易失治误治,代表医家 / 曹炳章 / 原文选释 / 论夹痨伤寒,p01799,true,builtin-sonnet,single_engine
Physician_bec16b53a7,Doctrine_3ca6aa6ddd,proposes,1,治宜表里兼顾，详审其平素体质，方能处置,代表医家 / 曹炳章 / 原文选释 / 论夹痨伤寒,p01799,true,builtin-sonnet,single_engine
Physician_6a92e281a6,Doctrine_80de7e9c75,proposes,1,方氏云：血室为营血停留之所，经血集会之处，即冲脉，所谓血海是也。,代表医家 / 曹炳章 / 原文选释 / 论临经伤寒,p01802,true,builtin-sonnet,single_engine
Physician_0849f1c3b5,Doctrine_0694fb506c,proposes,1,惟柯氏云血室，肝也。肝为藏血之藏，故称血室。,代表医家 / 曹炳章 / 原文选释 / 论临经伤寒,p01802,true,builtin-sonnet,single_engine
Physician_64dbd38c9c,Doctrine_683db72296,proposes,1,陈自明云：巢氏《病源》并《产宝方》，并谓之胞门、子户，张仲景谓之血室。,代表医家 / 曹炳章 / 原文选释 / 论临经伤寒,p01802,true,builtin-sonnet,single_engine
Physician_4dca3fbd85,Work_249e77cc6a,authored,1,程式《医彀》云：子官，即血室也。,代表医家 / 曹炳章 / 原文选释 / 论临经伤寒,p01802,true,builtin-sonnet,single_engine
Physician_4dca3fbd85,Doctrine_d60032b162,proposes,1,程式《医彀》云：子官，即血室也。,代表医家 / 曹炳章 / 原文选释 / 论临经伤寒,p01802,true,builtin-sonnet,single_engine
Physician_6a44078b82,Work_8c15f3d23a,authored,1,张介宾《类经附翼》云：子户，即子宫，俗谓子肠。,代表医家 / 曹炳章 / 原文选释 / 论临经伤寒,p01802,true,builtin-sonnet,single_engine
Physician_bec16b53a7,Doctrine_6e1e25600e,proposes,1,乳者，乃饮食入胃化出之乳糜汁而为乳，实未成血之物也。,代表医家 / 曹炳章 / 原文选释 / 论临经伤寒,p01802,true,builtin-sonnet,single_engine
Physician_bec16b53a7,Doctrine_3b6c52a975,proposes,1,盖血室即子宫，平时则蓄血以行经，妊娠则系胎。,代表医家 / 曹炳章 / 原文选释 / 论临经伤寒,p01802,true,builtin-sonnet,single_engine
Physician_bec16b53a7,Doctrine_86ab6923af,proposes,1,余主先去除胞门积瘀，冀以清热熄风,代表医家 / 曹炳章 / 原文选释 / 论临经伤寒,p01802,true,builtin-sonnet,single_engine
Physician_bec16b53a7,Doctrine_e4751fd0b7,proposes,1,余之收效，在通瘀导浊，以二矢浊味，攻胞门之浊道也。,代表医家 / 曹炳章 / 原文选释 / 论临经伤寒,p01802,true,builtin-sonnet,single_engine
Physician_5f1fdad40e,Work_88ab8c6bd5,authored,1,叶氏《温热论》，已辨之甚详,代表医家 / 曹炳章 / 原文选释 / 论临经伤寒,p01802,true,builtin-sonnet,single_engine
Doctrine_71c2a11231,Work_88ab8c6bd5,statedIn,1,叶天士云：经水适来适断，邪将陷入血室，少阳伤寒言之详悉，不复多赘。,代表医家 / 曹炳章 / 原文选释 / 论临经伤寒,p01802,true,builtin-sonnet,single_engine
Physician_5f1fdad40e,Doctrine_576b2cb38e,proposes,1,往往延久，致上逆心胞，胸中痹痛，即陶氏所谓“血结胸”也，用犀角地黄汤，加大黄、桃仁、红花、枳实，最为合法。,代表医家 / 曹炳章 / 原文选释 / 论临经伤寒,p01802,true,builtin-sonnet,single_engine
Physician_bec16b53a7,Work_9098e9fb43,editedRevised,1,（《通俗伤寒·临经伤寒》曹炳章按语）,代表医家 / 曹炳章 / 原文选释 / 论临经伤寒,p01802,true,builtin-sonnet,single_engine
Physician_5f1fdad40e,Doctrine_ea00f350eb,proposes,1,总之毋犯实实虚虚之戒,代表医家 / 曹炳章 / 原文选释 / 论产后伤寒,p01807,true,builtin-sonnet,single_engine
Physician_34e43c094c,Work_62bd5f2943,authored,1,石氏《医原》“论痉病证治”一则,代表医家 / 曹炳章 / 原文选释 / 论伤寒转痉,p01812,true,builtin-sonnet,single_engine
Physician_bec16b53a7,Work_62bd5f2943,editedRevised,1,录之以备参考,代表医家 / 曹炳章 / 原文选释 / 论伤寒转痉,p01812,true,builtin-sonnet,single_engine
Physician_bec16b53a7,Physician_3670c08ecf,influencedBy,1,改用可保立苏汤两剂全愈,代表医家 / 曹炳章 / 原文选释 / 论伤寒转痉,p01813,true,builtin-sonnet,single_engine
Physician_b6b68c16ea,Doctrine_c97bbdb72f,proposes,1,林澜用小柴胡汤加葛根、黄连、乌梅,代表医家 / 曹炳章 / 原文选释 / 论伤寒食复,p01818,true,builtin-sonnet,single_engine
Doctrine_b9e309abf3,Work_79dc97bce5,statedIn,1,《千金方》云：大病瘥后，食猪肉及羊血肥鱼油腻等，必大下利，难治,代表医家 / 曹炳章 / 原文选释 / 论伤寒食复,p01818,true,builtin-sonnet,single_engine
Doctrine_c2ecb2cb7b,Work_d8c1c07008,statedIn,1,《金匮》云：时病新瘥，食生菜者，手足必肿,代表医家 / 曹炳章 / 原文选释 / 论伤寒食复,p01818,true,builtin-sonnet,single_engine
Physician_bec16b53a7,Work_0ac5470981,authored,4,《曹炳章医学论文集》,代表医家 / 曹炳章 / 方剂选录 / 治霍乱常用方,p01832,true,builtin-sonnet,single_engine
Physician_bec16b53a7,Doctrine_c17ba9f542,proposes,1,肝阳与命火同处脊里，升则同升，藏则同藏，命火上升，则脾无此火，不能蒸腐水谷，故泄泻。膀胱无此火，则不能化气，而小便短濇,代表医家 / 曹炳章 / 医案选按,p01869,true,builtin-sonnet,single_engine
Physician_bec16b53a7,Doctrine_ea0a6b4d18,proposes,1,故余谓此案不独为临床之实录，亦可为治斯病之殷鉴耳,代表医家 / 曹炳章 / 医案选按,p01901,true,builtin-sonnet,single_engine
Physician_64d2cbdcf5,Work_4645542e3b,authored,1,何廉臣.增订通俗伤寒论[M]福建：福建科学技术出版社，2004：412-481,代表医家 / 曹炳章 / 医案选按,p01907,true,builtin-sonnet,single_engine
Physician_c884303f88,Physician_5fe3002570,studiedUnder,1,徐氏早年师从晚清名医赵晴初的高足——杨质安先生,代表医家 / 徐荣斋 / 生平与代表著作简介,p01910,true,builtin-sonnet,single_engine
Physician_c884303f88,Physician_bec16b53a7,studiedUnder,2,又问道于曹炳章先生，深得曹氏赏识,代表医家 / 徐荣斋 / 生平与代表著作简介,p01910,true,builtin-sonnet,single_engine
Physician_c884303f88,Work_12d69e9a63,authored,1,晚年发表《以‘治学三境界’的精神学习〈内经〉》一文,代表医家 / 徐荣斋 / 生平与代表著作简介,p01910,true,builtin-sonnet,single_engine
Physician_8b991fe569,Doctrine_fb9a2eee25,proposes,1,范永升谓“徐氏之于医，可谓始于《内经》而终于《内经》。始于《内经》者，学医从《内经》始；终于《内经》者，终生以阐释《内经》为己任，孜孜矻矻数十春秋”,代表医家 / 徐荣斋 / 生平与代表著作简介,p01910,true,builtin-sonnet,single_engine
Physician_30c1870099,Doctrine_e8bd150b86,proposes,1,徐氏认为“知母”是“生地”之误,代表医家 / 徐荣斋 / 生平与代表著作简介,p01913,true,builtin-sonnet,single_engine
Physician_c884303f88,Doctrine_e8f40fa9a2,proposes,1,因伤寒患此证者极少，因温热而患此证者甚多,代表医家 / 徐荣斋 / 生平与代表著作简介,p01915,true,builtin-sonnet,single_engine
Physician_c884303f88,Doctrine_4dcac8b174,proposes,1,把“伤寒类症的痉”与“伤寒变症的痉”混在一起,代表医家 / 徐荣斋 / 生平与代表著作简介,p01915,true,builtin-sonnet,single_engine
Physician_c884303f88,Doctrine_2922da503a,proposes,1,“湿温伤寒”乃一大症，当须分别湿重、热重，现症与治法，判分两歧,代表医家 / 徐荣斋 / 生平与代表著作简介,p01915,true,builtin-sonnet,single_engine
Physician_c884303f88,Doctrine_303ff1b78c,proposes,1,盖肾开窍于耳，少阳之脉络耳中,代表医家 / 徐荣斋 / 生平与代表著作简介,p01915,true,builtin-sonnet,single_engine
Physician_c884303f88,Doctrine_0ff4e2b336,proposes,1,认为过去的治疗，能影响现在的病状和征候，对“查旧方”予以补充,代表医家 / 徐荣斋 / 生平与代表著作简介,p01915,true,builtin-sonnet,single_engine
Physician_7e002ca0a2,Work_353e443eb9,authored,1,雷少逸《时病论》所说,代表医家 / 徐荣斋 / 生平与代表著作简介,p01916,true,builtin-sonnet,single_engine
Doctrine_90637ad29a,Work_c26590e9fe,statedIn,1,（均见《重订通俗伤寒论·风湿伤寒》）,代表医家 / 徐荣斋 / 生平与代表著作简介,p01916,true,builtin-sonnet,single_engine
Doctrine_c1c6d45768,Work_c26590e9fe,statedIn,1,（均见《重订通俗伤寒论·风湿伤寒》）,代表医家 / 徐荣斋 / 生平与代表著作简介,p01916,true,builtin-sonnet,single_engine
Physician_c884303f88,Work_080f3d4311,authored,1,收载了徐氏学术论文和文稿共38篇,代表医家 / 徐荣斋 / 生平与代表著作简介,p01917,true,builtin-sonnet,single_engine
Physician_098da7d5ab,Work_71ea4f5f9f,authored,1,陆渊雷在《伤寒今释》中说,代表医家 / 徐荣斋 / 学术观点及诊治经验 / 形层说六经,p01920,true,builtin-sonnet,single_engine
Physician_83ff1072c8,Work_7b54deaecd,authored,1,周学海“与友条论读伤寒论法”第五、九、十一条,代表医家 / 徐荣斋 / 学术观点及诊治经验 / 形层说六经,p01920,true,builtin-sonnet,single_engine
Physician_2b927b7697,Work_e211b1c4d4,authored,1,日人鹤冲元逸在《医断》里说,代表医家 / 徐荣斋 / 学术观点及诊治经验 / 形层说六经,p01920,true,builtin-sonnet,single_engine
Physician_b5cb5b9c75,Physician_5f1fdad40e,influencedBy,1,结合叶天士卫气营血辩证，创立内外行层,代表医家 / 徐荣斋 / 学术观点及诊治经验 / 形层说六经,p01920,true,builtin-sonnet,single_engine
Physician_b5cb5b9c75,Physician_d9eb3817e4,influencedBy,1,又结合吴鞠通三焦辨证创立上下行层,代表医家 / 徐荣斋 / 学术观点及诊治经验 / 形层说六经,p01920,true,builtin-sonnet,single_engine
Physician_30c1870099,Doctrine_2779e9b667,proposes,1,徐氏认为伤寒六经病证，是根据急性发热病的经过而作的六个阶段,代表医家 / 徐荣斋 / 学术观点及诊治经验 / 形层说六经,p01921,true,builtin-sonnet,single_engine
Physician_30c1870099,Doctrine_a5ebedf76e,proposes,1,但人体机能之亢盛衰减，中间的动态尚多，不是这样可以肯定划分的,代表医家 / 徐荣斋 / 学术观点及诊治经验 / 形层说六经,p01921,true,builtin-sonnet,single_engine
Physician_c884303f88,Doctrine_3dcebe0614,proposes,1,徐氏诊病融诸家之长，特别注重细节之处,代表医家 / 徐荣斋 / 学术观点及诊治经验 / 诊法重细节,p01923,true,builtin-sonnet,single_engine
Physician_7577a19b15,Doctrine_7e9e29917d,proposes,1,章虚谷说：“观舌质可验其正之阴阳虚实，审苔垢即知其邪之寒热浅深。”,代表医家 / 徐荣斋 / 学术观点及诊治经验 / 诊法重细节,p01925,true,builtin-sonnet,single_engine
Physician_c884303f88,Doctrine_7908f0eb61,proposes,1,徐氏认为舌是舌的本质，苔是舌上所生的垢腻,代表医家 / 徐荣斋 / 学术观点及诊治经验 / 诊法重细节,p01925,true,builtin-sonnet,single_engine
Physician_72312b897a,Work_62bd5f2943,authored,1,石寿棠在《医原》里说,代表医家 / 徐荣斋 / 学术观点及诊治经验 / 诊法重细节,p01927,true,builtin-sonnet,single_engine
Physician_18279ef1c2,Doctrine_99d93bc512,proposes,1,寇宗爽曰：“未诊先问，最为有准”,代表医家 / 徐荣斋 / 学术观点及诊治经验 / 诊法重细节,p01927,true,builtin-sonnet,single_engine
Physician_72312b897a,Doctrine_8ebba285fc,proposes,1,石寿棠在《医原》里说：“工于问者，非徒问其证，殆欲即其症见，以求其病因耳。”,代表医家 / 徐荣斋 / 学术观点及诊治经验 / 诊法重细节,p01927,true,builtin-sonnet,single_engine
Physician_c884303f88,Doctrine_b817459d50,proposes,1,徐氏认为问诊是调查研究的过程，在询问病情中，以病患自觉证求其病因，作为辨证的一个依据，它不仅能给予诊断上许多佐证，而且在某些特殊条件下还可以作为诊断的重要根据。,代表医家 / 徐荣斋 / 学术观点及诊治经验 / 诊法重细节,p01927,true,builtin-sonnet,single_engine
Doctrine_fb9a2eee25,Work_c26590e9fe,statedIn,1,徐氏在《重订通俗伤寒论》多以现代医学知识阐释中医理论,代表医家 / 徐荣斋 / 学术观点及诊治经验 / 宗中也参西,p01929,true,builtin-sonnet,single_engine
Physician_c884303f88,Physician_098da7d5ab,influencedBy,1,徐老引用陆渊雷先生对“湿”的见解,代表医家 / 徐荣斋 / 学术观点及诊治经验 / 宗中也参西,p01929,true,builtin-sonnet,single_engine
Physician_c884303f88,Doctrine_46b9d81eb1,proposes,1,“汗法”是使病毒从汗腺排泄以出,代表医家 / 徐荣斋 / 学术观点及诊治经验 / 宗中也参西,p01929,true,builtin-sonnet,single_engine
Physician_c884303f88,Doctrine_e9a4e78ba3,proposes,1,“下法”是使病毒从大便排泄以出,代表医家 / 徐荣斋 / 学术观点及诊治经验 / 宗中也参西,p01929,true,builtin-sonnet,single_engine
Physician_c884303f88,Doctrine_591c56dc4c,proposes,1,“温法”为维持机体细胞之消沉,代表医家 / 徐荣斋 / 学术观点及诊治经验 / 宗中也参西,p01929,true,builtin-sonnet,single_engine
Physician_c884303f88,Doctrine_deb2d087a4,proposes,1,“清法”为遏止体温之亢进,代表医家 / 徐荣斋 / 学术观点及诊治经验 / 宗中也参西,p01929,true,builtin-sonnet,single_engine
Physician_c884303f88,Doctrine_75b7ef2260,proposes,1,“和法”是使机体内部得到协调,代表医家 / 徐荣斋 / 学术观点及诊治经验 / 宗中也参西,p01929,true,builtin-sonnet,single_engine
Physician_c884303f88,Doctrine_fbd69ba0ae,proposes,1,“补法”可分两种：一为滋阴，一为回阳,代表医家 / 徐荣斋 / 学术观点及诊治经验 / 宗中也参西,p01929,true,builtin-sonnet,single_engine
Physician_c884303f88,Doctrine_58f707426a,proposes,1,徐老认为“医生用方全在加减上见功夫”,代表医家 / 徐荣斋 / 学术观点及诊治经验 / 制方擅化裁,p01932,true,builtin-sonnet,single_engine
Physician_c884303f88,Doctrine_22c0a13dae,proposes,1,四物汤中的地黄，凡是肝肾不足之证用熟地，见虚热证候用生地,代表医家 / 徐荣斋 / 学术观点及诊治经验 / 制方擅化裁,p01932,true,builtin-sonnet,single_engine
Physician_c884303f88,Work_2de3b291d1,authored,2,（《妇科知要· 编写说明》）,代表医家 / 徐荣斋 / 学术观点及诊治经验 / 制方擅化裁,p01933,true,builtin-sonnet,single_engine
Doctrine_fb9a2eee25,Work_eb27cae856,statedIn,1,（《读书教学与临证·诊余琐记》）,代表医家 / 徐荣斋 / 学术观点及诊治经验 / 制方擅化裁,p01935,true,builtin-sonnet,single_engine
Doctrine_c8fc75ace4,Work_c26590e9fe,statedIn,1,（《重订通俗伤寒论》第一章第十节六经总决）,代表医家 / 徐荣斋 / 原文选释,p01940,true,builtin-sonnet,single_engine
Doctrine_6ba9ff98b5,Work_c26590e9fe,statedIn,1,（《重订通俗伤寒论》第四章第十节血真实而气假虚证）,代表医家 / 徐荣斋 / 原文选释,p01945,true,builtin-sonnet,single_engine
Physician_2dac7570c2,Doctrine_b367f3c47a,proposes,1,第二方以喻嘉言清燥救肺为主而见疗效，足征喻氏此方的配伍精当,代表医家 / 徐荣斋 / 医案选按 / 痨咳胎气,p01999,true,builtin-sonnet,single_engine
Physician_b5cb5b9c75,Work_c26590e9fe,authored,6,清·俞根初.重订通俗伤寒论,代表医家 / 徐荣斋 / 医案选按 / 痨咳胎气,p02004,true,builtin-sonnet,single_engine
Physician_189c916d15,Work_5759b66c42,authored,1,何秀山《通俗伤寒论》序文,代表医家 / 徐荣斋 / 医案选按 / 痨咳胎气,p02012,true,builtin-sonnet,single_engine
Doctrine_a9ebdc73e0,Work_5759b66c42,statedIn,1,“绍派伤寒”一词出自何秀山《通俗伤寒论》序文,代表医家 / 徐荣斋 / 医案选按 / 痨咳胎气,p02012,true,builtin-sonnet,single_engine
Physician_c884303f88,Work_5759b66c42,editedRevised,1,后迭经何秀山、何廉臣、曹炳章、徐荣斋等医家勘按加注而行于世,代表医家 / 徐荣斋 / 医家学术 / 俞根初,p02016,true,builtin-sonnet,single_engine
Doctrine_ed196ddeaa,Work_5759b66c42,statedIn,1,《通俗伤寒论》治外感辨六经，发汗、和解、攻下、温热、清凉、滋补立法各异,代表医家 / 徐荣斋 / 医家学术 / 俞根初,p02019,true,builtin-sonnet,single_engine
Physician_b5cb5b9c75,Doctrine_a8aa1f131d,proposes,1,以六经气化理论为辨证纲领，以汗、和、下、温、清、补六法为主要治则,代表医家 / 徐荣斋 / 医家学术 / 俞根初,p02023,true,builtin-sonnet,single_engine
Physician_b5cb5b9c75,Doctrine_a45a9d0c57,proposes,1,对伤寒治疗开郁为先，为邪留出路，分步逐邪，以通为补,代表医家 / 徐荣斋 / 医家学术 / 俞根初,p02024,true,builtin-sonnet,single_engine
Physician_b5cb5b9c75,Doctrine_18e8bd4719,proposes,1,对温病诊断中采用观目、按胸腹特色诊法,代表医家 / 徐荣斋 / 医家学术 / 俞根初,p02024,true,builtin-sonnet,single_engine
Physician_b5cb5b9c75,Doctrine_63cc668400,proposes,1,治疗寒温并用以轻见长，温病瘥后调理诸法齐全,代表医家 / 徐荣斋 / 医家学术 / 俞根初,p02024,true,builtin-sonnet,single_engine
Physician_b5cb5b9c75,Doctrine_c24f9ebc3c,proposes,1,辨六经之行层与三焦之部分以定病位,代表医家 / 徐荣斋 / 医家学术 / 俞根初,p02024,true,builtin-sonnet,single_engine
Physician_b5cb5b9c75,Doctrine_57bd7464e6,proposes,1,辨六经气化之标本中见兼证以定病名,代表医家 / 徐荣斋 / 医家学术 / 俞根初,p02024,true,builtin-sonnet,single_engine
Physician_b5cb5b9c75,Doctrine_75fa7712a5,proposes,1,辨邪之盛衰以定病性,代表医家 / 徐荣斋 / 医家学术 / 俞根初,p02024,true,builtin-sonnet,single_engine
Physician_b5cb5b9c75,Doctrine_d91db1d41f,proposes,1,辨证之三化以明疾病的传变,代表医家 / 徐荣斋 / 医家学术 / 俞根初,p02024,true,builtin-sonnet,single_engine
Physician_b5cb5b9c75,Doctrine_b3bbb67249,proposes,1,俞根初《通俗伤寒论》“瘥后调理法”对伤寒瘥后调理做出了系统陈述,代表医家 / 徐荣斋 / 医家学术 / 俞根初,p02028,true,builtin-sonnet,single_engine
Doctrine_b3bbb67249,Work_5759b66c42,statedIn,1,俞根初《通俗伤寒论》“瘥后调理法”对伤寒瘥后调理做出了系统陈述,代表医家 / 徐荣斋 / 医家学术 / 俞根初,p02028,true,builtin-sonnet,single_engine
Physician_b5cb5b9c75,Doctrine_99a62bc13a,proposes,1,创立发汗诸法并立方，共有辛温发汗、辛凉发汗、益气发汗、养血发汗、滋阴发汗、助阳发汗、理气发汗、和中发汗、温下发汗、化饮发汗、蠲痰发汗等法,代表医家 / 徐荣斋 / 医家学术 / 俞根初,p02030,true,builtin-sonnet,single_engine
Physician_b5cb5b9c75,Doctrine_32528e0582,proposes,1,引入气化学说，以水化火化归类阳明证候,代表医家 / 徐荣斋 / 医家学术 / 俞根初,p02033,true,builtin-sonnet,single_engine
Physician_b5cb5b9c75,Doctrine_62dc8b1b6f,proposes,1,以水火二化为纲，纲举目张补充阳明证型,代表医家 / 徐荣斋 / 医家学术 / 俞根初,p02033,true,builtin-sonnet,single_engine
Physician_b5cb5b9c75,Doctrine_ea75bfb00e,proposes,1,六经证治尤重阳明，清除实邪取道阳明,代表医家 / 徐荣斋 / 医家学术 / 俞根初,p02033,true,builtin-sonnet,single_engine
Physician_b5cb5b9c75,Doctrine_7934bccb8c,proposes,1,发挥清下二法，对阳明兼证常多法合用,代表医家 / 徐荣斋 / 医家学术 / 俞根初,p02033,true,builtin-sonnet,single_engine
Physician_b5cb5b9c75,Doctrine_261c49e27e,proposes,1,阳明亦有虚寒证，治法以温脾和胃,代表医家 / 徐荣斋 / 医家学术 / 俞根初,p02033,true,builtin-sonnet,single_engine
Physician_6e4b0d4ea3,Physician_e29995f2bf,studiedUnder,2,也是胡宝书的受业师,代表医家 / 徐荣斋 / 医家学术 / 胡云波,p02036,true,builtin-sonnet,single_engine
Physician_9b47f4ab2d,Work_50c691bbe2,authored,1,著有《存存斋医稿》《存存斋医话稿》《存存斋本草撷华》《存存斋教子学医》《存存斋医案留稿》《存存斋伤寒附翼眉批》《存存斋静香楼医案》等15部著作,代表医家 / 徐荣斋 / 医家学术 / 赵晴初,p02039,true,builtin-sonnet,single_engine
Physician_9b47f4ab2d,Work_c7c935c658,authored,1,著有《存存斋医稿》《存存斋医话稿》《存存斋本草撷华》《存存斋教子学医》《存存斋医案留稿》《存存斋伤寒附翼眉批》《存存斋静香楼医案》等15部著作,代表医家 / 徐荣斋 / 医家学术 / 赵晴初,p02039,true,builtin-sonnet,single_engine
Physician_9b47f4ab2d,Work_61dbd6f29a,authored,1,著有《存存斋医稿》《存存斋医话稿》《存存斋本草撷华》《存存斋教子学医》《存存斋医案留稿》《存存斋伤寒附翼眉批》《存存斋静香楼医案》等15部著作,代表医家 / 徐荣斋 / 医家学术 / 赵晴初,p02039,true,builtin-sonnet,single_engine
Physician_9b47f4ab2d,Work_3caa7a60f5,authored,1,著有《存存斋医稿》《存存斋医话稿》《存存斋本草撷华》《存存斋教子学医》《存存斋医案留稿》《存存斋伤寒附翼眉批》《存存斋静香楼医案》等15部著作,代表医家 / 徐荣斋 / 医家学术 / 赵晴初,p02039,true,builtin-sonnet,single_engine
Physician_9b47f4ab2d,Doctrine_30946c8be7,proposes,1,学术主张发扬上下病理,代表医家 / 徐荣斋 / 医家学术 / 赵晴初,p02040,true,builtin-sonnet,single_engine
Physician_9b47f4ab2d,Doctrine_2321600959,proposes,1,分部析病论,代表医家 / 徐荣斋 / 医家学术 / 赵晴初,p02040,true,builtin-sonnet,single_engine
Physician_9b47f4ab2d,Doctrine_fcac92c24c,proposes,1,主张轻清养胃,代表医家 / 徐荣斋 / 医家学术 / 赵晴初,p02040,true,builtin-sonnet,single_engine
Physician_9b47f4ab2d,Doctrine_ae3a552211,proposes,1,临床注重药性,代表医家 / 徐荣斋 / 医家学术 / 赵晴初,p02040,true,builtin-sonnet,single_engine
Physician_9b47f4ab2d,Doctrine_97572a22ac,proposes,1,论治精细入微,代表医家 / 徐荣斋 / 医家学术 / 赵晴初,p02040,true,builtin-sonnet,single_engine
Physician_9b47f4ab2d,Doctrine_1694a991b7,proposes,1,四诊重望诊,代表医家 / 徐荣斋 / 医家学术 / 赵晴初,p02040,true,builtin-sonnet,single_engine
Physician_9b47f4ab2d,Doctrine_fb50a71c82,proposes,1,外感宗六经,代表医家 / 徐荣斋 / 医家学术 / 赵晴初,p02040,true,builtin-sonnet,single_engine
Physician_9b47f4ab2d,Doctrine_d8892005b5,proposes,1,内伤主虚损,代表医家 / 徐荣斋 / 医家学术 / 赵晴初,p02040,true,builtin-sonnet,single_engine
Physician_9b47f4ab2d,Doctrine_42158da978,proposes,1,病机纲阴阳,代表医家 / 徐荣斋 / 医家学术 / 赵晴初,p02040,true,builtin-sonnet,single_engine
Physician_9b47f4ab2d,Doctrine_2d1504b8e5,proposes,1,用药主轻清,代表医家 / 徐荣斋 / 医家学术 / 赵晴初,p02040,true,builtin-sonnet,single_engine
Physician_9b47f4ab2d,Doctrine_8831ac54a3,proposes,1,治病重护胃,代表医家 / 徐荣斋 / 医家学术 / 赵晴初,p02040,true,builtin-sonnet,single_engine
Physician_9b47f4ab2d,Doctrine_2fac133bf7,proposes,1,理论上阐明病理独具只眼,代表医家 / 徐荣斋 / 医家学术 / 赵晴初,p02040,true,builtin-sonnet,single_engine
Physician_9b47f4ab2d,Doctrine_b37fe5e7bf,proposes,1,临床上重视胃气赏用药露,代表医家 / 徐荣斋 / 医家学术 / 赵晴初,p02040,true,builtin-sonnet,single_engine
Physician_9b47f4ab2d,Doctrine_329e861c3c,proposes,1,药物上发明药性注意食禁,代表医家 / 徐荣斋 / 医家学术 / 赵晴初,p02040,true,builtin-sonnet,single_engine
Physician_9b47f4ab2d,Doctrine_3881d9d67e,proposes,1,研究上深入探索与古为新,代表医家 / 徐荣斋 / 医家学术 / 赵晴初,p02040,true,builtin-sonnet,single_engine
Physician_9b47f4ab2d,Doctrine_b084007d8c,proposes,1,赵氏论药不拘泥古说，不守旧抱俗，以临床实践为指归。,代表医家 / 徐荣斋 / 医家学术 / 赵晴初,p02053,true,builtin-sonnet,single_engine
Physician_64d2cbdcf5,Work_64da14ca29,authored,1,与绍兴医界同仁创办《绍兴医药月刊》,代表医家 / 徐荣斋 / 医家学术 / 何廉臣,p02057,true,builtin-sonnet,single_engine
Physician_64d2cbdcf5,Work_76cd8049d9,editedRevised,1,完稿、出版《勘校通俗伤寒论》,代表医家 / 徐荣斋 / 医家学术 / 何廉臣,p02057,true,builtin-sonnet,single_engine
Physician_64d2cbdcf5,Work_c3fa464cc4,editedRevised,1,《重订感症宝筏》,代表医家 / 徐荣斋 / 医家学术 / 何廉臣,p02057,true,builtin-sonnet,single_engine
Physician_64d2cbdcf5,Work_e1bbf1453e,editedRevised,1,《重订广温热论》,代表医家 / 徐荣斋 / 医家学术 / 何廉臣,p02057,true,builtin-sonnet,single_engine
Physician_64d2cbdcf5,Work_2adb302a3a,authored,1,《新医学必读》,代表医家 / 徐荣斋 / 医家学术 / 何廉臣,p02057,true,builtin-sonnet,single_engine
Physician_64d2cbdcf5,Work_742aaa737c,authored,1,《新纂儿科诊断》,代表医家 / 徐荣斋 / 医家学术 / 何廉臣,p02057,true,builtin-sonnet,single_engine
Physician_64d2cbdcf5,Work_e19e4660c8,authored,1,《印岩医话》等,代表医家 / 徐荣斋 / 医家学术 / 何廉臣,p02057,true,builtin-sonnet,single_engine
Doctrine_72ac1e1ff6,Work_e1bbf1453e,statedIn,1,何廉臣在《重订广温热论》中加以总结提炼，形成较为系统的防治伏气温病的辨证论治体系,代表医家 / 徐荣斋 / 医家学术 / 何廉臣,p02062,true,builtin-sonnet,single_engine
Physician_64d2cbdcf5,Doctrine_b5579d88d2,proposes,1,绍地湿重，治主清化,代表医家 / 徐荣斋 / 医家学术 / 何廉臣,p02069,true,builtin-sonnet,single_engine
Physician_64d2cbdcf5,Doctrine_91399ba2e9,proposes,1,六经三焦，辨证并重,代表医家 / 徐荣斋 / 医家学术 / 何廉臣,p02069,true,builtin-sonnet,single_engine
Physician_64d2cbdcf5,Doctrine_111a1e9704,proposes,1,治温八法，全面发挥,代表医家 / 徐荣斋 / 医家学术 / 何廉臣,p02069,true,builtin-sonnet,single_engine
Physician_64d2cbdcf5,Doctrine_8b3d854c79,proposes,1,论治血证，独到中肯,代表医家 / 徐荣斋 / 医家学术 / 何廉臣,p02069,true,builtin-sonnet,single_engine
Physician_64d2cbdcf5,Doctrine_53d752cf61,proposes,1,用药组方，轻灵平稳,代表医家 / 徐荣斋 / 医家学术 / 何廉臣,p02069,true,builtin-sonnet,single_engine
Physician_64d2cbdcf5,Doctrine_d01972d169,proposes,1,喜用“拌”药，单品成品形式多样，品种繁多,代表医家 / 徐荣斋 / 医家学术 / 何廉臣,p02069,true,builtin-sonnet,single_engine
Physician_64d2cbdcf5,Doctrine_f73e872ea3,proposes,1,善用滑石，寒热互拌升降同调，一方多用按需选择,代表医家 / 徐荣斋 / 医家学术 / 何廉臣,p02069,true,builtin-sonnet,single_engine
Physician_03d41e7dc4,Physician_5f1fdad40e,influencedBy,1,上究内难，下逮叶（天士）程（钟龄）,代表医家 / 徐荣斋 / 医家学术 / 邵兰荪,p02072,true,builtin-sonnet,single_engine
Physician_03d41e7dc4,Physician_ab31ab1300,influencedBy,1,上究内难，下逮叶（天士）程（钟龄）,代表医家 / 徐荣斋 / 医家学术 / 邵兰荪,p02072,true,builtin-sonnet,single_engine
Physician_6e4b0d4ea3,Work_fc020ffdea,authored,1,散遗《绍兴同善局医方汇选》、《伤寒十八方》、《本草药性校正》《新药性赋》等,代表医家 / 徐荣斋 / 医家学术 / 胡宝书,p02078,true,builtin-sonnet,single_engine
Physician_6e4b0d4ea3,Work_ee0efeee5b,authored,1,散遗《绍兴同善局医方汇选》、《伤寒十八方》、《本草药性校正》《新药性赋》等,代表医家 / 徐荣斋 / 医家学术 / 胡宝书,p02078,true,builtin-sonnet,single_engine
Physician_6e4b0d4ea3,Work_1e552a3ef8,authored,1,散遗《绍兴同善局医方汇选》、《伤寒十八方》、《本草药性校正》《新药性赋》等,代表医家 / 徐荣斋 / 医家学术 / 胡宝书,p02078,true,builtin-sonnet,single_engine
Physician_6e4b0d4ea3,Doctrine_fc2194dccc,proposes,1,师古而不泥古，开创绍派伤寒新颖治法,代表医家 / 徐荣斋 / 医家学术 / 胡宝书,p02078,true,builtin-sonnet,single_engine
Physician_bec16b53a7,Work_966b4ce067,authored,1,出版《鸦片戒除法》二卷,代表医家 / 徐荣斋 / 医家学术 / 曹炳章,p02090,true,builtin-sonnet,single_engine
Physician_bec16b53a7,Work_80d66fe55e,authored,1,《痰证膏丸说明书》一卷,代表医家 / 徐荣斋 / 医家学术 / 曹炳章,p02090,true,builtin-sonnet,single_engine
Physician_bec16b53a7,Work_3db3708a5b,authored,1,《规定药品之商榷》二卷,代表医家 / 徐荣斋 / 医家学术 / 曹炳章,p02090,true,builtin-sonnet,single_engine
Physician_bec16b53a7,Work_12f467c1c8,authored,1,《医界新智囊》一卷,代表医家 / 徐荣斋 / 医家学术 / 曹炳章,p02090,true,builtin-sonnet,single_engine
Physician_bec16b53a7,Work_4acd795991,editedRevised,1,主编《中国医学大成》，补注、批校、增订出版及所存手稿三十余种,代表医家 / 徐荣斋 / 医家学术 / 曹炳章,p02090,true,builtin-sonnet,single_engine
Physician_bec16b53a7,Work_f501ea7d8f,authored,4,撰述《辨舌指南》,代表医家 / 徐荣斋 / 医家学术 / 曹炳章,p02091,true,builtin-sonnet,single_engine
Physician_bec16b53a7,Work_b9a2ec6f87,editedRevised,1,增订《医医病书》,代表医家 / 徐荣斋 / 医家学术 / 曹炳章,p02091,true,builtin-sonnet,single_engine
Physician_bec16b53a7,Work_143f578519,editedRevised,1,评校《陆氏三世医》,代表医家 / 徐荣斋 / 医家学术 / 曹炳章,p02091,true,builtin-sonnet,single_engine
Physician_bec16b53a7,Doctrine_595de0f320,proposes,1,提出改革成药确定主治，使医家病家两受其益,代表医家 / 徐荣斋 / 医家学术 / 曹炳章,p02091,true,builtin-sonnet,single_engine
Physician_bec16b53a7,Doctrine_e1beff897b,proposes,1,曹氏认为实系暑月伤寒之病也，不能以暑名之，单列“暑月伤寒”一章，以与暑病相别。,代表医家 / 徐荣斋 / 医家学术 / 曹炳章,p02097,true,builtin-sonnet,single_engine
Physician_c884303f88,Physician_fdcfb4b738,studiedUnder,1,师从越中名医杨哲安,代表医家 / 徐荣斋 / 医家学术 / 徐荣斋,p02103,true,builtin-sonnet,single_engine
Physician_c884303f88,Work_7182495058,authored,1,著《重订通俗伤寒论》、《妇科知要》、《内经精要汇编》、《读书数学与临证》,代表医家 / 徐荣斋 / 医家学术 / 徐荣斋,p02103,true,builtin-sonnet,single_engine
Physician_c884303f88,Work_dac42ba29c,authored,1,著《重订通俗伤寒论》、《妇科知要》、《内经精要汇编》、《读书数学与临证》,代表医家 / 徐荣斋 / 医家学术 / 徐荣斋,p02103,true,builtin-sonnet,single_engine
Physician_c884303f88,Work_81c499aee4,editedRevised,1,点校《医宗必读》等,代表医家 / 徐荣斋 / 医家学术 / 徐荣斋,p02103,true,builtin-sonnet,single_engine
Physician_b5cb5b9c75,Doctrine_96ffddd903,proposes,1,俞氏论伤寒究仲景之法变通仲景之方，在绍言绍，独成一家,代表医家 / 徐荣斋 / 医家学术 / 徐荣斋,p02104,true,builtin-sonnet,single_engine
Doctrine_c74920e39e,Work_c2858261d4,statedIn,1,《内经》云：五脏六腑之精皆上注于目。,代表医家 / 徐荣斋 / 诊法诊治 / 观目,p02110,true,builtin-sonnet,single_engine
Physician_bec16b53a7,Doctrine_25062c820c,proposes,1,并提出望舌一端，用以察病，纤毫攸分，尤为明著,代表医家 / 徐荣斋 / 诊法诊治 / 舌诊,p02113,true,builtin-sonnet,single_engine
Physician_bec16b53a7,Doctrine_9ccc176c4b,proposes,1,指出舌尖属心，舌根属肾，中间属脾胃，两边候肝胆,代表医家 / 徐荣斋 / 诊法诊治 / 舌诊,p02113,true,builtin-sonnet,single_engine
Physician_b5cb5b9c75,Doctrine_80ea2fd448,proposes,1,“胸腹为五脏六腑之宫城，阴阳气血之发源”,代表医家 / 徐荣斋 / 诊法诊治 / 腹诊,p02115,true,builtin-sonnet,single_engine
Physician_b5cb5b9c75,Doctrine_d507706564,proposes,1,“若欲知其脏腑何如，则莫如按胸腹，名曰腹诊”,代表医家 / 徐荣斋 / 诊法诊治 / 腹诊,p02115,true,builtin-sonnet,single_engine
Physician_c884303f88,Doctrine_8c79c0d698,proposes,1,徐荣斋认为腹诊能“补中医诊断之不逮，可法可传”,代表医家 / 徐荣斋 / 诊法诊治 / 腹诊,p02116,true,builtin-sonnet,single_engine
Physician_b5cb5b9c75,Doctrine_7b6a64b5a3,proposes,1,俞根初腹诊意义有虚里测吉凶、冲任辨真假寒热、察有形实积，对疾病诊断有较大的参考意义,代表医家 / 徐荣斋 / 诊法诊治 / 腹诊,p02116,true,builtin-sonnet,single_engine
Doctrine_1af19e33b2,Work_5759b66c42,statedIn,2,为《通俗伤寒论》和解剂,代表医家 / 徐荣斋 / 特色方剂 / 蒿芩清胆汤,p02121,true,builtin-sonnet,single_engine
Physician_189c916d15,Doctrine_fa25361ff7,proposes,1,何秀山认为此方为和解胆经之良方，凡胸痞作呕、寒热如疟者，投无不效,代表医家 / 徐荣斋 / 特色方剂 / 蒿芩清胆汤,p02121,true,builtin-sonnet,single_engine
Doctrine_11707c57bf,Work_5759b66c42,statedIn,1,藿香正气汤为《通俗伤寒论》温热剂,代表医家 / 徐荣斋 / 特色方剂 / 藿香正气汤,p02127,true,builtin-sonnet,single_engine
Physician_189c916d15,Doctrine_d797815949,proposes,1,何秀山认为此为开肺通肠、痰火结闭之良方，可通达上下，使痰火一齐通解,代表医家 / 徐荣斋 / 特色方剂 / 陷胸承气汤,p02130,true,builtin-sonnet,single_engine
Physician_c5304433b8,Work_e94aa88a47,authored,1,张宏瑛.绍派伤寒的理论发展及学术传承[J].浙江中医杂志，2009，44(6)：395-397.,代表医家 / 徐荣斋 / 理论拓展 / 杂病应用,p02148,true,builtin-sonnet,single_engine
Physician_17f48caa1c,Work_64437294d8,authored,1,张再良.《伤寒论》：从经典转向通俗[J].上海中医药杂志，2018，52(7)：5-9.,代表医家 / 徐荣斋 / 理论拓展 / 杂病应用,p02149,true,builtin-sonnet,single_engine
Physician_a00a6d216e,Work_abf9295939,authored,1,董汉良.《通俗伤寒论》承气汤衍化方探释[J],代表医家 / 徐荣斋 / 理论拓展 / 杂病应用,p02150,true,builtin-sonnet,single_engine
Physician_c5304433b8,Work_c369e1afcb,authored,1,张宏瑛.浅析俞根初《通俗伤寒论》的特色辨证[J].浙江中医杂志，2011，46(1)：7-8.,代表医家 / 徐荣斋 / 理论拓展 / 杂病应用,p02158,true,builtin-sonnet,single_engine
Physician_a00a6d216e,Work_8e9dbb759f,authored,1,董汉良，胡再永.《通俗伤寒论》治外感表证制方用药特色[J].陕西中医，1996，17(1)：44.,代表医家 / 徐荣斋 / 理论拓展 / 杂病应用,p02159,true,builtin-sonnet,single_engine
Physician_41bdcca219,Work_8e9dbb759f,authored,1,董汉良，胡再永.《通俗伤寒论》治外感表证制方用药特色[J].陕西中医，1996，17(1)：44.,代表医家 / 徐荣斋 / 理论拓展 / 杂病应用,p02159,true,builtin-sonnet,single_engine
Physician_8a20eaf019,Work_1747665b09,authored,1,杨洁德.俞根初对《伤寒论》少阳证治的发展[J].江苏中医药，2007，39(11)：11-12.,代表医家 / 徐荣斋 / 理论拓展 / 杂病应用,p02165,true,builtin-sonnet,single_engine
Physician_8a20eaf019,Work_6d7de007f4,authored,1,杨洁德.俞根初对《伤寒论》少阳病证及和法研究[D].北京中医药大学，2006.,代表医家 / 徐荣斋 / 理论拓展 / 杂病应用,p02166,true,builtin-sonnet,single_engine
Physician_c5304433b8,Work_84444e08ab,authored,1,张宏瑛.浅谈俞根初对《伤寒论》伤寒阳明证治的发挥[J].浙江中医杂志，2012，47(11)：793-794.,代表医家 / 徐荣斋 / 理论拓展 / 杂病应用,p02167,true,builtin-sonnet,single_engine
Physician_ae63c5d033,Work_0875a49dfd,authored,1,张楠.俞根初《通俗伤寒论》厥阴病证治研究[D].北京中医药大学，2020.,代表医家 / 徐荣斋 / 理论拓展 / 杂病应用,p02168,true,builtin-sonnet,single_engine
Physician_c62dc6d8b9,Work_373b405ae9,authored,1,何炳元与《新纂儿科诊断学》,代表医家 / 徐荣斋 / 理论拓展 / 杂病应用,p02253,true,builtin-sonnet,single_engine
Physician_6e4b0d4ea3,Work_f29528f34a,authored,1,论胡宝书《药性探源》,代表医家 / 徐荣斋 / 理论拓展 / 杂病应用,p02253,true,builtin-sonnet,single_engine
Physician_bec16b53a7,Work_0a74c42ec1,authored,1,略评曹炳章先生的《浙江名医传略》,代表医家 / 徐荣斋 / 理论拓展 / 杂病应用,p02253,true,builtin-sonnet,single_engine
Physician_bec16b53a7,Work_1dac758bab,authored,1,曹炳章生平与《中华医学大成》,代表医家 / 徐荣斋 / 理论拓展 / 杂病应用,p02253,true,builtin-sonnet,single_engine
Physician_64d2cbdcf5,Doctrine_e1f8d24f85,proposes,1,"何廉臣""温病治法不如伤寒""说辨析",代表医家 / 徐荣斋 / 理论拓展 / 杂病应用,p02253,false,builtin-sonnet,single_engine
Physician_b5cb5b9c75,Doctrine_59f9050ffd,proposes,1,"俞根初""以六经钤百病""学术思想研究",代表医家 / 徐荣斋 / 理论拓展 / 杂病应用,p02253,false,builtin-sonnet,single_engine
Physician_b5cb5b9c75,Doctrine_6b994e6194,proposes,1,伤寒证治 全藉阳明——俞根初治伤寒经验再探析,代表医家 / 徐荣斋 / 理论拓展 / 杂病应用,p02253,true,builtin-sonnet,single_engine
Physician_198b2744ba,Doctrine_f8917e81b5,proposes,1,"常青""难病取中""法治疗癌症经验",代表医家 / 徐荣斋 / 理论拓展 / 杂病应用,p02253,false,builtin-sonnet,single_engine
Physician_bec16b53a7,Work_459263a214,editedRevised,1,民国·曹炳章增订.增订伪药条辨,代表医家 / 徐荣斋 / 理论拓展 / 杂病应用,p02398,true,builtin-sonnet,single_engine
Physician_82e7e7ab25,Work_72f2d60e71,authored,1,沈钦荣.绍兴医药文化,代表医家 / 徐荣斋 / 理论拓展 / 杂病应用,p02398,true,builtin-sonnet,single_engine
Physician_b5cb5b9c75,Work_4645542e3b,authored,1,清·俞根初.增订通俗伤寒论,代表医家 / 徐荣斋 / 理论拓展 / 杂病应用,p02398,true,builtin-sonnet,single_engine
Physician_64d2cbdcf5,Work_4645542e3b,editedRevised,1,民国·何廉臣编著.清·俞根初.增订通俗伤寒论,代表医家 / 徐荣斋 / 理论拓展 / 杂病应用,p02398,true,builtin-sonnet,single_engine
Physician_82e7e7ab25,Work_2a678f190e,authored,1,张居适，沈钦荣.越医薪传,代表医家 / 徐荣斋 / 理论拓展 / 杂病应用,p02398,true,builtin-sonnet,single_engine
Physician_64d2cbdcf5,Work_6ce43dd38a,authored,1,民国·何廉臣.绍派伤寒何廉臣方药论著选,代表医家 / 徐荣斋 / 理论拓展 / 杂病应用,p02398,true,builtin-sonnet,single_engine
Physician_82e7e7ab25,Work_35827fdac4,authored,1,沈钦荣，毛小明，方春阳.越医文化,代表医家 / 徐荣斋 / 理论拓展 / 杂病应用,p02398,true,builtin-sonnet,single_engine
Physician_c8ab6ed98f,Work_35827fdac4,authored,1,沈钦荣，毛小明，方春阳.越医文化,代表医家 / 徐荣斋 / 理论拓展 / 杂病应用,p02398,true,builtin-sonnet,single_engine
Physician_9b47f4ab2d,Work_61dafa6f42,authored,1,清·赵晴初.存存斋医论,代表医家 / 徐荣斋 / 理论拓展 / 杂病应用,p02398,true,builtin-sonnet,single_engine
Physician_82e7e7ab25,Work_61dafa6f42,editedRevised,1,沈钦荣点校.清·赵晴初.存存斋医论,代表医家 / 徐荣斋 / 理论拓展 / 杂病应用,p02398,true,builtin-sonnet,single_engine
Physician_35e82a6698,Work_1cafe3eb66,authored,1,民国·傅崇黻.嬾园医语,代表医家 / 徐荣斋 / 理论拓展 / 杂病应用,p02398,true,builtin-sonnet,single_engine
Physician_189c916d15,Doctrine_96237164c6,proposes,1,吾绍伤寒有专科，名曰绍派,概述,p00298,true,builtin-sonnet,single_engine
Physician_dd9265a598,Doctrine_0313431ca8,proposes,1,张景岳《景岳全书•伤寒典》阐述的论伤寒之汗法、下法、补法、慎用苦寒的学术观点,概述,p00299,true,builtin-sonnet,single_engine
Physician_dd9265a598,Doctrine_2e032357f2,proposes,1,强调勘病、辨证、论治的统一,概述,p00299,true,builtin-sonnet,single_engine
Physician_dd9265a598,Doctrine_5002c263d7,proposes,1,认为伤寒为外感百病之总名，将“温病”“暑病”专篇，隶于伤寒名下，可谓绍派之滥殇。,概述,p00299,true,builtin-sonnet,single_engine
Physician_6a49bc377c,Doctrine_c66857205f,proposes,1,首届国医大师邓铁涛评“本书之出版，使浙派医学再放光彩”,概述,p00300,true,builtin-sonnet,single_engine
Physician_3400e478ba,Doctrine_2df154bb70,proposes,1,且言虽浅近，而取之无尽，用之不竭。智者见智，仁者见仁，老医宿学，得此而且以扩充见闻，即在后生小子，又何往而不一览了然，心领神会,概述,p00304,true,builtin-sonnet,single_engine
Physician_dd9265a598,Doctrine_cf5b9f258a,proposes,1,把《素问》、《灵枢》合为一书，以《灵枢》启《素问》之微，《素问》发《灵枢》之秘，相为表里，互通精义,代表医家 / 张景岳 / 生平与代表著作简介,p00318,true,builtin-sonnet,single_engine
Physician_dd9265a598,Doctrine_9c9799d721,proposes,1,按摄生、阴阳、藏象、脉色、经络、标本、气味、论治、疾病、针刺、运气、会通十二类重新分类编著,代表医家 / 张景岳 / 生平与代表著作简介,p00318,true,builtin-sonnet,single_engine
Physician_dd9265a598,Doctrine_36aa414175,proposes,1,全书编写敢于突破旧制，理论上多有创见，发隐就明，转晦难之句为易懂之语,代表医家 / 张景岳 / 生平与代表著作简介,p00318,true,builtin-sonnet,single_engine
Physician_dd9265a598,Doctrine_c73670afcb,proposes,1,“凡诊病施治，必须要审阴阳，乃为医道之纲领。阴阳无谬，治焉有差？医道虽繁，而可以一言蔽之者，曰阴阳而已”,代表医家 / 张景岳 / 学术观点及诊治经验 / 洞明医理重阴阳,p00323,true,builtin-sonnet,single_engine
Physician_dd9265a598,Doctrine_b10a5a3504,proposes,1,“阴阳既明，则表于里对，虚于实对，寒与热对。明此六变，明此阴阳，则天下之病固不能出此八者”,代表医家 / 张景岳 / 学术观点及诊治经验 / 洞明医理重阴阳,p00323,true,builtin-sonnet,single_engine
Physician_dd9265a598,Doctrine_39c54ee893,proposes,1,《景岳全书》开卷第一句即为“万事不能外乎理，而医之理为尤切；散之则理为万象，会之则理归一心。”,代表医家 / 张景岳 / 学术观点及诊治经验 / 洞明医理重阴阳,p00323,true,builtin-sonnet,single_engine
Physician_dd9265a598,Doctrine_1b07ddbc4c,proposes,1,“火性本热，使火中无水，其热必极，热极则亡阴，而万物焦枯矣；水性本寒，使水中无火，其寒必极，寒极则亡阳，而万物寂灭矣”（《景岳全书·传忠录阴阳篇》）,代表医家 / 张景岳 / 学术观点及诊治经验 / 洞明医理重阴阳,p00324,true,builtin-sonnet,single_engine
Physician_dd9265a598,Doctrine_6a64c6f36e,proposes,1,“善补阳者，必于阴中求阳，则阳得阴助而生化无穷；善补阴者，必于阳中求阴，则阴得阳生而泉源不竭”（《景岳全书·新方八略引》）,代表医家 / 张景岳 / 学术观点及诊治经验 / 洞明医理重阴阳,p00324,true,builtin-sonnet,single_engine
Physician_dd9265a598,Doctrine_c7f08ebf07,proposes,1,他不仅对于阴阳虚损疾病能详辨阴阳水火精气之情而用左归、右归化裁施治,代表医家 / 张景岳 / 学术观点及诊治经验 / 洞明医理重阴阳,p00324,true,builtin-sonnet,single_engine
Physician_dd9265a598,Doctrine_91d6f75ba5,proposes,1,凡治伤寒，如时寒火衰，内无热邪而表不解者，宜辛温热剂散之;时热火盛而表不解者，宜辛温热剂散之，时热火盛而表不解者，宜以辛甘凉剂散之,代表医家 / 张景岳 / 学术观点及诊治经验 / 伤寒散表分温凉,p00326,true,builtin-sonnet,single_engine
Physician_dd9265a598,Doctrine_b263747a23,proposes,1,为“绍派伤寒”治感症创立了“见热宜寒，见寒宜热”的治病总则,代表医家 / 张景岳 / 学术观点及诊治经验 / 伤寒散表分温凉,p00326,true,builtin-sonnet,single_engine
Physician_63803ee7c4,Doctrine_400541ab2f,proposes,1,仲景治伤寒表证，惟麻黄、桂枝而已,代表医家 / 张景岳 / 学术观点及诊治经验 / 伤寒散表分温凉,p00326,true,builtin-sonnet,single_engine
Physician_dd9265a598,Doctrine_70ddb813d0,proposes,1,温散类方如麻黄汤、桂枝汤、麻桂饮、葛根汤、五积散等，凉散类方如柴胡饮、九味羌活汤、归葛饮等，分别载入新方八阵与古方八阵中,代表医家 / 张景岳 / 学术观点及诊治经验 / 伤寒散表分温凉,p00326,true,builtin-sonnet,single_engine
Physician_dd9265a598,Doctrine_e88f90c6bf,proposes,1,把汗法提高到伤寒证治的首要地位。,代表医家 / 张景岳 / 学术观点及诊治经验 / 伤寒汗法尽其妙,p00328,true,builtin-sonnet,single_engine
Physician_dd9265a598,Doctrine_ca17014bee,proposes,1,他认为伤寒证治法虽有六（指汗、补、温、清、吐、下六者），汗实统之。而汗外五法，亦无非取汗之法也。,代表医家 / 张景岳 / 学术观点及诊治经验 / 伤寒汗法尽其妙,p00328,true,builtin-sonnet,single_engine
Physician_dd9265a598,Doctrine_3383f6c3e6,proposes,1,“伤寒千态万状， 只虚实二字尽之”（《质疑录》）,代表医家 / 张景岳 / 学术观点及诊治经验 / 伤寒补法开生面,p00336,true,builtin-sonnet,single_engine
Physician_dd9265a598,Doctrine_187b3328c6,proposes,1,“故凡(伤寒)气实而病者，但去其邪，攻之无难。所可虑者，惟伤寒挟虚为难耳”（《质疑录》）,代表医家 / 张景岳 / 学术观点及诊治经验 / 伤寒补法开生面,p00336,true,builtin-sonnet,single_engine
Physician_dd9265a598,Doctrine_df480419ac,proposes,1,“故力辩之，欲以救时弊，非好补也”（《质疑录》）,代表医家 / 张景岳 / 学术观点及诊治经验 / 伤寒补法开生面,p00336,true,builtin-sonnet,single_engine
Physician_dd9265a598,Doctrine_d8c05e4421,proposes,1,“不知补者所以补中，是即托里之意。亦以寒邪如盗其来在外，元气如民其守在中，足民正所以强中，强中正所以御外，保命玄机惟此一着，何为补住邪气”,代表医家 / 张景岳 / 学术观点及诊治经验 / 伤寒补法开生面,p00337,true,builtin-sonnet,single_engine
Physician_dd9265a598,Doctrine_b1d4b53e28,proposes,1,“伤寒精血素弱或阴中阳气不足，脉细弱而恶寒者，必须大助真阴，则阳从阴出，而表邪自可速解”,代表医家 / 张景岳 / 学术观点及诊治经验 / 伤寒补法开生面,p00337,true,builtin-sonnet,single_engine
Physician_dd9265a598,Doctrine_263e4553cb,proposes,1,“风寒之邪传入于里”，“必阳明邪实于腑而秘结、腹满者，乃可下之”,代表医家 / 张景岳 / 学术观点及诊治经验 / 伤寒下法启后人,p00339,true,builtin-sonnet,single_engine
Physician_dd9265a598,Doctrine_5978704580,proposes,1,“若阳明胃腑本无实邪，切不可妄下、妄导，以泄中气”,代表医家 / 张景岳 / 学术观点及诊治经验 / 伤寒下法启后人,p00339,true,builtin-sonnet,single_engine
Physician_63803ee7c4,Doctrine_aa639949fc,proposes,1,仲景《伤寒论》有曰病发于阳而反下之，热入因作结胸;病发于阴而反下之，内虚因作痞气,代表医家 / 张景岳 / 学术观点及诊治经验 / 伤寒下法启后人,p00339,true,builtin-sonnet,single_engine
Physician_dd9265a598,Doctrine_59aff86b78,proposes,1,“阳证下之早者，为结胸；阴证下之早者，为痞气”,代表医家 / 张景岳 / 学术观点及诊治经验 / 伤寒下法启后人,p00339,true,builtin-sonnet,single_engine
Physician_dd9265a598,Doctrine_9e36b84bbe,proposes,1,“夫结胸、 痞气，因早下而成，固人人能明之。独阴阳二字，未有能确辨之者”,代表医家 / 张景岳 / 学术观点及诊治经验 / 伤寒下法启后人,p00339,true,builtin-sonnet,single_engine
Physician_dd9265a598,Doctrine_26ea6488a3,proposes,1,“伤寒之邪，自三阳经足太阳膀胱为始，膀胱为三阳经之首，其邪在三阳经则可汗，而反下之，故成结胸。三阴足太阴脾之经，则可汗而不可下，反下之则成痞气”,代表医家 / 张景岳 / 学术观点及诊治经验 / 伤寒下法启后人,p00339,true,builtin-sonnet,single_engine
Physician_dd9265a598,Doctrine_d32961d94e,proposes,1,而且认为温病暑病之作，都是由于冬时寒毒内藏，伏寒化热，至春发为温病，至春夏发为暑病，寒毒所化，总谓“伤寒”,代表医家 / 张景岳 / 原文选释 / 拘于时代，寒温未分,p00347,true,builtin-sonnet,single_engine
Physician_3d32a4b038,Doctrine_19273c720b,proposes,1,瘟疫本即伤寒，无非外邪之病，但染时气而病无少长率相似者，是即瘟疫之谓,代表医家 / 张景岳 / 原文选释 / 拘于时代，寒温未分,p00348,true,builtin-sonnet,single_engine
Physician_dd9265a598,Doctrine_4650b4f840,proposes,1,景岳先生云：“真知其表邪未解，则当汗之，真知其胃邪已实，方可下之；真知其阴寒邪胜，自宜温之；真知其邪实虚，客主不敌，必需补之”,代表医家 / 张景岳 / 原文选释 / 因机察变，原始要终,p00360,true,builtin-sonnet,single_engine
Physician_3d32a4b038,Doctrine_667846ae56,proposes,1,风寒入于少阳，使皮腠肌肉间津液遇寒化湿凝结成痰，得陈、夏、苓自然燥湿化痰于无形，但传入少阳之邪非用柴胡从来路透出不可,代表医家 / 张景岳 / 方剂选录 / 诸柴胡煎,p00433,true,builtin-sonnet,single_engine
Physician_3d32a4b038,Doctrine_b194f78ed6,proposes,1,邪动营血，必致皮肤痘疹四起，故用芍药（应以赤芍药为好）、葛根凉血透疹，柴胡、黄芩疏解少阳余热，连翘一味，既可助芍、葛透毒，又可帮柴、芩宣邪，生甘草调和诸药，又有解毒之能,代表医家 / 张景岳 / 方剂选录 / 诸柴胡煎,p00433,true,builtin-sonnet,single_engine
Physician_dd9265a598,Doctrine_009b1d3258,proposes,1,欲人知合辟之权，不在乎能放能收，而在乎所以主之者,代表医家 / 张景岳 / 医案选按 / 七旬衰翁伤寒战汗案,p00469,true,builtin-sonnet,single_engine
Physician_dd9265a598,Doctrine_51ae0ab4cf,proposes,1,余察其形气未脱，遂以甘温壮水等药，大剂进之以救其本，仍间用凉水以滋其标,代表医家 / 张景岳 / 医案选按 / 水药并投救治阴虚伤寒案,p00473,true,builtin-sonnet,single_engine
Physician_dd9265a598,Doctrine_d0380ce298,proposes,1,故于津液干燥，阴虚便结，而热渴火盛之证，亦所不忌,代表医家 / 张景岳 / 医案选按 / 水药并投救治阴虚伤寒案,p00473,true,builtin-sonnet,single_engine
Physician_b5cb5b9c75,Doctrine_c7d8b6b33d,proposes,1,其断病，若者七日愈，若者十四愈，若者二十一日愈，十有九验,代表医家 / 俞根初 / 生平与代表著作简介,p00483,true,builtin-sonnet,single_engine
Physician_189c916d15,Doctrine_9ad41ea3f0,proposes,1,其学识折衷仲景，参用朱氏南阳、方氏中行、陶氏节庵、吴氏又可、张氏景岳,代表医家 / 俞根初 / 生平与代表著作简介,p00484,true,builtin-sonnet,single_engine
Physician_1245bdc3d9,Doctrine_792f40d0a7,proposes,1,谚云，熟读王叔和，不如临证多，非谓临证多者不必读书也，亦谓临证多者乃为读书耳,代表医家 / 俞根初 / 生平与代表著作简介,p00484,true,builtin-sonnet,single_engine
Physician_1245bdc3d9,Doctrine_5b65862873,proposes,1,主张书宜活读，方宜活用,代表医家 / 俞根初 / 生平与代表著作简介,p00484,true,builtin-sonnet,single_engine
Physician_b5cb5b9c75,Doctrine_3982b07efe,proposes,1,其诊病，必先观目察舌，用两手按其胸脘至小腹，有无痛处，再问其口渴与否，大小便通与不通，服过何药，然后切脉辨症，查明其病源，审定其现象，心中了了，毫无疑似，方始处方,代表医家 / 俞根初 / 生平与代表著作简介,p00485,true,builtin-sonnet,single_engine
Physician_b5cb5b9c75,Doctrine_a4ab67daf1,proposes,1,“若不将病源症候，一一明辨在先，遽为舌苔之征实，不比脉象之蹈虚。而以探试幸中之药品，妄事表彰，断定草药可治某舌，亦多误人之弊。后之学者，必小心谨慎之”（《心法提要》）,代表医家 / 俞根初 / 生平与代表著作简介,p00485,true,builtin-sonnet,single_engine
Physician_b5cb5b9c75,Doctrine_cc5219778e,proposes,1,“故前哲善治伤寒者，其致力虽在杂病未研之先，而得心转在杂病悉通之后，不亲历者不知也，临证不博者更不知也”（《伤寒夹证》）,代表医家 / 俞根初 / 生平与代表著作简介,p00485,true,builtin-sonnet,single_engine
Physician_b5cb5b9c75,Doctrine_85380190a4,proposes,1,勘伤寒症，全凭胆识。望形察色，辨舌诊脉，在乎识；选药制方，定量减味，在乎胆。必先有定识于平时，乃能有定见于俄顷。然临证断病，必须眼到、手到、心到，三者俱到，活泼泼地，而治病始能无误，熟能生巧，非笨伯所能模仿也,代表医家 / 俞根初 / 生平与代表著作简介,p00487,true,builtin-sonnet,single_engine
Physician_b5cb5b9c75,Doctrine_1c748222c1,proposes,1,谓古方不能尽中后人之病，后人不得尽泥古人之法，全在一片灵机，对证发药,代表医家 / 俞根初 / 生平与代表著作简介,p00505,true,builtin-sonnet,single_engine
Physician_b5cb5b9c75,Doctrine_9bf0198e0e,proposes,1,其条列治法，温寒互用，补泻兼施，亦无偏主一格之弊，方方切用，法法灵通,代表医家 / 俞根初 / 生平与代表著作简介,p00505,true,builtin-sonnet,single_engine
Physician_bec16b53a7,Doctrine_d06ba40e25,proposes,1,可谓方法美备，学理新颖，不但四季时病无一不备而，而重要杂证，亦无遗漏矣,代表医家 / 俞根初 / 生平与代表著作简介,p00506,true,builtin-sonnet,single_engine
Physician_bec16b53a7,Doctrine_8d06fcacb2,proposes,1,为当今改进国医之先锋，可为后学登堂入室之锁钥，亦无不可,代表医家 / 俞根初 / 生平与代表著作简介,p00506,true,builtin-sonnet,single_engine
Physician_3400e478ba,Doctrine_b89ba950eb,proposes,1,且言虽浅近，而取之不尽，用之不竭，智者见智，仁者见仁，老医宿学，得此而且以扩充见闻，即在后生小子，又何往而不一览了解，心领神会。,代表医家 / 俞根初 / 生平与代表著作简介,p00508,true,builtin-sonnet,single_engine
Physician_6a49bc377c,Doctrine_6586eb3991,proposes,1,足证此书是一本从实践中来又能指导临床实践之专著,代表医家 / 俞根初 / 生平与代表著作简介,p00510,true,builtin-sonnet,single_engine
Physician_b5cb5b9c75,Doctrine_e428c7ca3f,proposes,1,"若以""寒温统一论""观点看，则俞根初先生可以说是先行者",代表医家 / 俞根初 / 生平与代表著作简介,p00511,false,builtin-sonnet,single_engine
Physician_b5cb5b9c75,Doctrine_23b144e78f,proposes,1,本书另一特色是诊断上的发挥，重视舌诊，补充了《伤寒论》之不足。,代表医家 / 俞根初 / 生平与代表著作简介,p00512,true,builtin-sonnet,single_engine
Physician_b5cb5b9c75,Doctrine_47b9a791f3,proposes,1,在辨证方面，除了六经辨证论治之外，对表、里、寒、热、虚、实、真、假及气血辨证加以详论，则在诊断上发挥了仲景之论，为“八纲”辨证论添砖加瓦。,代表医家 / 俞根初 / 生平与代表著作简介,p00512,true,builtin-sonnet,single_engine
Physician_b5cb5b9c75,Doctrine_f3112d199f,proposes,1,如何在继承的基础上创新，俞根初先生及其后继者的《通俗伤寒论》给我们以正确的启示，树立了榜样。,代表医家 / 俞根初 / 生平与代表著作简介,p00514,true,builtin-sonnet,single_engine
Physician_b5cb5b9c75,Doctrine_b47e5480df,proposes,1,既不同于伤寒学派，又异于温病学派，探微索奥，自成一家,代表医家 / 俞根初 / 学术观点及诊治经验 / 崇六经、参三焦，倡外感新论,p00517,true,builtin-sonnet,single_engine
Physician_d9eb3817e4,Doctrine_8ac14c632c,proposes,1,吴鞠通谓：“若真知确见其为伤寒，无论何时，自当仍宗仲景；若真知六气中为何气，非伤寒者，则于本论中求之”（《温病条辨·自序》）,代表医家 / 俞根初 / 学术观点及诊治经验 / 崇六经、参三焦，倡外感新论,p00519,true,builtin-sonnet,single_engine
Physician_b5cb5b9c75,Doctrine_b892a4086f,proposes,1,俞氏认为要解决他们之间的纷争，首先应该对《伤寒论》中提出的“六经”实质有清晰的认识,代表医家 / 俞根初 / 学术观点及诊治经验 / 崇六经、参三焦，倡外感新论,p00519,true,builtin-sonnet,single_engine
Physician_b5cb5b9c75,Doctrine_beca5eb640,proposes,1,“太阳经主皮毛，阳明经主肌肉，少阳经主腠理，太阴经主肢末，少阴经主血脉，厥阴经主筋膜”,代表医家 / 俞根初 / 学术观点及诊治经验 / 崇六经、参三焦，倡外感新论,p00521,true,builtin-sonnet,single_engine
Physician_b5cb5b9c75,Doctrine_f23b40a4f1,proposes,1,俞氏说：“太阳内部主胸中，少阳内部主膈中，阳明内部主脘中，太阴内部主大腹，少阴内部主小腹，厥阴内部主少腹”,代表医家 / 俞根初 / 学术观点及诊治经验 / 崇六经、参三焦，倡外感新论,p00522,true,builtin-sonnet,single_engine
Physician_189c916d15,Doctrine_3346ec2522,proposes,1,此即六经分主三焦之部分也。,代表医家 / 俞根初 / 学术观点及诊治经验 / 崇六经、参三焦，倡外感新论,p00522,true,builtin-sonnet,single_engine
Physician_64d2cbdcf5,Doctrine_05d4231ed6,proposes,1,张长沙治伤寒法，虽分六经，亦不外三焦。,代表医家 / 俞根初 / 学术观点及诊治经验 / 崇六经、参三焦，倡外感新论,p00522,true,builtin-sonnet,single_engine
Physician_64d2cbdcf5,Doctrine_fa080b6e2f,proposes,1,窃谓病在躯壳，当分六经形层；病入内脏，当辨三焦部分，详审其所夹何邪，分际清晰，庶免颟顸之弊。,代表医家 / 俞根初 / 学术观点及诊治经验 / 崇六经、参三焦，倡外感新论,p00522,true,builtin-sonnet,single_engine
Physician_b5cb5b9c75,Doctrine_c9408ae922,proposes,1,俞氏形层说解六经理论，为阐发仲景六经学说精蕴，另辟蹊径，亦为其寒温一统理论奠定了基础。,代表医家 / 俞根初 / 学术观点及诊治经验 / 崇六经、参三焦，倡外感新论,p00522,true,builtin-sonnet,single_engine
Physician_b5cb5b9c75,Doctrine_05dfee7b04,proposes,1,发现于表者易明，隐伏于里者难辨；真寒真热者易明，假寒假热者难辨,代表医家 / 俞根初 / 学术观点及诊治经验 / 崇六经、参三焦，倡外感新论,p00524,true,builtin-sonnet,single_engine
Physician_b5cb5b9c75,Doctrine_d5320d280b,proposes,1,凡勘伤寒，既明病所之表里，病状之寒热，尤必明病人之气血，病体之虚实,代表医家 / 俞根初 / 学术观点及诊治经验 / 崇六经、参三焦，倡外感新论,p00524,true,builtin-sonnet,single_engine
Physician_b5cb5b9c75,Doctrine_5d67d7fb22,proposes,1,吾四十余年阅历以来，凡病之属阳明、少阳、厥阴而宜凉泻清滋者，十有七八；如太阳、太阴、少阴之宜温散温补者，十仅三四，表里双解，三焦并治，温凉合用，通补兼施者，最居多数,代表医家 / 俞根初 / 学术观点及诊治经验 / 崇六经、参三焦，倡外感新论,p00524,true,builtin-sonnet,single_engine
Physician_b5cb5b9c75,Doctrine_d7df824040,proposes,1,六经实热，总清阳明；六经虚寒，总温太阴；六经实寒，总散太阳；六经虚热，总滋厥阴,代表医家 / 俞根初 / 学术观点及诊治经验 / 崇六经、参三焦，倡外感新论,p00524,true,builtin-sonnet,single_engine
Physician_b5cb5b9c75,Doctrine_5b1232d615,proposes,1,俞氏以八纲学说析六经，立足临床，不囿于《伤寒论》条文,代表医家 / 俞根初 / 学术观点及诊治经验 / 崇六经、参三焦，倡外感新论,p00524,true,builtin-sonnet,single_engine
Physician_b5cb5b9c75,Doctrine_7ba40e8422,proposes,1,伤寒，外感百病之总名也,代表医家 / 俞根初 / 学术观点及诊治经验 / 崇六经、参三焦，倡外感新论,p00527,true,builtin-sonnet,single_engine
Physician_5baca69bb0,Doctrine_e4e328325d,proposes,1,后汉张仲景著《伤寒杂病论》，以伤寒二字统括四时六气之外感证,代表医家 / 俞根初 / 学术观点及诊治经验 / 崇六经、参三焦，倡外感新论,p00527,true,builtin-sonnet,single_engine
Physician_b5cb5b9c75,Doctrine_23977c4b9b,proposes,1,故俞氏在病名上统称伤寒温热，如风温伤寒、湿温伤寒、秋燥伤寒、冬温伤寒等,代表医家 / 俞根初 / 学术观点及诊治经验 / 崇六经、参三焦，倡外感新论,p00527,true,builtin-sonnet,single_engine
Physician_b5cb5b9c75,Doctrine_171fa99d33,proposes,1,俞氏认为《伤寒论》虽为诊疗外感时病之全书，但毕竟详于伤寒而略于温热,代表医家 / 俞根初 / 学术观点及诊治经验 / 崇六经、参三焦，倡外感新论,p00528,true,builtin-sonnet,single_engine
Physician_b5cb5b9c75,Doctrine_88808d84fb,proposes,1,故俞氏根据温热病致病的特点，在六经辨证大纲指导下，参以六淫、新感伏邪致病说（其中对六淫中湿之为病辨之尤详）,代表医家 / 俞根初 / 学术观点及诊治经验 / 崇六经、参三焦，倡外感新论,p00528,true,builtin-sonnet,single_engine
Physician_b5cb5b9c75,Doctrine_8a3f724254,proposes,1,使三焦辨证、八纲辨证与之有机结合，既丰富了仲景六经辨证理论，又补温病学派之未备,代表医家 / 俞根初 / 学术观点及诊治经验 / 崇六经、参三焦，倡外感新论,p00528,true,builtin-sonnet,single_engine
Physician_64d2cbdcf5,Doctrine_6736768b3f,proposes,1,何廉臣称之曰：“廉臣细参吴氏《条辨》峙立三焦，远不逮俞氏发明六经之精详，包括三焦而一无遗憾”（《六经总诀》）,代表医家 / 俞根初 / 学术观点及诊治经验 / 崇六经、参三焦，倡外感新论,p00528,true,builtin-sonnet,single_engine
Physician_b5cb5b9c75,Doctrine_8f8fdaaec7,proposes,1,“风寒风温，治在太阳；风温风火，治在少阳；暑热燥火，治在阳明；寒湿湿温，治在太阴；中寒治在少阴，风热治在厥阴”,代表医家 / 俞根初 / 学术观点及诊治经验 / 崇六经、参三焦，倡外感新论,p00529,true,builtin-sonnet,single_engine
Physician_b5cb5b9c75,Doctrine_72cac1a98a,proposes,1,“阳道实，故风寒实邪从太阳汗之，燥热实邪从阳明下之，邪之微者，从少阳和之；阴道虚，故寒湿虚邪从太阴温之，风热虚邪，从厥阴清之，虚之甚者，从少阴补之；阳道虽实，而少阳为邪之微，故和而兼补；阴道本虚，而少阴尤虚之极，故补之须峻”,代表医家 / 俞根初 / 学术观点及诊治经验 / 崇六经、参三焦，倡外感新论,p00529,true,builtin-sonnet,single_engine
Physician_b5cb5b9c75,Doctrine_321b38c0a8,proposes,1,“外寒宜汗，宜用太阳汗剂药；里寒宜温，宜用太阴温剂药，固已，惟上焦可佐生姜、蔻仁；中焦可佐以朴、草果，或佐丁香、花椒；下焦可佐小茴、沉香，或佐吴萸、乌药，随证均可酌入”,代表医家 / 俞根初 / 学术观点及诊治经验 / 崇六经、参三焦，倡外感新论,p00529,true,builtin-sonnet,single_engine
Physician_b5cb5b9c75,Doctrine_274ebdd74c,proposes,1,俞根初提出的辨证感证理论源于临诊实践，遵经而参众家之长,代表医家 / 俞根初 / 学术观点及诊治经验 / 崇六经、参三焦，倡外感新论,p00530,true,builtin-sonnet,single_engine
Physician_b5cb5b9c75,Doctrine_f217cbea5d,proposes,1,总结了特别适宜于江浙温湿之地、喜饮酒果之人的伤寒诊法及辨脉舌法,代表医家 / 俞根初 / 学术观点及诊治经验 / 崇六经、参三焦，倡外感新论,p00530,true,builtin-sonnet,single_engine
Physician_64d2cbdcf5,Doctrine_38dc3d1883,proposes,1,俞氏以观目为诊法之首要，洵得诊断学的主脑,代表医家 / 俞根初 / 学术观点及诊治经验 / 重观目、擅腹诊，分六经舌苔,p00537,true,builtin-sonnet,single_engine
Physician_b5cb5b9c75,Doctrine_b80b52018c,proposes,1,并推腹诊为“诊法上第四要诀”,代表医家 / 俞根初 / 学术观点及诊治经验 / 重观目、擅腹诊，分六经舌苔,p00540,true,builtin-sonnet,single_engine
Physician_b5cb5b9c75,Doctrine_15168e7aa7,proposes,1,宜按摩数次，或轻或重，或击或抑，以察胸腹之坚软，拒按与否，并察胸腹之冷热，灼手与否，以定其病之寒热虚实,代表医家 / 俞根初 / 学术观点及诊治经验 / 重观目、擅腹诊，分六经舌苔,p00540,true,builtin-sonnet,single_engine
Physician_b5cb5b9c75,Doctrine_d9bb106cce,proposes,1,若欲诊肌表之病变，则宜轻手循抚，自胸上而脐下，知皮肤之润燥，可以辨寒热,代表医家 / 俞根初 / 学术观点及诊治经验 / 重观目、擅腹诊，分六经舌苔,p00540,true,builtin-sonnet,single_engine
Physician_b5cb5b9c75,Doctrine_21f49d4256,proposes,1,若欲诊深部之病变，则宜重手推按，察其硬否，以辨脏腑之虚实，沉积之何如,代表医家 / 俞根初 / 学术观点及诊治经验 / 重观目、擅腹诊，分六经舌苔,p00540,true,builtin-sonnet,single_engine
Physician_b5cb5b9c75,Doctrine_1c267ae840,proposes,1,介于二者之间，宜中手寻扪，问其痛不痛，以察邪气之有无,代表医家 / 俞根初 / 学术观点及诊治经验 / 重观目、擅腹诊，分六经舌苔,p00540,true,builtin-sonnet,single_engine
Physician_b5cb5b9c75,Doctrine_fb55d1c732,proposes,1,其轻、中、重手法，犹如诊脉之浮、中、沉手法也,代表医家 / 俞根初 / 学术观点及诊治经验 / 重观目、擅腹诊，分六经舌苔,p00540,true,builtin-sonnet,single_engine
Physician_b5cb5b9c75,Doctrine_71584c843f,proposes,1,按冲任脉动而热，热能灼手者，症虽寒战咬牙，肢厥不利，是为真热而假寒。若按腹两旁虽热，于冲任脉久按之，无热而冷，症虽面红口渴，脉数舌赤，是为真寒而假热。,代表医家 / 俞根初 / 学术观点及诊治经验 / 重观目、擅腹诊，分六经舌苔,p00543,true,builtin-sonnet,single_engine
Physician_b5cb5b9c75,Doctrine_c80793b05d,proposes,1,并以冲任脉动之高低来推断热势轻重。动而低者热尚轻，动而高者热甚重，经治疗积热渐下，冲任脉动渐微。,代表医家 / 俞根初 / 学术观点及诊治经验 / 重观目、擅腹诊，分六经舌苔,p00543,true,builtin-sonnet,single_engine
Physician_b5cb5b9c75,Doctrine_f17c40cf6f,proposes,1,虽在气血素虚者，既受邪气，如酷暑严寒，即为虚中挟实，但清其暑，散其寒以去邪，邪去则正自安。,代表医家 / 俞根初 / 学术观点及诊治经验 / 先开郁、善透达，为邪留出路,p00549,true,builtin-sonnet,single_engine
Physician_b5cb5b9c75,Doctrine_ca1a40744a,proposes,1,俞氏认为，伤寒为病虽千变万化，但究其因不过是一气之通塞耳，塞则病，通则安,代表医家 / 俞根初 / 学术观点及诊治经验 / 先开郁、善透达，为邪留出路,p00551,true,builtin-sonnet,single_engine
Physician_b5cb5b9c75,Doctrine_39b645ee0e,proposes,1,以取“风能胜湿”之意,代表医家 / 俞根初 / 学术观点及诊治经验 / 先开郁、善透达，为邪留出路,p00551,true,builtin-sonnet,single_engine
Physician_b5cb5b9c75,Doctrine_896d53daca,proposes,1,余谓发表不但一汗法，凡发疹、发斑、发瘄、发痘，使邪从表而出者，皆谓之发表；攻里亦不仅一下法，凡导痰、蠲饮、消食、去积、通瘀、杀虫、利小便、逐败精，使邪从里而出者，皆谓之攻里。,代表医家 / 俞根初 / 学术观点及诊治经验 / 先开郁、善透达，为邪留出路,p00555,true,builtin-sonnet,single_engine
Physician_b5cb5b9c75,Doctrine_9564473286,proposes,1,邪留气分，每易疏透，轻则自汗而解，重而解以战汗、狂汗；邪留血分，恒多胶滞，轻则发疹而解，重则解以发斑发疮。,代表医家 / 俞根初 / 学术观点及诊治经验 / 先开郁、善透达，为邪留出路,p00555,true,builtin-sonnet,single_engine
Physician_b5cb5b9c75,Doctrine_0b124f0c5b,proposes,1,外风宜散，内风宜熄，表寒宜汗，里寒宜温，伤暑宜清，中暑宜开，伏暑宜下，风湿寒湿，宜汗宜温，暑湿芳淡，湿火苦泄，寒燥温润，热燥凉润，郁火宜发，实火宜泻，阴火宣引。,代表医家 / 俞根初 / 学术观点及诊治经验 / 先开郁、善透达，为邪留出路,p00555,true,builtin-sonnet,single_engine
Physician_189c916d15,Doctrine_29a129f642,proposes,1,此语极为明通，凡邪从外来，必从外去，发表固为外解，攻里亦为外解，总之使邪有出路而已，使邪早有出路而已。……邪早退一日，正即早安一日，此为治一切感证之总诀。,代表医家 / 俞根初 / 学术观点及诊治经验 / 先开郁、善透达，为邪留出路,p00555,true,builtin-sonnet,single_engine
Physician_b5cb5b9c75,Doctrine_5b63ba0d54,proposes,1,下水结则甘遂、大戟，下瘀结则醋炒生军，下寒结则巴豆霜，下热结则主生军,代表医家 / 俞根初 / 学术观点及诊治经验 / 先开郁、善透达，为邪留出路,p00558,true,builtin-sonnet,single_engine
Physician_b5cb5b9c75,Doctrine_7418dde8d3,proposes,1,应用则用，别无他药可代，切忽以稳药塞责，药稳定而病反不稳定也,代表医家 / 俞根初 / 学术观点及诊治经验 / 先开郁、善透达，为邪留出路,p00558,true,builtin-sonnet,single_engine
Physician_b5cb5b9c75,Doctrine_31d3d68aa3,proposes,1,故俞氏治吐泻不得、腹痛昏闷、病势险急之干霍乱，急用涌吐法，川椒五七粒和食盐拌炒微黄，开水泡汤，调入飞马金丹十四五粒，作速灌肠，使其上吐下泻，祛其邪以安正,代表医家 / 俞根初 / 学术观点及诊治经验 / 先开郁、善透达，为邪留出路,p00558,true,builtin-sonnet,single_engine
Physician_b5cb5b9c75,Doctrine_466b71bbd4,proposes,1,人皆谓百病莫难于伤寒，予谓治伤寒何难？治伤寒兼证稍难，治伤寒夹证较难，治伤寒变证更难，治伤寒坏证最难,代表医家 / 俞根初 / 学术观点及诊治经验 / 先开郁、善透达，为邪留出路,p00558,true,builtin-sonnet,single_engine
Physician_b5cb5b9c75,Doctrine_abbfcafdcd,proposes,1,盖期间寒热杂感，燥湿互见，虚实混淆，阴阳疑似，非富于经验而手敏心灵，随即应变者，决不足当此重任,代表医家 / 俞根初 / 学术观点及诊治经验 / 先开郁、善透达，为邪留出路,p00558,true,builtin-sonnet,single_engine
Physician_b5cb5b9c75,Doctrine_7bd930e156,proposes,1,切不可一见暑病，不审其有无兼证夹证，擅用清凉也,代表医家 / 俞根初 / 学术观点及诊治经验 / 先开郁、善透达，为邪留出路,p00558,true,builtin-sonnet,single_engine
Physician_b5cb5b9c75,Doctrine_61069f76ef,proposes,1,暑湿乃浊热粘腻之邪，最难愈，治之初用芳淡，继用苦辛通降方能收功,代表医家 / 俞根初 / 学术观点及诊治经验 / 先开郁、善透达，为邪留出路,p00558,true,builtin-sonnet,single_engine
Physician_b5cb5b9c75,Doctrine_f9df431de9,proposes,1,内伤血郁、外感风寒之夹血伤寒，当活血解表为先，轻则香苏葱豉汤加减，重则桂枝桃仁汤出入；次下瘀血，轻则五仁橘皮汤合抵挡丸，重则桃仁承气汤，俟瘀降便黑，痛势轻减者，可用四物绛覆汤，滋血活络以善后，或用新加酒沥汤滋阴调气以芟根,代表医家 / 俞根初 / 学术观点及诊治经验 / 先开郁、善透达，为邪留出路,p00558,true,builtin-sonnet,single_engine
Physician_1245bdc3d9,Doctrine_650e921006,proposes,1,疏邪解表，以治其标；扶元托散，以培其本,代表医家 / 俞根初 / 学术观点及诊治经验 / 先开郁、善透达，为邪留出路,p00560,true,builtin-sonnet,single_engine
Physician_1245bdc3d9,Doctrine_f0106e1505,proposes,1,营虚者，养血为先；卫虚者，补气为亟；营卫两虚，温补兼施,代表医家 / 俞根初 / 学术观点及诊治经验 / 先开郁、善透达，为邪留出路,p00560,true,builtin-sonnet,single_engine
Physician_1245bdc3d9,Doctrine_5e002e4a40,proposes,1,俞氏主张治以三黄解毒汤（黄连、黄芩、黄柏、栀子、大黄）,代表医家 / 俞根初 / 学术观点及诊治经验 / 先开郁、善透达，为邪留出路,p00560,true,builtin-sonnet,single_engine
Physician_1245bdc3d9,Doctrine_ec8f9a08c1,proposes,1,主以青黛石膏汤（青黛、鲜生地、生石膏、升麻、黄芩、焦栀子、葱头）,代表医家 / 俞根初 / 学术观点及诊治经验 / 先开郁、善透达，为邪留出路,p00560,true,builtin-sonnet,single_engine
Physician_1245bdc3d9,Doctrine_f73c2b4137,proposes,1,如用血分滋腻之药不效，又当审察应下则下，惟中病则止，不可固执成法,代表医家 / 俞根初 / 学术观点及诊治经验 / 先开郁、善透达，为邪留出路,p00560,true,builtin-sonnet,single_engine
Physician_1245bdc3d9,Doctrine_d093256411,proposes,1,抵挡汤及桃仁承气汤主之,代表医家 / 俞根初 / 学术观点及诊治经验 / 先开郁、善透达，为邪留出路,p00560,true,builtin-sonnet,single_engine
Physician_1245bdc3d9,Doctrine_29e5d39e42,proposes,1,大黄桃仁汤（朴硝、大黄、桃仁）主之,代表医家 / 俞根初 / 学术观点及诊治经验 / 先开郁、善透达，为邪留出路,p00560,true,builtin-sonnet,single_engine
Physician_1245bdc3d9,Doctrine_dd6c202ff1,proposes,1,以通为补，此皆庞安常之法也,代表医家 / 俞根初 / 学术观点及诊治经验 / 先开郁、善透达，为邪留出路,p00560,true,builtin-sonnet,single_engine
Physician_b5cb5b9c75,Doctrine_ff18e27757,proposes,1,俞氏注重祛邪，强调透达的经验，是张子和祛邪理论在时病治疗中的活用，也为张子和攻邪理论增添了新内容,代表医家 / 俞根初 / 学术观点及诊治经验 / 先开郁、善透达，为邪留出路,p00561,true,builtin-sonnet,single_engine
Physician_b5cb5b9c75,Doctrine_ecba2379f4,proposes,1,“凡勘伤寒病，必先能治阳明”（《六经总诀》）,代表医家 / 俞根初 / 学术观点及诊治经验 / 治伤寒独重阳明,p00563,true,builtin-sonnet,single_engine
Physician_b5cb5b9c75,Doctrine_5b2f50dc0d,proposes,1,皆不离阳明治也。”（《六经治法》）,代表医家 / 俞根初 / 学术观点及诊治经验 / 治伤寒独重阳明,p00565,true,builtin-sonnet,single_engine
Physician_b5cb5b9c75,Doctrine_5f68b027fc,proposes,1,扶阳滋阴，均宜侧重阳明。”（《六经总诀》）,代表医家 / 俞根初 / 学术观点及诊治经验 / 治伤寒独重阳明,p00565,true,builtin-sonnet,single_engine
Physician_189c916d15,Doctrine_3070dd64fc,proposes,1,未有胃阳不虚而见太阴证者，亦未有胃阴不虚而见厥阴证者,代表医家 / 俞根初 / 学术观点及诊治经验 / 治伤寒独重阳明,p00565,true,builtin-sonnet,single_engine
Physician_189c916d15,Doctrine_9bf73b45cb,proposes,1,惟阳明告竭，方致少阴底板外露，若阳明充盛，必无病及少阴之理。,代表医家 / 俞根初 / 学术观点及诊治经验 / 治伤寒独重阳明,p00565,true,builtin-sonnet,single_engine
Physician_b5cb5b9c75,Doctrine_20e2e9be61,proposes,1,俞氏认为瘥后遗症的药物调理，当分补虚、清热两项。,代表医家 / 俞根初 / 学术观点及诊治经验 / 治伤寒独重阳明,p00565,true,builtin-sonnet,single_engine
Physician_b5cb5b9c75,Doctrine_ec944cf1bf,proposes,1,补虚有两法，一补脾，一补胃，可以六君子汤、黄芪建中汤、叶氏养胃汤加减,代表医家 / 俞根初 / 学术观点及诊治经验 / 治伤寒独重阳明,p00565,true,builtin-sonnet,single_engine
Physician_b5cb5b9c75,Doctrine_fb01a18b4f,proposes,1,初病时之热为实热，宜苦寒药清之，大病后之热为虚热，宜用甘寒药清之，二者有霄壤之殊。,代表医家 / 俞根初 / 学术观点及诊治经验 / 治伤寒独重阳明,p00565,true,builtin-sonnet,single_engine
Physician_b5cb5b9c75,Doctrine_5a246d0de9,proposes,1,俞氏谓：“阳明本证，在上脘病尚浅，咽干口苦，气上冲喉，胸满而喘，心中懊憹；在中脘病已重，大烦大渴，胃实满，手足汗，发潮热，不大便，小便不利；在下脘，由幽门直逼小肠，且于大肠相表里，病尤深重。日晡发热，谵语发狂，目睛不知，腹胀满，绕脐痛，喘冒不得卧，腹中转矢气，大便胶闭，或自利纯清水，昏不识人，甚则循衣摸床，撮空理气”（《六经总诀》）,代表医家 / 俞根初 / 学术观点及诊治经验 / 治伤寒独重阳明,p00567,true,builtin-sonnet,single_engine
Physician_b5cb5b9c75,Doctrine_e5b014cdc9,proposes,1,俞氏治阳明之法虽多，然总以健运胃气，或清或下为主,代表医家 / 俞根初 / 学术观点及诊治经验 / 治伤寒独重阳明,p00567,true,builtin-sonnet,single_engine
Physician_b5cb5b9c75,Doctrine_7a303df544,proposes,1,俞氏治感证，宗仲景六经理论，旁参三焦学说、六淫致病说,代表医家 / 俞根初 / 学术观点及诊治经验 / 方方切用法轻灵,p00569,true,builtin-sonnet,single_engine
Physician_b5cb5b9c75,Doctrine_df0d623e5b,proposes,1,综观俞氏用药，以轻灵见长，所制汤方，每出新意,代表医家 / 俞根初 / 学术观点及诊治经验 / 方方切用法轻灵,p00569,true,builtin-sonnet,single_engine
Physician_64d2cbdcf5,Doctrine_193cffd509,proposes,1,何廉臣称其“方方切用，法法通灵”,代表医家 / 俞根初 / 学术观点及诊治经验 / 方方切用法轻灵,p00569,true,builtin-sonnet,single_engine
Physician_1245bdc3d9,Doctrine_677af7891b,proposes,1,太阳宜汗，轻则杏、苏、橘红，重则麻、桂、薄荷，而葱头尤为发汗之通用。,代表医家 / 俞根初 / 学术观点及诊治经验 / 方方切用法轻灵,p00571,true,builtin-sonnet,single_engine
Physician_1245bdc3d9,Doctrine_cdabd91862,proposes,1,少阳宜和，轻则生姜、绿茶，重则柴胡、黄芩，浅则木贼、青皮，深则青蒿、鳖甲。,代表医家 / 俞根初 / 学术观点及诊治经验 / 方方切用法轻灵,p00571,true,builtin-sonnet,single_engine
Physician_1245bdc3d9,Doctrine_9b45ece6f2,proposes,1,阳明宜下，轻则枳实、槟榔，重则大黄、芒硝，滑则桃、杏、五仁，润则当归、苁蓉。,代表医家 / 俞根初 / 学术观点及诊治经验 / 方方切用法轻灵,p00571,true,builtin-sonnet,single_engine
Physician_1245bdc3d9,Doctrine_c27cb23bb1,proposes,1,太阴宜温，轻则藿、朴、橘、半，重则附、桂、姜、萸，而香、砂尤为温运之和药。,代表医家 / 俞根初 / 学术观点及诊治经验 / 方方切用法轻灵,p00571,true,builtin-sonnet,single_engine
Physician_1245bdc3d9,Doctrine_2456b8f90e,proposes,1,少阴宜补，滋阴轻则归、芍、生地，重则阿胶、鸡黄，而石斛、麦冬尤为生津之良药；补阳刚则附子、肉桂，柔则鹿胶、虎骨，而黄连、官桂为交阴阳之良品。,代表医家 / 俞根初 / 学术观点及诊治经验 / 方方切用法轻灵,p00571,true,builtin-sonnet,single_engine
Physician_1245bdc3d9,Doctrine_378a589e35,proposes,1,厥阴宜清，清宣心包，轻则栀、翘、菖蒲，重则犀、羚、牛黄，而竹叶、灯芯尤为清宣包络之轻品；清泄肝阳，轻则桑、菊、丹皮，重则龙胆、芦荟，而条芩、竹茹，尤为清泄肝阳之轻品。,代表医家 / 俞根初 / 学术观点及诊治经验 / 方方切用法轻灵,p00571,true,builtin-sonnet,single_engine
Physician_b5cb5b9c75,Doctrine_3c54bc7fc7,proposes,1,俞氏治感证，并非只着眼于外来之邪，十分重视患者之气血盛衰,代表医家 / 俞根初 / 学术观点及诊治经验 / 方方切用法轻灵,p00584,true,builtin-sonnet,single_engine
Physician_b5cb5b9c75,Doctrine_7c9bf6d817,proposes,1,若纯用表药全然无汗，而得此阴气外溢则汗自出，病亦随之而解，可谓是活用汗法能自出新意者,代表医家 / 俞根初 / 学术观点及诊治经验 / 方方切用法轻灵,p00584,true,builtin-sonnet,single_engine
Physician_b5cb5b9c75,Doctrine_810c16a5e8,proposes,1,俞氏还善于化裁古方,代表医家 / 俞根初 / 学术观点及诊治经验 / 方方切用法轻灵,p00584,true,builtin-sonnet,single_engine
Physician_189c916d15,Doctrine_4fad8d48b7,proposes,1,何秀山称之为“屡用达药，善于化裁者矣”,代表医家 / 俞根初 / 学术观点及诊治经验 / 方方切用法轻灵,p00584,true,builtin-sonnet,single_engine
Physician_b5cb5b9c75,Doctrine_7ffb5d2d9c,proposes,1,较之吴又可之原方又有新意,代表医家 / 俞根初 / 学术观点及诊治经验 / 方方切用法轻灵,p00584,true,builtin-sonnet,single_engine
Physician_b5cb5b9c75,Doctrine_ee0ff47365,proposes,1,于临床运用颇为合拍，足堪师法,代表医家 / 俞根初 / 学术观点及诊治经验 / 方方切用法轻灵,p00584,true,builtin-sonnet,single_engine
Physician_b5cb5b9c75,Doctrine_96c1a30355,proposes,1,虽然伤寒一证传变颇多，然不越乎火化、水化、水火合化三端,代表医家 / 俞根初 / 学术观点及诊治经验 / 传变要诀是“三化”,p00586,true,builtin-sonnet,single_engine
Physician_b5cb5b9c75,Doctrine_bd08267223,proposes,1,从火化者，多少阳相火证、阳明燥实证、厥阴风热证；从水化者，多阳明水结证、太阴寒湿证、少阴虚寒证；从水火合化者，多太阴湿热证、少阴厥阴寒热错杂证,代表医家 / 俞根初 / 学术观点及诊治经验 / 传变要诀是“三化”,p00586,true,builtin-sonnet,single_engine
Physician_b5cb5b9c75,Doctrine_6c6c909a81,proposes,1,大抵吾绍患伤寒者，火化证多于水化，水火合化者亦不鲜,代表医家 / 俞根初 / 学术观点及诊治经验 / 传变要诀是“三化”,p00586,true,builtin-sonnet,single_engine
Physician_b5cb5b9c75,Doctrine_5dc2644924,proposes,1,就予所验，凡太阳伤寒，其邪有但传少阳阳明而止者;有不传少阳阳明越传三阴者，各随其人之体质阴阳，脏腑寒热。从火化者为热证，从水化者为寒证，从水火合化者，则为寒热错杂之证,代表医家 / 俞根初 / 学术观点及诊治经验 / 传变要诀是“三化”,p00586,true,builtin-sonnet,single_engine
Physician_64d2cbdcf5,Doctrine_dc391772c1,proposes,1,俞氏特立火化、水化、水火合化三端，已握传变之主脑,代表医家 / 俞根初 / 学术观点及诊治经验 / 传变要诀是“三化”,p00586,true,builtin-sonnet,single_engine
Physician_64d2cbdcf5,Doctrine_11ff2a0f3d,proposes,1,细绎其诊察之法，大抵以头、项、背、腰之变化察表，以面目、九窍之变化察里，以血脉、睛、舌之变化察其病势之安危，断其病机之吉凶,代表医家 / 俞根初 / 学术观点及诊治经验 / 传变要诀是“三化”,p00586,true,builtin-sonnet,single_engine
Physician_b5cb5b9c75,Doctrine_d5e924af64,proposes,1,太少两阳与阳明合病，仲景已有明文,代表医家 / 俞根初 / 学术观点及诊治经验 / 传变要诀是“三化”,p00600,true,builtin-sonnet,single_engine
Physician_b5cb5b9c75,Doctrine_a137aaa791,proposes,1,三阴与阳明合病，仲景《伤寒论》虽未指出，而细阅其书，亦未尝无是证，及临证实验，尤为数见不鲜,代表医家 / 俞根初 / 学术观点及诊治经验 / 传变要诀是“三化”,p00600,true,builtin-sonnet,single_engine
Physician_b5cb5b9c75,Doctrine_b6bc3cbe78,proposes,1,从岐伯中阴溜腑之义，悟出三阴实而邪不能容，邪正互争，还而并入胃腑以成下证也,代表医家 / 俞根初 / 学术观点及诊治经验 / 传变要诀是“三化”,p00600,true,builtin-sonnet,single_engine
Physician_b5cb5b9c75,Doctrine_baf94b9c3e,proposes,1,发黄、蓄血，本阳明常见之变证,代表医家 / 俞根初 / 学术观点及诊治经验 / 传变要诀是“三化”,p00600,true,builtin-sonnet,single_engine
Physician_b5cb5b9c75,Doctrine_7061d4b8f2,proposes,1,最难治者，阳明病应下失下，邪盛正虚之坏病,代表医家 / 俞根初 / 学术观点及诊治经验 / 传变要诀是“三化”,p00600,true,builtin-sonnet,single_engine
Physician_b5cb5b9c75,Doctrine_1e4751dcb9,proposes,1,若见发黄，为瘀热在里，热不得越而成阳黄也,代表医家 / 俞根初 / 学术观点及诊治经验 / 传变要诀是“三化”,p00600,true,builtin-sonnet,single_engine
Physician_b5cb5b9c75,Doctrine_4c470d78f8,proposes,1,轻则清利小便为君，荡涤黄液佐之，茵陈蒿汤调下矾硫丸，使黄从小便去,代表医家 / 俞根初 / 学术观点及诊治经验 / 传变要诀是“三化”,p00600,true,builtin-sonnet,single_engine
Physician_b5cb5b9c75,Doctrine_1fd38f1dfb,proposes,1,重则荡涤黄液为君，清利小便佐之，栀子大黄汤调下矾硫丸，使黄从大便去,代表医家 / 俞根初 / 学术观点及诊治经验 / 传变要诀是“三化”,p00600,true,builtin-sonnet,single_engine
Physician_b5cb5b9c75,Doctrine_4ab1016fa8,proposes,1,若见蓄血，此为瘀热在里,代表医家 / 俞根初 / 学术观点及诊治经验 / 传变要诀是“三化”,p00603,true,builtin-sonnet,single_engine
Physician_b5cb5b9c75,Doctrine_45bb740b1c,proposes,1,轻则凉血化瘀，犀角地黄汤加光桃仁、广郁金、白薇、归须、青糖拌炒活虫等清消之,代表医家 / 俞根初 / 学术观点及诊治经验 / 传变要诀是“三化”,p00603,true,builtin-sonnet,single_engine
Physician_b5cb5b9c75,Doctrine_3558d27d41,proposes,1,重则破血逐瘀，桃仁承气汤急攻之,代表医家 / 俞根初 / 学术观点及诊治经验 / 传变要诀是“三化”,p00603,true,builtin-sonnet,single_engine
Physician_b5cb5b9c75,Doctrine_0330e857d2,proposes,1,极重用抵当汤去虻虫（光桃仁二十颗、酒醋炒生川军二钱、盐炒水蛭三支研细）加夜明砂（三钱包煎）、蜜炙延胡（钱半）、炒穿甲（一钱）、杜牛膝（四钱）、麝香（五厘冲）等峻攻之,代表医家 / 俞根初 / 学术观点及诊治经验 / 传变要诀是“三化”,p00603,true,builtin-sonnet,single_engine
Physician_b5cb5b9c75,Doctrine_ff307d127e,proposes,1,当以清余邪、调脾胃为法,代表医家 / 俞根初 / 学术观点及诊治经验 / 病后调理有专法,p00634,true,builtin-sonnet,single_engine
Physician_b5cb5b9c75,Doctrine_839f047781,proposes,1,伤食者饮食自倍，肠胃乃伤，病在不及消化；停食指不论食之多少，或当食而怒，或当食时病在气结而不能化。,代表医家 / 俞根初 / 学术观点及诊治经验 / 病后调理有专法,p00637,true,builtin-sonnet,single_engine
Physician_b5cb5b9c75,Doctrine_da01a511e3,proposes,1,治伤食重在食，或吐或下或消；治停食重在气，惟理气兼之以消，吐下之法不任。,代表医家 / 俞根初 / 学术观点及诊治经验 / 病后调理有专法,p00637,true,builtin-sonnet,single_engine
Physician_4797a36751,Doctrine_4645f2fd3e,proposes,1,扁鹊《难经》但言伤寒有五：一曰中风，二曰伤寒，三曰湿温，四曰热病，五曰温病,代表医家 / 俞根初 / 原文选释 / 伤寒，外感百病之总名也,p00659,true,builtin-sonnet,single_engine
Physician_b5cb5b9c75,Doctrine_db52f6c20c,proposes,1,邪在太阳，须藉胃汁以汗之。,代表医家 / 俞根初 / 原文选释 / 伤寒证治，全藉阳明,p00664,true,builtin-sonnet,single_engine
Physician_b5cb5b9c75,Doctrine_3190275287,proposes,1,邪结阳明，须藉胃汁以下之。,代表医家 / 俞根初 / 原文选释 / 伤寒证治，全藉阳明,p00664,true,builtin-sonnet,single_engine
Physician_b5cb5b9c75,Doctrine_865259907b,proposes,1,邪郁少阳，须藉胃汁以和之。,代表医家 / 俞根初 / 原文选释 / 伤寒证治，全藉阳明,p00664,true,builtin-sonnet,single_engine
Physician_b5cb5b9c75,Doctrine_2ba65eaad8,proposes,1,太阴以温为主，救胃阳也。,代表医家 / 俞根初 / 原文选释 / 伤寒证治，全藉阳明,p00664,true,builtin-sonnet,single_engine
Physician_b5cb5b9c75,Doctrine_7693b637e4,proposes,1,厥阴以清为主，救胃阴也。,代表医家 / 俞根初 / 原文选释 / 伤寒证治，全藉阳明,p00664,true,builtin-sonnet,single_engine
Physician_b5cb5b9c75,Doctrine_b2d4afa310,proposes,1,由太阴湿胜而伤及肾阳者，救胃阳以护肾阳。,代表医家 / 俞根初 / 原文选释 / 伤寒证治，全藉阳明,p00664,true,builtin-sonnet,single_engine
Physician_b5cb5b9c75,Doctrine_c35a3966db,proposes,1,由厥阴风胜而伤及肾阴者，救胃阴以滋肾阴。,代表医家 / 俞根初 / 原文选释 / 伤寒证治，全藉阳明,p00664,false,builtin-sonnet,single_engine
Physician_b5cb5b9c75,Doctrine_a1d0c6a50b,proposes,1,皆不离阳明治也。,代表医家 / 俞根初 / 原文选释 / 伤寒证治，全藉阳明,p00664,true,builtin-sonnet,single_engine
Physician_b5cb5b9c75,Doctrine_1fb6738c4b,proposes,1,病变不同，一气之通塞耳。塞则病，通则安，无所谓补益也,代表医家 / 俞根初 / 原文选释 / 凡伤寒病，均以开郁为先,p00669,true,builtin-sonnet,single_engine
Physician_b5cb5b9c75,Doctrine_774436f7e9,proposes,1,补益乃服食法，非治病法，然间有因虚不能托邪者，亦须略佐补托,代表医家 / 俞根初 / 原文选释 / 凡伤寒病，均以开郁为先,p00669,true,builtin-sonnet,single_engine
Physician_b5cb5b9c75,Doctrine_e740bb1fa8,proposes,1,清宣心包，轻则栀、翘、菖蒲，重则犀、羚、牛黄，而竹叶、灯芯尤为清宣包络之轻品,代表医家 / 俞根初 / 原文选释 / 六经用药法,p00680,true,builtin-sonnet,single_engine
Physician_b5cb5b9c75,Doctrine_d30a998143,proposes,1,清泄肝阳，轻则桑、菊、丹皮，重则龙胆、芦荟，而条芩、竹茹尤为清泄肝阳之轻品,代表医家 / 俞根初 / 原文选释 / 六经用药法,p00680,true,builtin-sonnet,single_engine
Physician_b5cb5b9c75,Doctrine_bf3550bcf0,proposes,1,上焦主胸中、膈中。橘红、蔻仁是宣畅胸中主药;枳壳、桔梗是宣畅膈中主药。,代表医家 / 俞根初 / 原文选释 / 三焦用药法,p00685,true,builtin-sonnet,single_engine
Physician_b5cb5b9c75,Doctrine_00dbaa2ef3,proposes,1,中焦主脘中、大腹，半夏、陈皮是疏畅脘中主药;川朴、腹皮是疏畅大腹主药。,代表医家 / 俞根初 / 原文选释 / 三焦用药法,p00685,true,builtin-sonnet,single_engine
Physician_b5cb5b9c75,Doctrine_0bb83c8ce8,proposes,1,下焦主小腹、少腹，乌药、官桂是温运小腹主药;小茴、橘核是辛通少腹主药。,代表医家 / 俞根初 / 原文选释 / 三焦用药法,p00685,true,builtin-sonnet,single_engine
Physician_b5cb5b9c75,Doctrine_e52c9f225e,proposes,1,而绵芪皮为疏达三焦外膜之主药，焦山栀为清宣三焦内膜之主药，制香附为疏达三焦气分之主药，全当归为辛润三焦络脉之主药。,代表医家 / 俞根初 / 原文选释 / 三焦用药法,p00685,true,builtin-sonnet,single_engine
Physician_7e3cc09495,Doctrine_9d8d5a03c0,proposes,1,张氏所谓“解表已，复热；攻里热已，复热；利小便愈后，复热；养阴滋清，热亦不除；元气无所归着，保元、归脾以除虚热”是也,代表医家 / 俞根初 / 原文选释 / 六淫病用药法,p00704,false,builtin-sonnet,single_engine
Physician_b5cb5b9c75,Doctrine_a1da188127,proposes,1,邪去正乃安，故逐邪以发表攻里为先。正足邪自去，故扶正以滋阴补阳为主。古人去病补虚，总不外发表、攻里、滋阴、补阳四大要法。,代表医家 / 俞根初 / 原文选释 / 六经总诀,p00728,true,builtin-sonnet,single_engine
Physician_b5cb5b9c75,Doctrine_808d019dbf,proposes,1,今俞氏以柴、芩为君者，以柴胡疏达膜原之气机，黄芩苦泄膜原之郁火也；臣以枳、桔开上，朴、果疏中，青、槟达下，以开达三焦之气机，使膜原伏邪，从三焦而外达肌腠也;佐以荷梗透之，使以甘草和之。,代表医家 / 俞根初 / 方剂选录 / 柴胡达原饮,p00746,true,builtin-sonnet,single_engine
Physician_9b47f4ab2d,Doctrine_cf323fa68e,proposes,1,盖二味血肉有情，质重味厚，大能育阴息风，增液润筋，故效验若斯,代表医家 / 俞根初 / 方剂选录 / 阿胶鸡子黄汤,p00808,true,builtin-sonnet,single_engine
Physician_665035e9bf,Doctrine_2c394012e7,proposes,1,称他为“夙具灵根，具大气魄，能悟天下妙理者”,代表医家 / 章虚谷 / 生平与代表著作简介,p00814,true,builtin-sonnet,single_engine
Physician_7577a19b15,Doctrine_0a27f27233,proposes,1,医者既患多书，余又何述焉？特以向来未明之义，各相抵牾而滋流弊之害者，举其百中一、二，论其大略；并《内经》所列六气，历来注疏有未尽当者，据理辨之，就正有道，以为保卫性命之一助，爰名为《医门棒喝》，聊取解粘去缚，俾洞本源之意耳,代表医家 / 章虚谷 / 生平与代表著作简介,p00815,true,builtin-sonnet,single_engine
Physician_175513da37,Doctrine_fa01bee5d1,proposes,1,在《医门棒喝》二集中，以这两家学说为主，对温病理论做了一番整理和敷扬工作。,代表医家 / 章虚谷 / 生平与代表著作简介,p00816,true,builtin-sonnet,single_engine
Physician_b57782ec58,Doctrine_0dc6f971b7,proposes,1,对温病学说创立、发展有重要作用。,代表医家 / 章虚谷 / 生平与代表著作简介,p00816,true,builtin-sonnet,single_engine
Physician_175513da37,Doctrine_b2102524a0,proposes,1,业医者，不肯究心圣经理法，陋习相沿，不识阴阳虚实，通套一方，混治诸病，而谓道止如是，名为仁术，不知杀人于冥冥中,代表医家 / 章虚谷 / 生平与代表著作简介,p00817,true,builtin-sonnet,single_engine
Physician_175513da37,Doctrine_829dde09f0,proposes,1,今体会经义而分门类：一曰禀赋源流，二曰摄养为本，三曰阴阳脏腑，四曰营卫经络，五曰四诊合参，六曰外感内伤，七曰治法准则，八曰运气要略。,代表医家 / 章虚谷 / 生平与代表著作简介,p00817,true,builtin-sonnet,single_engine
Physician_175513da37,Doctrine_bc21b566e2,proposes,1,今凡深奥简古之文，悉心体会，详细辨注，必明其不易之理；其有文义明晰易解，毋须赘注者，则略之。,代表医家 / 章虚谷 / 生平与代表著作简介,p00817,true,builtin-sonnet,single_engine
Physician_175513da37,Doctrine_853cfaa7a9,proposes,1,同时，他把学医看作是自己的所好，不觉其苦。,代表医家 / 章虚谷 / 生平与代表著作简介,p00820,true,builtin-sonnet,single_engine
Physician_175513da37,Doctrine_434766c8a5,proposes,1,章氏以为“天地之大，事物之变，莫可涯矣。究之，一理而已。见其理，则触处皆通；昧其理，则动多窒碍”,代表医家 / 章虚谷 / 生平与代表著作简介,p00822,true,builtin-sonnet,single_engine
Physician_175513da37,Doctrine_3b57cc1910,proposes,1,章氏尊《灵》《素》发明天人合一之理，以卫身心性命为医经之源,代表医家 / 章虚谷 / 生平与代表著作简介,p00822,true,builtin-sonnet,single_engine
Physician_175513da37,Doctrine_5dab82f8f6,proposes,1,认为仲景绍圣轩岐、本《灵》《素》作《伤寒杂病论》，为方书之祖,代表医家 / 章虚谷 / 生平与代表著作简介,p00822,true,builtin-sonnet,single_engine
Physician_175513da37,Doctrine_8f362c4079,proposes,1,赞美叶氏“临证之顷，随病设施，揭其理蕴而因时制宜，无法不备。如造化生物，无迹可求，各得自然之用，与千百年前之仲景心心相印而得其真传”,代表医家 / 章虚谷 / 生平与代表著作简介,p00822,true,builtin-sonnet,single_engine
Physician_175513da37,Doctrine_a4cd7e62e4,proposes,1,章氏认为学医之方法，于诸家之说“要在读者因流溯源，知其理之所归”,代表医家 / 章虚谷 / 生平与代表著作简介,p00822,true,builtin-sonnet,single_engine
Physician_175513da37,Doctrine_fb2a75fe2c,proposes,1,当“舍其短而用其长，随时取益，变化无方而理无不合矣”,代表医家 / 章虚谷 / 生平与代表著作简介,p00822,true,builtin-sonnet,single_engine
Physician_175513da37,Doctrine_6c5fb5c756,proposes,1,章氏将阴阳之间的关系表述为“夫阳昌阴随，为造化自然之道。故阳能帅阴，而阴赖阳之煦通以生长；阴能和阳，而阳藉阴之翕合以固密。此阴阳自然之性能，所以经言阳强不能密，阴气乃绝；阴平阳秘，精神乃治也”,代表医家 / 章虚谷 / 生平与代表著作简介,p00823,true,builtin-sonnet,single_engine
Physician_175513da37,Doctrine_0b3c9263cf,proposes,1,提倡“每临一病，胸无成竹，惟审其虚实、阴阳、表里、寒热，设法制方，求其合病而止；药虽不同，古方法度，自然合古。,代表医家 / 章虚谷 / 生平与代表著作简介,p00824,true,builtin-sonnet,single_engine
Physician_7577a19b15,Doctrine_ea0f4825ae,proposes,1,“夫人禀阴阳五行之气以生，气有偏驳则病，药得阴阳五行之偏，是故以偏治偏，必归于平而后病愈。”,代表医家 / 章虚谷 / 生平与代表著作简介,p00825,true,builtin-sonnet,single_engine
Physician_7577a19b15,Doctrine_9fa0e1ca08,proposes,1,“无不以药性气味之阴阳，合乎人身表里阴阳虚实寒热者，是故投无不效，而七方十剂之法，亦尽具于中”,代表医家 / 章虚谷 / 生平与代表著作简介,p00825,true,builtin-sonnet,single_engine
Physician_175513da37,Doctrine_4607d255da,proposes,1,以人体质不一，受邪虽同而病变不同，概用凉药则误矣,代表医家 / 章虚谷 / 生平与代表著作简介,p00829,true,builtin-sonnet,single_engine
Physician_7577a19b15,Doctrine_8a68d02ae6,proposes,1,“景岳所论阴证似阳、戴阳、格阳等证，诚有发古未发之功，学者必当参悟其理,代表医家 / 章虚谷 / 生平与代表著作简介,p00830,true,builtin-sonnet,single_engine
Physician_7577a19b15,Doctrine_697d447693,proposes,1,悟理方能辨之，真自不可因其所短，而没其所长也,代表医家 / 章虚谷 / 生平与代表著作简介,p00830,true,builtin-sonnet,single_engine
Physician_7577a19b15,Doctrine_2618003c19,proposes,1,明阴阳造化之源流，天人合一之至理，大无不包，细无不贯,代表医家 / 章虚谷 / 学术观点及诊治经验 / 天人合一，阴阳五行为生死之纲,p00837,true,builtin-sonnet,single_engine
Physician_7577a19b15,Doctrine_d4507efb0f,proposes,1,人的一切生理活动和病理变化，皆系阴阳、五行之气在不断运动变化的结果,代表医家 / 章虚谷 / 学术观点及诊治经验 / 天人合一，阴阳五行为生死之纲,p00837,true,builtin-sonnet,single_engine
Physician_7577a19b15,Doctrine_3e37e9b8fe,proposes,1,人为万物之灵，而始生之气禀于东者，所谓帝出乎震也,代表医家 / 章虚谷 / 学术观点及诊治经验 / 天人合一，阴阳五行为生死之纲,p00839,true,builtin-sonnet,single_engine
Physician_7577a19b15,Doctrine_13f1ffeb55,proposes,1,由之生化循环不息，乃为禀赋源流，天人合一之道也,代表医家 / 章虚谷 / 学术观点及诊治经验 / 天人合一，阴阳五行为生死之纲,p00839,true,builtin-sonnet,single_engine
Physician_7577a19b15,Doctrine_d65f389c99,proposes,1,论及人“与天地同造化”,代表医家 / 章虚谷 / 学术观点及诊治经验 / 天人合一，阴阳五行为生死之纲,p00839,true,builtin-sonnet,single_engine
Physician_7577a19b15,Doctrine_385c07d315,proposes,1,故调治其身者，不法天地之气化，则灾害必至矣,代表医家 / 章虚谷 / 学术观点及诊治经验 / 天人合一，阴阳五行为生死之纲,p00839,true,builtin-sonnet,single_engine
Physician_7577a19b15,Doctrine_22c1d33968,proposes,1,精神魂魄本天地,代表医家 / 章虚谷 / 学术观点及诊治经验 / 天人合一，阴阳五行为生死之纲,p00839,true,builtin-sonnet,single_engine
Physician_7577a19b15,Doctrine_e11adbff71,proposes,1,精气津液血脉由阴阳所化,代表医家 / 章虚谷 / 学术观点及诊治经验 / 天人合一，阴阳五行为生死之纲,p00839,true,builtin-sonnet,single_engine
Physician_7577a19b15,Doctrine_5c6e5bc1d8,proposes,1,自然界的六气，名虽有六，实则只是阴阳二气的进退而已。,代表医家 / 章虚谷 / 学术观点及诊治经验 / 天人合一，阴阳五行为生死之纲,p00840,true,builtin-sonnet,single_engine
Physician_7577a19b15,Doctrine_b86209a0b0,proposes,1,他解释《内经》“先夏至日为病温，后夏至日为病暑”，指出前者是有火无湿，后者是火湿相合。,代表医家 / 章虚谷 / 学术观点及诊治经验 / 天人合一，阴阳五行为生死之纲,p00840,true,builtin-sonnet,single_engine
Physician_7577a19b15,Doctrine_7d195af02e,proposes,1,又如他驳斥前人关于“秋之前半截伤湿，后半截伤燥”的说法为臆说，也是从阴阳进退消长之理来分析的。,代表医家 / 章虚谷 / 学术观点及诊治经验 / 天人合一，阴阳五行为生死之纲,p00840,true,builtin-sonnet,single_engine
Physician_7577a19b15,Doctrine_82e81f7ea0,proposes,1,他说立秋后“火力微，则水不能沸，而湿气遂收。然火力虽弱，阳焰犹存，则反化燥，故秋为燥金之令”（《素问辨疑》）。,代表医家 / 章虚谷 / 学术观点及诊治经验 / 天人合一，阴阳五行为生死之纲,p00840,true,builtin-sonnet,single_engine
Physician_7577a19b15,Doctrine_7d95296538,proposes,1,根据他的主张，秋当主燥，但立秋后，湿土司令尚有一月，因此，如按节气与六气相配则似不符，但如按阴阳进退之理，以审气候，则若合符节。,代表医家 / 章虚谷 / 学术观点及诊治经验 / 天人合一，阴阳五行为生死之纲,p00840,true,builtin-sonnet,single_engine
Physician_7577a19b15,Doctrine_a6d9d69534,proposes,1,熔铸百家，汇归经义，与千百年前仲景心心相印,代表医家 / 章虚谷 / 学术观点及诊治经验 / 从流溯源，《内经》《伤寒》为学医之本,p00842,true,builtin-sonnet,single_engine
Physician_7577a19b15,Doctrine_d559fdc107,proposes,1,洞见本源，救正阙失,代表医家 / 章虚谷 / 学术观点及诊治经验 / 从流溯源，《内经》《伤寒》为学医之本,p00842,true,builtin-sonnet,single_engine
Physician_7577a19b15,Doctrine_bd3989bc01,proposes,1,他认为河间论六气皆从火化，固然正确，但止可论六气之邪，其发病应根据人的体质而有变异，不能概用寒凉,代表医家 / 章虚谷 / 学术观点及诊治经验 / 从流溯源，《内经》《伤寒》为学医之本,p00842,true,builtin-sonnet,single_engine
Physician_7577a19b15,Doctrine_795ad332f3,proposes,1,例如感受暑邪，如人禀体多火，则暑随火而化燥；禀体多寒，则暑随寒而化湿，必须随病审察,代表医家 / 章虚谷 / 学术观点及诊治经验 / 从流溯源，《内经》《伤寒》为学医之本,p00842,true,builtin-sonnet,single_engine
Physician_7577a19b15,Doctrine_7d3f682a8c,proposes,1,实则《内经》是论阴阳偏胜之病，非论阴阳之理，君火相火实即火之体用,代表医家 / 章虚谷 / 学术观点及诊治经验 / 从流溯源，《内经》《伤寒》为学医之本,p00842,true,builtin-sonnet,single_engine
Physician_7577a19b15,Doctrine_460fa4391a,proposes,1,景岳非之，言“阳常不足，阴常有余”，两家各有一偏,代表医家 / 章虚谷 / 学术观点及诊治经验 / 从流溯源，《内经》《伤寒》为学医之本,p00842,true,builtin-sonnet,single_engine
Physician_7577a19b15,Doctrine_391d80ace7,proposes,1,归根结底，六气皆阴阳所化，不能执枝叶之短长，即谓根本之有余不足,代表医家 / 章虚谷 / 学术观点及诊治经验 / 从流溯源，《内经》《伤寒》为学医之本,p00842,true,builtin-sonnet,single_engine
Physician_7577a19b15,Doctrine_d0b95bd02b,proposes,1,章氏认为，“发明《内经》至理，辨别阴阳、虚实、表里、寒热精细周至者，唯仲景一人而已”,代表医家 / 章虚谷 / 学术观点及诊治经验 / 从流溯源，《内经》《伤寒》为学医之本,p00843,true,builtin-sonnet,single_engine
Physician_7577a19b15,Doctrine_48d602d61b,proposes,1,两者有机结合，才能相得益彰。,代表医家 / 章虚谷 / 学术观点及诊治经验 / 从流溯源，《内经》《伤寒》为学医之本,p00843,true,builtin-sonnet,single_engine
Physician_7577a19b15,Doctrine_3dfa893b09,proposes,1,然经止明其常理如此，而邪之传变无定，因不可执日数而治,代表医家 / 章虚谷 / 学术观点及诊治经验 / 从流溯源，《内经》《伤寒》为学医之本,p00843,true,builtin-sonnet,single_engine
Physician_7577a19b15,Doctrine_32e1c10e5c,proposes,1,所以仲景著论，要必先辨脉证，知其邪在何经何腑，或虚或实，随宜施治,代表医家 / 章虚谷 / 学术观点及诊治经验 / 从流溯源，《内经》《伤寒》为学医之本,p00843,true,builtin-sonnet,single_engine
Physician_7577a19b15,Doctrine_0d0f78e0bc,proposes,1,“人之寿夭不齐者，由禀赋之厚薄。”,代表医家 / 章虚谷 / 学术观点及诊治经验 / 正气为本，邪正虚实乃辨病首务,p00845,true,builtin-sonnet,single_engine
Physician_7577a19b15,Doctrine_4807505c03,proposes,1,一身气血，随心所使，心定神安，气血自固，虽有外邪，亦莫能伤。,代表医家 / 章虚谷 / 学术观点及诊治经验 / 正气为本，邪正虚实乃辨病首务,p00845,true,builtin-sonnet,single_engine
Physician_7577a19b15,Doctrine_9b575cdc4e,proposes,1,虚者，虚其心，则神自清；无者，无其欲，则精自固。天真之气，从之生长，而精神固守于内，何病之有？,代表医家 / 章虚谷 / 学术观点及诊治经验 / 正气为本，邪正虚实乃辨病首务,p00845,true,builtin-sonnet,single_engine
Physician_7577a19b15,Doctrine_4c11444200,proposes,1,凡七情妄动而伤本元者，为虚；饮食不调而有积滞者，为实。,代表医家 / 章虚谷 / 学术观点及诊治经验 / 正气为本，邪正虚实乃辨病首务,p00845,true,builtin-sonnet,single_engine
Physician_7577a19b15,Doctrine_8da9b45ebd,proposes,1,阴阳根于肾元，气血生自脾胃,代表医家 / 章虚谷 / 学术观点及诊治经验 / 正气为本，邪正虚实乃辨病首务,p00845,true,builtin-sonnet,single_engine
Physician_7577a19b15,Doctrine_7afcd4faf2,proposes,1,其伤气血者填补脾胃尚易，伤阴阳者培其肾元为难。,代表医家 / 章虚谷 / 学术观点及诊治经验 / 正气为本，邪正虚实乃辨病首务,p00845,true,builtin-sonnet,single_engine
Physician_7577a19b15,Doctrine_7639adc815,proposes,1,其有阴阳虽伤而脾胃尚强者，调理得宜，犹可带病延年；而脾胃先败者，则终归不起。,代表医家 / 章虚谷 / 学术观点及诊治经验 / 正气为本，邪正虚实乃辨病首务,p00845,true,builtin-sonnet,single_engine
Physician_7577a19b15,Doctrine_34f3136a78,proposes,1,无虚者，急在邪气，去之不速，留则生变也；多虚者，急在正气，培之不早，临期不济也；微虚微实者，亦治其实，可一扫而除也；甚虚甚实者，所畏在虚，但固根本，以先为己之不可胜，则邪无不退也；二虚一实者，兼其实，开其一面也；二实一虚者，兼其虚，防生不测也。,代表医家 / 章虚谷 / 学术观点及诊治经验 / 正气为本，邪正虚实乃辨病首务,p00847,true,builtin-sonnet,single_engine
Physician_7577a19b15,Doctrine_cf67737b0c,proposes,1,总之，实而误补，固必增邪，犹可解救，其祸小；虚而误攻，元气忽去，莫可挽回，其祸大。,代表医家 / 章虚谷 / 学术观点及诊治经验 / 正气为本，邪正虚实乃辨病首务,p00847,true,builtin-sonnet,single_engine
Physician_7577a19b15,Doctrine_19ec3d7afd,proposes,1,若无六气之邪，而病出三阴，则唯情欲以伤内，劳倦以伤外，非邪似邪，非实似实，此所谓无，无则病在元气也。,代表医家 / 章虚谷 / 学术观点及诊治经验 / 正气为本，邪正虚实乃辨病首务,p00847,true,builtin-sonnet,single_engine
Physician_7577a19b15,Doctrine_8dffeffbad,proposes,1,人体质不一，受邪虽同，而病变不同,代表医家 / 章虚谷 / 学术观点及诊治经验 / 正气为本，邪正虚实乃辨病首务,p00848,true,builtin-sonnet,single_engine
Physician_7577a19b15,Doctrine_424093306c,proposes,1,六气之邪，有阴阳不同，其伤人也，又随人身阴阳强弱变化而为病,代表医家 / 章虚谷 / 学术观点及诊治经验 / 正气为本，邪正虚实乃辨病首务,p00848,true,builtin-sonnet,single_engine
Physician_7577a19b15,Doctrine_b373099680,proposes,1,人身阳气旺，邪随火化而阳暑病；人身阳气虚，邪随湿化而成阴暑病也。,代表医家 / 章虚谷 / 学术观点及诊治经验 / 正气为本，邪正虚实乃辨病首务,p00848,true,builtin-sonnet,single_engine
Physician_7577a19b15,Doctrine_8592361b10,proposes,1,从而批判了以“人之动静”定阳暑、阴暑的错误观点。,代表医家 / 章虚谷 / 学术观点及诊治经验 / 正气为本，邪正虚实乃辨病首务,p00848,true,builtin-sonnet,single_engine
Physician_7577a19b15,Doctrine_1699fe2fb2,proposes,1,邪入之其人，阳旺则热多厥少，阳虚则热少厥多，阳胜则邪外出而愈，阴胜则邪内陷而死,代表医家 / 章虚谷 / 学术观点及诊治经验 / 正气为本，邪正虚实乃辨病首务,p00848,true,builtin-sonnet,single_engine
Physician_7577a19b15,Doctrine_f63f67d371,proposes,1,认为阳气旺盛的体质，能够抗邪外出，疾病向愈；阳虚的体质，无力抗邪，邪气内陷，病深难解,代表医家 / 章虚谷 / 学术观点及诊治经验 / 正气为本，邪正虚实乃辨病首务,p00848,true,builtin-sonnet,single_engine
Physician_175513da37,Doctrine_7056518463,proposes,1,章氏认为先天禀赋的差异、地理环境的不同、饮食习惯的区别是形成体质差异化的主要原因,代表医家 / 章虚谷 / 学术观点及诊治经验 / 正气为本，邪正虚实乃辨病首务,p00849,true,builtin-sonnet,single_engine
Physician_175513da37,Doctrine_4f55a202f4,proposes,1,知天时，知地理，识人生禀赋源流、风土气化变异,代表医家 / 章虚谷 / 学术观点及诊治经验 / 正气为本，邪正虚实乃辨病首务,p00849,true,builtin-sonnet,single_engine
Physician_175513da37,Doctrine_71a441f407,proposes,1,假如形瘦色苍，中气足而脉多弦，目有精彩，饮食不多，却能任劳，此阳旺阴虚之质也。每病多火，须用滋阴清火。,代表医家 / 章虚谷 / 学术观点及诊治经验 / 正气为本，邪正虚实乃辨病首务,p00849,true,builtin-sonnet,single_engine
Physician_175513da37,Doctrine_1b4652025c,proposes,1,若更兼体丰肌厚，脉盛皮粗，食啖倍多，此阴阳俱盛之质。平时少病，每病多重，以邪蓄深久故也。须用重药，如大黄、芒硝、干姜、桂、附之类。,代表医家 / 章虚谷 / 学术观点及诊治经验 / 正气为本，邪正虚实乃辨病首务,p00849,true,builtin-sonnet,single_engine
Physician_175513da37,Doctrine_c2072ba5f2,proposes,1,如体丰色白，皮嫩肌松，脉大而软，食啖虽多，每生痰涎，此阴盛阳虚之质。目有精彩，尚可无妨，如无精彩，寿多不永，或未到中年，而得中风之病。每病虽热邪，药不可过寒，更伤其阳，阳微则防其脱，热退须用温补扶阳。,代表医家 / 章虚谷 / 学术观点及诊治经验 / 正气为本，邪正虚实乃辨病首务,p00849,true,builtin-sonnet,single_engine
Physician_175513da37,Doctrine_1cf37fdf18,proposes,1,若更兼形瘦脉弱，食饮不多，此阴阳两弱之质。倘目有精彩，耳轮肉厚端正，其先天尚强，神清智朗者，反为大贵。若目无彩，神气昏庸，必多贫夭。凡阴阳俱弱之质，常多病，却不甚重，亦不能受大补大泻大寒大热之药。但宜和平之味，缓缓调之，此大略也。,代表医家 / 章虚谷 / 学术观点及诊治经验 / 正气为本，邪正虚实乃辨病首务,p00849,true,builtin-sonnet,single_engine
Physician_175513da37,Doctrine_7bcf6ec626,proposes,1,若论其变，则有阳旺阴弱之人，而损伤阳气者，宜先扶阳，而后滋阴；阴盛阳虚之人，而有伤阴者，宜先滋阴，而后助阳。斯当随时审察，不可拘执。,代表医家 / 章虚谷 / 学术观点及诊治经验 / 正气为本，邪正虚实乃辨病首务,p00849,true,builtin-sonnet,single_engine
Physician_7577a19b15,Doctrine_c8243f918f,proposes,1,注释曰：“所以言温邪上受，首先犯肺者，由卫分而入肺经也。以卫气通肺，营气通心，而邪自卫入营，故逆传心包也”,代表医家 / 章虚谷 / 学术观点及诊治经验 / 大胆创新，承前启后乃新学功臣,p00852,true,builtin-sonnet,single_engine
Physician_7577a19b15,Doctrine_1e94eb9920,proposes,1,“风寒先受于足经，当用辛温发汗；风温先受于手经，宜用辛凉解表。上下部异，寒温不同，故治法大异，此伤寒与温病，其初感与传变，皆不同也。”,代表医家 / 章虚谷 / 学术观点及诊治经验 / 大胆创新，承前启后乃新学功臣,p00852,true,builtin-sonnet,single_engine
Physician_7577a19b15,Doctrine_9240701044,proposes,1,章氏阐发说：“凡温邪初感，发热而微恶寒者，邪在卫分；不恶寒而恶热，小便色黄，已入气分矣；若脉数舌绛，邪入营分；若舌深绛，烦扰不寐，或夜有谵语，已入血分矣。”,代表医家 / 章虚谷 / 学术观点及诊治经验 / 大胆创新，承前启后乃新学功臣,p00852,false,builtin-sonnet,single_engine
Physician_7577a19b15,Doctrine_6b1b6c86cf,proposes,1,“邪在卫分，汗之宜辛凉轻解；清气热不可寒滞，反使邪不外达而内闭，则病重矣，故虽入营，犹可开达，转出气分而解，倘不如此细辨施治，动手便错。”,代表医家 / 章虚谷 / 学术观点及诊治经验 / 大胆创新，承前启后乃新学功臣,p00852,false,builtin-sonnet,single_engine
Physician_7577a19b15,Doctrine_f02947482e,proposes,1,章氏释之曰：“胃为戊土属阳，脾为己土属阴，湿土之气，同类相召，故湿热之邪，始虽外受，终归脾胃也。”,代表医家 / 章虚谷 / 学术观点及诊治经验 / 大胆创新，承前启后乃新学功臣,p00852,true,builtin-sonnet,single_engine
Physician_7577a19b15,Doctrine_41617f56b5,proposes,1,章氏还认为《伤寒论》中原有论治温热病各条，混入“伤寒例”中，虽经张路玉指出，而后人仍搀混不分者，遂加以指出阐明,代表医家 / 章虚谷 / 学术观点及诊治经验 / 大胆创新，承前启后乃新学功臣,p00853,true,builtin-sonnet,single_engine
Physician_7577a19b15,Doctrine_a7452353d8,proposes,1,如尤氏《贯珠集》将治温热之黄芩、白虎例入伤寒正治，实属失察,代表医家 / 章虚谷 / 学术观点及诊治经验 / 大胆创新，承前启后乃新学功臣,p00853,true,builtin-sonnet,single_engine
Physician_68fd45f47c,Doctrine_3b00be68a7,proposes,1,但他不辨伏气为病的道理，又混指一切温病为瘟疫,代表医家 / 章虚谷 / 学术观点及诊治经验 / 大胆创新，承前启后乃新学功臣,p00853,true,builtin-sonnet,single_engine
Physician_d9eb3817e4,Doctrine_ccb8ebae13,proposes,1,吴鞠通则将风温、瘟疫并为一类，不分轻重浅深，其冬伤寒、春病温的伏气一证，亦不分析论列,代表医家 / 章虚谷 / 学术观点及诊治经验 / 大胆创新，承前启后乃新学功臣,p00853,true,builtin-sonnet,single_engine
Physician_7577a19b15,Doctrine_783d722b1e,proposes,1,提出“暑因湿火郁蒸而气浊，由口鼻吸受，蓄于膜原，流传三焦，必归脾胃，治法不独异于伤寒，亦与温热迥别”的卓论,代表医家 / 章虚谷 / 学术观点及诊治经验 / 大胆创新，承前启后乃新学功臣,p00853,true,builtin-sonnet,single_engine
Physician_7577a19b15,Doctrine_f1c89ea77e,proposes,1,可知景岳先生不明六气变化之理，辨证论治岂能善哉？不识六气变化，由不明阴阳至理故也,代表医家 / 章虚谷 / 学术观点及诊治经验 / 大胆创新，承前启后乃新学功臣,p00855,true,builtin-sonnet,single_engine
Physician_7577a19b15,Doctrine_913e481f91,proposes,1,其中明确提到：“本门最详者脉也，脉为气血流行之象，而有升降出入，故当与营卫经络、阴阳脏腑诸门同观。必得悟其神理，指下方能明其为和、为病、为虚、为实。”,代表医家 / 章虚谷 / 学术观点及诊治经验 / 大胆创新，承前启后乃新学功臣,p00856,true,builtin-sonnet,single_engine
Physician_7577a19b15,Doctrine_90a5fe54fd,proposes,1,“尺肤者，卫气所行者也，故脉之缓急滑涩，而尺肤亦然，脉小而尺肤减瘦，脉大则尺肤贲起，贲起者，隆厚也。至其病变，则色脉与尺肤有不相应，是营卫气血偏驳不和，必审其微甚而调之。”,代表医家 / 章虚谷 / 学术观点及诊治经验 / 大胆创新，承前启后乃新学功臣,p00856,true,builtin-sonnet,single_engine
Physician_175513da37,Doctrine_71b2c51e1b,proposes,1,章氏认为此时非用附子、干姜，大助其阳，则邪终不化,代表医家 / 章虚谷 / 学术观点及诊治经验 / 大胆创新，承前启后乃新学功臣,p00858,true,builtin-sonnet,single_engine
Physician_7577a19b15,Doctrine_554758f999,proposes,1,但此理止可论邪，不可论病,代表医家 / 章虚谷 / 原文选释 / 六气皆从火化，以寒凉药主治，此理止可论邪，不可论病,p00864,true,builtin-sonnet,single_engine
Physician_d3749aaf09,Doctrine_ace1169e4d,proposes,1,相火， 元气之贼也，火与元气不两立,代表医家 / 章虚谷 / 原文选释 / 六气皆从火化，以寒凉药主治，此理止可论邪，不可论病,p00864,true,builtin-sonnet,single_engine
Physician_7577a19b15,Doctrine_d85c2ba817,proposes,1,东垣论其变，景岳道其常耳,代表医家 / 章虚谷 / 原文选释 / 六气皆从火化，以寒凉药主治，此理止可论邪，不可论病,p00864,true,builtin-sonnet,single_engine
Physician_175513da37,Doctrine_17c7067ad9,proposes,1,但章氏认为，在具体治疗中，应考察人体体质之区别,代表医家 / 章虚谷 / 原文选释 / 六气皆从火化，以寒凉药主治，此理止可论邪，不可论病,p00866,true,builtin-sonnet,single_engine
Physician_175513da37,Doctrine_b29d6c04c4,proposes,1,体质不同，虽受邪同而病变不同，或从寒化，或从热化，故不可概用寒凉之药,代表医家 / 章虚谷 / 原文选释 / 六气皆从火化，以寒凉药主治，此理止可论邪，不可论病,p00866,true,builtin-sonnet,single_engine
Physician_7577a19b15,Doctrine_275bb5593a,proposes,1,治病之要，首当察人体质之阴阳强弱，而后方能调之使安。,代表医家 / 章虚谷 / 原文选释 / 治病之要，首当察人体质之阴阳强弱,p00869,true,builtin-sonnet,single_engine
Physician_7577a19b15,Doctrine_5cc0a582ad,proposes,1,如形瘦色苍，中气足而脉多弦，目有精彩，饮食不多，却能任劳，此阳旺阴虚之质也。每病多火，须用滋阴清火。,代表医家 / 章虚谷 / 原文选释 / 治病之要，首当察人体质之阴阳强弱,p00869,true,builtin-sonnet,single_engine
Physician_7577a19b15,Doctrine_7c1084f0cd,proposes,1,若更兼体丰肌厚，脉盛皮粗，食啖倍多，此阴阳俱盛之质。平时少病，每病多重，以邪蓄深久故也。须用重药，如大黄、芒硝、干姜、桂、附之类。,代表医家 / 章虚谷 / 原文选释 / 治病之要，首当察人体质之阴阳强弱,p00869,true,builtin-sonnet,single_engine
Physician_7577a19b15,Doctrine_0f13a0ec51,proposes,1,如体丰色白，皮嫩肌松，脉大而软，食啖虽多，每生痰涎，此阴盛阳虚之质。目有精彩，尚可无妨，如无精彩，寿多不永，或未到中年，而得中风之病。每病虽热邪，药不可过寒，更伤其阳，阳微则防其脱。热退须用温补扶阳。,代表医家 / 章虚谷 / 原文选释 / 治病之要，首当察人体质之阴阳强弱,p00869,true,builtin-sonnet,single_engine
Physician_7577a19b15,Doctrine_a2422cf616,proposes,1,若更兼形瘦脉弱，食饮不多，此阴阳两弱之质。倘目有精彩，耳轮肉厚端正，其先天尚强，神清智朗者，反为大贵。若目无彩，神气昏庸，必多贫天。凡阴阳俱弱之质，常多病，却不甚重，亦不能受大补大泻大寒大热之药。但宜和平之味，缓缓调之，此大略也。,代表医家 / 章虚谷 / 原文选释 / 治病之要，首当察人体质之阴阳强弱,p00869,true,builtin-sonnet,single_engine
Physician_7577a19b15,Doctrine_6d91651487,proposes,1,若论其变，则有阳旺阴弱之人，而损伤阳气者，宜先扶阳，而后滋阴;阴盛阳虚之人，而有伤阴者，宜先滋阴，而后助阳。,代表医家 / 章虚谷 / 原文选释 / 治病之要，首当察人体质之阴阳强弱,p00869,true,builtin-sonnet,single_engine
Physician_7577a19b15,Doctrine_15765c768a,proposes,1,章氏认为，治疗虚损病症，当先辨明阴阳、上下，依据其轻重缓急而进药有先后次序,代表医家 / 章虚谷 / 原文选释 / 治虚损者，先辨阴阳，次分上下,p00876,true,builtin-sonnet,single_engine
Physician_7577a19b15,Doctrine_64df11ce42,proposes,1,若病变不常，或当扶阳，或当抑阴，惟应随宜而施，安可执为一定之法乎,代表医家 / 章虚谷 / 原文选释 / 阳倡阴随，为造化自然之道,p00879,true,builtin-sonnet,single_engine
Physician_175513da37,Doctrine_458ab2f91a,proposes,1,杂说愈多，则圣道愈晦，而生民之厄愈重,代表医家 / 章虚谷 / 原文选释 / 阳倡阴随，为造化自然之道,p00881,true,builtin-sonnet,single_engine
Physician_7577a19b15,Doctrine_7678156ad0,proposes,1,三焦为少阳相火，故火盛，则小便黄赤；火衰，则小便清白，此常理也。,代表医家 / 章虚谷 / 医案选按 / 胃阳不振胃阴不足疑似案,p00894,true,builtin-sonnet,single_engine
Physician_7577a19b15,Doctrine_3548bd998e,proposes,1,中气不足者，中焦虚寒也。,代表医家 / 章虚谷 / 医案选按 / 胃阳不振胃阴不足疑似案,p00894,true,builtin-sonnet,single_engine
Physician_7577a19b15,Doctrine_80ae061ddf,proposes,1,夫火炎上，水流下，自然之性也。,代表医家 / 章虚谷 / 医案选按 / 胃阳不振胃阴不足疑似案,p00894,true,builtin-sonnet,single_engine
Physician_7577a19b15,Doctrine_b61e1df12b,proposes,1,故火有余者，必先盛于上，而后盛于下；水有余者，必先盛于下，而后盛于上，此常理也。,代表医家 / 章虚谷 / 医案选按 / 胃阳不振胃阴不足疑似案,p00894,true,builtin-sonnet,single_engine
Physician_7577a19b15,Doctrine_a3fd8a0b19,proposes,1,然水激之，可使在上失其就下之性。火若以寒冒之，则屈伏在下，失其炎上之威。,代表医家 / 章虚谷 / 医案选按 / 胃阳不振胃阴不足疑似案,p00894,true,builtin-sonnet,single_engine
Physician_7577a19b15,Doctrine_3f03d82fa5,proposes,1,三焦者，相火用事，熟腐水谷而化精微，生津液而通水道，故名为焦，取火熟物之义。,代表医家 / 章虚谷 / 医案选按 / 胃阳不振胃阴不足疑似案,p00894,true,builtin-sonnet,single_engine
Physician_7577a19b15,Doctrine_1152b67d0f,proposes,1,相火足，气化行，则水道通利，而清浊不混。,代表医家 / 章虚谷 / 医案选按 / 胃阳不振胃阴不足疑似案,p00894,true,builtin-sonnet,single_engine
Physician_7577a19b15,Doctrine_1ace54ff8c,proposes,1,若相火衰弱，中焦虚寒，不能化气，则胃中汤饮痰涎，浊阴凝聚。而衰弱之火，势必不能炎上，而屈伏于下，水道不畅，小便反变黄赤。此所以中气不足，溲便为变也。,代表医家 / 章虚谷 / 医案选按 / 胃阳不振胃阴不足疑似案,p00894,true,builtin-sonnet,single_engine
Physician_7918d7bc41,Doctrine_0fc401996d,proposes,1,仲圣治伤寒变热之邪内陷，用芩连大黄，水渍取汁以泄热，和入煎熟附子之扶阳，其法妙矣,代表医家 / 章虚谷 / 医案选按 / 暑温误治案,p00906,true,builtin-sonnet,single_engine
Physician_7577a19b15,Doctrine_71041f2f2c,proposes,1,随告病家曰，若服余药，必要仍然发热口渴，及有汗出，方有生机,代表医家 / 章虚谷 / 医案选按 / 邪伏少阴案,p00910,true,builtin-sonnet,single_engine
Physician_7577a19b15,Doctrine_b2ce1eeee1,proposes,1,轻按皮肤则凉，重按肌肉，热如火,代表医家 / 章虚谷 / 医案选按 / 邪伏少阴案,p00910,true,builtin-sonnet,single_engine
Physician_7577a19b15,Doctrine_0363e85c8c,proposes,1,先须辛甘微温，升散其郁，使外风解而汗出，则内热透发，然后清之可愈,代表医家 / 章虚谷 / 医案选按 / 邪伏少阴案,p00911,true,builtin-sonnet,single_engine
Physician_7577a19b15,Doctrine_3370981b01,proposes,1,夫热邪在经，必从汗解，既无实积腹胀，其大便不解本无妨碍，何必通之，反使外邪内陷乎,代表医家 / 章虚谷 / 医案选按 / 邪伏少阴案,p00911,true,builtin-sonnet,single_engine
Physician_7577a19b15,Doctrine_d941d7dfd7,proposes,1,而不思伤寒温病虽不同，其辨邪之浅深，人之虚实岂有异乎,代表医家 / 章虚谷 / 医案选按 / 邪伏少阴案,p00911,true,builtin-sonnet,single_engine
Physician_7577a19b15,Doctrine_0c4fe482e2,proposes,1,若黄芩、白虎、泻心、大小柴胡、承气等法，岂不可以治温热乎,代表医家 / 章虚谷 / 医案选按 / 邪伏少阴案,p00911,true,builtin-sonnet,single_engine
Physician_7577a19b15,Doctrine_b212faf8d5,proposes,1,而伤寒、温病皆有虚实不同,代表医家 / 章虚谷 / 医案选按 / 邪伏少阴案,p00911,true,builtin-sonnet,single_engine
Physician_7577a19b15,Doctrine_99f1d125fd,proposes,1,但必审其虚之多少，邪之浅深，而使药病相当，方能奏功,代表医家 / 章虚谷 / 医案选按 / 邪伏少阴案,p00911,true,builtin-sonnet,single_engine
Physician_7577a19b15,Doctrine_d36a2e583c,proposes,1,此本虚寒邪伏，故服党参姜桂温补热散之药，阳气转动，腹鸣胀减。若服大黄蒌仁以寒遇寒，如冰益水，更使凝结。大便必然不通，元气止存一线。,代表医家 / 章虚谷 / 医案选按 / 风寒误作温病案,p00917,true,builtin-sonnet,single_engine
Physician_e1902129a6,Doctrine_427cd95a79,proposes,1,樊则谓传世与行世迥异，江浙滨海临江，地土原湿，先贤发明疗治湿燥温暑诸法，不可偏废,代表医家 / 何廉臣 / 生平与代表著作简介,p00934,true,builtin-sonnet,single_engine
Physician_64d2cbdcf5,Doctrine_a095bcbe93,proposes,1,感到西医学未必全可取，中医学未必尽可弃,代表医家 / 何廉臣 / 生平与代表著作简介,p00934,true,builtin-sonnet,single_engine
Physician_64d2cbdcf5,Doctrine_aa15ffe363,proposes,1,何氏早年主张研古而不薄今,代表医家 / 何廉臣 / 生平与代表著作简介,p00935,true,builtin-sonnet,single_engine
Physician_64d2cbdcf5,Doctrine_c2108e832f,proposes,1,中年致力于衷中参西（此期据其自云著作颇多，但成就颇少）,代表医家 / 何廉臣 / 生平与代表著作简介,p00935,true,builtin-sonnet,single_engine
Physician_64d2cbdcf5,Doctrine_de4db01d4e,proposes,1,欲保存中国国粹，必先办中医学校，欲办中医学校必先编医学讲义,代表医家 / 何廉臣 / 生平与代表著作简介,p00936,true,builtin-sonnet,single_engine
Physician_64d2cbdcf5,Doctrine_582e6449d6,proposes,1,倡议全国中医界组织起来，共同编写一整套系统的中医标准教科书,代表医家 / 何廉臣 / 生平与代表著作简介,p00936,true,builtin-sonnet,single_engine
Physician_64d2cbdcf5,Doctrine_55f9c6ef86,proposes,1,他主张仿西体制，提出按生理、卫生、病理、诊断、疗法、辨药、制方等七个方面，系统整理中医学,代表医家 / 何廉臣 / 生平与代表著作简介,p00936,true,builtin-sonnet,single_engine
Physician_64d2cbdcf5,Doctrine_4eb75dfc33,proposes,1,他首先肯定：“《内》《难》《甲乙》诸经是古代的解剖学”,代表医家 / 何廉臣 / 生平与代表著作简介,p00943,true,builtin-sonnet,single_engine
Physician_64d2cbdcf5,Doctrine_ddaae94ac8,proposes,1,认为：“论经络之贯穿腧穴之分布，血液运行往复循环，气化神机之升降出入，实能发明人体生理之所以然”,代表医家 / 何廉臣 / 生平与代表著作简介,p00943,true,builtin-sonnet,single_engine
Physician_64d2cbdcf5,Doctrine_fc8372a8da,proposes,1,编写的方法是，“以古医学为根本，新医学为补助，择具精粹者存之，缺少者补之，传讹者删之，参以新进科学之说明，发皇古医典籍”,代表医家 / 何廉臣 / 生平与代表著作简介,p00943,true,builtin-sonnet,single_engine
Physician_64d2cbdcf5,Doctrine_f8b645f9d9,proposes,1,认为必须“分类编排，仿照科学体例分清目次，使学者头绪井然，不能只解释经文，堕入旧注惯例”,代表医家 / 何廉臣 / 生平与代表著作简介,p00943,true,builtin-sonnet,single_engine
Physician_64d2cbdcf5,Doctrine_f41c12bd79,proposes,1,古方不能尽中今人之病，后人不得尽泥古人治法，全在一片灵机，对证发药，庶病伤寒者其有豸乎？,代表医家 / 何廉臣 / 生平与代表著作简介,p00950,true,builtin-sonnet,single_engine
Physician_64d2cbdcf5,Doctrine_fa83e24ab8,proposes,1,前哲谓疟不离乎少阳，故治疟皆遵仲景法，多用小柴胡汤加减，执死法以治活病,代表医家 / 何廉臣 / 生平与代表著作简介,p00950,true,builtin-sonnet,single_engine
Physician_64d2cbdcf5,Doctrine_29fad2cce8,proposes,1,吾国诊断学以切脉居其末，非谓脉大可凭，谓仅恃于脉而脉无凭，徒泥乎脉而脉更无凭；必也观形色，验舌辨苔，查病源，度病所，审病状，究病变，然后参之以脉，虽脉象无定，而活法在人，自不为脉所惑矣,代表医家 / 何廉臣 / 生平与代表著作简介,p00952,true,builtin-sonnet,single_engine
Physician_64d2cbdcf5,Doctrine_8393c18051,proposes,1,提倡“方求其验岂判古今，药贵乎灵何分中外”,代表医家 / 何廉臣 / 生平与代表著作简介,p00952,true,builtin-sonnet,single_engine
Physician_15935624a6,Doctrine_a26428ce41,proposes,1,《素问》所论运气，当时《六元正纪大论》原文久佚，故晋皇甫谧作《甲乙经》，隋全元起注《素问》，皆云亡失；唐王冰私采阴阳大论七篇补之，诡云秘藏旧本……其说甚辩,代表医家 / 何廉臣 / 生平与代表著作简介,p00952,true,builtin-sonnet,single_engine
Physician_64d2cbdcf5,Doctrine_802b8b6195,proposes,1,现今中医前途，必须新旧沟通，进取科学的医学，改良宗教的医学，当崇实黜华之时代，正不必辨无证无据之事也,代表医家 / 何廉臣 / 生平与代表著作简介,p00952,true,builtin-sonnet,single_engine
Physician_64d2cbdcf5,Doctrine_f60bb69f5e,proposes,1,中国科学之程度，以医界为最低；中外冲突之潮流，以医界为最后，而革新之希望，亦以医界为最难……虽有一二热心早智之士，昌言改革，而反对者尚居多数,代表医家 / 何廉臣 / 生平与代表著作简介,p00955,true,builtin-sonnet,single_engine
Physician_64d2cbdcf5,Doctrine_eea2e324d3,proposes,1,使伏气温病学说具有堪与新感温病学说相媲美的系统性、广泛性与实用性,代表医家 / 何廉臣 / 学术观点及诊治经验 / 善创新，发展温病病因病机,p00959,true,builtin-sonnet,single_engine
Physician_64d2cbdcf5,Doctrine_66808f8452,proposes,1,是伏气温病集大成者，是温病学在清末的一项重大发展,代表医家 / 何廉臣 / 学术观点及诊治经验 / 善创新，发展温病病因病机,p00959,true,builtin-sonnet,single_engine
Physician_64d2cbdcf5,Doctrine_16e4c5c1a4,proposes,1,冬伤于寒者春未必病温，而冬不伤于寒者春也未必不病温,代表医家 / 何廉臣 / 学术观点及诊治经验 / 善创新，发展温病病因病机,p00960,true,builtin-sonnet,single_engine
Physician_64d2cbdcf5,Doctrine_4f8495b47f,proposes,1,在治疗春、夏所病之温热时，不需顾及其冬所伤之寒,代表医家 / 何廉臣 / 学术观点及诊治经验 / 善创新，发展温病病因病机,p00960,true,builtin-sonnet,single_engine
Physician_64d2cbdcf5,Doctrine_fb35ad52aa,proposes,1,因风邪引动而发者，曰风温，或曰风火。因寒邪引动而发者，曰冷温，或曰客寒包火。因暑邪引动而发者，曰暑温，或曰暑热。因湿邪引动而发者，曰湿温，或曰湿遏热伏。若兼秽毒者，曰温毒,代表医家 / 何廉臣 / 学术观点及诊治经验 / 善创新，发展温病病因病机,p00964,true,builtin-sonnet,single_engine
Physician_64d2cbdcf5,Doctrine_6ea23ca407,proposes,1,其发于春者曰春温，或曰春时晚发。发于夏者曰夏温，或曰热病。发于秋者曰秋温，或曰秋时晚发，或曰伏暑。发于冬者曰冬温，或曰伏暑冬发,代表医家 / 何廉臣 / 学术观点及诊治经验 / 善创新，发展温病病因病机,p00964,true,builtin-sonnet,single_engine
Physician_68fd45f47c,Doctrine_26c332556d,proposes,1,正如吴又可所说是：“各随其气而为诸病”,代表医家 / 何廉臣 / 学术观点及诊治经验 / 善创新，发展温病病因病机,p00966,true,builtin-sonnet,single_engine
Physician_64d2cbdcf5,Doctrine_59edac7778,proposes,1,"何氏认为伏气学说是避免""见病治病""的盲目性、达到主动""握机于病象之先""的根本途径，主张以邪气的所伏、所溃、所发、所传来贯穿认识疾病的全过程，使医者能预识病机，先机治病",代表医家 / 何廉臣 / 学术观点及诊治经验 / 善创新，发展温病病因病机,p00969,false,builtin-sonnet,single_engine
Physician_64d2cbdcf5,Doctrine_b75b07e8b7,proposes,1,他说：“医者必先明九传之理，而后能治伏邪。”,代表医家 / 何廉臣 / 学术观点及诊治经验 / 善创新，发展温病病因病机,p00969,true,builtin-sonnet,single_engine
Physician_5f1fdad40e,Doctrine_64b309354c,proposes,1,自叶天士创卫气营血辨证以来，为温热医家奉为规范,代表医家 / 何廉臣 / 学术观点及诊治经验 / 善创新，发展温病病因病机,p00969,true,builtin-sonnet,single_engine
Physician_156af256d7,Doctrine_3e53d38594,proposes,1,病发于处暑以后者尚浅而易治，发于霜降后、冬至前者为“晚发”，最深而难治,代表医家 / 何廉臣 / 学术观点及诊治经验 / 善创新，发展温病病因病机,p00970,true,builtin-sonnet,single_engine
Physician_156af256d7,Doctrine_3fe511a77f,proposes,1,只能用“轻清灵通之品，缓缓拨醒其气机，疏通其血络”,代表医家 / 何廉臣 / 学术观点及诊治经验 / 善创新，发展温病病因病机,p00970,true,builtin-sonnet,single_engine
Physician_64d2cbdcf5,Doctrine_70b14f53ca,proposes,1,于是将书中凡称为时行疫病者，悉改之曰温热，或曰伏邪。,代表医家 / 何廉臣 / 学术观点及诊治经验 / 善创新，发展温病病因病机,p00972,true,builtin-sonnet,single_engine
Physician_64d2cbdcf5,Doctrine_271fef733f,proposes,1,若兼秽毒者，则曰温毒。其症有二：一为风温时毒，一为湿温时毒。,代表医家 / 何廉臣 / 学术观点及诊治经验 / 善创新，发展温病病因病机,p00972,true,builtin-sonnet,single_engine
Physician_64d2cbdcf5,Doctrine_7393f0e6ae,proposes,1,人在气交之中，一身生气，终日与秽气相争战，实则与微生物相争战,代表医家 / 何廉臣 / 学术观点及诊治经验 / 善创新，发展温病病因病机,p00972,true,builtin-sonnet,single_engine
Physician_803b8f80a1,Doctrine_f7bb893291,proposes,1,谓“壮火为万病之贼”,代表医家 / 何廉臣 / 学术观点及诊治经验 / 善创新，发展温病病因病机,p00973,true,builtin-sonnet,single_engine
Physician_c864a982dc,Doctrine_9cc1280021,proposes,1,“炎症为百病之源”,代表医家 / 何廉臣 / 学术观点及诊治经验 / 善创新，发展温病病因病机,p00973,true,builtin-sonnet,single_engine
Physician_64d2cbdcf5,Doctrine_693e26a9eb,proposes,1,说明伏火就是壮火，有湿火、燥火之别,代表医家 / 何廉臣 / 学术观点及诊治经验 / 善创新，发展温病病因病机,p00973,true,builtin-sonnet,single_engine
Physician_64d2cbdcf5,Doctrine_6c70610406,proposes,1,而湿火、燥火病变之重者，亦常称为“毒火”,代表医家 / 何廉臣 / 学术观点及诊治经验 / 善创新，发展温病病因病机,p00973,true,builtin-sonnet,single_engine
Physician_64d2cbdcf5,Doctrine_04e73950f4,proposes,1,其病多发于阳明胃肠，热结在里，由中蒸上，此时气分邪热，郁遏灼津，尚未郁结血分。,代表医家 / 何廉臣 / 学术观点及诊治经验 / 精辨证，四诊入微经验独特,p00984,true,builtin-sonnet,single_engine
Physician_64d2cbdcf5,Doctrine_a9b651ca0e,proposes,1,其舌苔必黄腻，舌之边尖红紫欠津，或底白罩白、混浊不清，或纯黄少白，或黄色燥刺，或苔白底绛，或黄中带黑、浮滑粘腻，或白苔渐黄而灰黑。,代表医家 / 何廉臣 / 学术观点及诊治经验 / 精辨证，四诊入微经验独特,p00984,true,builtin-sonnet,single_engine
Physician_64d2cbdcf5,Doctrine_9b6495c419,proposes,1,伏邪重者，苔亦厚而且满，板贴不松，脉息数滞不调;症必神烦口渴，渴不引饮，甚则耳聋干呕，面色红黄黑混，口气秽浊。,代表医家 / 何廉臣 / 学术观点及诊治经验 / 精辨证，四诊入微经验独特,p00984,true,builtin-sonnet,single_engine
Physician_64d2cbdcf5,Doctrine_d92b932b47,proposes,1,宜用枳实、栀、豉合小陷胸汤，加连翘、茵陈之清芬，青子芩(姜水炒)、木通之苦辛，内通外达，表里两彻，使伏邪从汗利而双解。,代表医家 / 何廉臣 / 学术观点及诊治经验 / 精辨证，四诊入微经验独特,p00984,true,builtin-sonnet,single_engine
Physician_64d2cbdcf5,Doctrine_8c730f471a,proposes,1,渐欲化燥，渴甚脉大，气粗而逆者，重加石膏、知母，清肺气而滋化源;惟芦根、灯芯宜多用(煎汤代水)，轻清甘淡，邪热化湿，下行从膀胱而解，外达从白 解，或斑疹齐发而解。,代表医家 / 何廉臣 / 学术观点及诊治经验 / 精辨证，四诊入微经验独特,p00984,true,builtin-sonnet,single_engine
Physician_64d2cbdcf5,Doctrine_f2c40ed471,proposes,1,此外，何氏论治湿温，除了强调首先要辨明湿与温之孰轻孰重外，还要求要辨明是否夹有痰、水、食、气、瘀等邪,代表医家 / 何廉臣 / 学术观点及诊治经验 / 精辨证，四诊入微经验独特,p00985,true,builtin-sonnet,single_engine
Physician_64d2cbdcf5,Doctrine_79021c09a4,proposes,1,若有，则一般要以治夹邪为先,代表医家 / 何廉臣 / 学术观点及诊治经验 / 精辨证，四诊入微经验独特,p00985,true,builtin-sonnet,single_engine
Physician_64d2cbdcf5,Doctrine_2d3ff2b617,proposes,1,分析气虚当补的证候是面色痿白，言语轻微，四肢无力，动则气高而喘，或痞满痰多，或饮食难化作酸，或头晕自汗，大便泄泻，或咳嗽气促，舌苔白嫩或淡红而润,代表医家 / 何廉臣 / 学术观点及诊治经验 / 精辨证，四诊入微经验独特,p00988,true,builtin-sonnet,single_engine
Physician_64d2cbdcf5,Doctrine_8d73687d2b,proposes,1,血虚当补的证候是面白唇淡，头晕目眩，睡眠不安，五心烦热作渴，津液枯竭，健忘怔忡，肠燥便坚，口干舌燥，或口舌生疮，舌嫩红而干，或绛底浮白，或舌绛而燥,代表医家 / 何廉臣 / 学术观点及诊治经验 / 精辨证，四诊入微经验独特,p00988,true,builtin-sonnet,single_engine
Physician_64d2cbdcf5,Doctrine_fccae46e0d,proposes,1,并分列痰火壅肺的证候，湿火夹食蕴结胃肠的证候，毒火内灼三焦的证候，温热证蓄水夹结粪的证候及蓄血化火的证候,代表医家 / 何廉臣 / 学术观点及诊治经验 / 精辨证，四诊入微经验独特,p00988,true,builtin-sonnet,single_engine
Physician_64d2cbdcf5,Doctrine_b5e7d8c9e9,proposes,1,首先举出“看舌十法”，察舌质的老嫩、干润、荣枯、胀瘪、软硬、歪碎、舒缩、战痿、凸凹、深淡,代表医家 / 何廉臣 / 学术观点及诊治经验 / 精辨证，四诊入微经验独特,p00988,true,builtin-sonnet,single_engine
Physician_64d2cbdcf5,Doctrine_5ca60cb396,proposes,1,其次“辨苔十法”，辨舌苔的有无、厚薄、松腻、偏全、糙黏、纹点、瓣晕、真假、常变、苔色,代表医家 / 何廉臣 / 学术观点及诊治经验 / 精辨证，四诊入微经验独特,p00988,true,builtin-sonnet,single_engine
Physician_64d2cbdcf5,Doctrine_448435ba72,proposes,1,最后指出“验舌决死症法”20条，更是对舌诊的经验结晶,代表医家 / 何廉臣 / 学术观点及诊治经验 / 精辨证，四诊入微经验独特,p00988,true,builtin-sonnet,single_engine
Physician_15bb31faf7,Doctrine_1ca0c6deb5,proposes,1,原因有六：一气虚痿，二血虚痿，三阴虚痿，四湿疾痿，五血瘀痿，六食积痿。设不细审致痿之因，未有不偾事者矣。,代表医家 / 何廉臣 / 学术观点及诊治经验 / 精辨证，四诊入微经验独特,p00988,true,builtin-sonnet,single_engine
Physician_5f1fdad40e,Doctrine_45c219e28a,proposes,1,火为实证，热盛阳亢，身热多汗，法宜苦寒夺其实而泻其热；燥为虚证、阴亏失润、肌肤干燥，法宜甘寒养其阴而润其燥。,代表医家 / 何廉臣 / 学术观点及诊治经验 / 精辨证，四诊入微经验独特,p00988,true,builtin-sonnet,single_engine
Physician_156af256d7,Doctrine_99cb4b5d8c,proposes,1,何氏认为其病变中心在“胃”。脾主湿而胃主燥，故胃经受邪多从热化,代表医家 / 何廉臣 / 学术观点及诊治经验 / 巧施治，完善温病治法方药,p00992,true,builtin-sonnet,single_engine
Physician_156af256d7,Doctrine_d2b046e17c,proposes,1,何氏则用枳实栀豉合小陷胸汤加连翘、茵陈、黄芩、木通等（《广温热论》）,代表医家 / 何廉臣 / 学术观点及诊治经验 / 巧施治，完善温病治法方药,p00992,true,builtin-sonnet,single_engine
Physician_156af256d7,Doctrine_bbd25cfe49,proposes,1,辛凉解表、苦寒清里、甘寒救液是温热本症初中末三大基本治法,代表医家 / 何廉臣 / 学术观点及诊治经验 / 巧施治，完善温病治法方药,p00995,true,builtin-sonnet,single_engine
Physician_156af256d7,Doctrine_e63408ba80,proposes,1,感邪有兼风、兼寒、兼湿、兼毒之异；入里有夹食、夹痰、夹瘀、夹虫之别,代表医家 / 何廉臣 / 学术观点及诊治经验 / 巧施治，完善温病治法方药,p00995,true,builtin-sonnet,single_engine
Physician_64d2cbdcf5,Doctrine_8ed179ca7f,proposes,1,结邪为病，所关甚大，病之为痞为满，为喘为肿，为闷为闭，为痛为胀，直无一不涉于结……故里病总以解结为治，结一解而病无不去,代表医家 / 何廉臣 / 学术观点及诊治经验 / 巧施治，完善温病治法方药,p00997,false,builtin-sonnet,single_engine
Physician_64d2cbdcf5,Doctrine_df67a48584,proposes,1,温热结邪，总属伏火，自宜苦寒泻火为正治,代表医家 / 何廉臣 / 学术观点及诊治经验 / 巧施治，完善温病治法方药,p00997,true,builtin-sonnet,single_engine
Physician_64d2cbdcf5,Doctrine_103171a41e,proposes,1,但必须辨其为毒火宜急下，如紫草承气汤等；风火宜疏下，如局方凉膈散等；燥火宜润下，如千金生地黄汤、《温疫论》养荣承气汤等；痰火宜降下，如承气陷胸汤等；食积化火宜清下，如枳实导滞汤等；瘀血化火宜通下，如桃仁承气汤、下瘀血汤等；水火互结宜导下，如大陷胸汤、控涎丹等；若气虚失下者，宜润下兼补气，如《金匮翼》黄芪汤等；血虚失下者，宜润下兼益血，如《金鉴》玉烛散等；气血两亏而又不得不下者，宜陶氏黄龙汤等等,代表医家 / 何廉臣 / 学术观点及诊治经验 / 巧施治，完善温病治法方药,p00997,true,builtin-sonnet,single_engine
Physician_64d2cbdcf5,Doctrine_bb4613b439,proposes,1,继则表热微而里热著，又宜酌用诸承气法以下之,代表医家 / 何廉臣 / 学术观点及诊治经验 / 巧施治，完善温病治法方药,p01008,true,builtin-sonnet,single_engine
Physician_64d2cbdcf5,Doctrine_5633d8a5e4,proposes,1,下后表里俱虚而液燥者，重则竹叶石膏汤，轻则八仙玉液（藕汁、梨汁、芦根汁、茅根汁、蔗汁、人乳、童便、鸡子白），清虚热以生津液,代表医家 / 何廉臣 / 学术观点及诊治经验 / 巧施治，完善温病治法方药,p01008,true,builtin-sonnet,single_engine
Physician_64d2cbdcf5,Doctrine_35f5119ed8,proposes,1,吴鞠通安宫牛黄丸不如紫雪丹合厥症返魂丹清镇泄化，平其神经，以定痉厥，其效果尤为神速,代表医家 / 何廉臣 / 学术观点及诊治经验 / 巧施治，完善温病治法方药,p01010,true,builtin-sonnet,single_engine
Physician_64d2cbdcf5,Doctrine_bb09544143,proposes,1,是病毒充满于肠内，宜先用通利剂扫荡肠内之郁毒,代表医家 / 何廉臣 / 学术观点及诊治经验 / 巧施治，完善温病治法方药,p01010,true,builtin-sonnet,single_engine
Physician_64d2cbdcf5,Doctrine_e0a9d3bc3e,proposes,1,然传染性赤痢，亦有不宜用硝黄荡涤者，只可清血解毒，滑以去着，如犀角地黄汤合五仁汤加醋炒芫花，重用贯仲一两，地浆水煎药，亦多奏效,代表医家 / 何廉臣 / 学术观点及诊治经验 / 巧施治，完善温病治法方药,p01010,true,builtin-sonnet,single_engine
Physician_64d2cbdcf5,Doctrine_bfed26e3f4,proposes,1,孕妇痢疾，以四制香附，带壳春砂为最良,代表医家 / 何廉臣 / 学术观点及诊治经验 / 巧施治，完善温病治法方药,p01010,true,builtin-sonnet,single_engine
Physician_64d2cbdcf5,Doctrine_75ef64f1df,proposes,1,脚气病应干湿分治，湿脚气以祛湿攻毒为君，佐以活血通络，用鸡鸣杉节汤,代表医家 / 何廉臣 / 学术观点及诊治经验 / 巧施治，完善温病治法方药,p01010,true,builtin-sonnet,single_engine
Physician_64d2cbdcf5,Doctrine_0dda92f11f,proposes,1,干脚气当以养血润燥、舒筋壮骨为君，加减虎潜汤主之,代表医家 / 何廉臣 / 学术观点及诊治经验 / 巧施治，完善温病治法方药,p01010,true,builtin-sonnet,single_engine
Physician_64d2cbdcf5,Doctrine_53e557235f,proposes,1,唯脚气冲心症多不治，当用急症急救法；体实者泻血镇冲，加减桃仁随气汤合四磨饮子，体虚者介潜镇摄，紫石英汤加减,代表医家 / 何廉臣 / 学术观点及诊治经验 / 巧施治，完善温病治法方药,p01010,true,builtin-sonnet,single_engine
Physician_64d2cbdcf5,Doctrine_8b62c711ca,proposes,1,把尤在泾的“卒中八法”增其药方，并益以“养血”“活络”两法为“卒中十法”,代表医家 / 何廉臣 / 学术观点及诊治经验 / 巧施治，完善温病治法方药,p01010,true,builtin-sonnet,single_engine
Physician_efb1169b9b,Doctrine_9413e30a4f,proposes,1,虚者由脑缺血，以补中益气汤加鹿茸血片，提血上行以补脑；实者由脑积血，以调胃承气汤冲犀角汁，泻血下行以清脑,代表医家 / 何廉臣 / 学术观点及诊治经验 / 巧施治，完善温病治法方药,p01010,true,builtin-sonnet,single_engine
Physician_64d2cbdcf5,Doctrine_a6f9144d46,proposes,1,故古昔大医诊病决死生者，不视病之轻重，而视元气之存亡。元气不伤，虽病甚不死;元气或伤，虽病轻亦死。,代表医家 / 何廉臣 / 原文选释 / 阴火论,p01014,true,builtin-sonnet,single_engine
Physician_64d2cbdcf5,Doctrine_9f93df5cb1,proposes,1,猝中多阳被阴逼，不走即飞;久病多阴竭阳厥，非枯则槁。,代表医家 / 何廉臣 / 原文选释 / 阴火论,p01014,true,builtin-sonnet,single_engine
Physician_a5583fdda4,Doctrine_7a055a0e1d,proposes,1,李志锐所谓饮食入胃，取汁变赤，由营卫上入于心，由心分布其重浊之汁，入冲脉化血。精华之汁，入任脉化精。冲是一身之总血管。任是一身之总精管是也。,代表医家 / 何廉臣 / 原文选释 / 虚里冲任论,p01019,true,builtin-sonnet,single_engine
Physician_1245bdc3d9,Doctrine_8a990c65e7,proposes,1,俞氏按胸以诊虚里，按腹以诊冲任，较诊太溪、趺阳，尤为可据。故腹诊之法，亦诊断上之必要。,代表医家 / 何廉臣 / 原文选释 / 虚里冲任论,p01019,true,builtin-sonnet,single_engine
Physician_64d2cbdcf5,Doctrine_64d71b8b82,proposes,1,体肥而面色白者，兼顾阳气。治用苦辛淡温法，或佐桂、苓，或佐姜、术。体瘦而面色苍者，兼顾津液，治以苦辛淡凉法，或佐芦、茅二根，或佐梨、蔗二汁,代表医家 / 何廉臣 / 原文选释 / 兼湿须分寒湿、湿热论,p01024,true,builtin-sonnet,single_engine
Physician_5f1fdad40e,Doctrine_95bd50d2e5,proposes,1,其除气分之湿，用蔻仁、滑石、杏仁、川朴、姜半夏、瓜蒌皮为主，有热加竹叶、连翘、芦根等，全取轻清之品，走气道以除湿,代表医家 / 何廉臣 / 原文选释 / 兼湿须分寒湿、湿热论,p01024,true,builtin-sonnet,single_engine
Physician_5f1fdad40e,Doctrine_3dd12b898f,proposes,1,一从肺治，用辛淡清化法;一从脾治，用辛淡温通法。此二者，皆为化气利湿之正法,代表医家 / 何廉臣 / 原文选释 / 兼湿须分寒湿、湿热论,p01024,true,builtin-sonnet,single_engine
Physician_64d2cbdcf5,Doctrine_ad534c5347,proposes,1,总以苦辛温治寒湿，苦辛寒治湿热，概以淡渗佐之。甘酸腻浊，在所不用,代表医家 / 何廉臣 / 原文选释 / 兼湿须分寒湿、湿热论,p01024,true,builtin-sonnet,single_engine
Physician_64d2cbdcf5,Doctrine_f4b94789f5,proposes,1,凡暑轻而寒湿重者，暑即寓于寒湿之中，为寒湿吸收而同化,代表医家 / 何廉臣 / 原文选释 / 夏月伤暑，最多兼夹之证,p01034,true,builtin-sonnet,single_engine
Physician_64d2cbdcf5,Doctrine_ac48b696b2,proposes,1,故散寒即所以散暑，治湿即所以治暑,代表医家 / 何廉臣 / 原文选释 / 夏月伤暑，最多兼夹之证,p01034,true,builtin-sonnet,single_engine
Physician_64d2cbdcf5,Doctrine_2ebe184cdf,proposes,1,此惟阳虚多湿者为然,代表医家 / 何廉臣 / 原文选释 / 夏月伤暑，最多兼夹之证,p01034,true,builtin-sonnet,single_engine
Physician_64d2cbdcf5,Doctrine_6fb5ef9405,proposes,1,若其人阴虚多火，暑即寓于火之中，纵感风寒，亦为客寒包火之证,代表医家 / 何廉臣 / 原文选释 / 夏月伤暑，最多兼夹之证,p01034,true,builtin-sonnet,single_engine
Physician_64d2cbdcf5,Doctrine_e6e0a25711,proposes,1,温热实症，阳明胃肠病居多,代表医家 / 何廉臣 / 原文选释 / 温热虚症，少阴心肾病居多,p01039,true,builtin-sonnet,single_engine
Physician_20db30f6a0,Doctrine_6d8181dc75,proposes,1,曰：今之所谓伤寒者，大概皆温热病耳。惟伤寒则足经为主，温热则手经病多,代表医家 / 何廉臣 / 原文选释 / 温热虚症，少阴心肾病居多,p01039,true,builtin-sonnet,single_engine
Physician_20db30f6a0,Doctrine_512fa749c4,proposes,1,如风温之咳嗽息鼾，热病之神昏谵语，或溏泻黏垢，皆手太阴肺、手厥阴心包络、手阳明大肠现证,代表医家 / 何廉臣 / 原文选释 / 温热虚症，少阴心肾病居多,p01039,true,builtin-sonnet,single_engine
Physician_20db30f6a0,Doctrine_e7da11ac13,proposes,1,其邪分布充斥，无复六经可考，故不以六经法治耳,代表医家 / 何廉臣 / 原文选释 / 温热虚症，少阴心肾病居多,p01039,true,builtin-sonnet,single_engine
Physician_20db30f6a0,Doctrine_744acded5f,proposes,1,就予生平所验，初时兼挟表邪者最多，仍宜发散,代表医家 / 何廉臣 / 原文选释 / 温热虚症，少阴心肾病居多,p01039,true,builtin-sonnet,single_engine
Physician_20db30f6a0,Doctrine_4ff3da3329,proposes,1,以得汗为病轻，无汗为病重,代表医家 / 何廉臣 / 原文选释 / 温热虚症，少阴心肾病居多,p01039,true,builtin-sonnet,single_engine
Physician_20db30f6a0,Doctrine_974202b7da,proposes,1,俱宗仲景六经成法有效,代表医家 / 何廉臣 / 原文选释 / 温热虚症，少阴心肾病居多,p01039,true,builtin-sonnet,single_engine
Physician_d3749aaf09,Doctrine_5fccf1a341,proposes,1,盖冬不藏精者，东垣所谓肾水内竭，孰为滋养也,代表医家 / 何廉臣 / 原文选释 / 温热虚症，少阴心肾病居多,p01039,true,builtin-sonnet,single_engine
Physician_20db30f6a0,Doctrine_c49196f1d0,proposes,1,惟大剂养阴，佐以清热，或可救之,代表医家 / 何廉臣 / 原文选释 / 温热虚症，少阴心肾病居多,p01039,true,builtin-sonnet,single_engine
Physician_7e002ca0a2,Doctrine_847a7430ae,proposes,1,温热伏邪，因新寒触动而发者，俗称冷温。,代表医家 / 何廉臣 / 原文选释 / 温热伏邪因新寒触动而发者，最多变证,p01050,true,builtin-sonnet,single_engine
Physician_7e002ca0a2,Doctrine_bd8c7efab3,proposes,1,发于春者为春温，发于冬者为冬温，俗称客寒包火，皆属此症。,代表医家 / 何廉臣 / 原文选释 / 温热伏邪因新寒触动而发者，最多变证,p01050,true,builtin-sonnet,single_engine
Physician_7e002ca0a2,Doctrine_8d70b2962a,proposes,1,初起多头身皆痛，寒热无汗，咳嗽口渴，舌苔浮白，脉息举之有余，或弦或紧，寻之或滑或数，先宜辛温解表法,代表医家 / 何廉臣 / 原文选释 / 温热伏邪因新寒触动而发者，最多变证,p01050,true,builtin-sonnet,single_engine
Physician_7e002ca0a2,Doctrine_dd74bddc63,proposes,1,倘或舌苔化燥，或黄或焦，是温热已烁于胃，即用凉解里热法,代表医家 / 何廉臣 / 原文选释 / 温热伏邪因新寒触动而发者，最多变证,p01050,true,builtin-sonnet,single_engine
Physician_7e002ca0a2,Doctrine_9f3fadda1f,proposes,1,如舌绛齿燥，谵语神昏，是温热深踞阳明营分，即宜清热解毒法,代表医家 / 何廉臣 / 原文选释 / 温热伏邪因新寒触动而发者，最多变证,p01050,true,builtin-sonnet,single_engine
Physician_7e002ca0a2,Doctrine_536caf420a,proposes,1,如有手足瘈疭，脉来弦数，是为热极生风，即宜祛热熄风法,代表医家 / 何廉臣 / 原文选释 / 温热伏邪因新寒触动而发者，最多变证,p01050,true,builtin-sonnet,single_engine
Physician_7e002ca0a2,Doctrine_b22f3c8f65,proposes,1,如或昏瞆不知人，不语如尸厥，此温邪窜入心胞，即宜祛热宣窍法,代表医家 / 何廉臣 / 原文选释 / 温热伏邪因新寒触动而发者，最多变证,p01050,true,builtin-sonnet,single_engine
Physician_7e002ca0a2,Doctrine_dddbc6d260,proposes,1,冷温变幻，不一而足，务在临机应变。,代表医家 / 何廉臣 / 原文选释 / 温热伏邪因新寒触动而发者，最多变证,p01050,true,builtin-sonnet,single_engine
Physician_64d2cbdcf5,Doctrine_3ecc787d61,proposes,1,湿热与湿温，似同实异。,代表医家 / 何廉臣 / 原文选释 / 湿热与湿温辨,p01055,true,builtin-sonnet,single_engine
Physician_64d2cbdcf5,Doctrine_d18b075292,proposes,1,湿热者，先受湿，后化热，其来也渐。,代表医家 / 何廉臣 / 原文选释 / 湿热与湿温辨,p01055,true,builtin-sonnet,single_engine
Physician_64d2cbdcf5,Doctrine_d26e26e1ef,proposes,1,湿温者，先伏温，后受湿，其来也暴。,代表医家 / 何廉臣 / 原文选释 / 湿热与湿温辨,p01055,true,builtin-sonnet,single_engine
Physician_64d2cbdcf5,Doctrine_5b2b183d4f,proposes,1,湿热轻而湿温重。,代表医家 / 何廉臣 / 原文选释 / 湿热与湿温辨,p01055,true,builtin-sonnet,single_engine
Physician_1de08ca507,Doctrine_e29f18dd34,proposes,1,舌苔滑白厚腻者，重用川朴为君。,代表医家 / 何廉臣 / 原文选释 / 湿热与湿温辨,p01055,true,builtin-sonnet,single_engine
Physician_1de08ca507,Doctrine_79eccfc8ba,proposes,1,口有秽气者，玉枢丹亦要药。,代表医家 / 何廉臣 / 原文选释 / 湿热与湿温辨,p01055,true,builtin-sonnet,single_engine
Physician_64d2cbdcf5,Doctrine_3e6a308f0a,proposes,1,如湿重于温者，当以吴氏三仁汤、周氏化浊汤二方为主。,代表医家 / 何廉臣 / 原文选释 / 湿热与湿温辨,p01055,true,builtin-sonnet,single_engine
Physician_64d2cbdcf5,Doctrine_d413c5b55e,proposes,1,如温重于湿者，当以加减藿朴夏苓汤、清芳透邪汤二方为主。,代表医家 / 何廉臣 / 原文选释 / 湿热与湿温辨,p01055,true,builtin-sonnet,single_engine
Physician_64d2cbdcf5,Doctrine_fe6c28e2c6,proposes,1,湿与温并重，当以新定达原饮、枳实栀豉合小陷胸汤加减，或藿香佐金汤亦佳。,代表医家 / 何廉臣 / 原文选释 / 湿热与湿温辨,p01055,true,builtin-sonnet,single_engine
Physician_64d2cbdcf5,Doctrine_f70cd2020a,proposes,1,既不太热太燥太泄，又不太寒太润太涩,代表医家 / 何廉臣 / 方剂选录 / 自订疏风止嗽汤,p01073,true,builtin-sonnet,single_engine
Physician_64d2cbdcf5,Doctrine_89dd099d6f,proposes,1,方虽平淡，收效殊多,代表医家 / 何廉臣 / 方剂选录 / 自订疏风止嗽汤,p01073,true,builtin-sonnet,single_engine
Physician_64d2cbdcf5,Doctrine_f55e7b9334,proposes,1,医当忠告而善导之,代表医家 / 何廉臣 / 方剂选录 / 自订疏风止嗽汤,p01073,true,builtin-sonnet,single_engine
Physician_64d2cbdcf5,Doctrine_c3836cca58,proposes,1,余每作神经衰弱，骤有感触，五志之火，上烁脑髓，神经顿失其常性，遂发似狂非狂之证,代表医家 / 何廉臣 / 方剂选录 / 自制牛马二宝散,p01078,true,builtin-sonnet,single_engine
Physician_64d2cbdcf5,Doctrine_e09e00ddbf,proposes,1,东医所谓性情之狂，通称为精神病是也,代表医家 / 何廉臣 / 方剂选录 / 自制牛马二宝散,p01078,true,builtin-sonnet,single_engine
Physician_64d2cbdcf5,Doctrine_409f55f562,proposes,1,与感证之阳盛发狂迥异,代表医家 / 何廉臣 / 方剂选录 / 自制牛马二宝散,p01078,true,builtin-sonnet,single_engine
Physician_64d2cbdcf5,Doctrine_aa8695df9b,proposes,1,何廉臣《重订广温热论》伏气温病学说探讨,代表医家 / 何廉臣 / 医案选按 / 暑湿类疟身痛案,p01132,true,builtin-sonnet,single_engine
Physician_dfc10f773b,Doctrine_057fa21ae6,proposes,1,古人各有专长，吾辈幸生古人之后，当统观而效法之。若坐井观天曰天在，是天岂尽于是哉？,代表医家 / 张畹香 / 生平与代表著作简介,p01137,true,builtin-sonnet,single_engine
Physician_dfc10f773b,Doctrine_d55028bd95,proposes,1,师古而不泥古,代表医家 / 张畹香 / 学术观点及诊治经验 / 诊病善察舌,p01142,true,builtin-sonnet,single_engine
Physician_dfc10f773b,Doctrine_58f8099414,proposes,1,在疾病的诊治中动态观察舌苔变化，并结合临床主要症状、脉象情况，重视体质，辨治用药。,代表医家 / 张畹香 / 学术观点及诊治经验 / 诊病善察舌,p01142,true,builtin-sonnet,single_engine
Physician_dfc10f773b,Doctrine_2ab592c570,proposes,1,治斑时提出用辛凉法清肺分之风热，早托邪透达外出为宜，药用玉女煎加麦冬、生地、羚羊角，佐以大青叶托邪透斑外出,代表医家 / 张畹香 / 学术观点及诊治经验 / 温病多托邪,p01152,true,builtin-sonnet,single_engine
Physician_dfc10f773b,Doctrine_70362c2825,proposes,1,他主张“一见疹，黄芩汤加炒大力子、桔梗、蒌皮、蝉衣、茯苓皮以解表托疹，勿用贝、蒌、葶苈泻肺，致邪下陷”，病深不解,代表医家 / 张畹香 / 学术观点及诊治经验 / 温病多托邪,p01152,true,builtin-sonnet,single_engine
Physician_dfc10f773b,Doctrine_42ab4e02bd,proposes,1,药物选沙参、麦冬、玄参、生地、地骨皮等生津养阴，桔梗、连翘、金银花、蝉衣、羚羊角等宣肺托邪外出，共奏增液托邪，宣肺透表之效,代表医家 / 张畹香 / 学术观点及诊治经验 / 温病多托邪,p01153,true,builtin-sonnet,single_engine
Physician_dfc10f773b,Doctrine_01cb126de0,proposes,1,用汉防己、焦茅术、川连、茯苓、泽泻祛其湿热，广木香、缩砂、陈皮利其气,代表医家 / 张畹香 / 原文选释 / 利湿升清止痢疾,p01176,true,builtin-sonnet,single_engine
Physician_dfc10f773b,Doctrine_42ff03d2a4,proposes,1,文党参一两，以升麻一钱煎浓汁浸烘党参，升补其气,代表医家 / 张畹香 / 原文选释 / 利湿升清止痢疾,p01176,true,builtin-sonnet,single_engine
Physician_dfc10f773b,Doctrine_7527490d12,proposes,1,或大便作泻，加淡渗法，则生米仁、茯苓，又炒银花最妙。,代表医家 / 张畹香 / 原文选释 / 四时分别治风疹,p01181,true,builtin-sonnet,single_engine
Physician_dfc10f773b,Doctrine_5bd96b8145,proposes,1,或火盛，则羚角、犀角、丹皮、焦栀子，或用苇茎汤、白虎汤，夏秋用，冬春断不可用。,代表医家 / 张畹香 / 原文选释 / 四时分别治风疹,p01181,true,builtin-sonnet,single_engine
Physician_dfc10f773b,Doctrine_689b962b82,proposes,1,又有入心营则犀角地黄汤，加紫雪或至宝丹。,代表医家 / 张畹香 / 原文选释 / 四时分别治风疹,p01181,true,builtin-sonnet,single_engine
Physician_dfc10f773b,Doctrine_c7e583ee39,proposes,1,夹温则瘄似疹，白色有浆，热毒深入血分，即下亦斑，唯早下则斑早出耳,代表医家 / 张畹香 / 原文选释 / 斑疹皆宜早透达,p01196,true,builtin-sonnet,single_engine
Physician_dfc10f773b,Doctrine_9ff66c4287,proposes,1,一见疹，黄芩汤加炒大力子、桔梗、蒌皮、蝉蜕、茯苓皮已解表托疹，勿用贝蒌葶苈泻肺致邪下陷,代表医家 / 张畹香 / 原文选释 / 斑疹皆宜早透达,p01196,true,builtin-sonnet,single_engine
Physician_dfc10f773b,Doctrine_29827edc1a,proposes,1,即予犀角地黄汤加人中黄、金银花、大青叶化斑解毒，轻者勿用承气，若重者不如三黄汤或承气，为变解法，使表里之邪一齐解散,代表医家 / 张畹香 / 原文选释 / 斑疹皆宜早透达,p01196,true,builtin-sonnet,single_engine
Physician_dfc10f773b,Doctrine_ae13903a35,proposes,1,沿门合境，男妇老幼，所患悉同，即属瘟疫,代表医家 / 张畹香 / 原文选释 / 瘟疫察苔宜早下,p01201,true,builtin-sonnet,single_engine
Physician_dfc10f773b,Doctrine_1b012f6358,proposes,1,湿温之盛行，叶氏案中用张喻法者，其舌皆红耳,代表医家 / 张畹香 / 原文选释 / 瘟疫察苔宜早下,p01201,true,builtin-sonnet,single_engine
Physician_dfc10f773b,Doctrine_6da33c476a,proposes,1,故疫忌汗,代表医家 / 张畹香 / 原文选释 / 瘟疫察苔宜早下,p01201,true,builtin-sonnet,single_engine
Physician_dfc10f773b,Doctrine_054b7534cc,proposes,1,一见白燥苔即下，舌稍黄微下之，舌黄燥大下之，舌焦刺，重下之，峻下之，所谓下之不嫌早也,代表医家 / 张畹香 / 原文选释 / 瘟疫察苔宜早下,p01201,true,builtin-sonnet,single_engine
Physician_dfc10f773b,Doctrine_c0c5e83b01,proposes,1,川连能解毒，且苦能燥湿，复以人中黄尤妙,代表医家 / 张畹香 / 原文选释 / 瘟疫察苔宜早下,p01201,true,builtin-sonnet,single_engine
Physician_dfc10f773b,Doctrine_0e4b8f765d,proposes,1,先除其热，热除其痢自瘥者，不瘥与小承气汤下之。,代表医家 / 张畹香 / 原文选释 / 湿热痢疾治肝脾,p01206,true,builtin-sonnet,single_engine
Physician_dfc10f773b,Doctrine_fdfbfa78ed,proposes,1,仲景白头翁汤云治下焦热毒痢，然北秦皮为肝经药，当属治肝痢之方,代表医家 / 张畹香 / 原文选释 / 湿热痢疾治肝脾,p01206,true,builtin-sonnet,single_engine
Physician_dfc10f773b,Doctrine_ffa3de62c6,proposes,1,大抵痢在肝分者，舌苔必薄，或渴或不渴，痛在少腹，或胁肋，或腰，当用当归黄芩汤。,代表医家 / 张畹香 / 原文选释 / 湿热痢疾治肝脾,p01206,true,builtin-sonnet,single_engine
Physician_dfc10f773b,Doctrine_d02e66439e,proposes,1,所谓破血则腹痛自减，利气则厚重自除。,代表医家 / 张畹香 / 原文选释 / 湿热痢疾治肝脾,p01206,true,builtin-sonnet,single_engine
Physician_dfc10f773b,Doctrine_227963bed1,proposes,1,参苏饮之法，扶正驱邪,代表医家 / 张畹香 / 原文选释 / 医者治病需明理,p01211,true,builtin-sonnet,single_engine
Physician_dfc10f773b,Doctrine_493c0509ee,proposes,1,故本草以性温，能祛肺寒,代表医家 / 张畹香 / 原文选释 / 医者治病需明理,p01211,true,builtin-sonnet,single_engine
Physician_dfc10f773b,Doctrine_1d74fa06fb,proposes,1,仲景书分晰甚明，绝无相混之处,代表医家 / 张畹香 / 原文选释 / 医者治病需明理,p01211,true,builtin-sonnet,single_engine
Physician_dfc10f773b,Doctrine_ce7e035015,proposes,1,产后当理血分,代表医家 / 张畹香 / 医案选按 / 凉血清肺治产后温病案,p01236,true,builtin-sonnet,single_engine
Physician_dfc10f773b,Doctrine_b215dcbc31,proposes,1,黄芩、白芍产后所禁，不用,代表医家 / 张畹香 / 医案选按 / 凉血清肺治产后温病案,p01236,true,builtin-sonnet,single_engine
Physician_dfc10f773b,Doctrine_7f7e3027e8,proposes,1,凡泻之似痢非痢者，盲医每认为痢，用通痢套药,代表医家 / 张畹香 / 医案选按 / 清肝利湿治肝痢案,p01244,true,builtin-sonnet,single_engine
Physician_dfc10f773b,Doctrine_76b5ecae34,proposes,1,用熟地、肉桂，五味、龟板，复以炮姜、粳米、赤石脂等桃花汤，多剂始愈。,代表医家 / 张畹香 / 医案选按 / 益肾温脾固涩治痢案,p01248,true,builtin-sonnet,single_engine
Physician_dfc10f773b,Doctrine_a9d487817b,proposes,1,然予思，总由肾水之虚，肝家血分之热,代表医家 / 张畹香 / 医案选按 / 凉血清肝滋肾治软脚瘟案,p01252,true,builtin-sonnet,single_engine
Physician_dfc10f773b,Doctrine_8da42aba29,proposes,1,嗣后无论男妇，遇软脚瘟，用此法俱效,代表医家 / 张畹香 / 医案选按 / 凉血清肝滋肾治软脚瘟案,p01252,true,builtin-sonnet,single_engine
Physician_ff5f81bc7b,Doctrine_ddcf108c43,proposes,1,周氏崇尚仲景学说，重视识方辨药与辨证结合的重要性,代表医家 / 周伯度 / 生平与代表著作介绍,p01304,true,builtin-sonnet,single_engine
Physician_ff5f81bc7b,Doctrine_5efdd68b5e,proposes,1,读仲圣书而不先辨本草，犹航断港绝潢而望至于海也。夫辨本草者，医学之始基,代表医家 / 周伯度 / 生平与代表著作介绍,p01304,true,builtin-sonnet,single_engine
Physician_f22c30466d,Doctrine_2a0cce8f23,proposes,1,致知之书，如素问、灵枢、本草经尚矣。而伤寒论、金匮要略，则又南阳先生师本致知以为力行之书，灵素本经，悉括其中,代表医家 / 周伯度 / 学术观点及诊治经验 / 学医推崇致知力行,p01308,true,builtin-sonnet,single_engine
Physician_f22c30466d,Doctrine_399a31ff68,proposes,1,周氏指出中国古时便有针灸铜人模型，且其外有腧穴内有脏腑，可以用作针刺练习,代表医家 / 周伯度 / 学术观点及诊治经验 / 学医推崇致知力行,p01309,true,builtin-sonnet,single_engine
Physician_f22c30466d,Doctrine_2a0c4f2095,proposes,1,“人知辨证之难，甚于辨药；孰知方之不效，由于不识证者半，由于不识药者亦半。证识矣而药不当，非特不效，抑且贻害”,代表医家 / 周伯度 / 学术观点及诊治经验 / 辨证尤重识方辨药,p01311,true,builtin-sonnet,single_engine
Physician_f22c30466d,Doctrine_8c545bab48,proposes,1,“其故在本草之学，自来多不深求。识本草如是，遂视方义亦当如是”,代表医家 / 周伯度 / 学术观点及诊治经验 / 辨证尤重识方辨药,p01311,true,builtin-sonnet,single_engine
Physician_f22c30466d,Doctrine_06df2996f0,proposes,1,“于古人因证施治之微旨，去而千里矣”,代表医家 / 周伯度 / 学术观点及诊治经验 / 辨证尤重识方辨药,p01311,true,builtin-sonnet,single_engine
Physician_f22c30466d,Doctrine_754409e9d2,proposes,1,好补之家多誉，好攻之家多毁，其誉者复有补阴补阳之各执,代表医家 / 周伯度 / 学术观点及诊治经验 / 辨证尤重识方辨药,p01311,true,builtin-sonnet,single_engine
Physician_f22c30466d,Doctrine_9a48e98ac3,proposes,1,“止渴有不需参之证，生脉则惟参独擅。盖脉生于营，营属心。心体阴而用阳，惟冲和煦育之参，能补之”,代表医家 / 周伯度 / 学术观点及诊治经验 / 辨证尤重识方辨药,p01311,false,builtin-sonnet,single_engine
Physician_b9889989f3,Doctrine_24bfaba46c,proposes,1,小柴胡汤之去参，为邪合之据；桂枝新加汤之有参，为邪分之据,代表医家 / 周伯度 / 学术观点及诊治经验 / 辨证尤重识方辨药,p01312,true,builtin-sonnet,single_engine
Physician_f22c30466d,Doctrine_fe0fe0b8d1,proposes,1,不知参者，善和阴阳，专用以和正，不用以驱邪；于驱邪之中而加以参，稍一不当，害即随之,代表医家 / 周伯度 / 学术观点及诊治经验 / 辨证尤重识方辨药,p01312,true,builtin-sonnet,single_engine
Physician_f22c30466d,Doctrine_65011efd23,proposes,1,故必得如新加汤，驱邪之他药，不致以人参堕其功，和正之人参，且能为他药弭其隙，始为真知参而用之无误,代表医家 / 周伯度 / 学术观点及诊治经验 / 辨证尤重识方辨药,p01312,true,builtin-sonnet,single_engine
Physician_f22c30466d,Doctrine_6dc6b6cf40,proposes,1,邪正之分合，当以去某经入某经，及病气之进退衰旺为言，不当以一证一脉，判邪正定分合,代表医家 / 周伯度 / 学术观点及诊治经验 / 辨证尤重识方辨药,p01312,true,builtin-sonnet,single_engine
Physician_f22c30466d,Doctrine_f0b8cfb6a3,proposes,1,医书汗牛充栋，大抵下驷十之七，中驷十之二，上驷十之一,代表医家 / 周伯度 / 学术观点及诊治经验 / 衷中尚参西学新知,p01315,true,builtin-sonnet,single_engine
Physician_f22c30466d,Doctrine_c32f41cb03,proposes,1,上中驷之书，无不由研求内经与仲圣书而出,代表医家 / 周伯度 / 学术观点及诊治经验 / 衷中尚参西学新知,p01315,true,builtin-sonnet,single_engine
Physician_f22c30466d,Doctrine_34e77ed074,proposes,1,今贱中医贵西医，而治病则仍以中医，上中驷之书，已为彼所唾弃，其将于下驷书求进步乎，必不能矣,代表医家 / 周伯度 / 学术观点及诊治经验 / 衷中尚参西学新知,p01315,true,builtin-sonnet,single_engine
Physician_f22c30466d,Doctrine_f2f2469cc8,proposes,1,得彼说则大喜，相与扬西而抑中,代表医家 / 周伯度 / 学术观点及诊治经验 / 衷中尚参西学新知,p01315,true,builtin-sonnet,single_engine
Physician_f22c30466d,Doctrine_b7a71f9f65,proposes,1,国朝大医，无过叶天士、徐洄溪、尤在泾三家，而叶注本事方，多羼以入某经无当之言，徐辑伤寒类方，兰台轨范，有碎锦而无全壁，尤注伤寒论，金匮要略，於方解多简而浑,代表医家 / 周伯度 / 学术观点及诊治经验 / 衷中尚参西学新知,p01315,true,builtin-sonnet,single_engine
Physician_f22c30466d,Doctrine_cfbc88dd04,proposes,1,“阴者藏精而起亟，故肾之精华，必聚于上，上为末而下为本，西人谓脑主知觉，心不主知觉，是但见其上之精华而不见其下之蕴蓄也。是不知阴为阳守，阳为阴使也”,代表医家 / 周伯度 / 学术观点及诊治经验 / 衷中尚参西学新知,p01316,true,builtin-sonnet,single_engine
Physician_f22c30466d,Doctrine_f22b87e5b4,proposes,1,不思古圣垂示气化，实由洞明形质；而西医解剖形质，何从窥见气化,代表医家 / 周伯度 / 学术观点及诊治经验 / 衷中尚参西学新知,p01317,true,builtin-sonnet,single_engine
Physician_f22c30466d,Doctrine_bbaa8815ad,proposes,1,西医自中国周烈王时即有解剖之学，至今析极毫厘，何如其旁，而不知犹是迹象也,代表医家 / 周伯度 / 学术观点及诊治经验 / 衷中尚参西学新知,p01317,true,builtin-sonnet,single_engine
Physician_f22c30466d,Doctrine_888bba248b,proposes,1,不局限于“见其所可见而不见其所不见”，这也是中医的优势所在,代表医家 / 周伯度 / 学术观点及诊治经验 / 衷中尚参西学新知,p01317,true,builtin-sonnet,single_engine
Physician_f22c30466d,Doctrine_63c1f7be92,proposes,1,持中西之平，阐造物之秘，洵为有功医学,代表医家 / 周伯度 / 学术观点及诊治经验 / 衷中尚参西学新知,p01317,true,builtin-sonnet,single_engine
Physician_ff5f81bc7b,Doctrine_f204713836,proposes,1,古圣惟不专讲解剖，是以医学得诣于至极,代表医家 / 周伯度 / 学术观点及诊治经验 / 衷中尚参西学新知,p01318,true,builtin-sonnet,single_engine
Physician_ff5f81bc7b,Doctrine_b444adc7dc,proposes,1,西医之短，即在其守旧不变，吾知西医居中国，待多历年所，必有读中书而翻然改计者矣,代表医家 / 周伯度 / 学术观点及诊治经验 / 衷中尚参西学新知,p01318,true,builtin-sonnet,single_engine
Physician_f22c30466d,Doctrine_9345b3246e,proposes,1,按下一条，确是湿上甚之证，上一条，则仲景景明云痉病，且著其风强险恶之状，不当指为上甚之湿,代表医家 / 周伯度 / 原文选释 / 湿,p01325,true,builtin-sonnet,single_engine
Physician_f22c30466d,Doctrine_4659dbdd3b,proposes,1,治上甚之湿，以局方羌活胜湿汤为佳,代表医家 / 周伯度 / 原文选释 / 湿,p01325,true,builtin-sonnet,single_engine
Physician_f22c30466d,Doctrine_7c4d53c798,proposes,1,然并不治痉即足寒亦当更详其因，未可以此漫施也,代表医家 / 周伯度 / 原文选释 / 湿,p01325,true,builtin-sonnet,single_engine
Physician_f22c30466d,Doctrine_939c968457,proposes,1,若已传阳明化热，与所感为温热之风，则不在此例。,代表医家 / 周伯度 / 原文选释 / 风,p01331,true,builtin-sonnet,single_engine
Physician_f22c30466d,Doctrine_04eef8f5cf,proposes,1,《伤寒论》之中风，犹今之谓伤风，不过有轻重之分。,代表医家 / 周伯度 / 原文选释 / 风,p01331,true,builtin-sonnet,single_engine
Physician_f22c30466d,Doctrine_7362bc04c7,proposes,1,伤风而下虚，亦每有数日而毙者。,代表医家 / 周伯度 / 原文选释 / 风,p01334,true,builtin-sonnet,single_engine
Physician_f22c30466d,Doctrine_2c551009d2,proposes,1,误入麻黄汤，即与伤寒戴阳证相似,代表医家 / 周伯度 / 原文选释 / 风,p01334,true,builtin-sonnet,single_engine
Physician_f22c30466d,Doctrine_91707a591f,proposes,1,有一种似伤风而实非伤风，乃为肾元久亏，肾水泛滥以为痰，浮阳冲激而成嗽也。,代表医家 / 周伯度 / 原文选释 / 风,p01334,true,builtin-sonnet,single_engine
Physician_f22c30466d,Doctrine_b2f60f9dae,proposes,1,此叶天士、陈平伯辈论风温皆是，可取以为则也,代表医家 / 周伯度 / 原文选释 / 风温,p01346,true,builtin-sonnet,single_engine
Physician_f22c30466d,Doctrine_751e47c0b9,proposes,1,风温与湿温，同为外感之温病,代表医家 / 周伯度 / 原文选释 / 风温,p01348,true,builtin-sonnet,single_engine
Physician_f22c30466d,Doctrine_092ffd3fcd,proposes,1,风温病，春月与冬季居多，其证或恶风，或不恶风，必身热咳嗽烦渴,代表医家 / 周伯度 / 原文选释 / 风温,p01348,true,builtin-sonnet,single_engine
Physician_f22c30466d,Doctrine_8002048d7c,proposes,1,风温为燥热之邪，燥则伤阴，热则伤津，泄热和阴，是一定之治法,代表医家 / 周伯度 / 原文选释 / 风温,p01348,true,builtin-sonnet,single_engine
Physician_9b47f4ab2d,Doctrine_2df93d2c03,proposes,1,论治精细入微，用药主张轻清养胃，注重药性,代表医家 / 赵晴初 / 生平与代表著作简介,p01361,true,builtin-sonnet,single_engine
Physician_9b47f4ab2d,Doctrine_b82c8c7900,proposes,1,赵氏认为治疗的效果在于药物，而执方用药的关键在于辨识证候，故强调治病用药，首贵识证。,代表医家 / 赵晴初 / 学术观点及诊治经验 / 治病先明医理，反对拘方制药,p01367,true,builtin-sonnet,single_engine
Physician_9b47f4ab2d,Doctrine_0d7a708f07,proposes,1,学医犹学奕也，医书犹奕谱也。世之善奕者，未有不专心致志于奕谱，而后始有得心应手之一候。然对局之际，检谱以应敌，则胶柱鼓瑟，必败之道也。医何独不然？,代表医家 / 赵晴初 / 学术观点及诊治经验 / 治病先明医理，反对拘方制药,p01367,true,builtin-sonnet,single_engine
Physician_9b47f4ab2d,Doctrine_297fb2940a,proposes,1,执死方以治活病，人命其何堪哉！,代表医家 / 赵晴初 / 学术观点及诊治经验 / 治病先明医理，反对拘方制药,p01367,true,builtin-sonnet,single_engine
Physician_9b47f4ab2d,Doctrine_f8dbd10731,proposes,1,古人随证以立方，非立方以待病，熟察病情，详审用药，味味与病，针锋相对，无滥无遗，适至其所。如写真焉，肖其人而止，不可以意增减也。千变万化之中，具有一定不易之理，活泼圆机，有非语言文字所能解说，在学者心领神会而已。其所以设立方名者，规矩准绳，昭示来学，非谓某方一定治某病、某病一定用某方也。,代表医家 / 赵晴初 / 学术观点及诊治经验 / 治病先明医理，反对拘方制药,p01367,true,builtin-sonnet,single_engine
Physician_9b47f4ab2d,Doctrine_e608b96bf4,proposes,1,药随病为转移，方随证为增减，因物付物，何容心焉？设悬拟一方，以治一病，印定后人眼目，天下岂有呆板之病证、呆板之方药耶？,代表医家 / 赵晴初 / 学术观点及诊治经验 / 治病先明医理，反对拘方制药,p01367,true,builtin-sonnet,single_engine
Physician_9b47f4ab2d,Doctrine_24c94484e3,proposes,1,消渴系燥热导致肠胃之腠理致密，饮下之水不能浸渗于外，而唯直注于下，故饮水多而小便多,代表医家 / 赵晴初 / 学术观点及诊治经验 / 治病先明医理，反对拘方制药,p01368,true,builtin-sonnet,single_engine
Physician_9b47f4ab2d,Doctrine_51d921e002,proposes,1,邪入包络则神昏，邪入血脉亦神昏，但前者邪入深而证重，后者邪入较浅而证稍轻,代表医家 / 赵晴初 / 学术观点及诊治经验 / 治病先明医理，反对拘方制药,p01368,true,builtin-sonnet,single_engine
Physician_9b47f4ab2d,Doctrine_3f6aea1cc8,proposes,1,“邪入包络，包络离心较近，故神昏全然不知人事；如入血脉，血脉离心较远，故呼之能觉，与之言亦知人事，若任其睡而心放，即昏沉矣”（《存存斋医话稿·卷二》）,代表医家 / 赵晴初 / 学术观点及诊治经验 / 治病先明医理，反对拘方制药,p01368,true,builtin-sonnet,single_engine
Physician_9b47f4ab2d,Doctrine_4249d74d83,proposes,1,如邪在血脉失治，则渐入包络，此为由浅人深；若邪在包络而治之得法，则渐归血脉，此为由深出浅；若邪盛势锐，不从气分转入，不由血脉渐入，而直入心包，其证最为凶险,代表医家 / 赵晴初 / 学术观点及诊治经验 / 治病先明医理，反对拘方制药,p01368,true,builtin-sonnet,single_engine
Physician_9b47f4ab2d,Doctrine_2af48adeba,proposes,1,他认为蒸馏水符合 《素问·阴阳应象大论》“地气上为云、天气下为雨之旨。,代表医家 / 赵晴初 / 学术观点及诊治经验 / 重视养护胃气，用药主张轻灵,p01371,true,builtin-sonnet,single_engine
Physician_9b47f4ab2d,Doctrine_29fd35b5f2,proposes,1,至于药露，乃轻清之品，对气津枯耗、胃弱不胜药力者最为合宜。,代表医家 / 赵晴初 / 学术观点及诊治经验 / 重视养护胃气，用药主张轻灵,p01371,true,builtin-sonnet,single_engine
Physician_9b47f4ab2d,Doctrine_62313cbec8,proposes,1,阐明气若离津，则阳偏胜，即为气有余便是火；津若离气，则阴偏胜，即为水精不四布而结成痰饮。,代表医家 / 赵晴初 / 学术观点及诊治经验 / 重视养护胃气，用药主张轻灵,p01371,true,builtin-sonnet,single_engine
Physician_9b47f4ab2d,Doctrine_58d10d9687,proposes,1,指出药露“以气上蒸而得露，虽水类而随气流行，体极轻清，以治气津枯耗，其功能有非他药所能及”（《存存斋医话稿·卷二》）,代表医家 / 赵晴初 / 学术观点及诊治经验 / 重视养护胃气，用药主张轻灵,p01371,true,builtin-sonnet,single_engine
Physician_9b47f4ab2d,Doctrine_ecd2e4bafd,proposes,1,南方感证亦属伤寒范围，此“当然之理”,代表医家 / 赵晴初 / 学术观点及诊治经验 / 外感遵法伤寒，推崇兼容并包,p01373,true,builtin-sonnet,single_engine
Physician_9b47f4ab2d,Doctrine_f98828a3a1,proposes,1,若“邪盛正虚，当去其邪以安正气；若用疲药，迁延时日，使邪炽而正日削，便难措手”,代表医家 / 赵晴初 / 学术观点及诊治经验 / 外感遵法伤寒，推崇兼容并包,p01373,true,builtin-sonnet,single_engine
Physician_9b47f4ab2d,Doctrine_5877c5d08c,proposes,1,赵氏尝谓：“医非博不能通，非通不能精，非精不能专；必精而专，始能由博而约。”（《存存斋医话稿·序》）,代表医家 / 赵晴初 / 学术观点及诊治经验 / 外感遵法伤寒，推崇兼容并包,p01374,true,builtin-sonnet,single_engine
Physician_9b47f4ab2d,Doctrine_b34e49af3e,proposes,1,治法则遵丹溪，未发时扶本为主，用肾气丸；已发时理表为急，用定喘汤；另用水灸法（即白芥子灸法），冀拔其病根，可谓面面俱到。,代表医家 / 赵晴初 / 学术观点及诊治经验 / 外感遵法伤寒，推崇兼容并包,p01374,true,builtin-sonnet,single_engine
Physician_9b47f4ab2d,Doctrine_add654b142,proposes,1,“其气香而窜，其味苦而辣，宜于实证，不宜于虚证；宜于寒湿，而不宜于暑热。”,代表医家 / 赵晴初 / 学术观点及诊治经验 / 外感遵法伤寒，推崇兼容并包,p01375,true,builtin-sonnet,single_engine
Physician_9b47f4ab2d,Doctrine_fdc7ad16e2,proposes,1,望色即为望神，又列为望诊之第一要义,代表医家 / 赵晴初 / 学术观点及诊治经验 / 临床尤重望诊，四诊皆有心得,p01378,true,builtin-sonnet,single_engine
Physician_9b47f4ab2d,Doctrine_15835ad2a6,proposes,1,眼胞上下如烟煤色者，寒痰也,代表医家 / 赵晴初 / 学术观点及诊治经验 / 临床尤重望诊，四诊皆有心得,p01378,true,builtin-sonnet,single_engine
Physician_9b47f4ab2d,Doctrine_75a1b125c4,proposes,1,眼黑烦赤者，热痰也,代表医家 / 赵晴初 / 学术观点及诊治经验 / 临床尤重望诊，四诊皆有心得,p01378,true,builtin-sonnet,single_engine
Physician_9b47f4ab2d,Doctrine_ac99513d7b,proposes,1,五色之中青黑黯惨者，无论病之新久，总属阳气不振,代表医家 / 赵晴初 / 学术观点及诊治经验 / 临床尤重望诊，四诊皆有心得,p01378,true,builtin-sonnet,single_engine
Physician_9b47f4ab2d,Doctrine_3c20580e4b,proposes,1,患者见黄色光泽者为有胃气，不死；干黄者为津液之枯，多凶,代表医家 / 赵晴初 / 学术观点及诊治经验 / 临床尤重望诊，四诊皆有心得,p01378,true,builtin-sonnet,single_engine
Physician_9b47f4ab2d,Doctrine_92f2845dfc,proposes,1,目睛黄非疸即衄,代表医家 / 赵晴初 / 学术观点及诊治经验 / 临床尤重望诊，四诊皆有心得,p01378,true,builtin-sonnet,single_engine
Physician_9b47f4ab2d,Doctrine_17f1d17db0,proposes,1,凡暴感客邪之色，不妨昏浊壅滞；病久体虚总宜瘦削消癯；若病邪方锐而清白少神，虚羸久困而妩媚鲜泽，咸非所宜,代表医家 / 赵晴初 / 学术观点及诊治经验 / 临床尤重望诊，四诊皆有心得,p01378,true,builtin-sonnet,single_engine
Physician_9b47f4ab2d,Doctrine_1e1c3a011a,proposes,1,满舌原来属胃家，中间亦属胃非差，尖心根肾旁肝胆，四畔为脾语不夸。部位既分经络别，江郎果是笔生花。,代表医家 / 赵晴初 / 学术观点及诊治经验 / 临床尤重望诊，四诊皆有心得,p01378,true,builtin-sonnet,single_engine
Physician_9b47f4ab2d,Doctrine_d67063ee73,proposes,1,“切脉之诊，最需实践，唯先明脉之上、下、来、去、至、止六态，再观《五脏别论》《经脉别论》《营卫生会》三段经文，可以默识其微矣”,代表医家 / 赵晴初 / 学术观点及诊治经验 / 临床尤重望诊，四诊皆有心得,p01380,true,builtin-sonnet,single_engine
Physician_9b47f4ab2d,Doctrine_31045d0329,proposes,1,倘不重实践，议论虽多，也不过“心中了了，指下难明”而已，虚浮不实，学者不足取。,代表医家 / 赵晴初 / 学术观点及诊治经验 / 临床尤重望诊，四诊皆有心得,p01380,true,builtin-sonnet,single_engine
Physician_9b47f4ab2d,Doctrine_01acddd4e4,proposes,1,六淫之邪，初无形质，以气伤气，首先犯肺，必用轻药乃可开通，汗出而解，经所谓‘轻可去实’也,代表医家 / 赵晴初 / 学术观点及诊治经验 / 处方重视药性，调养注意食禁,p01383,true,builtin-sonnet,single_engine
Physician_9b47f4ab2d,Doctrine_70143a068a,proposes,1,根据自己的临床经验提出痰湿证忌猪肉，失音症忌火腿及皮蛋，暑湿初愈忌粥、油等,代表医家 / 赵晴初 / 学术观点及诊治经验 / 处方重视药性，调养注意食禁,p01383,true,builtin-sonnet,single_engine
Physician_9b47f4ab2d,Doctrine_046ad7faf8,proposes,1,推此二语，为妄撰数言于后，质之高明：下既不通，必反上逆；不得上达，转为横格；上游塞阻，下必不通；中结者，不四布；过泄者，必中虚。,代表医家 / 赵晴初 / 原文选释 / 阴阳升降盈虚消长论,p01387,true,builtin-sonnet,single_engine
Physician_d9eb3817e4,Doctrine_f04a00ba4f,proposes,1,信巫不信医，不治，岂可列之医科中哉,代表医家 / 赵晴初 / 原文选释 / 祝由论,p01412,true,builtin-sonnet,single_engine
Physician_d9eb3817e4,Doctrine_8422d67a65,proposes,1,又必细体忧人思妇人之隐情，婉言以开导之，庄言以震惊之，危言以悚惧之，必使之心悦诚服，而后药可以奏效如神,代表医家 / 赵晴初 / 原文选释 / 祝由论,p01412,true,builtin-sonnet,single_engine
Physician_d9eb3817e4,Doctrine_ad93832598,proposes,1,无情之草木不能治有情之病，以难治之人、难治之病，须凭三寸不烂之舌以治之,代表医家 / 赵晴初 / 原文选释 / 祝由论,p01412,true,builtin-sonnet,single_engine
Physician_d3749aaf09,Doctrine_2e1f7b6f32,proposes,1,脾胃之阳虚，治法莫详于东垣,代表医家 / 赵晴初 / 原文选释 / 脾胃论,p01432,true,builtin-sonnet,single_engine
Physician_9b47f4ab2d,Doctrine_8694dc48ac,proposes,1,此种议论，实超出千古矣,代表医家 / 赵晴初 / 原文选释 / 脾胃论,p01433,true,builtin-sonnet,single_engine
Physician_9b47f4ab2d,Doctrine_9b7d32005b,proposes,1,余仿其法，遇头面诸肿证，令病者取所服药，先将药气熏患处，亦得痛肿稍松。,代表医家 / 赵晴初 / 方剂选录 / 偏正头风方,p01448,true,builtin-sonnet,single_engine
Physician_9b47f4ab2d,Doctrine_d90f391a5a,proposes,1,小便多，岂得作大汗治哉？,代表医家 / 赵晴初 / 医案选按 / 发狂案,p01469,true,builtin-sonnet,single_engine
Physician_a8afb40c33,Doctrine_3b8e7632e6,proposes,1,此蓄血证也。用桃核承气汤,代表医家 / 赵晴初 / 医案选按 / 发狂案,p01470,true,builtin-sonnet,single_engine
Physician_9b47f4ab2d,Doctrine_0009e65bd1,proposes,1,记此又可见病家述病情，有疑似处，当反复审问,代表医家 / 赵晴初 / 医案选按 / 发狂案,p01470,true,builtin-sonnet,single_engine
Physician_9b47f4ab2d,Doctrine_ae0110fa6e,proposes,1,病家日夕侍病者之侧，切须熟察病情，以告医者，设或因误告致误治，咎将安归耶,代表医家 / 赵晴初 / 医案选按 / 发狂案,p01470,true,builtin-sonnet,single_engine
Physician_6e4b0d4ea3,Doctrine_8f82380dfa,proposes,1,南方无真寒，多系温热；而吾绍地处卑湿，纯粹之温热亦少见，多类湿邪为患,代表医家 / 胡宝书 / 生平与代表著作简介,p01492,true,builtin-sonnet,single_engine
Physician_6e4b0d4ea3,Doctrine_278646cd3a,proposes,1,“辨证重湿，施治主化，用药轻清，制方透灵，治病以朴实、稳健见长”的辨治特色,代表医家 / 胡宝书 / 生平与代表著作简介,p01492,true,builtin-sonnet,single_engine
Physician_6e4b0d4ea3,Doctrine_4ce118c062,proposes,1,此乃热盛内迫，斑疹被遏，邪入心包．热极动风之候，若斑疹能出，当有救。,代表医家 / 胡宝书 / 生平与代表著作简介,p01493,true,builtin-sonnet,single_engine
Physician_6e4b0d4ea3,Doctrine_f2a062ffc4,proposes,1,伤寒与温病均属外感热病之范畴，两者之间，只有小异，并无大异。,代表医家 / 胡宝书 / 学术观点及诊治经验 / “竖读伤寒、横看温病”的寒温观,p01501,true,builtin-sonnet,single_engine
Physician_5f1fdad40e,Doctrine_17a86b00f4,proposes,1,“大凡看法，卫之后方言气，营之后方言血”,代表医家 / 胡宝书 / 学术观点及诊治经验 / “竖读伤寒、横看温病”的寒温观,p01501,true,builtin-sonnet,single_engine
Physician_d9eb3817e4,Doctrine_efd3d3ed63,proposes,1,提出“上焦病不治，则传中焦脾与胃也；中焦病不治，即传下焦肝与肾也。始上焦，终下焦”的传变规律。,代表医家 / 胡宝书 / 学术观点及诊治经验 / “竖读伤寒、横看温病”的寒温观,p01501,true,builtin-sonnet,single_engine
Physician_b57782ec58,Doctrine_f8a12ce725,proposes,1,夫温热究三焦者，非谓病必上焦始，而渐及于中下也。,代表医家 / 胡宝书 / 学术观点及诊治经验 / “竖读伤寒、横看温病”的寒温观,p01501,true,builtin-sonnet,single_engine
Physician_b5cb5b9c75,Doctrine_b3a7513d1b,proposes,1,以六经钤百病，为确定之总诀；以三焦赅疫证，为变通之捷径。,代表医家 / 胡宝书 / 学术观点及诊治经验 / “竖读伤寒、横看温病”的寒温观,p01501,true,builtin-sonnet,single_engine
Physician_6e4b0d4ea3,Doctrine_7ad6ce0c87,proposes,1,治时病当化“湿”为先。,代表医家 / 胡宝书 / 学术观点及诊治经验 / 治湿重气化,p01503,true,builtin-sonnet,single_engine
Physician_6e4b0d4ea3,Doctrine_bbe79910dd,proposes,1,湿之所以停滞者，皆因气之不运，运之则湿焉能留!,代表医家 / 胡宝书 / 学术观点及诊治经验 / 治湿重气化,p01503,true,builtin-sonnet,single_engine
Physician_6e4b0d4ea3,Doctrine_a5eaa0f5a7,proposes,1,上焦宜宣，开肺气，疏腠理，甚则开窍，均属宣之范畴。中焦宜运，燥湿，化湿，开膈，快脾，均可归纳于运字之中。下焦宜导，渗湿，导湿，旨在分利小便，即古人‘治湿不利小便，非其治也’之义。,代表医家 / 胡宝书 / 学术观点及诊治经验 / 治湿重气化,p01503,true,builtin-sonnet,single_engine
Physician_6e4b0d4ea3,Doctrine_2d8d81db25,proposes,1,先生认为湿喜归脾，脾属太阴，与胃同居中央，为运化之枢纽。,代表医家 / 胡宝书 / 学术观点及诊治经验 / 治湿重气化,p01503,true,builtin-sonnet,single_engine
Physician_6e4b0d4ea3,Doctrine_d314087003,proposes,1,湿祛则脾运，脾运则胃苏，水谷之道路畅通。,代表医家 / 胡宝书 / 学术观点及诊治经验 / 治湿重气化,p01503,true,builtin-sonnet,single_engine
Physician_83ff1072c8,Doctrine_299f7d849c,proposes,1,凡治病，总宜使邪有出路。宜下出者，不泄之不得下也；宜外出者，不散之不得外也。,代表医家 / 胡宝书 / 学术观点及诊治经验 / 治湿重气化,p01504,true,builtin-sonnet,single_engine
Physician_6e4b0d4ea3,Doctrine_69962a86ec,proposes,1,宝书先生还认为临床遇到湿热不扬、病程粘滞不愈者，发㾦者，蒙闭者，或高热持续不退者，尤应注意运用透湿祛邪法。,代表医家 / 胡宝书 / 学术观点及诊治经验 / 治湿重气化,p01504,true,builtin-sonnet,single_engine
Physician_6e4b0d4ea3,Doctrine_8982c345da,proposes,1,先生在清气泄热方后注释道：“方中寒水石清热泻火虽为主药，倘若见患者㾦疹隐隐，则当去寒水石之凉遏，改用桔梗、杏仁、银花之属，以利宣透肺气。”,代表医家 / 胡宝书 / 学术观点及诊治经验 / 治湿重气化,p01504,true,builtin-sonnet,single_engine
Physician_6e4b0d4ea3,Doctrine_47d0101e51,proposes,1,其病机有二，一为浊痰蒙窍，一为热盛动风。,代表医家 / 胡宝书 / 学术观点及诊治经验 / 治湿重气化,p01504,true,builtin-sonnet,single_engine
Physician_6e4b0d4ea3,Doctrine_4896208bed,proposes,1,宝书先生常对学生说，透湿达邪法若应用恰当，每能收意外之功，不能等闲视之。,代表医家 / 胡宝书 / 学术观点及诊治经验 / 治湿重气化,p01504,true,builtin-sonnet,single_engine
Physician_aafd7ebdbe,Doctrine_3394b45c61,proposes,1,“无病之人，调理补养药品，不嫌其多”,代表医家 / 胡宝书 / 学术观点及诊治经验 / 用药尚轻灵,p01511,true,builtin-sonnet,single_engine
Physician_aafd7ebdbe,Doctrine_7096c2cea5,proposes,1,“若有病之人，则不可不简，多病之人，尤不可以不简，只看其病之发于某家，单刀直入，直捣其巢。病在东而源在西，病在彼而源在此， 删除枝叶，擒贼擒王，无枝枝节节而为之， 则乌得而不简乎?”,代表医家 / 胡宝书 / 学术观点及诊治经验 / 用药尚轻灵,p01511,true,builtin-sonnet,single_engine
Physician_6e4b0d4ea3,Doctrine_db30ee1f75,proposes,1,方中用药不过八味，药量轻则几分，重亦不过三、四钱，此乃“绍派伤寒”用药之特色,代表医家 / 胡宝书 / 学术观点及诊治经验 / 用药尚轻灵,p01511,true,builtin-sonnet,single_engine
Physician_6e4b0d4ea3,Doctrine_b008dc02c6,proposes,1,实际上药物轻清，能拨动气机，制方精切稳健，能中病应验,代表医家 / 胡宝书 / 学术观点及诊治经验 / 用药尚轻灵,p01511,true,builtin-sonnet,single_engine
Physician_6e4b0d4ea3,Doctrine_6598fd994b,proposes,1,对湿蕴挟表，宝书先生主张解表利湿，希冀汗出而解,代表医家 / 胡宝书 / 学术观点及诊治经验 / 用药尚轻灵,p01518,true,builtin-sonnet,single_engine
Physician_6e4b0d4ea3,Doctrine_db428008f1,proposes,1,并认为如药后无汗或汗而不畅，将来即成湿温之正局,代表医家 / 胡宝书 / 学术观点及诊治经验 / 用药尚轻灵,p01518,true,builtin-sonnet,single_engine
Physician_6e4b0d4ea3,Doctrine_25ab530f73,proposes,1,常用薄荷、荆芥疏表透邪，再以川朴、半夏、滑石、大豆卷、黑山栀、连翘壳、荷叶之属清热利湿。,代表医家 / 胡宝书 / 学术观点及诊治经验 / 用药尚轻灵,p01518,true,builtin-sonnet,single_engine
Physician_dd9265a598,Doctrine_953dc5f3b5,proposes,1,凡有余之病，由气之实；不足之病，因气之虚。如风寒、积滞、痰饮、瘀血之属，气不行则邪不除，此气之实也；虚劳、遗精、亡阳、失血之属，气不固则元不复，此气之虚也。,代表医家 / 胡宝书 / 学术观点及诊治经验 / 运用理气药的特点,p01526,true,builtin-sonnet,single_engine
Physician_dd9265a598,Doctrine_87d78e7493,proposes,1,“所以病之生也，不离乎气；而医之治病也，亦不离乎气。”,代表医家 / 胡宝书 / 学术观点及诊治经验 / 运用理气药的特点,p01526,true,builtin-sonnet,single_engine
Physician_6e4b0d4ea3,Doctrine_5ced54aafc,proposes,1,哕逆者胃寒也，下痢者肠热也,代表医家 / 胡宝书 / 学术观点及诊治经验 / 治痢特色,p01563,true,builtin-sonnet,single_engine
Physician_6e4b0d4ea3,Doctrine_fafaeed83f,proposes,1,苔灰者乃湿已化火情形未见尽达也,代表医家 / 胡宝书 / 学术观点及诊治经验 / 治痢特色,p01563,true,builtin-sonnet,single_engine
Physician_6e4b0d4ea3,Doctrine_cea4d20384,proposes,1,方中用半夏泻心汤取其和胃降逆，开结散痞，椒梅丸温通六腑之沉寒兼能治痢，别直参、梗米以顾护胃气，共奏辛开苦降、清热燥湿、温通健运的功效。,代表医家 / 胡宝书 / 学术观点及诊治经验 / 治痢特色,p01563,true,builtin-sonnet,single_engine
Physician_6e4b0d4ea3,Doctrine_063f41254d,proposes,1,上焦宜宣，开肺气，疏腠理，甚则开窍，均属宣之范畴,代表医家 / 胡宝书 / 学术观点及诊治经验 / 治痢特色,p01576,true,builtin-sonnet,single_engine
Physician_6e4b0d4ea3,Doctrine_624705c6ce,proposes,1,中焦宜运，燥湿、化湿、开膈、快脾（健脾），均可归纳于运字之中,代表医家 / 胡宝书 / 学术观点及诊治经验 / 治痢特色,p01576,true,builtin-sonnet,single_engine
Physician_6e4b0d4ea3,Doctrine_141ab5cf2b,proposes,1,下焦宜导，渗湿、导湿旨在分利小便,代表医家 / 胡宝书 / 学术观点及诊治经验 / 治痢特色,p01576,true,builtin-sonnet,single_engine
Physician_6e4b0d4ea3,Doctrine_fb8e66bff7,proposes,1,治以气化，则湿可祛；湿祛则脾运，脾运则胃苏，水谷之道路畅通,代表医家 / 胡宝书 / 学术观点及诊治经验 / 治痢特色,p01576,true,builtin-sonnet,single_engine
Physician_03d41e7dc4,Doctrine_3096696117,proposes,1,为绍派伤寒代表医家,代表医家 / 邵兰荪 / 生平与代表著作介绍,p01644,true,builtin-sonnet,single_engine
Physician_03d41e7dc4,Doctrine_1e0b4d114c,proposes,1,其对温、暑、时感及虚劳、妇人经带的诊治颇有心得,代表医家 / 邵兰荪 / 生平与代表著作介绍,p01644,true,builtin-sonnet,single_engine
Physician_03d41e7dc4,Doctrine_8421938360,proposes,1,如外感暑湿之邪常用香薷、藿香、豆蔻、石菖蒲等辛香温化之品，外感温热之邪多用连翘、竹叶、银花等辛凉清解之品。,代表医家 / 邵兰荪 / 学术观点和诊治经验 / 用药轻宣多平和,p01649,true,builtin-sonnet,single_engine
Physician_b5cb5b9c75,Doctrine_85b7f78fe5,proposes,1,浙绍卑湿，凡伤寒恒多夹湿。,代表医家 / 邵兰荪 / 学术观点和诊治经验 / 用药轻宣多平和,p01649,true,builtin-sonnet,single_engine
Physician_03d41e7dc4,Doctrine_debc2a78e3,proposes,1,邵氏辨证亦重湿，凡证见湿者，或温散、或宣化，或轻扬，或淡渗，因绍地所患外感多夹湿邪，医家化湿之时多兼治气，于渗湿之中参以芳香理气之品，使得湿邪下趋。,代表医家 / 邵兰荪 / 学术观点和诊治经验 / 用药轻宣多平和,p01649,true,builtin-sonnet,single_engine
Physician_bec16b53a7,Doctrine_f3aeb5856f,proposes,1,旨在“革除乱真伪品，改进不良炮制”（《规定药品考正绪》）,代表医家 / 曹炳章 / 生平与代表著作,p01739,true,builtin-sonnet,single_engine
Physician_bec16b53a7,Doctrine_cfa23d287f,proposes,1,强调会而通之，推而广之，亦可通治所有热病、温病等,代表医家 / 曹炳章 / 生平与代表著作,p01746,true,builtin-sonnet,single_engine
Physician_bec16b53a7,Doctrine_1aab3e09b1,proposes,1,对药品的鉴别、采集、炮制等进行切合实际的论述，为鉴别药物的真伪优劣提供富贵经验,代表医家 / 曹炳章 / 生平与代表著作,p01748,true,builtin-sonnet,single_engine
Physician_bec16b53a7,Doctrine_14744c71ed,proposes,1,曹氏在其著作《彩图辨舌指南》中列举了验舌分证之八法,代表医家 / 曹炳章 / 学术观点与诊治经验 / 见微知著，四诊尤重审舌,p01751,true,builtin-sonnet,single_engine
Physician_335ab26fb1,Doctrine_bf916d61bb,proposes,1,满舌属胃，中心亦属胃，舌尖属心，舌根属肾，两旁属肝胆，四畔属脾，舌尖应上焦，舌中应中焦，舌根应下焦，再当分形察色，在脏在腑，是寒是热，察舌辨证，实为诊断学之首要。,代表医家 / 曹炳章 / 学术观点与诊治经验 / 见微知著，四诊尤重审舌,p01752,true,builtin-sonnet,single_engine
Physician_bec16b53a7,Doctrine_89d9ee6397,proposes,1,白苔属肺，黄苔属胃，绛苔属心，灰黑脾经，紫色肾经，焦紫起刺肝热，青滑肝寒，鲜红胆经，此五色以验五脏之苗窍也。,代表医家 / 曹炳章 / 学术观点与诊治经验 / 见微知著，四诊尤重审舌,p01752,true,builtin-sonnet,single_engine
Physician_bec16b53a7,Doctrine_03414112a2,proposes,1,干黄为热，润白为寒，又如舌黑或肿，或焦而干涩，或卷缩坚硬，黑而芒刺，皆实热也。如黑而兼青，黑而濡滑，黑而柔软，皆寒证也。,代表医家 / 曹炳章 / 学术观点与诊治经验 / 见微知著，四诊尤重审舌,p01752,true,builtin-sonnet,single_engine
Physician_bec16b53a7,Doctrine_47be302d93,proposes,1,病属虚者，其舌必浮胖而娇嫩。实热之证，全舌必有黄黑积滞干焦罅裂芒刺等苔。阴虚之证，全舌必绛色无苔，虽有横直罅纹，而舌则短小不等。,代表医家 / 曹炳章 / 学术观点与诊治经验 / 见微知著，四诊尤重审舌,p01752,true,builtin-sonnet,single_engine
Physician_bec16b53a7,Doctrine_a07ef656cc,proposes,1,真者有质，刮之底色不去。假者无形，一刮底色全无。如白苔黄边舌，刮之见淡红润泽之底，为微邪也。,代表医家 / 曹炳章 / 学术观点与诊治经验 / 见微知著，四诊尤重审舌,p01752,true,builtin-sonnet,single_engine
Physician_bec16b53a7,Doctrine_0d67497eb2,proposes,1,顺则可治，逆则难医，如夏月人病黑苔，是时气与邪火，内外炎烁，尚有可生。如冬月黑苔厚刺，正不胜邪，必难救治也。,代表医家 / 曹炳章 / 学术观点与诊治经验 / 见微知著，四诊尤重审舌,p01752,true,builtin-sonnet,single_engine
Physician_bec16b53a7,Doctrine_6a40bee365,proposes,1,阴虚阳盛者，其苔必干;阳虚阴盛者，其舌必滑。阴虚阳盛而火旺者，其舌必干而燥；阳虚阴盛而火衰者，其舌必滑而湿。,代表医家 / 曹炳章 / 学术观点与诊治经验 / 见微知著，四诊尤重审舌,p01752,true,builtin-sonnet,single_engine
Physician_bec16b53a7,Doctrine_014f2d9a25,proposes,1,生死之决于脉者，前贤垂询明且备矣。然验之于舌，则尤显而易见也。,代表医家 / 曹炳章 / 学术观点与诊治经验 / 见微知著，四诊尤重审舌,p01752,true,builtin-sonnet,single_engine
Physician_bec16b53a7,Doctrine_0296fe9704,proposes,1,西医重实迹，中医重气化。科学哲学，实事不同。唯辨舌苔，参西衷中，义理皆同，然西医不若中医之精且细也。,代表医家 / 曹炳章 / 学术观点与诊治经验 / 见微知著，四诊尤重审舌,p01752,true,builtin-sonnet,single_engine
Physician_bec16b53a7,Doctrine_7c302f2514,proposes,1,饮食不洁，或贪食肥甘，喜食水果、生冷等物，席地当风露卧，内停冷食，旬中寒邪，扰乱中宫，腹痛吐泻交作，即为霍乱,代表医家 / 曹炳章 / 学术观点与诊治经验 / 详辨霍乱，救急善用成药,p01762,true,builtin-sonnet,single_engine
Physician_bec16b53a7,Doctrine_71defbba82,proposes,1,其病机为清浊不分，井俞壅塞。,代表医家 / 曹炳章 / 学术观点与诊治经验 / 详辨霍乱，救急善用成药,p01762,true,builtin-sonnet,single_engine
Physician_bec16b53a7,Doctrine_2898728d75,proposes,1,在《霍乱寒热辨证》中，他将霍乱分为夹湿、夹食、伏暑、中寒四种。,代表医家 / 曹炳章 / 学术观点与诊治经验 / 详辨霍乱，救急善用成药,p01762,true,builtin-sonnet,single_engine
Physician_bec16b53a7,Doctrine_f2c35b5e6d,proposes,1,试观近时之霍乱，舌色多红，苔多黄燥，皆口渴引饮，吐利臭秽，小便短赤，肛热如火，总核病状，多是内真热而外假寒。虽有肢冷脉伏似寒象，即所谓热深厥深是也。,代表医家 / 曹炳章 / 学术观点与诊治经验 / 详辨霍乱，救急善用成药,p01762,true,builtin-sonnet,single_engine
Physician_bec16b53a7,Doctrine_f5f58003b8,proposes,1,用飞龙夺命丹开肺胃气、下通脾气以治疗热霍乱初起之心中不畅,代表医家 / 曹炳章 / 学术观点与诊治经验 / 详辨霍乱，救急善用成药,p01762,true,builtin-sonnet,single_engine
Physician_bec16b53a7,Doctrine_7f85c1818f,proposes,1,用雷公散与生姜片纳入脐内艾灸以治疗霍乱之厥冷已久，胃气渐败,代表医家 / 曹炳章 / 学术观点与诊治经验 / 详辨霍乱，救急善用成药,p01762,true,builtin-sonnet,single_engine
Physician_bec16b53a7,Doctrine_3a24c9233f,proposes,1,用樟脑精酒摩擦四肢，以治疗霍乱肢冷转筋等症状,代表医家 / 曹炳章 / 学术观点与诊治经验 / 详辨霍乱，救急善用成药,p01762,true,builtin-sonnet,single_engine
Physician_bec16b53a7,Doctrine_70c9899bde,proposes,1,用藿香露吞太乙救苦丹，以治疗霍乱腹痛水泄,代表医家 / 曹炳章 / 学术观点与诊治经验 / 详辨霍乱，救急善用成药,p01762,true,builtin-sonnet,single_engine
Physician_bec16b53a7,Doctrine_51283c2161,proposes,1,霍乱初起未吐泻，或已吐泻、胸闷腹痛者，可服辟瘟丹、纯阳正气丸。,代表医家 / 曹炳章 / 学术观点与诊治经验 / 详辨霍乱，救急善用成药,p01762,true,builtin-sonnet,single_engine
Physician_bec16b53a7,Doctrine_27f8924602,proposes,1,暑秽湿热，霍乱泄泻，黄疽疟痢，以甘露消毒丹主治，兼有食滞，则加楂曲平胃散。,代表医家 / 曹炳章 / 学术观点与诊治经验 / 详辨霍乱，救急善用成药,p01762,true,builtin-sonnet,single_engine
Physician_bec16b53a7,Doctrine_102e14137d,proposes,1,如霍乱四肢厥冷者，用吴茱萸一两研细末，和盐卤调涂两手足心，以导引内热达四肢。,代表医家 / 曹炳章 / 学术观点与诊治经验 / 详辨霍乱，救急善用成药,p01762,true,builtin-sonnet,single_engine
Physician_bec16b53a7,Doctrine_2f3998b811,proposes,1,或以吴萸、食盐各数两炒热，布包熨拓脐下亦妙。,代表医家 / 曹炳章 / 学术观点与诊治经验 / 详辨霍乱，救急善用成药,p01762,true,builtin-sonnet,single_engine
Physician_bec16b53a7,Doctrine_2f26a65dcf,proposes,1,或用生姜二两，生葱头二两，生萝卜四两，同捣烂如泥，炒热用布包扎，熨运肚腹。,代表医家 / 曹炳章 / 学术观点与诊治经验 / 详辨霍乱，救急善用成药,p01762,true,builtin-sonnet,single_engine
Physician_5f1fdad40e,Doctrine_d6e5035bee,proposes,1,“天之暑热一动，地之湿浊自腾，人在蒸淫热迫之中。”,代表医家 / 曹炳章 / 学术观点与诊治经验 / 用药轻灵，论治常顾暑湿,p01765,true,builtin-sonnet,single_engine
Physician_bec16b53a7,Doctrine_9d19ba0f06,proposes,1,曹炳章说“人在此气交之中，受其炎蒸，元气强者，三焦精气足，或可抗邪。元气虚者，三焦精气不足，无隙可避。可见正气亏虚是本病损其脾胃，乘暑天而作病也。”,代表医家 / 曹炳章 / 学术观点与诊治经验 / 用药轻灵，论治常顾暑湿,p01765,true,builtin-sonnet,single_engine
Physician_bec16b53a7,Doctrine_90b0d4c903,proposes,1,治以常山涤膈膜之痰，槟榔达肓原之气，草果、厚朴消除肠胃之浊邪，黄芩、知母清理肠胃之热邪，复以菖蒲透膜，青皮达下，甘草和中,代表医家 / 曹炳章 / 学术观点与诊治经验 / 用药轻灵，论治常顾暑湿,p01765,true,builtin-sonnet,single_engine
Physician_bec16b53a7,Doctrine_10779b5c1d,proposes,1,治法以蚕沙、滑石、蒌皮、郁金化滞宣气开郁，鲜生地捣豆豉、青蒿、白薇、焦栀以清透营热从外达。湿化热透，大便自下，小溲亦长。若误用羌、防、枳、朴则化燥，反加胸闷干呕。若用硝、黄妄下，则下利稀水，口舌化燥，胸闷干呕，热亦增剧，脾胃浊垢，因化燥而不下,代表医家 / 曹炳章 / 学术观点与诊治经验 / 用药轻灵，论治常顾暑湿,p01765,true,builtin-sonnet,single_engine
Physician_bec16b53a7,Doctrine_60371bd0e8,proposes,1,考喉疫病原，因于天气为患者，喉痧为多；因于人事自伤者，白喉为多,代表医家 / 曹炳章 / 学术观点与诊治经验 / 防治并举，长于透痧宽喉,p01768,true,builtin-sonnet,single_engine
Physician_bec16b53a7,Doctrine_c119a80953,proposes,1,喉痧由疫毒内伏，其将发之先必五内烦躁，手掌心热，憎寒发热，烦闷口渴，渐渐咽痛。有痧者，热势必壮，用红纸裹细草纸，撚成纸卷，蘸香油燃着，用手逼住火光，照看头面颈项，见有痧点隐隐及周身肤腠通红者，无论晒痧红肿腐烂与否，但觉咽痛，均属喉痧，此初候之病状也,代表医家 / 曹炳章 / 学术观点与诊治经验 / 防治并举，长于透痧宽喉,p01768,true,builtin-sonnet,single_engine
Physician_bec16b53a7,Doctrine_e657899bf4,proposes,1,二候始则懔懔恶寒，后但发热，或乍寒乍热，无汗烦渴，咽喉肿痛。痧则红晕成片，突起如云而无点粒，肌红如涂朱；痧则红点如尘沙，摸之有点，其形似痘，视之无津，皆发于肺胃。邪微者，仍能饮食,代表医家 / 曹炳章 / 学术观点与诊治经验 / 防治并举，长于透痧宽喉,p01768,true,builtin-sonnet,single_engine
Physician_bec16b53a7,Doctrine_b7522ab5ff,proposes,1,三候身发壮热，胸痞咽阻，食不能下，喉赤肿痛，痧郁不达，或痧透后有如疙瘩块者，发则多痒而麻木(此因肝热湿痰在胃)，溲赤便闭,代表医家 / 曹炳章 / 学术观点与诊治经验 / 防治并举，长于透痧宽喉,p01768,true,builtin-sonnet,single_engine
Physician_bec16b53a7,Doctrine_a46a16107a,proposes,1,四候身热如灼，丹痧隐伏，喉肿而烂，神识昏闭，耳前后肿，颊车不开，唇紧肤黑，溺涩便闭,代表医家 / 曹炳章 / 学术观点与诊治经验 / 防治并举，长于透痧宽喉,p01768,true,builtin-sonnet,single_engine
Physician_bec16b53a7,Doctrine_e056ab6c9a,proposes,1,五候毒焰内陷，喉烂臭黑，风火交煽，神昏痉厥，丹痧内陷，反成下利，气喘音哑，鼻煽鼻煤，舌苔焦黑，甚则舌卷囊缩，肺肝已绝，顷刻云亡,代表医家 / 曹炳章 / 学术观点与诊治经验 / 防治并举，长于透痧宽喉,p01768,true,builtin-sonnet,single_engine
Physician_bec16b53a7,Doctrine_8b54c7d8cb,proposes,1,疝气初病在气分之间，聚则塞痛，高突攻冲；散则鸣响，上嗳气，下泄气而休。,代表医家 / 曹炳章 / 原文选释,p01784,true,builtin-sonnet,single_engine
Physician_bec16b53a7,Doctrine_d2d622e00e,proposes,1,若㿗疝水疝，因败精恶血结气凝湿，伏风积在阴囊所致，延及胀大、麻木、钓痛、奔突等候,代表医家 / 曹炳章 / 原文选释,p01784,true,builtin-sonnet,single_engine
Physician_bec16b53a7,Doctrine_e01dbcc0cf,proposes,1,亦有因春温、风温、时毒喉痧，先发热自汗，曾经发颐，误用凉遏，余毒由少阳循经，传入厥阴，下流睾丸，亦偏坠肿痛，形似疝气,代表医家 / 曹炳章 / 原文选释,p01784,true,builtin-sonnet,single_engine
Physician_5baca69bb0,Doctrine_f9b6d49869,proposes,1,其一为张仲景之“温散、祛寒，调营补虚”之法,代表医家 / 曹炳章 / 原文选释,p01786,true,builtin-sonnet,single_engine
Physician_8f6a448570,Doctrine_b44a5a0680,proposes,1,其二为张子和之辛香疏气之法,代表医家 / 曹炳章 / 原文选释,p01786,true,builtin-sonnet,single_engine
Physician_bec16b53a7,Doctrine_24f1b8b2ad,proposes,1,青木香散偏于治疗初病邪在气分,代表医家 / 曹炳章 / 原文选释,p01786,true,builtin-sonnet,single_engine
Physician_bec16b53a7,Doctrine_ca5cfeda8f,proposes,1,七制金铃子丸偏于治疗㿗疝、水疝寒湿之气聚于囊中,代表医家 / 曹炳章 / 原文选释,p01786,true,builtin-sonnet,single_engine
Physician_bec16b53a7,Doctrine_a30e41fc90,proposes,1,而第三方主治温邪时毒误治，少阳循经传入厥阴所致偏坠肿痛，此症状“形似疝气”，而非疝气，需加以鉴别,代表医家 / 曹炳章 / 原文选释,p01786,true,builtin-sonnet,single_engine
Physician_75de1b9ba9,Doctrine_b7e898b0e8,proposes,1,总用参、术、附、桂、姜、萸等温热峻补之药，此可称绝倒者也,代表医家 / 曹炳章 / 原文选释 / 论夹阴伤寒,p01789,true,builtin-sonnet,single_engine
Physician_75de1b9ba9,Doctrine_35393b5071,proposes,1,阴虚之人，而感风寒，亦由太阳经入，仍属阳邪，其热必盛，兼以躁闷烦闷，尤宜清热解邪，岂可反用热药？,代表医家 / 曹炳章 / 原文选释 / 论夹阴伤寒,p01789,true,builtin-sonnet,single_engine
Physician_75de1b9ba9,Doctrine_ed3c2809e4,proposes,1,若果直入三阴，则断无发热之理，必有恶寒蜷卧，厥冷喜热等症，方可用温散也,代表医家 / 曹炳章 / 原文选释 / 论夹阴伤寒,p01789,true,builtin-sonnet,single_engine
Physician_75de1b9ba9,Doctrine_85daa80758,proposes,1,即如伤寒瘥后，房事不慎，又发寒热，谓之女劳复，此乃久虚之人，复患大证。依今人之见，尤宜峻补者也，而古人治之，仅用竹茹一升煎汤后,代表医家 / 曹炳章 / 原文选释 / 论夹阴伤寒,p01789,true,builtin-sonnet,single_engine
Physician_75de1b9ba9,Doctrine_58b9a566da,proposes,1,故凡治病之法，总视目前之现症状况，如果六脉沉迟，表里皆寒，的系三阴寒证者，即使其人本体强壮，又或绝欲十年，亦从阴治。若使所见脉证，的系阳邪，发热烦渴便闭，并无三阴寒证者，即使其人本体虚弱，又复房劳过度，亦从阳治,代表医家 / 曹炳章 / 原文选释 / 论夹阴伤寒,p01789,true,builtin-sonnet,single_engine
Physician_75de1b9ba9,Doctrine_56be38d6df,proposes,1,如《伤寒论》中，阳明大寒之症，宜用葛根、黄芩、白虎承气之类。设使转瞬之间，转入三阴，即改用温补。若阴症转变阳症，治法亦可于温补后，改用凉散，此一定之法也,代表医家 / 曹炳章 / 原文选释 / 论夹阴伤寒,p01789,true,builtin-sonnet,single_engine
Physician_2dac7570c2,Doctrine_33051ee14e,proposes,1,凡伤寒病，初起发热，煎熬津液，鼻干口渴便闭，渐至发厥者，不问而知为热也,代表医家 / 曹炳章 / 原文选释 / 论夹阴伤寒,p01790,true,builtin-sonnet,single_engine
Physician_169d5fbada,Doctrine_7b1eb8686b,proposes,1,人身一阴阳耳，而阴阳之根蒂，皆本于肾,代表医家 / 曹炳章 / 原文选释 / 论夹阴伤寒,p01790,true,builtin-sonnet,single_engine
Physician_169d5fbada,Doctrine_cfd710abe5,proposes,1,阴证中寒也，其证乃是阳虚,代表医家 / 曹炳章 / 原文选释 / 论夹阴伤寒,p01790,true,builtin-sonnet,single_engine
Physician_bec16b53a7,Doctrine_b548a0515f,proposes,1,风寒感冒于表，食物生冷由胃传脾，为真夹阴伤寒,代表医家 / 曹炳章 / 原文选释 / 论夹阴伤寒,p01790,true,builtin-sonnet,single_engine
Physician_bec16b53a7,Doctrine_dde06189f4,proposes,1,惟伤寒热退新瘥，即犯房事，名曰房劳复，身热、下身沉重疼痛,代表医家 / 曹炳章 / 原文选释 / 论夹阴伤寒,p01790,true,builtin-sonnet,single_engine
Physician_68fd45f47c,Doctrine_f233ecc868,proposes,1,因与血脉合而为一，结为痼疾也,代表医家 / 曹炳章 / 原文选释 / 论夹痨伤寒,p01797,true,builtin-sonnet,single_engine
Physician_68fd45f47c,Doctrine_03892cf725,proposes,1,治法当乘其大肉未消，真元未败，急用三甲散,代表医家 / 曹炳章 / 原文选释 / 论夹痨伤寒,p01797,true,builtin-sonnet,single_engine
Physician_68fd45f47c,Doctrine_98e13b9c8d,proposes,1,肢体时疼者，邪与荣气搏也；脉数身热不去者，邪火病郁也；胁下锥痛者，火邪结于膜膈也,代表医家 / 曹炳章 / 原文选释 / 论夹痨伤寒,p01797,true,builtin-sonnet,single_engine
Physician_68fd45f47c,Doctrine_981814e127,proposes,1,过期不愈者，凡疫邪交卸，近在一七，远在二七，甚至三七，过此不愈者，因非其治，不为坏症，即为痼疾也,代表医家 / 曹炳章 / 原文选释 / 论夹痨伤寒,p01797,true,builtin-sonnet,single_engine
Physician_dd9265a598,Doctrine_00425f6f29,proposes,1,"此投柴胡，为景岳《新方八略》之""散略""，散其表证也",代表医家 / 曹炳章 / 原文选释 / 论夹痨伤寒,p01799,false,builtin-sonnet,single_engine
Physician_dd9265a598,Doctrine_7b9ec0a6d4,proposes,1,"金水六君煎为""和略""，""和方之制，和其不和者也""治其肺肾虚寒，水泛为痰",代表医家 / 曹炳章 / 原文选释 / 论夹痨伤寒,p01799,false,builtin-sonnet,single_engine
Physician_6a44078b82,Doctrine_77ab0613c0,proposes,1,张介宾《类经附翼》云：子户，即子宫，俗谓子肠。医家以冲任之脉盛于此，则月事以时下，故名曰血室。,代表医家 / 曹炳章 / 原文选释 / 论临经伤寒,p01802,true,builtin-sonnet,single_engine
Physician_2262b1dd4a,Doctrine_6481d370b4,proposes,1,许叔微所谓“方未受孕，则下行之，以为月事；既妊娠，则中蓄之以养胎；及已产，则上壅之以为乳，皆血也。”,代表医家 / 曹炳章 / 原文选释 / 论临经伤寒,p01802,true,builtin-sonnet,single_engine
Physician_bec16b53a7,Doctrine_a6e71a5d95,proposes,1,凡行经时，则子门开张而下泄。故伤寒中风，适值经来，而邪热得直入血室。,代表医家 / 曹炳章 / 原文选释 / 论临经伤寒,p01802,true,builtin-sonnet,single_engine
Physician_bec16b53a7,Doctrine_ba63f251ed,proposes,1,亦有经未至期，因热盛蒸迫血室，则血亦下行。顺则热随血泄，经行后热反化轻。否则热甚冲入胞门，阻拒其行经，下泄之血，留蓄胞门为瘀，以致血室之热，无从得泄，病必增剧。,代表医家 / 曹炳章 / 原文选释 / 论临经伤寒,p01802,true,builtin-sonnet,single_engine
Physician_bec16b53a7,Doctrine_97d7679f88,proposes,1,前证若用小柴胡汤， 则大误矣。盖温暑治法，与正伤寒不同,代表医家 / 曹炳章 / 原文选释 / 论临经伤寒,p01802,true,builtin-sonnet,single_engine
Physician_5f1fdad40e,Doctrine_c88984cec5,proposes,1,但数动（数动，辨脉也，温病之脉数动，与伤寒热入血室之脉迟者不同），与正伤寒不同，仲景立小柴胡汤，提出所陷热邪，以参枣扶胃气，冲脉隶属阳明也。此惟虚者为合法。,代表医家 / 曹炳章 / 原文选释 / 论临经伤寒,p01802,true,builtin-sonnet,single_engine
Physician_5f1fdad40e,Doctrine_735a2186bd,proposes,1,若热邪陷入，与血相结者（较热入血室、不与血相结者为重），当从陶氏小柴胡汤去参、枣，加鲜生地、桃仁、楂肉、丹皮、或犀角等，凉血散血，使血不与热相搏，而后能和解，如陶氏之法也。,代表医家 / 曹炳章 / 原文选释 / 论临经伤寒,p01802,true,builtin-sonnet,single_engine
Physician_5f1fdad40e,Doctrine_76eaa11818,proposes,1,若本经血结自甚，或挟有瘀伤宿血，挟热而得者，其证必少腹满痛，轻者刺期门，以泄其实，使气行瘀散也。重者小柴胡汤，去参枣之甘药，加延胡索、归尾、桃仁，以利其气，破其血也。挟寒加桂心，气滞加香附、陈皮、枳壳。,代表医家 / 曹炳章 / 原文选释 / 论临经伤寒,p01802,true,builtin-sonnet,single_engine
Physician_5f1fdad40e,Doctrine_ef5923c7fb,proposes,1,然热陷血室之证，多有谵语如狂之象，与阳明胃实相似，此种病机，最须辨别。血结者，身体必重，非若阳明之轻转便捷。何以故？盖阴主重浊，络脉被阻，身之侧傍气痹，连及胸背，皆拘束不遂，故去邪通络，正合其治。,代表医家 / 曹炳章 / 原文选释 / 论临经伤寒,p01802,true,builtin-sonnet,single_engine
Physician_5f1fdad40e,Doctrine_d9c00e0f21,proposes,1,按方书谓慎用苦寒，恐伤其已亡之阴也,代表医家 / 曹炳章 / 原文选释 / 论产后伤寒,p01807,true,builtin-sonnet,single_engine
Physician_5f1fdad40e,Doctrine_22c70b32c8,proposes,1,不过弗犯下焦，且属虚体，当如虚怯人病邪而治,代表医家 / 曹炳章 / 原文选释 / 论产后伤寒,p01807,true,builtin-sonnet,single_engine
Physician_d9eb3817e4,Doctrine_56dbdd8910,proposes,1,无粮之师，利于速战,代表医家 / 曹炳章 / 原文选释 / 论产后伤寒,p01807,true,builtin-sonnet,single_engine
Physician_d9eb3817e4,Doctrine_ec83bcd280,proposes,1,治上不犯中，治中不犯下，目中清楚，指下明了，治产后之能事毕矣,代表医家 / 曹炳章 / 原文选释 / 论产后伤寒,p01807,true,builtin-sonnet,single_engine
Physician_bec16b53a7,Doctrine_b838fb3f1e,proposes,1,可为后学之圭臬，吾人宜熟读而谨记之,代表医家 / 曹炳章 / 原文选释 / 论产后伤寒,p01807,true,builtin-sonnet,single_engine
Physician_34e43c094c,Doctrine_b5504cc2cc,proposes,1,大抵痉病多由于燥热化风，虽名曰风，实是肝阳为病，筋失滋养，故致强急,代表医家 / 曹炳章 / 原文选释 / 论伤寒转痉,p01812,true,builtin-sonnet,single_engine
Physician_34e43c094c,Doctrine_75b2924c14,proposes,1,不知六气最易化燥，及小儿尤易化燥之理,代表医家 / 曹炳章 / 原文选释 / 论伤寒转痉,p01812,true,builtin-sonnet,single_engine
Physician_34e43c094c,Doctrine_9284eea12f,proposes,1,见儿发热，不问何邪，概曰风寒，辄与辛燥升散，杂以苦温苦涩消导，津液耗伤，致成痉瘛,代表医家 / 曹炳章 / 原文选释 / 论伤寒转痉,p01812,true,builtin-sonnet,single_engine
Physician_34e43c094c,Doctrine_b8dec407ea,proposes,1,风寒初起，发热无汗，无论痉与不痉，治以辛润，如杏仁、牛蒡、桔梗之类,代表医家 / 曹炳章 / 原文选释 / 论伤寒转痉,p01812,true,builtin-sonnet,single_engine
Physician_34e43c094c,Doctrine_be905d9fa7,proposes,1,液虚燥极，必多进方回，切勿中途易法，致令不救,代表医家 / 曹炳章 / 原文选释 / 论伤寒转痉,p01812,true,builtin-sonnet,single_engine
Physician_3670c08ecf,Doctrine_2f12da3a86,proposes,1,慢惊风三字相连立名，不但文义不通，亦未细察病源。,代表医家 / 曹炳章 / 原文选释 / 论伤寒转痉,p01813,true,builtin-sonnet,single_engine
Physician_3670c08ecf,Doctrine_c58a906621,proposes,1,以一气虚血瘀之证，反用散风清火之方，服散风药，无风则散气；服清火药，无火则凝血,代表医家 / 曹炳章 / 原文选释 / 论伤寒转痉,p01813,true,builtin-sonnet,single_engine
Physician_3670c08ecf,Doctrine_8b013b8278,proposes,1,若露睛天吊，不食不哭，痰鸣气喘，病虽沉重，乃可治之证；若天庭灰黑，肾子收缩，或脉微细，或脉全无，外形虽轻，乃不治之症。,代表医家 / 曹炳章 / 原文选释 / 论伤寒转痉,p01813,true,builtin-sonnet,single_engine
Physician_3670c08ecf,Doctrine_0a14bcc294,proposes,1,此方专治小儿因伤寒瘟疫，或痘疹吐泻等证，病久气虚，四肢抽搐，项背反张，两目天吊，口流涎沫，昏沉不省人事。,代表医家 / 曹炳章 / 原文选释 / 论伤寒转痉,p01813,true,builtin-sonnet,single_engine
Physician_bec16b53a7,Doctrine_66b940b559,proposes,1,又按所述二十余证，皆虚寒之象，故尚可救药，若虚中挟热，则难治矣。,代表医家 / 曹炳章 / 原文选释 / 论伤寒转痉,p01813,true,builtin-sonnet,single_engine
Physician_bec16b53a7,Doctrine_884db3d1e6,proposes,1,此皆瘥后食物之禁也。,代表医家 / 曹炳章 / 原文选释 / 论伤寒食复,p01818,true,builtin-sonnet,single_engine
Physician_bec16b53a7,Doctrine_02989987a7,proposes,1,余尝治温热瘥后房复，头重眼花，腰背痛，小腹里急绞痛，串胯筋挛，身热，心胸烦闷，便闭溲短，用鼠屎二钱、人中白三钱、晚蚕砂三钱、鲜生地五钱捣生锦纹一钱、蜣螂虫一钱、桃仁钱半、冬葵子三钱、川黄柏一钱、木通钱半、甘草梢八分，取其以浊导浊，效如桴鼓。,代表医家 / 曹炳章 / 原文选释 / 论伤寒食复,p01825,true,builtin-sonnet,single_engine
Physician_bec16b53a7,Doctrine_8f9719f1ec,proposes,1,经治验多人，而不用烧裩散亦能取效。,代表医家 / 曹炳章 / 原文选释 / 论伤寒食复,p01825,true,builtin-sonnet,single_engine
Physician_24e188a7cc,Doctrine_5bc55886ad,proposes,1,王士雄云：竹茹、花粉、韭白、滑石、白薇、川楝子、槐米、绿豆、甘草梢、土茯苓等药，亦可采用。,代表医家 / 曹炳章 / 原文选释 / 论伤寒食复,p01825,true,builtin-sonnet,single_engine
Physician_c5e9205457,Doctrine_a884fa776b,proposes,1,虽瘥，尚虚未得复，阳气不足，慎勿劳事尚可，女劳则死，当吐舌数寸。,代表医家 / 曹炳章 / 原文选释 / 论伤寒食复,p01825,true,builtin-sonnet,single_engine
Physician_1a38154d6c,Doctrine_2926b97ca1,proposes,1,新瘥精髓枯燥，故犯房事必死，如前举之类是也。,代表医家 / 曹炳章 / 原文选释 / 论伤寒食复,p01825,true,builtin-sonnet,single_engine
Physician_bec16b53a7,Doctrine_c9c3b5c005,proposes,1,鲜藿香钱半 新会皮钱半 赤茯苓二钱 竹沥半夏钱半 白蔻仁七分 淡竹茹二钱 广郁金二钱 鲜荷叶包滑石三钱阴阳水煎，微冷服。,代表医家 / 曹炳章 / 方剂选录 / 治霍乱常用方,p01832,true,builtin-sonnet,single_engine
Physician_bec16b53a7,Doctrine_57412db0ef,proposes,1,鲜藿香钱半 制川朴一钱 制半夏二钱 鲜荷叶包滑石三钱 白蔻仁八分(冲) 姜炒川连六分 炒黄芩二钱 淡豆豉钱半 紫金片五分(研冲)阴阳水煎，微冷服。,代表医家 / 曹炳章 / 方剂选录 / 治霍乱常用方,p01836,true,builtin-sonnet,single_engine
Physician_bec16b53a7,Doctrine_92eec0ed3b,proposes,1,淡豆豉二钱 焦山栀三钱 炒黄芩二钱 姜炒竹茹二钱 藿香钱半 荷叶包滑石三钱 扁豆衣钱半 左金丸钱半(包煎) 飞龙夺命丹一分(冲入)阴阳水煎，冷服,代表医家 / 曹炳章 / 方剂选录 / 治霍乱常用方,p01840,true,builtin-sonnet,single_engine
Physician_bec16b53a7,Doctrine_22eae02a1b,proposes,1,如转筋者，加鲜勒人藤一两,代表医家 / 曹炳章 / 方剂选录 / 治霍乱常用方,p01840,true,builtin-sonnet,single_engine
Physician_bec16b53a7,Doctrine_369b31069c,proposes,1,外祛暑邪，内安脏腑，宣上畅中导下,代表医家 / 曹炳章 / 方剂选录 / 治伤暑常用方,p01865,true,builtin-sonnet,single_engine
Physician_bec16b53a7,Doctrine_e1015c917a,proposes,1,用鲜药、芳淡轻清药，颇切实用，得绍派精髓,代表医家 / 曹炳章 / 方剂选录 / 治伤暑常用方,p01865,true,builtin-sonnet,single_engine
Physician_bec16b53a7,Doctrine_f218a91565,proposes,1,余诊断此症，原因由邪热著营络，盘踞日久，烁耗津液，液涸动风。下焦龙雷之火挟之上腾，于是上焦之火更甚，而下焦反少命火。,代表医家 / 曹炳章 / 医案选按,p01869,true,builtin-sonnet,single_engine
Physician_bec16b53a7,Doctrine_4e9b2114f1,proposes,1,余主先镇纳肝阳，滋液生津，兼清邪热熄风。佐以芩连坚阴，庶几龙雷之火，仍潜伏命门。而脾胃膀胱复能腐化蒸腾，则泄泻能止。上逆之火下潜，心脑顿失蒙蔽，则神识亦能清明。,代表医家 / 曹炳章 / 医案选按,p01869,true,builtin-sonnet,single_engine
Physician_8b991fe569,Doctrine_c297a788ae,proposes,1,徐氏之于医，可谓始于《内经》而终于《内经》。始于《内经》者，学医从《内经》始；终于《内经》者，终生以阐释《内经》为己任，孜孜矻矻数十春秋,代表医家 / 徐荣斋 / 生平与代表著作简介,p01910,true,builtin-sonnet,single_engine
Physician_c884303f88,Doctrine_903275b43c,proposes,1,首次对绍派伤寒进行探源析流,代表医家 / 徐荣斋 / 生平与代表著作简介,p01910,true,builtin-sonnet,single_engine
Physician_c884303f88,Doctrine_17e7d65705,proposes,1,本着“推陈出新，去芜存菁”的精神，将原著加以重订,代表医家 / 徐荣斋 / 生平与代表著作简介,p01911,true,builtin-sonnet,single_engine
Physician_bec16b53a7,Doctrine_769fc35945,proposes,1,曹炳章评价徐氏之作：“点缀者删削之，繁杂者合并之，罅漏者补正之”,代表医家 / 徐荣斋 / 生平与代表著作简介,p01911,true,builtin-sonnet,single_engine
Physician_1245bdc3d9,Doctrine_68a43efd22,proposes,1,认为“六经病症”是根据急性发热病的经过而分做六个阶段，每个阶段更就不同的症状，分做若干亚类，每类各有若干大同小异的综合症即可,代表医家 / 徐荣斋 / 生平与代表著作简介,p01912,true,builtin-sonnet,single_engine
Physician_c884303f88,Doctrine_672fdcef2b,proposes,1,第六章(甲）第三节“张长沙四言脉诀”及第四节“钩玄”，都是理论和实际结合不起来的；近贤恽铁樵、陆渊雷两先生也说明了这类学说的不可靠。,代表医家 / 徐荣斋 / 生平与代表著作简介,p01912,true,builtin-sonnet,single_engine
Physician_c884303f88,Doctrine_749aeda34e,proposes,1,它仅仅是伤寒夹症中某一部分的致病因素，即是同章第八节“夹痞伤寒”的一个组成部分，不能作为独立的病名,代表医家 / 徐荣斋 / 生平与代表著作简介,p01912,true,builtin-sonnet,single_engine
Physician_c884303f88,Doctrine_1ec49eb81b,proposes,1,其病名与同章第六节重复，观察它的病因，是感冒风寒又食冷物，则等于“夹食伤寒”，所列症状与治法也同于“夹食”,代表医家 / 徐荣斋 / 生平与代表著作简介,p01912,true,builtin-sonnet,single_engine
Physician_eac9b7a6fd,Doctrine_2dbdcb0aef,proposes,1,病名似始于张石顽,代表医家 / 徐荣斋 / 生平与代表著作简介,p01914,true,builtin-sonnet,single_engine
Physician_b77011231d,Doctrine_43390066f3,proposes,1,症状见于巢元方,代表医家 / 徐荣斋 / 生平与代表著作简介,p01914,true,builtin-sonnet,single_engine
Physician_1245bdc3d9,Doctrine_b891332499,proposes,1,俞氏所述，相当于西医书的“耳疖”和“中耳炎”,代表医家 / 徐荣斋 / 生平与代表著作简介,p01914,true,builtin-sonnet,single_engine
Physician_c884303f88,Doctrine_9bbff5901a,proposes,1,应首先确定虚劳病人患了伤寒，既不是因伤寒而变成的虚劳，更不是单纯的虚劳症,代表医家 / 徐荣斋 / 生平与代表著作简介,p01915,true,builtin-sonnet,single_engine
Physician_c884303f88,Doctrine_410109b7a1,proposes,1,补充“察呼吸”包括气粗、气微、气短、气喘、鼻扇、肩息、息高、气息岔涌8种,代表医家 / 徐荣斋 / 生平与代表著作简介,p01915,true,builtin-sonnet,single_engine
Physician_c884303f88,Doctrine_bfb10381f9,proposes,1,对于“问大便”，补充了解大便的硬度、数量、颜色、有没有血或黏液等,代表医家 / 徐荣斋 / 生平与代表著作简介,p01915,true,builtin-sonnet,single_engine
Physician_7e002ca0a2,Doctrine_5f634406e5,proposes,1,风湿之病，其症头痛发热，微汗恶寒，骨节烦疼，体重微肿，小便欠利，脉来浮缓,代表医家 / 徐荣斋 / 生平与代表著作简介,p01916,true,builtin-sonnet,single_engine
Physician_5baca69bb0,Doctrine_588a3a67a8,proposes,1,由于“徐”则风湿俱去，“骤”则风去而湿仍留着,代表医家 / 徐荣斋 / 生平与代表著作简介,p01916,true,builtin-sonnet,single_engine
Physician_64d2cbdcf5,Doctrine_ebe96b3bee,proposes,1,历节痛风，因于寒者，辛温发散；因于热者，辛凉轻扬，固已。但宜分辨痛状施治。原因各异，故处方用药，亦是不同。可见病因不一，所以《内经》有治病必求于本之训也,代表医家 / 徐荣斋 / 生平与代表著作简介,p01916,true,builtin-sonnet,single_engine
Physician_a1dcfdb78f,Doctrine_9798af6393,proposes,1,肢节疼痛，病名历节，此证起于风邪外感，汗出不畅，久久湿流关节，脉迟而滑，属寒湿。其微者用桂枝芍药知母汤，其剧者宜乌头汤,代表医家 / 徐荣斋 / 生平与代表著作简介,p01916,true,builtin-sonnet,single_engine
Physician_c884303f88,Doctrine_824d7dddc6,proposes,1,临证经验部分介绍了徐老善用经方、用药灵活的诊治特点,代表医家 / 徐荣斋 / 生平与代表著作简介,p01917,true,builtin-sonnet,single_engine
Physician_098da7d5ab,Doctrine_38072d55e0,proposes,1,发热而恶寒，不论有汗无汗，皆为太阳病；见机能衰弱之症，或误治而虚其正气者，为少阴病；吐利属于虚寒者，为太阴病；发热若干日，热退若干日，或消渴，或吐蛔，或下利，或舌卷囊缩，为厥阴病。,代表医家 / 徐荣斋 / 学术观点及诊治经验 / 形层说六经,p01920,true,builtin-sonnet,single_engine
Physician_83ff1072c8,Doctrine_3cb15843e7,proposes,1,“六经行层”这个名词，是根据周学海“与友条论读伤寒论法”第五、九、十一条而产生。,代表医家 / 徐荣斋 / 学术观点及诊治经验 / 形层说六经,p01920,true,builtin-sonnet,single_engine
Physician_1b9dcbaedd,Doctrine_b0aee56ad1,proposes,1,六经者，就人体所着之症状为之界说者也,代表医家 / 徐荣斋 / 学术观点及诊治经验 / 形层说六经,p01920,true,builtin-sonnet,single_engine
Physician_2b927b7697,Doctrine_dd5dfad658,proposes,1,伤寒六经，非谓病在六经也，假以为纪也已；及其施治也，皆从证而不拘焉,代表医家 / 徐荣斋 / 学术观点及诊治经验 / 形层说六经,p01920,true,builtin-sonnet,single_engine
Physician_b8d5a27781,Doctrine_2dda83f52b,proposes,1,三阴三阳之目，何为而设焉？凡病有六等之差，而地位脉证不同也，概括诸说，皆以六经为病位之假称，而不取于经络之义,代表医家 / 徐荣斋 / 学术观点及诊治经验 / 形层说六经,p01920,true,builtin-sonnet,single_engine
Physician_30c1870099,Doctrine_5d13159523,proposes,1,每个阶段就不同的症状，分做若干亚类，每类各有若干大同小异的综合症,代表医家 / 徐荣斋 / 学术观点及诊治经验 / 形层说六经,p01921,true,builtin-sonnet,single_engine
Physician_30c1870099,Doctrine_c246e8980d,proposes,1,演化了六经本证、标证、中和证和兼证,代表医家 / 徐荣斋 / 学术观点及诊治经验 / 形层说六经,p01921,true,builtin-sonnet,single_engine
Physician_30c1870099,Doctrine_714feb8cc8,proposes,1,三阳言实，三阴言虚；三阳言表实、里实、半表半里实，三阴言气虚、血虚、气血两虚,代表医家 / 徐荣斋 / 学术观点及诊治经验 / 形层说六经,p01921,true,builtin-sonnet,single_engine
Physician_c884303f88,Doctrine_7b82a05445,proposes,1,气短，呼吸短促而不相接续，与呼吸微弱不同而又相同。徐氏认为，气微的呼吸是静而无声的，气短是躁而带粗的；气微状态则自然，气短状态很勉强。并指出，气微者，在病机上只虚无实，多属外感病末传；气短者，在病机上有虚有实，多属内伤病初起。气微为病退之时，气短为病进之候。,代表医家 / 徐荣斋 / 学术观点及诊治经验 / 诊法重细节,p01924,true,builtin-sonnet,single_engine
Physician_b5cb5b9c75,Doctrine_59eb3d8625,proposes,1,伤寒自表传里，温热自里达表，全以舌苔为验。传里浅深及里结多寡，亦以舌苔为验。里热渐清，谷气渐进，亦以舌苔为验,代表医家 / 徐荣斋 / 学术观点及诊治经验 / 诊法重细节,p01925,true,builtin-sonnet,single_engine
Physician_c884303f88,Doctrine_efe50f7cfc,proposes,1,并将舌体细分为五区，以舌尖候上焦心肺之疾；舌中以侯胃肠之疾；舌根以候肾与二便之疾；舌边以候三焦膜原与两胁之疾；舌旁左以候肝胆之疾，右以候脾肺之疾,代表医家 / 徐荣斋 / 学术观点及诊治经验 / 诊法重细节,p01925,true,builtin-sonnet,single_engine
Physician_c884303f88,Doctrine_3038f9fef5,proposes,1,如病属实者，其舌必坚敛而兼苍老；病属虚者，其舌必浮胖而兼娇嫩,代表医家 / 徐荣斋 / 学术观点及诊治经验 / 诊法重细节,p01925,true,builtin-sonnet,single_engine
Physician_c884303f88,Doctrine_b7663a0d18,proposes,1,阴虚阳盛者，舌必干；阳虚阴盛者，舌必滑；阴虚阳盛而火旺者，其舌必干而燥；阳虚阴盛而火衰者，其舌必滑而湿,代表医家 / 徐荣斋 / 学术观点及诊治经验 / 诊法重细节,p01925,true,builtin-sonnet,single_engine
Physician_c884303f88,Doctrine_e006a2d145,proposes,1,如舌黑而干焦、肿硬、卷缩、芒刺者，属实热证，其脉必洪数沉实，症必大热狂躁，宜白虎、承气等方。舌黑而白、黑而灰、黑而紫、湿润软滑者，属虚寒证，脉必微弱，症必恶寒，宜四逆辈,代表医家 / 徐荣斋 / 学术观点及诊治经验 / 诊法重细节,p01925,true,builtin-sonnet,single_engine
Physician_c884303f88,Doctrine_c33133d6b7,proposes,1,徐氏认为，舌苔无论何色，皆有治法。惟舌质变，则为难治,代表医家 / 徐荣斋 / 学术观点及诊治经验 / 诊法重细节,p01925,true,builtin-sonnet,single_engine
Physician_c884303f88,Doctrine_6a32823395,proposes,1,活者，细察底里，隐隐犹见红活，此不过气血之有阻滞，非脏气之败坏也。死者，底里全变干晦枯萎，毫无生气，是脏气不至矣,代表医家 / 徐荣斋 / 学术观点及诊治经验 / 诊法重细节,p01925,true,builtin-sonnet,single_engine
Physician_c884303f88,Doctrine_3bf9e3515f,proposes,1,徐氏在问诊过程中，非常注重问诊的细节。,代表医家 / 徐荣斋 / 学术观点及诊治经验 / 诊法重细节,p01927,true,builtin-sonnet,single_engine
Physician_c884303f88,Doctrine_671f93e410,proposes,1,又如问大便应从大便的硬度、数量、颜色、以及有无带血或粘液等多方面了解。,代表医家 / 徐荣斋 / 学术观点及诊治经验 / 诊法重细节,p01927,true,builtin-sonnet,single_engine
Physician_c884303f88,Doctrine_f1d995c0e9,proposes,1,徐氏认为各种症状都有它一定的规律，各种症状之间又是互相联系的，因此我们在问诊时就应注意到这些细节，否则就会造成诊断上的错误。,代表医家 / 徐荣斋 / 学术观点及诊治经验 / 诊法重细节,p01927,true,builtin-sonnet,single_engine
Physician_c884303f88,Doctrine_cd86b25570,proposes,1,用现代医学阐释“大实有羸状”的病理机制，认为大实之证体内各组织各官能必异常兴奋，消耗物质势必增多，终至陷于疲劳及衰弱,代表医家 / 徐荣斋 / 学术观点及诊治经验 / 宗中也参西,p01929,true,builtin-sonnet,single_engine
Physician_c884303f88,Doctrine_8f6f88c9a0,proposes,1,徐氏认为脉的搏动源于心脏的舒缩，而血行的快慢关系着脉搏的迟数，心脏的张弛影响着脉搏的软硬，心脏瓣膜的启闭关联着脉搏的顿挫,代表医家 / 徐荣斋 / 学术观点及诊治经验 / 宗中也参西,p01929,true,builtin-sonnet,single_engine
Physician_098da7d5ab,Doctrine_3ea44d6460,proposes,1,认为外湿乃汗液阻于蒸发而生的疾患；内湿是炎性渗出物所生的疾患,代表医家 / 徐荣斋 / 学术观点及诊治经验 / 宗中也参西,p01929,true,builtin-sonnet,single_engine
Physician_c884303f88,Doctrine_31d3b1b673,proposes,1,徐老分析阳明发狂是因胃热壅盛进而迷走神经受炙，影响了大脑皮层，出现了谵语、发狂等症状,代表医家 / 徐荣斋 / 学术观点及诊治经验 / 宗中也参西,p01929,true,builtin-sonnet,single_engine
Physician_c884303f88,Doctrine_b3e2554e5d,proposes,1,古方中惯于写“人参”的，今则按照病人体质虚弱程度，改用党参或红参,代表医家 / 徐荣斋 / 学术观点及诊治经验 / 制方擅化裁,p01932,true,builtin-sonnet,single_engine
Physician_c884303f88,Doctrine_2a95757065,proposes,1,有惯用“犀角”的（如犀角地黄汤），则按照临床经验，代以紫草加大青叶,代表医家 / 徐荣斋 / 学术观点及诊治经验 / 制方擅化裁,p01932,true,builtin-sonnet,single_engine
Physician_c884303f88,Doctrine_f6176a9f69,proposes,1,于药味用量，通过长期临床观察，有的剂量不宜过大，有的必须用较大剂量,代表医家 / 徐荣斋 / 学术观点及诊治经验 / 制方擅化裁,p01933,true,builtin-sonnet,single_engine
Physician_c884303f88,Doctrine_8265017f47,proposes,1,此药辛香走窜，善于升散，即使病人体质及病情需要用此药者，用量也是以3-6克为宜（芎归佛手散适应证除外）,代表医家 / 徐荣斋 / 学术观点及诊治经验 / 制方擅化裁,p01933,true,builtin-sonnet,single_engine
Physician_c884303f88,Doctrine_ce54afd7a5,proposes,1,鸭跖草为清热利水药，性味甘淡，必须用至30克左右，连服两三剂才有效,代表医家 / 徐荣斋 / 学术观点及诊治经验 / 制方擅化裁,p01933,true,builtin-sonnet,single_engine
Physician_c884303f88,Doctrine_26e009cae7,proposes,1,制大黄用于活血祛瘀药中，9克可连服三至五剂，无通便作用,代表医家 / 徐荣斋 / 学术观点及诊治经验 / 制方擅化裁,p01933,true,builtin-sonnet,single_engine
Physician_c884303f88,Doctrine_99fe96be80,proposes,1,生大黄用9克，一剂即能通大便，个别病人还会出现腹痛，脾阳不足的患者更会引起腹泻,代表医家 / 徐荣斋 / 学术观点及诊治经验 / 制方擅化裁,p01933,true,builtin-sonnet,single_engine
Physician_c884303f88,Doctrine_16db0f7bac,proposes,1,大黄本为通大便药，但与甘草同用或制用，则能利小便,代表医家 / 徐荣斋 / 学术观点及诊治经验 / 制方擅化裁,p01935,true,builtin-sonnet,single_engine
Physician_c884303f88,Doctrine_182fb5cc4f,proposes,1,用少量麻黄伍多量熟地，则但开腠理而麻黄不汗、熟地不滞,代表医家 / 徐荣斋 / 学术观点及诊治经验 / 制方擅化裁,p01935,true,builtin-sonnet,single_engine
Physician_c884303f88,Doctrine_67bb0ac365,proposes,1,茯苓得白术则补脾，得车前子则利水，得泽泻则渗湿,代表医家 / 徐荣斋 / 学术观点及诊治经验 / 制方擅化裁,p01935,true,builtin-sonnet,single_engine
Physician_c884303f88,Doctrine_3623f6536f,proposes,1,青皮得白芥子，治右胁痛,代表医家 / 徐荣斋 / 学术观点及诊治经验 / 制方擅化裁,p01935,true,builtin-sonnet,single_engine
Physician_c884303f88,Doctrine_bd69b7c808,proposes,1,附子不配干姜，虽通经络而不热,代表医家 / 徐荣斋 / 学术观点及诊治经验 / 制方擅化裁,p01935,true,builtin-sonnet,single_engine
Physician_c884303f88,Doctrine_56a4442997,proposes,1,附子一钱与磁石八钱同用，能温养下元并使附子热性不致上扰,代表医家 / 徐荣斋 / 学术观点及诊治经验 / 制方擅化裁,p01935,true,builtin-sonnet,single_engine
Physician_c884303f88,Doctrine_18b57178a8,proposes,1,木鳖子制尽油，能化骨节间风痰而无毒,代表医家 / 徐荣斋 / 学术观点及诊治经验 / 制方擅化裁,p01935,true,builtin-sonnet,single_engine
Physician_c884303f88,Doctrine_1e21488bdf,proposes,1,甘遂制去黑水，能化痰核及积饮水,代表医家 / 徐荣斋 / 学术观点及诊治经验 / 制方擅化裁,p01935,true,builtin-sonnet,single_engine
Physician_c884303f88,Doctrine_20b4ef0d30,proposes,1,六味地黄丸中的熟地能湿脾土，以茯苓、白术制之,代表医家 / 徐荣斋 / 学术观点及诊治经验 / 制方擅化裁,p01935,true,builtin-sonnet,single_engine
Physician_c884303f88,Doctrine_c7633b276a,proposes,1,左金丸中的吴茱萸性燥，以黄连制之,代表医家 / 徐荣斋 / 学术观点及诊治经验 / 制方擅化裁,p01935,true,builtin-sonnet,single_engine
Physician_c884303f88,Doctrine_1b40929dd5,proposes,1,四君子汤一般用作健脾补气方，如气虚应重用参，脾虚应重用术，水湿内滞应重用苓,代表医家 / 徐荣斋 / 学术观点及诊治经验 / 制方擅化裁,p01935,true,builtin-sonnet,single_engine
Physician_c884303f88,Doctrine_ba83f0007f,proposes,1,四物汤一般认为是血分方，在使用时，归多则重点在温血，芍多则重点在平肝，地多则重点在凉血，芎多则重点在升散,代表医家 / 徐荣斋 / 学术观点及诊治经验 / 制方擅化裁,p01935,true,builtin-sonnet,single_engine
Physician_c884303f88,Doctrine_feb46c3139,proposes,1,牛膝能引热下行，亦能引其它药性下行，但如果脾经有湿，则反引湿下行而发生腿肿；若肝经有热，也能引热下行而发生遗精,代表医家 / 徐荣斋 / 学术观点及诊治经验 / 制方擅化裁,p01935,true,builtin-sonnet,single_engine
Physician_c884303f88,Doctrine_4f6cfa9951,proposes,1,正疟可用，暑湿疟不可用,代表医家 / 徐荣斋 / 学术观点及诊治经验 / 制方擅化裁,p01936,true,builtin-sonnet,single_engine
Physician_c884303f88,Doctrine_4371cf4d0c,proposes,1,柴胡能之能治疟疾，在胸胁苦满而不在寒热，无胸胁苦满症者，用之无效,代表医家 / 徐荣斋 / 学术观点及诊治经验 / 制方擅化裁,p01936,true,builtin-sonnet,single_engine
Physician_c884303f88,Doctrine_13f9121718,proposes,1,胸胁苦满之闷，重心在两旁肋骨之内，似胀似痛，又似窒塞，甚者以指头沿肋骨圈下向上挖按，则坚硬而痛,代表医家 / 徐荣斋 / 学术观点及诊治经验 / 制方擅化裁,p01936,true,builtin-sonnet,single_engine
Physician_b5cb5b9c75,Doctrine_b4262be6b6,proposes,1,《通俗伤寒论》治外感辨六经，发汗、和解、攻下、温热、清凉、滋补立法各异,代表医家 / 徐荣斋 / 医家学术 / 俞根初,p02019,true,builtin-sonnet,single_engine
Physician_b5cb5b9c75,Doctrine_76fcb1930f,proposes,1,诸方师古不泥，不落窠臼，自出新意，颇切临床实际,代表医家 / 徐荣斋 / 医家学术 / 俞根初,p02019,true,builtin-sonnet,single_engine
Physician_b5cb5b9c75,Doctrine_8d1dd49769,proposes,1,熔铸寒温于一炉，初步建立了一套能较全面的辨治各种外感病的体系，从理论到实践统一了伤寒温病两种学说,代表医家 / 徐荣斋 / 医家学术 / 俞根初,p02023,true,builtin-sonnet,single_engine
Physician_b5cb5b9c75,Doctrine_b0f00a6ad4,proposes,1,俞氏以六经统摄三焦、气血辨证，从表里寒热论治外感病，既不同于伤寒学派，又异于温病学派，具有独创性，是绍派伤寒理论的精髓,代表医家 / 徐荣斋 / 医家学术 / 俞根初,p02023,true,builtin-sonnet,single_engine
Physician_b5cb5b9c75,Doctrine_81cd88105c,proposes,1,俞根初《通俗伤寒论》“瘥后调理法”对伤寒瘥后调理做出了系统陈述，方包含病中调护、瘥后药物调理、食物调理、气候调理、起居调理,代表医家 / 徐荣斋 / 医家学术 / 俞根初,p02028,true,builtin-sonnet,single_engine
Physician_b5cb5b9c75,Doctrine_559c375c1b,proposes,1,针对病后余邪不清、正气不复、情志不调等问题，采用清余邪、防病复发，扶正气、御邪于外，畅情志、起居有常的方法,代表医家 / 徐荣斋 / 医家学术 / 俞根初,p02028,true,builtin-sonnet,single_engine
Physician_b5cb5b9c75,Doctrine_7c6acf58dd,proposes,1,俞根初将伤寒证治归纳六法，汗法列六法之首,代表医家 / 徐荣斋 / 医家学术 / 俞根初,p02030,true,builtin-sonnet,single_engine
Physician_64d2cbdcf5,Doctrine_fd6ef007e0,proposes,1,伏气温病有专论，辨证完善治法全,代表医家 / 徐荣斋 / 医家学术 / 何廉臣,p02062,true,builtin-sonnet,single_engine
Physician_03d41e7dc4,Doctrine_4851262624,proposes,1,对绍派伤寒功底尤深,代表医家 / 徐荣斋 / 医家学术 / 邵兰荪,p02072,true,builtin-sonnet,single_engine
Physician_03d41e7dc4,Doctrine_b48498b389,proposes,1,用药轻灵，且多采用轻清之品,代表医家 / 徐荣斋 / 医家学术 / 邵兰荪,p02072,true,builtin-sonnet,single_engine
Physician_03d41e7dc4,Doctrine_88bbec5925,proposes,1,对外感温病极为重视气机通畅，每以清解之中梳理气机,代表医家 / 徐荣斋 / 医家学术 / 邵兰荪,p02072,true,builtin-sonnet,single_engine
Physician_03d41e7dc4,Doctrine_d2f5cecdb1,proposes,1,治疗杂病善用经方化裁,代表医家 / 徐荣斋 / 医家学术 / 邵兰荪,p02072,true,builtin-sonnet,single_engine
Physician_03d41e7dc4,Doctrine_bb9ccea0a9,proposes,1,邵兰荪对咳嗽治疗经验可归纳为：外风客肺，宣泄止咳为主；燥邪浸淫，宜分寒热温凉；温邪上受，直须清热解毒；痰壅气阻，宽胸豁痰为要；肝木犯肺，平肝润肺合用；久嗽不止，收敛扶正并举,代表医家 / 徐荣斋 / 医家学术 / 邵兰荪,p02073,true,builtin-sonnet,single_engine
Physician_03d41e7dc4,Doctrine_4587556798,proposes,1,邵兰荪对遗精治疗亦颇有特色，认为遗精一证，有虚有实，有心肾不交、有肝火横逆、有湿邪浸淫，可归纳为：秉绍派，芳香化湿必俱；重理论，滋水平肝奏功；夹时邪，清肺疏风为先；固肾元，交泰心肾有效,代表医家 / 徐荣斋 / 医家学术 / 邵兰荪,p02073,true,builtin-sonnet,single_engine
Physician_bec16b53a7,Doctrine_c2595858ac,proposes,1,其学术特色有药物考证、舌诊发挥，辨证使用成药,代表医家 / 徐荣斋 / 医家学术 / 曹炳章,p02091,true,builtin-sonnet,single_engine
Physician_bec16b53a7,Doctrine_08aa9c9999,proposes,1,曹氏详论不同暑病舌脉表现，治疗也各异，如疗伤暑，分以三焦；医中暑，颇重外感；治暑湿，当辨体质；愈伏暑，宜缓图之。,代表医家 / 徐荣斋 / 医家学术 / 曹炳章,p02097,true,builtin-sonnet,single_engine
Physician_c884303f88,Doctrine_c9d52fe70f,proposes,1,绍兴述伤寒而能法古宜今，并足以继仲景而昭来兹者首推张景岳,代表医家 / 徐荣斋 / 医家学术 / 徐荣斋,p02104,true,builtin-sonnet,single_engine
Physician_c884303f88,Doctrine_98f4c32e9e,proposes,1,何廉臣、张畹香、周伯度、邵兰荪、胡宝书等精究伤寒时病，各有所长，对绍派伤寒有了继承和发扬,代表医家 / 徐荣斋 / 医家学术 / 徐荣斋,p02104,true,builtin-sonnet,single_engine
Physician_c884303f88,Doctrine_a3bef5fd65,proposes,1,绍派伤寒源虽不远而芳流长,代表医家 / 徐荣斋 / 医家学术 / 徐荣斋,p02104,true,builtin-sonnet,single_engine
Physician_b5cb5b9c75,Doctrine_2b11b9ac0a,proposes,1,如俞根初观目法使医者能在纷繁的证候中抓住主要矛盾,代表医家 / 徐荣斋 / 诊法诊治 / 观目,p02110,true,builtin-sonnet,single_engine
Physician_b5cb5b9c75,Doctrine_c2001cb8f1,proposes,1,苔形以厚薄辨表里、有无辨虚实、偏全辨虚实部位,代表医家 / 徐荣斋 / 诊法诊治 / 舌诊,p02112,true,builtin-sonnet,single_engine
Physician_b5cb5b9c75,Doctrine_2fc3e3abfd,proposes,1,苔色分白、黄、灰、黑，根据不同苔色辨表里寒热虚实,代表医家 / 徐荣斋 / 诊法诊治 / 舌诊,p02112,true,builtin-sonnet,single_engine
Physician_b5cb5b9c75,Doctrine_0dd0bc86c1,proposes,1,苔质分润燥、坚松，以定胃肠津液之虚实,代表医家 / 徐荣斋 / 诊法诊治 / 舌诊,p02112,true,builtin-sonnet,single_engine
Physician_b5cb5b9c75,Doctrine_54ef5e7735,proposes,1,苔势有常变之说，真退、假退之别，以苔势的常变和真假进退判断病邪轻重和预后吉凶,代表医家 / 徐荣斋 / 诊法诊治 / 舌诊,p02112,true,builtin-sonnet,single_engine
Physician_b5cb5b9c75,Doctrine_b5001f9d18,proposes,1,体形有胀瘪、凸凹、歪碎、痿战之别，以辨虚实,代表医家 / 徐荣斋 / 诊法诊治 / 舌诊,p02112,true,builtin-sonnet,single_engine
Physician_b5cb5b9c75,Doctrine_65a9a83386,proposes,1,体色分红、绛、青、紫，以察表里寒热虚实和传变,代表医家 / 徐荣斋 / 诊法诊治 / 舌诊,p02112,true,builtin-sonnet,single_engine
Physician_b5cb5b9c75,Doctrine_718d37f8a9,proposes,1,舌体分老嫩、软硬、润燥和荣枯，以观虚实及预后,代表医家 / 徐荣斋 / 诊法诊治 / 舌诊,p02112,true,builtin-sonnet,single_engine
Physician_b5cb5b9c75,Doctrine_e6bc466fcb,proposes,1,体势判断病情发展和预后,代表医家 / 徐荣斋 / 诊法诊治 / 舌诊,p02112,true,builtin-sonnet,single_engine
Physician_bec16b53a7,Doctrine_3d31ef09c4,proposes,1,曹氏认为舌象可以客观反映正气盛衰、病位深浅、病邪性质、病情进退，判断疾病预后转归，指导处方用药,代表医家 / 徐荣斋 / 诊法诊治 / 舌诊,p02113,true,builtin-sonnet,single_engine
Physician_bec16b53a7,Doctrine_2683eca733,proposes,1,曹氏辨舌又以辨浓淡以察病之轻重、辨深浅以审病之表里、辨荣枯以断病之吉凶、辨老嫩以析病之虚实为特色,代表医家 / 徐荣斋 / 诊法诊治 / 舌诊,p02113,true,builtin-sonnet,single_engine
Physician_b5cb5b9c75,Doctrine_3f9dde7b3e,proposes,1,以俞根初为代表的绍派伤寒重视腹诊,代表医家 / 徐荣斋 / 诊法诊治 / 腹诊,p02115,true,builtin-sonnet,single_engine
Physician_b5cb5b9c75,Doctrine_541fe5f5de,proposes,1,俞氏腹诊，具体手法为采用触摩、寻扪、循按等操作手法来诊察胸腹部的软硬、寒热、润燥、疼痛与否,代表医家 / 徐荣斋 / 诊法诊治 / 腹诊,p02116,true,builtin-sonnet,single_engine
Physician_b5cb5b9c75,Doctrine_0ddc785b83,proposes,1,并有诊胸胁重虚里、诊腹部重冲任，善诊胃家实、虫病有三候，冲任脉动、皆阴虚象的特点,代表医家 / 徐荣斋 / 诊法诊治 / 腹诊,p02116,true,builtin-sonnet,single_engine
Physician_64d2cbdcf5,Doctrine_b8411ee63c,proposes,1,何廉臣认为青蒿脑清芬透络，从少阳胆经领邪外出，虽较疏达腠理之柴胡力缓，而辟秽之功比柴胡为尤甚,代表医家 / 徐荣斋 / 特色方剂 / 蒿芩清胆汤,p02121,true,builtin-sonnet,single_engine
Physician_b5cb5b9c75,Doctrine_5a5172b869,proposes,1,藿香正气汤为俞根初《通俗伤寒论》中的各湿病证中应用最多、最广的方剂,代表医家 / 徐荣斋 / 特色方剂 / 藿香正气汤,p02128,true,builtin-sonnet,single_engine
DiagnosticSign_1cc2d87d34,Pattern_795bd61b97,signIndicates,1,如浮取即得紧脉，并见表证，即为寒邪外袭皮毛卫分，在足太阳经脉,代表医家 / 张景岳 / 原文选释 / 外感伤寒，紧脉为凭,p00354,true,builtin-haiku,single_engine
DiagnosticSign_ec39b8672a,Pattern_c8c1946f71,signIndicates,1,在足太阳经脉，由脊背连风府，故头项痛、腰脊强、全身酸痛不已，寒闭皮表孔窍，故无汗，邪气引动人体表面太阳经界面阳气并与之相搏，故发热恶寒。脉浮紧表证现，此为外感寒邪在太阳表层无疑,代表医家 / 张景岳 / 原文选释 / 外感伤寒，紧脉为凭,p00354,true,builtin-haiku,single_engine
DiagnosticSign_440810d901,Pattern_2204553567,signIndicates,1,如沉取得紧脉，往往为人体虚寒，三阳不设防，寒邪直中三阴里地，此时必现里证,代表医家 / 张景岳 / 原文选释 / 外感伤寒，紧脉为凭,p00354,true,builtin-haiku,single_engine
DiagnosticSign_42c47464ce,Pattern_4f3ea96531,signIndicates,1,直中太阴，则见腹满而痛、食不下、自利腹痛,代表医家 / 张景岳 / 原文选释 / 外感伤寒，紧脉为凭,p00354,true,builtin-haiku,single_engine
DiagnosticSign_5c7a9d50d4,Pattern_008a485946,signIndicates,1,直中少阴，脉微细，但欲寐也,代表医家 / 张景岳 / 原文选释 / 外感伤寒，紧脉为凭,p00354,true,builtin-haiku,single_engine
DiagnosticSign_a3324df2a7,Pattern_b15fcaf8f6,signIndicates,1,直中厥阴，囊缩、利不止,代表医家 / 张景岳 / 原文选释 / 外感伤寒，紧脉为凭,p00354,true,builtin-haiku,single_engine
DiagnosticSign_743264f9c3,Pattern_fae7fea1aa,signIndicates,1,但见表证而脉浮者，即当解表,代表医家 / 张景岳 / 原文选释 / 因机察变，原始要终,p00360,true,builtin-haiku,single_engine
DiagnosticSign_17d7041613,Pattern_efd68b6938,signIndicates,1,但见里证而脉沉者，即当治里,代表医家 / 张景岳 / 原文选释 / 因机察变，原始要终,p00360,true,builtin-haiku,single_engine
DiagnosticSign_926306b798,Pattern_280a57355f,signIndicates,1,发热恶寒为阳证纲领，寒邪在三阳经必见,代表医家 / 张景岳 / 原文选释 / 伤寒纲领，阴阳为最,p00365,true,builtin-haiku,single_engine
DiagnosticSign_40856a1c35,Pattern_f2706872ac,signIndicates,1,无热恶寒为阴证纲领，寒邪入三阴经必见,代表医家 / 张景岳 / 原文选释 / 伤寒纲领，阴阳为最,p00365,true,builtin-haiku,single_engine
DiagnosticSign_c8419377d2,Pattern_224655eea9,signIndicates,1,其脉则太阳浮紧,代表医家 / 张景岳 / 原文选释 / 伤寒纲领，阴阳为最,p00365,true,builtin-haiku,single_engine
DiagnosticSign_8ed73f1393,Pattern_3b26d508c8,signIndicates,1,少阳弦,代表医家 / 张景岳 / 原文选释 / 伤寒纲领，阴阳为最,p00365,true,builtin-haiku,single_engine
DiagnosticSign_d8b7bc5564,Pattern_a9506cf1a2,signIndicates,1,阳明洪大,代表医家 / 张景岳 / 原文选释 / 伤寒纲领，阴阳为最,p00365,true,builtin-haiku,single_engine
DiagnosticSign_c1fb810f55,Pattern_5c097fd8f2,signIndicates,1,脉见沉紧无力，往往为人体阳气本虚，三阳经外层无可抵挡，使寒邪直入三阴里界,代表医家 / 张景岳 / 原文选释 / 伤寒纲领，阴阳为最,p00365,true,builtin-haiku,single_engine
DiagnosticSign_f6a49ea5a3,Pattern_f2706872ac,signExcludes,1,伤寒见证如无热恶寒、四肢厥冷、腹痛泻利、面唇淡白等俱为直中三阴里证，为阴证,代表医家 / 张景岳 / 原文选释 / 伤寒纲领，阴阳为最,p00365,false,builtin-haiku,single_engine
DiagnosticSign_bd361cb3e7,Pattern_fdd3f823e4,signIndicates,1,开目喜明、欲见人、多谈、脉浮紧、弦、洪大等俱为三阳见证，为阳证,代表医家 / 张景岳 / 原文选释 / 伤寒纲领，阴阳为最,p00365,true,builtin-haiku,single_engine
DiagnosticSign_6fd3ef2750,Pattern_5c097fd8f2,signIndicates,1,闭目喜暗、不欲见人、懒于言语、脉沉紧无力等俱为直中三阴里证，为阴证,代表医家 / 张景岳 / 原文选释 / 伤寒纲领，阴阳为最,p00365,true,builtin-haiku,single_engine
DiagnosticSign_b1093687d0,Pattern_414dc19dda,signIndicates,1,脉有力便是有元气，脉无力便是无元气,代表医家 / 张景岳 / 原文选释 / 有力之脉，即为得神,p00382,true,builtin-haiku,single_engine
DiagnosticSign_8d020bcbc9,Pattern_40a6c78cda,signIndicates,1,脉有力便是有元气，脉无力便是无元气,代表医家 / 张景岳 / 原文选释 / 有力之脉，即为得神,p00382,true,builtin-haiku,single_engine
DiagnosticSign_3b3f66970e,Pattern_b6c22fc5ef,signIndicates,1,有力之脉，脉体气血充盈，元气满满，和和缓缓，从从容容，如春风拂面，脉中有力，即为有神，得神者昌，体内元气充足，脉现有力，形证见目光精彩、言语清亮、神思不乱、肌肉不削、气息如常、二便不脱,代表医家 / 张景岳 / 原文选释 / 有力之脉，即为得神,p00382,true,builtin-haiku,single_engine
DiagnosticSign_538cb763e1,Pattern_0b52137398,signIndicates,1,失神者亡，体内元气消散，诊脉无力，形证见目暗睛迷、形羸色败、喘息异常、语无伦次、二便自遗等，岌岌可危也,代表医家 / 张景岳 / 原文选释 / 有力之脉，即为得神,p00382,true,builtin-haiku,single_engine
DiagnosticSign_32c335fe00,Pattern_9f2735f008,signIndicates,1,紧而无力为寒邪有余而元气不足也,代表医家 / 张景岳 / 原文选释 / 有力之脉，即为得神,p00382,true,builtin-haiku,single_engine
DiagnosticSign_f9577ae2f1,Pattern_2ef5f13728,signIndicates,1,邪未人深，但见发热身痛，脉数不洪,代表医家 / 张景岳 / 方剂选录 / 四味回阳饮、六味回阳饮、理阴煎,p00456,true,builtin-haiku,single_engine
DiagnosticSign_e1b6738a12,Pattern_bbb1238a5c,signIndicates,1,脉细恶寒，或背畏寒者，乃太阳少阴证也,代表医家 / 张景岳 / 方剂选录 / 四味回阳饮、六味回阳饮、理阴煎,p00456,true,builtin-haiku,single_engine
DiagnosticSign_f3a70f188e,Pattern_a56f1ce370,signIndicates,1,若腰腹有痛，加杜仲、枸杞,代表医家 / 张景岳 / 方剂选录 / 四味回阳饮、六味回阳饮、理阴煎,p00456,true,builtin-haiku,single_engine
DiagnosticSign_cd35a41fbf,Pattern_a56f1ce370,signIndicates,1,若腹有胀滞疼痛，加陈皮、木香、砂仁之属,代表医家 / 张景岳 / 方剂选录 / 四味回阳饮、六味回阳饮、理阴煎,p00456,true,builtin-haiku,single_engine
DiagnosticSign_95a4d174ff,Pattern_0366050a63,signIndicates,1,脾肾两虚，水泛为痰，或呕或胀者,代表医家 / 张景岳 / 方剂选录 / 四味回阳饮、六味回阳饮、理阴煎,p00456,true,builtin-haiku,single_engine
DiagnosticSign_8611dbede1,Pattern_f15c3be6a5,signIndicates,1,患阴虚伤寒，年出三旬，而舌黑之甚，其芒刺干裂，焦黑如炭,代表医家 / 张景岳 / 医案选按 / 水药并投救治阴虚伤寒案,p00473,true,builtin-haiku,single_engine
DiagnosticSign_8d020bcbc9,Pattern_bc5910d575,signIndicates,1,脉则无力,代表医家 / 张景岳 / 医案选按 / 水药并投救治阴虚伤寒案,p00473,true,builtin-haiku,single_engine
DiagnosticSign_8d020bcbc9,Pattern_280a57355f,signExcludes,1,群医谓阳证阴脉，必死无疑,代表医家 / 张景岳 / 医案选按 / 水药并投救治阴虚伤寒案,p00473,true,builtin-haiku,single_engine
DiagnosticSign_e19358f598,Pattern_593d6372df,signIndicates,1,舌苔炭黑，焦裂起刺，乃属邪入阳明，里热内实,代表医家 / 张景岳 / 医案选按 / 水药并投救治阴虚伤寒案,p00475,true,builtin-haiku,single_engine
DiagnosticSign_c6f0069b32,Pattern_3f3feadf01,signIndicates,1,全从'脉则无力，神则昏沉'着眼，认定阴津枯竭，精气濒绝之本,代表医家 / 张景岳 / 医案选按 / 水药并投救治阴虚伤寒案,p00475,false,builtin-haiku,single_engine
DiagnosticSign_c336c4f53b,Pattern_98555a3052,signExcludes,1,不比脉象之蹈虚,代表医家 / 俞根初 / 生平与代表著作简介,p00485,true,builtin-haiku,single_engine
DiagnosticSign_3632a41a99,Pattern_83652705a6,signIndicates,1,"以补总论中""六经脉舌""之未备",代表医家 / 俞根初 / 生平与代表著作简介,p00496,false,builtin-haiku,single_engine
DiagnosticSign_ae51f0fcb0,Pattern_6f8c336c3c,signIndicates,1,凡病至危，必察两目，视其目色以知病之存亡也,代表医家 / 俞根初 / 学术观点及诊治经验 / 重观目、擅腹诊，分六经舌苔,p00534,true,builtin-haiku,single_engine
DiagnosticSign_02467d6462,Pattern_6f8c336c3c,signIndicates,1,视其目色以知病之存亡也,代表医家 / 俞根初 / 学术观点及诊治经验 / 重观目、擅腹诊，分六经舌苔,p00534,true,builtin-haiku,single_engine
DiagnosticSign_371709695c,Pattern_c105c5dcce,signIndicates,1,开目欲见人者阳症,代表医家 / 俞根初 / 学术观点及诊治经验 / 重观目、擅腹诊，分六经舌苔,p00535,true,builtin-haiku,single_engine
DiagnosticSign_05c7a1bbf5,Pattern_f918ae7834,signIndicates,1,闭目不欲见人者阴症,代表医家 / 俞根初 / 学术观点及诊治经验 / 重观目、擅腹诊，分六经舌苔,p00535,true,builtin-haiku,single_engine
DiagnosticSign_1b27e152ff,Pattern_af1fed60a6,signIndicates,1,凡目有眵有泪，精采内含者，为有神气，凡病多吉,代表医家 / 俞根初 / 学术观点及诊治经验 / 重观目、擅腹诊，分六经舌苔,p00535,true,builtin-haiku,single_engine
DiagnosticSign_4c47b9d3d6,Pattern_6925b087c3,signIndicates,1,无眵无泪，白珠色兰，乌珠色滞，精采内夺及浮光外露者，皆为无神气，凡病多凶,代表医家 / 俞根初 / 学术观点及诊治经验 / 重观目、擅腹诊，分六经舌苔,p00535,true,builtin-haiku,single_engine
DiagnosticSign_118b0ba85a,Pattern_3faa421ff2,signIndicates,1,两目直视，则为不治之疾,代表医家 / 俞根初 / 学术观点及诊治经验 / 重观目、擅腹诊，分六经舌苔,p00535,true,builtin-haiku,single_engine
DiagnosticSign_8b92717e77,Pattern_d6ac6305be,signIndicates,1,瞳神散大者元神虚散,代表医家 / 俞根初 / 学术观点及诊治经验 / 重观目、擅腹诊，分六经舌苔,p00535,true,builtin-haiku,single_engine
DiagnosticSign_a3bcfe53e6,Pattern_66a85420ea,signIndicates,1,瞳神缩小者脑系枯竭,代表医家 / 俞根初 / 学术观点及诊治经验 / 重观目、擅腹诊，分六经舌苔,p00535,true,builtin-haiku,single_engine
DiagnosticSign_9f80d3cdec,Pattern_cc2f36b66d,signIndicates,1,目暗者，肾将枯,代表医家 / 俞根初 / 学术观点及诊治经验 / 重观目、擅腹诊，分六经舌苔,p00535,true,builtin-haiku,single_engine
DiagnosticSign_2baa8b818e,Pattern_c6f3c5c234,signIndicates,1,目睛不轮，舌强不语者，元神将脱,代表医家 / 俞根初 / 学术观点及诊治经验 / 重观目、擅腹诊，分六经舌苔,p00535,true,builtin-haiku,single_engine
DiagnosticSign_7089a01b51,Pattern_4218daa729,signIndicates,1,凡目睛正圆，及目斜视上视，目瞪目陷，皆为神气已去，病必不治,代表医家 / 俞根初 / 学术观点及诊治经验 / 重观目、擅腹诊，分六经舌苔,p00535,true,builtin-haiku,single_engine
DiagnosticSign_2baa8b818e,Pattern_3faa421ff2,signExcludes,1,有些病人也有直视斜视上视，目睛微定，后移时即如常人，属痰闭所致，不可竟作不治论,代表医家 / 俞根初 / 学术观点及诊治经验 / 重观目、擅腹诊，分六经舌苔,p00535,true,builtin-haiku,single_engine
DiagnosticSign_3af1bbf308,Pattern_d8b5166414,signIndicates,1,目白发赤者血热,代表医家 / 俞根初 / 学术观点及诊治经验 / 重观目、擅腹诊，分六经舌苔,p00536,true,builtin-haiku,single_engine
DiagnosticSign_5b8818ce8f,Pattern_aa54aae14b,signIndicates,1,目白发黄者湿热,代表医家 / 俞根初 / 学术观点及诊治经验 / 重观目、擅腹诊，分六经舌苔,p00536,true,builtin-haiku,single_engine
DiagnosticSign_af46caaf68,Pattern_958dab5f8d,signIndicates,1,目眵多结者，肝火上盛,代表医家 / 俞根初 / 学术观点及诊治经验 / 重观目、擅腹诊，分六经舌苔,p00536,true,builtin-haiku,single_engine
DiagnosticSign_78e8738800,Pattern_16e53063df,signIndicates,1,目光炯炯者燥病,代表医家 / 俞根初 / 学术观点及诊治经验 / 重观目、擅腹诊，分六经舌苔,p00536,true,builtin-haiku,single_engine
DiagnosticSign_0e5a881907,Pattern_fccfe63775,signIndicates,1,燥甚则目无泪而干涩,代表医家 / 俞根初 / 学术观点及诊治经验 / 重观目、擅腹诊，分六经舌苔,p00536,true,builtin-haiku,single_engine
DiagnosticSign_686373efda,Pattern_0b1cabdc6a,signIndicates,1,目多昏蒙者湿病,代表医家 / 俞根初 / 学术观点及诊治经验 / 重观目、擅腹诊，分六经舌苔,p00536,true,builtin-haiku,single_engine
DiagnosticSign_f98dfd3558,Pattern_ac1cd56420,signIndicates,1,湿甚则目珠黄而眦烂,代表医家 / 俞根初 / 学术观点及诊治经验 / 重观目、擅腹诊，分六经舌苔,p00536,true,builtin-haiku,single_engine
DiagnosticSign_eafc42ba2c,Pattern_581b70c5f9,signIndicates,1,眼胞肿如卧蚕者水气,代表医家 / 俞根初 / 学术观点及诊治经验 / 重观目、擅腹诊，分六经舌苔,p00536,true,builtin-haiku,single_engine
DiagnosticSign_e4392d0503,Pattern_3a05f7bfe7,signIndicates,1,眼胞上下黑色者痰气,代表医家 / 俞根初 / 学术观点及诊治经验 / 重观目、擅腹诊，分六经舌苔,p00536,true,builtin-haiku,single_engine
DiagnosticSign_ce5330d119,Pattern_0f998dedbf,signIndicates,1,怒目而视者肝气盛,代表医家 / 俞根初 / 学术观点及诊治经验 / 重观目、擅腹诊，分六经舌苔,p00536,true,builtin-haiku,single_engine
DiagnosticSign_5cc0834fb0,Pattern_f926d0cffa,signIndicates,1,横目斜视者肝风动,代表医家 / 俞根初 / 学术观点及诊治经验 / 重观目、擅腹诊，分六经舌苔,p00536,true,builtin-haiku,single_engine
DiagnosticSign_d75ec55776,Pattern_637eef4929,signIndicates,1,若欲知其脏腑何如，则莫如按胸腹,代表医家 / 俞根初 / 学术观点及诊治经验 / 重观目、擅腹诊，分六经舌苔,p00539,true,builtin-haiku,single_engine
DiagnosticSign_edfe316154,Pattern_a388badf98,signIndicates,1,知皮肤之润燥，可以辨寒热,代表医家 / 俞根初 / 学术观点及诊治经验 / 重观目、擅腹诊，分六经舌苔,p00540,true,builtin-haiku,single_engine
DiagnosticSign_2a2e86365e,Pattern_fe7e5f0b7e,signIndicates,1,以定其病之寒热虚实,代表医家 / 俞根初 / 学术观点及诊治经验 / 重观目、擅腹诊，分六经舌苔,p00540,true,builtin-haiku,single_engine
DiagnosticSign_afbdc94644,Pattern_de59628bc0,signIndicates,1,察其硬否，以辨脏腑之虚实,代表医家 / 俞根初 / 学术观点及诊治经验 / 重观目、擅腹诊，分六经舌苔,p00540,true,builtin-haiku,single_engine
DiagnosticSign_d3d3fb99be,Pattern_c4b2ee81b7,signIndicates,1,以察邪气之有无,代表医家 / 俞根初 / 学术观点及诊治经验 / 重观目、擅腹诊，分六经舌苔,p00540,true,builtin-haiku,single_engine
DiagnosticSign_b23b12491f,Pattern_7276b78e27,signIndicates,1,按之应手，动而不紧，缓而不急者，宗气积于腹中，是为常,代表医家 / 俞根初 / 学术观点及诊治经验 / 重观目、擅腹诊，分六经舌苔,p00541,true,builtin-haiku,single_engine
DiagnosticSign_1d76717135,Pattern_f5cddb3f13,signIndicates,1,按之微动而不应者，宗气内虚,代表医家 / 俞根初 / 学术观点及诊治经验 / 重观目、擅腹诊，分六经舌苔,p00541,true,builtin-haiku,single_engine
DiagnosticSign_15051734fd,Pattern_95c6a5dab6,signIndicates,1,按之跃动而应衣者，宗气外泄,代表医家 / 俞根初 / 学术观点及诊治经验 / 重观目、擅腹诊，分六经舌苔,p00541,true,builtin-haiku,single_engine
DiagnosticSign_bcd0e4b457,Pattern_4bc064b8f7,signIndicates,1,按之弹手，洪大而搏，或绝而不应者，皆心胃气绝，病不治,代表医家 / 俞根初 / 学术观点及诊治经验 / 重观目、擅腹诊，分六经舌苔,p00541,true,builtin-haiku,single_engine
DiagnosticSign_5f50ead276,Pattern_04aa10fbf7,signIndicates,1,虚里无动脉者必死,代表医家 / 俞根初 / 学术观点及诊治经验 / 重观目、擅腹诊，分六经舌苔,p00541,true,builtin-haiku,single_engine
DiagnosticSign_b23b12491f,Pattern_d78ef71ea1,signIndicates,1,虚里搏动而高者，亦为恶侯,代表医家 / 俞根初 / 学术观点及诊治经验 / 重观目、擅腹诊，分六经舌苔,p00541,true,builtin-haiku,single_engine
DiagnosticSign_b034200d15,Pattern_72189a3c2a,signIndicates,1,浅按便得，深按不得者，气虚之侯,代表医家 / 俞根初 / 学术观点及诊治经验 / 重观目、擅腹诊，分六经舌苔,p00541,true,builtin-haiku,single_engine
DiagnosticSign_0688a74c5e,Pattern_d9f02d0c15,signIndicates,1,轻按洪大，重按虚细者，血虚之侯,代表医家 / 俞根初 / 学术观点及诊治经验 / 重观目、擅腹诊，分六经舌苔,p00541,true,builtin-haiku,single_engine
DiagnosticSign_41f013c722,Pattern_7148867f41,signIndicates,1,按之有形，或三四至一止，或五六至一止，积聚之侯,代表医家 / 俞根初 / 学术观点及诊治经验 / 重观目、擅腹诊，分六经舌苔,p00541,true,builtin-haiku,single_engine
DiagnosticSign_b23b12491f,Pattern_d78ef71ea1,signExcludes,1,但猝惊、疾走、大怒后，或强力而动肢体者，虚里脉动虽高，移时即如平人，不忌，不得误作恶侯,代表医家 / 俞根初 / 学术观点及诊治经验 / 重观目、擅腹诊，分六经舌苔,p00541,true,builtin-haiku,single_engine
DiagnosticSign_6c4d222ff5,Pattern_d83406ef09,signIndicates,1,按之胸痞者，湿阻气机或肝气上逆,代表医家 / 俞根初 / 学术观点及诊治经验 / 重观目、擅腹诊，分六经舌苔,p00542,true,builtin-haiku,single_engine
DiagnosticSign_e335b66d85,Pattern_03a17ee824,signIndicates,1,按之胸痛者，水结气分或肺气上壅,代表医家 / 俞根初 / 学术观点及诊治经验 / 重观目、擅腹诊，分六经舌苔,p00542,true,builtin-haiku,single_engine
DiagnosticSign_fd38e6876f,Pattern_f61ab6a589,signIndicates,1,胸前高起，按之气喘者，则为肺胀,代表医家 / 俞根初 / 学术观点及诊治经验 / 重观目、擅腹诊，分六经舌苔,p00542,true,builtin-haiku,single_engine
DiagnosticSign_b470bc0e55,Pattern_c378bf7cbb,signIndicates,1,两胁满实而有力者肝平,代表医家 / 俞根初 / 学术观点及诊治经验 / 重观目、擅腹诊，分六经舌苔,p00542,true,builtin-haiku,single_engine
DiagnosticSign_7063ebb3a8,Pattern_5475528d74,signIndicates,1,按其胁肋胀痛者，非痰热与气互结，即蓄饮与气相搏,代表医家 / 俞根初 / 学术观点及诊治经验 / 重观目、擅腹诊，分六经舌苔,p00542,true,builtin-haiku,single_engine
DiagnosticSign_97e3d4c630,Pattern_9a4c80ed6f,signIndicates,1,两胁下痛引小腹者肝郁,代表医家 / 俞根初 / 学术观点及诊治经验 / 重观目、擅腹诊，分六经舌苔,p00542,true,builtin-haiku,single_engine
DiagnosticSign_aad1829f97,Pattern_3ed82f6f1c,signIndicates,1,男子积在左胁下者属疝气,代表医家 / 俞根初 / 学术观点及诊治经验 / 重观目、擅腹诊，分六经舌苔,p00542,true,builtin-haiku,single_engine
DiagnosticSign_548ce19ac9,Pattern_75e82d296f,signIndicates,1,女子块在右胁下者属淤血,代表医家 / 俞根初 / 学术观点及诊治经验 / 重观目、擅腹诊，分六经舌苔,p00542,true,builtin-haiku,single_engine
DiagnosticSign_e2260ada33,Pattern_03ed6db4c6,signIndicates,1,两胁胀痛，手不可按者，为肝痛,代表医家 / 俞根初 / 学术观点及诊治经验 / 重观目、擅腹诊，分六经舌苔,p00542,true,builtin-haiku,single_engine
DiagnosticSign_df491e7f82,Pattern_eda3693270,signIndicates,1,两胁空虚，按之无力者为肝虚,代表医家 / 俞根初 / 学术观点及诊治经验 / 重观目、擅腹诊，分六经舌苔,p00542,true,builtin-haiku,single_engine
DiagnosticSign_ff1a92f10b,Pattern_3991d22e28,signIndicates,1,按其膈中气塞者，非胆火横窜包络，即伏邪盘踞膜原,代表医家 / 俞根初 / 学术观点及诊治经验 / 重观目、擅腹诊，分六经舌苔,p00542,true,builtin-haiku,single_engine
DiagnosticSign_85c885ceb4,Pattern_be03a2448a,signIndicates,1,平而无涩滞者，胃中平和而无宿滞也,代表医家 / 俞根初 / 学术观点及诊治经验 / 重观目、擅腹诊，分六经舌苔,p00542,true,builtin-haiku,single_engine
DiagnosticSign_054e566f04,Pattern_29383fe74d,signIndicates,1,以手按之痞硬者，为胃家实,代表医家 / 俞根初 / 学术观点及诊治经验 / 重观目、擅腹诊，分六经舌苔,p00542,true,builtin-haiku,single_engine
DiagnosticSign_8bd6190777,Pattern_a5942ae035,signIndicates,1,按冲任脉动而热，热能灼手者，症虽寒战咬牙，肢厥不利，是为真热而假寒,代表医家 / 俞根初 / 学术观点及诊治经验 / 重观目、擅腹诊，分六经舌苔,p00543,true,builtin-haiku,single_engine
DiagnosticSign_a15df8f86d,Pattern_3708dbf60c,signIndicates,1,若按腹两旁虽热，于冲任脉久按之，无热而冷，症虽面红口渴，脉数舌赤，是为真寒而假热,代表医家 / 俞根初 / 学术观点及诊治经验 / 重观目、擅腹诊，分六经舌苔,p00543,true,builtin-haiku,single_engine
DiagnosticSign_8bd6190777,Pattern_59f304d314,signIndicates,1,经治疗积热渐下，冲任脉动渐微,代表医家 / 俞根初 / 学术观点及诊治经验 / 重观目、擅腹诊，分六经舌苔,p00543,true,builtin-haiku,single_engine
DiagnosticSign_842b5d1d66,Pattern_289351b4df,signIndicates,1,水积胸者，按之疼痛，推之漉漉,代表医家 / 俞根初 / 学术观点及诊治经验 / 重观目、擅腹诊，分六经舌苔,p00544,true,builtin-haiku,single_engine
DiagnosticSign_c0306bdc45,Pattern_35c66888e1,signIndicates,1,食结胸者，按之满痛，摩之嗳腐,代表医家 / 俞根初 / 学术观点及诊治经验 / 重观目、擅腹诊，分六经舌苔,p00544,true,builtin-haiku,single_engine
DiagnosticSign_7ba0b64fbc,Pattern_6cc3ccee05,signIndicates,1,血结胸者，痛不可按，时或昏厥,代表医家 / 俞根初 / 学术观点及诊治经验 / 重观目、擅腹诊，分六经舌苔,p00544,true,builtin-haiku,single_engine
DiagnosticSign_9f5ad18640,Pattern_33fbc63b81,signIndicates,1,痛在心下脐上，硬痛拒按，按之则痛益甚者为食积,代表医家 / 俞根初 / 学术观点及诊治经验 / 重观目、擅腹诊，分六经舌苔,p00544,true,builtin-haiku,single_engine
DiagnosticSign_4f72304508,Pattern_3b5f26aa67,signIndicates,1,痛在脐旁小腹，按之则有块应手者为血瘀,代表医家 / 俞根初 / 学术观点及诊治经验 / 重观目、擅腹诊，分六经舌苔,p00544,true,builtin-haiku,single_engine
DiagnosticSign_8281cf06df,Pattern_581b70c5f9,signIndicates,1,腹痛牵引两胁，按之则软，吐水则痛减者为水气,代表医家 / 俞根初 / 学术观点及诊治经验 / 重观目、擅腹诊，分六经舌苔,p00544,true,builtin-haiku,single_engine
DiagnosticSign_018e67f760,Pattern_cfe16ab418,signIndicates,1,虫积则有三个特点：腹有凝结如筋而硬者，无定处；有物如蚯蚓蠢动，隐然应手；高低凹凸如畎亩状，熟按之，起伏聚散，上下往来，浮沉出没,代表医家 / 俞根初 / 学术观点及诊治经验 / 重观目、擅腹诊，分六经舌苔,p00544,true,builtin-haiku,single_engine
DiagnosticSign_cde4e41464,Pattern_7efff7da4e,signIndicates,1,绕脐痛，按之磊磊者，乃燥屎结于肠中,代表医家 / 俞根初 / 学术观点及诊治经验 / 重观目、擅腹诊，分六经舌苔,p00544,true,builtin-haiku,single_engine
DiagnosticSign_764fbe7f56,Pattern_59264d378c,signIndicates,1,舌苔正黄，多主里实,代表医家 / 俞根初 / 学术观点及诊治经验 / 重观目、擅腹诊，分六经舌苔,p00546,true,builtin-haiku,single_engine
DiagnosticSign_c336c4f53b,Pattern_e0bdeb1395,signIndicates,1,膀胱蓄溺，苔多纯白而浓，却不干糙,代表医家 / 俞根初 / 学术观点及诊治经验 / 重观目、擅腹诊，分六经舌苔,p00546,true,builtin-haiku,single_engine
DiagnosticSign_ed10cf7687,Pattern_ad4a115569,signIndicates,1,若白苔多而滑，黄灰苔少者，半表证多,代表医家 / 俞根初 / 学术观点及诊治经验 / 重观目、擅腹诊，分六经舌苔,p00546,true,builtin-haiku,single_engine
DiagnosticSign_6c414eab82,Pattern_44ed04db90,signIndicates,1,红舌多而白苔少，或杂黄色灰色者，半里证多,代表医家 / 俞根初 / 学术观点及诊治经验 / 重观目、擅腹诊，分六经舌苔,p00546,true,builtin-haiku,single_engine
DiagnosticSign_ebd79e3d6e,Pattern_e4d7b5f402,signIndicates,1,黄白相兼，邪犹在经,代表医家 / 俞根初 / 学术观点及诊治经验 / 重观目、擅腹诊，分六经舌苔,p00546,true,builtin-haiku,single_engine
DiagnosticSign_e4d7774fcd,Pattern_90b8bf190c,signIndicates,1,微黄而薄，邪浅中虚,代表医家 / 俞根初 / 学术观点及诊治经验 / 重观目、擅腹诊，分六经舌苔,p00546,true,builtin-haiku,single_engine
DiagnosticSign_0de0600fdf,Pattern_fdbaa74480,signIndicates,1,黄而糙涩，邪已入腑,代表医家 / 俞根初 / 学术观点及诊治经验 / 重观目、擅腹诊，分六经舌苔,p00546,true,builtin-haiku,single_engine
DiagnosticSign_345ea2a9d0,Pattern_c0258b36ad,signIndicates,1,灰而滑腻，湿重兼寒,代表医家 / 俞根初 / 学术观点及诊治经验 / 重观目、擅腹诊，分六经舌苔,p00546,true,builtin-haiku,single_engine
DiagnosticSign_1696e2c976,Pattern_a6efec604e,signIndicates,1,灰而淡白，脾阳大虚,代表医家 / 俞根初 / 学术观点及诊治经验 / 重观目、擅腹诊，分六经舌苔,p00546,true,builtin-haiku,single_engine
DiagnosticSign_10fa0b0789,Pattern_a7ddcf4f04,signIndicates,1,少阳病见白苔粗如积粉，两边色红或紫者，温疫伏于膜原也,代表医家 / 俞根初 / 学术观点及诊治经验 / 重观目、擅腹诊，分六经舌苔,p00546,true,builtin-haiku,single_engine
DiagnosticSign_9afad0866c,Pattern_b8e835881e,signIndicates,1,苔白如咸者，膜原伏有浊秽也,代表医家 / 俞根初 / 学术观点及诊治经验 / 重观目、擅腹诊，分六经舌苔,p00546,true,builtin-haiku,single_engine
DiagnosticSign_028ba73c6c,Pattern_e12583aa61,signIndicates,1,黄而垢腻，湿热食滞,代表医家 / 俞根初 / 学术观点及诊治经验 / 重观目、擅腹诊，分六经舌苔,p00546,true,builtin-haiku,single_engine
DiagnosticSign_2c2858fe4d,Pattern_df03295e51,signIndicates,1,黄起黑点，温毒夹秽,代表医家 / 俞根初 / 学术观点及诊治经验 / 重观目、擅腹诊，分六经舌苔,p00546,true,builtin-haiku,single_engine
DiagnosticSign_11cab162dd,Pattern_39e482fd9c,signIndicates,1,黄厚不燥，舌色青紫，多夹冷酒，或挟冷食,代表医家 / 俞根初 / 学术观点及诊治经验 / 重观目、擅腹诊，分六经舌苔,p00546,true,builtin-haiku,single_engine
DiagnosticSign_b3e70151f2,Pattern_09ae3d4b33,signIndicates,1,黄而晦黯，多夹痰饮，或挟寒瘀,代表医家 / 俞根初 / 学术观点及诊治经验 / 重观目、擅腹诊，分六经舌苔,p00546,true,builtin-haiku,single_engine
DiagnosticSign_efe0517c6a,Pattern_a0205d2537,signIndicates,1,太阴病见舌苔或灰或黑，或灰黑相兼，病多危笃,代表医家 / 俞根初 / 学术观点及诊治经验 / 重观目、擅腹诊，分六经舌苔,p00546,true,builtin-haiku,single_engine
DiagnosticSign_8b84d6b335,Pattern_927eeec903,signIndicates,1,厥阴病舌见青紫，其病必凶,代表医家 / 俞根初 / 学术观点及诊治经验 / 重观目、擅腹诊，分六经舌苔,p00546,true,builtin-haiku,single_engine
DiagnosticSign_a93da019d0,Pattern_789d0880a7,signIndicates,1,深紫而赤，肝热络瘀，或阳热酒毒,代表医家 / 俞根初 / 学术观点及诊治经验 / 重观目、擅腹诊，分六经舌苔,p00546,true,builtin-haiku,single_engine
DiagnosticSign_c1553654cc,Pattern_2020da2db7,signIndicates,1,淡紫带青，寒中肝肾，或酒后伤冷,代表医家 / 俞根初 / 学术观点及诊治经验 / 重观目、擅腹诊，分六经舌苔,p00546,true,builtin-haiku,single_engine
DiagnosticSign_4c09138114,Pattern_f7c1348094,signIndicates,1,孕妇见里热壅闭，大便不通，脉洪数者，俞氏主张治以三黄解毒汤,代表医家 / 俞根初 / 学术观点及诊治经验 / 先开郁、善透达，为邪留出路,p00560,true,builtin-haiku,single_engine
DiagnosticSign_b91607d3fc,Pattern_a45a98963c,signIndicates,1,妊娠而见热郁阳明，热极而发紫黑斑，脉洪数者，若不急治，胎陨在即，主以青黛石膏汤,代表医家 / 俞根初 / 学术观点及诊治经验 / 先开郁、善透达，为邪留出路,p00560,true,builtin-haiku,single_engine
DiagnosticSign_cf01aea22e,Pattern_b816a5d14e,signIndicates,1,治产后伤寒身热，恶露为热搏不下，烦闷胀喘狂言者，抵挡汤及桃仁承气汤主之,代表医家 / 俞根初 / 学术观点及诊治经验 / 先开郁、善透达，为邪留出路,p00560,true,builtin-haiku,single_engine
DiagnosticSign_1293034cff,Pattern_b14c388601,signIndicates,1,伤寒小产，恶露下行，腹胀烦闷欲死，大黄桃仁汤主之,代表医家 / 俞根初 / 学术观点及诊治经验 / 先开郁、善透达，为邪留出路,p00560,false,builtin-haiku,single_engine
DiagnosticSign_f4a25020c8,Pattern_535acbc4e1,signIndicates,1,阳明本证，在上脘病尚浅，咽干口苦，气上冲喉，胸满而喘，心中懊憹,代表医家 / 俞根初 / 学术观点及诊治经验 / 治伤寒独重阳明,p00567,true,builtin-haiku,single_engine
DiagnosticSign_7a90f006b7,Pattern_6a35345333,signIndicates,1,在中脘病已重，大烦大渴，胃实满，手足汗，发潮热，不大便，小便不利,代表医家 / 俞根初 / 学术观点及诊治经验 / 治伤寒独重阳明,p00567,true,builtin-haiku,single_engine
DiagnosticSign_cf4d29c5df,Pattern_e6b5fb8bdc,signIndicates,1,胃热冲肺，则咳逆痰多,代表医家 / 俞根初 / 学术观点及诊治经验 / 治伤寒独重阳明,p00567,true,builtin-haiku,single_engine
DiagnosticSign_3ebacc2782,Pattern_6a16bdb9f4,signIndicates,1,冲心包络，则神昏发厥,代表医家 / 俞根初 / 学术观点及诊治经验 / 治伤寒独重阳明,p00567,true,builtin-haiku,single_engine
DiagnosticSign_41b6fd1d37,Pattern_b094044df9,signIndicates,1,冲心则神昏谵语，或但笑而不语,代表医家 / 俞根初 / 学术观点及诊治经验 / 治伤寒独重阳明,p00567,true,builtin-haiku,single_engine
DiagnosticSign_2cf6656d54,Pattern_23fc23c216,signIndicates,1,下烁肝肾，则风动发痉,代表医家 / 俞根初 / 学术观点及诊治经验 / 治伤寒独重阳明,p00567,true,builtin-haiku,single_engine
DiagnosticSign_6b8d30ae29,Pattern_38c091082d,signIndicates,1,热重而湿轻者，往往内郁成斑,代表医家 / 俞根初 / 学术观点及诊治经验 / 治伤寒独重阳明,p00567,true,builtin-haiku,single_engine
DiagnosticSign_6b89ea04a5,Pattern_fae7fea1aa,signIndicates,1,以头、项、背、腰之变化察表,代表医家 / 俞根初 / 学术观点及诊治经验 / 传变要诀是“三化”,p00586,true,builtin-haiku,single_engine
DiagnosticSign_f8d0aecf40,Pattern_efd68b6938,signIndicates,1,以面目、九窍之变化察里,代表医家 / 俞根初 / 学术观点及诊治经验 / 传变要诀是“三化”,p00586,true,builtin-haiku,single_engine
DiagnosticSign_a14fe62611,Pattern_861e163417,signIndicates,1,以血脉、睛、舌之变化察其病势之安危，断其病机之吉凶,代表医家 / 俞根初 / 学术观点及诊治经验 / 传变要诀是“三化”,p00586,true,builtin-haiku,single_engine
DiagnosticSign_2ed7912870,Pattern_270b4300d5,signIndicates,1,此厥阴火亢合阳明热结而成下证，仲景所谓脉滑而厥，厥深热亦深也,代表医家 / 俞根初 / 学术观点及诊治经验 / 传变要诀是“三化”,p00599,true,builtin-haiku,single_engine
DiagnosticSign_34ea8eb345,Pattern_008d7b75f4,signIndicates,1,此由厥阴郁火，深伏于肝脏血络之中，而不发露于大经大络，直透胃肠而外发也。往往气闭闷毙,代表医家 / 俞根初 / 学术观点及诊治经验 / 传变要诀是“三化”,p00599,true,builtin-haiku,single_engine
DiagnosticSign_ef2ff9dd45,Pattern_a0afa23388,signIndicates,1,阳明病应下失下，邪盛正虚之坏病。若见发黄，为瘀热在里,代表医家 / 俞根初 / 学术观点及诊治经验 / 传变要诀是“三化”,p00600,true,builtin-haiku,single_engine
DiagnosticSign_99962ce3dd,Pattern_c7395cd813,signIndicates,1,热退舌净无苔，始可渐进粥汤,代表医家 / 俞根初 / 学术观点及诊治经验 / 病后调理有专法,p00639,true,builtin-haiku,single_engine
DiagnosticSign_53f21e34ca,Pattern_f001c2a887,signIndicates,1,视舌苔渐净，即渐进谷气以扶正胜邪,代表医家 / 俞根初 / 学术观点及诊治经验 / 病后调理有专法,p00640,true,builtin-haiku,single_engine
DiagnosticSign_e2455b943b,Pattern_7980bf9617,signIndicates,1,面要常擦，能使容颜光泽，血气流通,代表医家 / 俞根初 / 学术观点及诊治经验 / 病后调理有专法,p00653,true,builtin-haiku,single_engine
DiagnosticSign_05c7a1bbf5,Pattern_d842858c9f,signIndicates,1,每静时宜常闭目，能清心安神，或用两指背两相摩擦，能袪火,代表医家 / 俞根初 / 学术观点及诊治经验 / 病后调理有专法,p00653,true,builtin-haiku,single_engine
DiagnosticSign_13d504523e,Pattern_b06f4373bb,signIndicates,1,病多晕厥，名曰暑厥,代表医家 / 俞根初 / 原文选释 / 六淫病用药法,p00696,true,builtin-haiku,single_engine
DiagnosticSign_8430ebcfa5,Pattern_717bbfaa9d,signIndicates,1,亦多咳血，名曰暑瘵,代表医家 / 俞根初 / 原文选释 / 六淫病用药法,p00696,true,builtin-haiku,single_engine
DiagnosticSign_2a2d54d8eb,Pattern_b06f4373bb,signIndicates,1,其人面垢肢冷，神识昏厥,代表医家 / 俞根初 / 原文选释 / 六淫病用药法,p00696,true,builtin-haiku,single_engine
DiagnosticSign_d239dd2f01,Pattern_6a70bf6ab6,signIndicates,1,辄致闷乱烦躁，呕恶肢冷，甚则耳聋神昏,代表医家 / 俞根初 / 原文选释 / 六淫病用药法,p00696,true,builtin-haiku,single_engine
DiagnosticSign_45017a9aae,Pattern_78db7b80a3,signIndicates,1,身痛肢软者，佐络石、秦艽、桑枝,代表医家 / 俞根初 / 原文选释 / 六淫病用药法,p00696,true,builtin-haiku,single_engine
DiagnosticSign_01af11fa3c,Pattern_9a033af142,signIndicates,1,识蒙窍阻，神昏苔腻者,代表医家 / 俞根初 / 原文选释 / 六淫病用药法,p00696,true,builtin-haiku,single_engine
DiagnosticSign_f562db2a81,Pattern_8b0c05cd4f,signIndicates,1,若干霍乱证，其人吐泻不得，腹痛昏闷,代表医家 / 俞根初 / 原文选释 / 六淫病用药法,p00696,true,builtin-haiku,single_engine
DiagnosticSign_6d00db1aed,Pattern_f2706872ac,signIndicates,1,阴证必目瞑嗜卧,代表医家 / 俞根初 / 原文选释 / 六经总诀,p00719,true,builtin-haiku,single_engine
DiagnosticSign_6861be75ed,Pattern_f2706872ac,signIndicates,1,阴证必目瞑嗜卧,代表医家 / 俞根初 / 原文选释 / 六经总诀,p00719,true,builtin-haiku,single_engine
DiagnosticSign_aab13dbb96,Pattern_f2706872ac,signIndicates,1,阴证必声低息短,代表医家 / 俞根初 / 原文选释 / 六经总诀,p00719,false,builtin-haiku,single_engine
DiagnosticSign_cc1fa096af,Pattern_f2706872ac,signIndicates,1,阴证必少气懒言,代表医家 / 俞根初 / 原文选释 / 六经总诀,p00719,false,builtin-haiku,single_engine
DiagnosticSign_c4fc626e1f,Pattern_f2706872ac,signIndicates,1,阴证必身重恶寒,代表医家 / 俞根初 / 原文选释 / 六经总诀,p00719,false,builtin-haiku,single_engine
DiagnosticSign_7910cfd399,Pattern_280a57355f,signIndicates,1,阳证必张目不眠,代表医家 / 俞根初 / 原文选释 / 六经总诀,p00719,true,builtin-haiku,single_engine
DiagnosticSign_650a294e4a,Pattern_280a57355f,signIndicates,1,阳证必声音响亮,代表医家 / 俞根初 / 原文选释 / 六经总诀,p00719,false,builtin-haiku,single_engine
DiagnosticSign_cde14637cc,Pattern_280a57355f,signIndicates,1,阳证必口臭气粗,代表医家 / 俞根初 / 原文选释 / 六经总诀,p00719,false,builtin-haiku,single_engine
DiagnosticSign_0000182bb8,Pattern_280a57355f,signIndicates,1,阳证必身轻恶热,代表医家 / 俞根初 / 原文选释 / 六经总诀,p00719,false,builtin-haiku,single_engine
DiagnosticSign_0e6a8d96b9,Pattern_0d43806e92,signIndicates,1,虚证必脉细,代表医家 / 俞根初 / 原文选释 / 六经总诀,p00719,true,builtin-haiku,single_engine
DiagnosticSign_6dedcdcaa8,Pattern_0d43806e92,signIndicates,1,虚证必皮寒,代表医家 / 俞根初 / 原文选释 / 六经总诀,p00719,false,builtin-haiku,single_engine
DiagnosticSign_afcfa0b91d,Pattern_0d43806e92,signIndicates,1,虚证必气少,代表医家 / 俞根初 / 原文选释 / 六经总诀,p00719,false,builtin-haiku,single_engine
DiagnosticSign_349909fb33,Pattern_0d43806e92,signIndicates,1,虚证必泄利前后,代表医家 / 俞根初 / 原文选释 / 六经总诀,p00719,false,builtin-haiku,single_engine
DiagnosticSign_ebc1ff760d,Pattern_0d43806e92,signIndicates,1,虚证必饮食不入,代表医家 / 俞根初 / 原文选释 / 六经总诀,p00719,false,builtin-haiku,single_engine
DiagnosticSign_672041af5d,Pattern_d9dda49ff0,signIndicates,1,实证必脉盛,代表医家 / 俞根初 / 原文选释 / 六经总诀,p00719,true,builtin-haiku,single_engine
DiagnosticSign_12f358030b,Pattern_d9dda49ff0,signIndicates,1,实证必皮热,代表医家 / 俞根初 / 原文选释 / 六经总诀,p00719,false,builtin-haiku,single_engine
DiagnosticSign_fdc8b9fd2c,Pattern_d9dda49ff0,signIndicates,1,实证必腹胀闷瀀,代表医家 / 俞根初 / 原文选释 / 六经总诀,p00719,false,builtin-haiku,single_engine
DiagnosticSign_9d3848cb54,Pattern_d9dda49ff0,signIndicates,1,实证必前后不通,代表医家 / 俞根初 / 原文选释 / 六经总诀,p00719,false,builtin-haiku,single_engine
DiagnosticSign_909e7f9d1c,Pattern_e137a1bca4,signIndicates,1,肺伏痰火，则胸膈痞满而痛,代表医家 / 俞根初 / 方剂选录 / 陷胸承气汤,p00761,true,builtin-haiku,single_engine
DiagnosticSign_ffc048521f,Pattern_e137a1bca4,signIndicates,1,肺伏痰火，则胸膈痞满而痛，甚则神昏谵语,代表医家 / 俞根初 / 方剂选录 / 陷胸承气汤,p00761,true,builtin-haiku,single_engine
DiagnosticSign_852fcf56c3,Pattern_c311eb6c59,signIndicates,1,肺气失降，则大肠之气亦痹，肠痹则腹满便闭,代表医家 / 俞根初 / 方剂选录 / 陷胸承气汤,p00761,true,builtin-haiku,single_engine
DiagnosticSign_909e7f9d1c,Pattern_2088faf3b5,signIndicates,1,陡然吐泻腹痛，胸膈痞满。故君以藿、朴、橘、术温理中焦,代表医家 / 俞根初 / 方剂选录 / 神术汤,p00776,true,builtin-haiku,single_engine
DiagnosticSign_244eb53090,Pattern_3193d74670,signIndicates,1,凡肝风上翔，症必头晕胀痛，耳鸣心悸，手足躁扰,代表医家 / 俞根初 / 方剂选录 / 羚角钩藤汤,p00792,true,builtin-haiku,single_engine
DiagnosticSign_37b751f876,Pattern_bdd987b6e8,signIndicates,1,甚则瘛疭，狂乱痉厥,代表医家 / 俞根初 / 方剂选录 / 羚角钩藤汤,p00792,true,builtin-haiku,single_engine
DiagnosticSign_852fcf56c3,Pattern_d546a8490d,signIndicates,1,若便闭者，必须犀、连、承气，急泻肝火以息风,代表医家 / 俞根初 / 方剂选录 / 羚角钩藤汤,p00792,true,builtin-haiku,single_engine
DiagnosticSign_6999fb1272,Pattern_8b80586aaf,signIndicates,1,手足瘛疭，类似风动，故名曰内虚暗风，通称肝风,代表医家 / 俞根初 / 方剂选录 / 阿胶鸡子黄汤,p00806,true,builtin-haiku,single_engine
DiagnosticSign_8eb0264cdf,Pattern_a6a0eb9e51,signIndicates,1,实因血不养筋，筋脉拘挛，伸缩不能自如,代表医家 / 俞根初 / 方剂选录 / 阿胶鸡子黄汤,p00806,true,builtin-haiku,single_engine
DiagnosticSign_b015bd0a1d,Pattern_290a812988,signIndicates,1,心血虚者，肝阳必亢,代表医家 / 俞根初 / 方剂选录 / 阿胶鸡子黄汤,p00806,true,builtin-haiku,single_engine
DiagnosticSign_dc35a224b7,Pattern_0897a78a55,signIndicates,1,形瘦色苍，中气足而脉多弦，目有精彩，饮食不多，却能任劳，此阳旺阴虚之质也,代表医家 / 章虚谷 / 学术观点及诊治经验 / 正气为本，邪正虚实乃辨病首务,p00849,true,builtin-haiku,single_engine
DiagnosticSign_e248a36764,Pattern_886ab49801,signIndicates,1,若更兼体丰肌厚，脉盛皮粗，食啖倍多，此阴阳俱盛之质,代表医家 / 章虚谷 / 学术观点及诊治经验 / 正气为本，邪正虚实乃辨病首务,p00849,true,builtin-haiku,single_engine
DiagnosticSign_6323b776fb,Pattern_d891dde7cd,signIndicates,1,如体丰色白，皮嫩肌松，脉大而软，食啖虽多，每生痰涎，此阴盛阳虚之质,代表医家 / 章虚谷 / 学术观点及诊治经验 / 正气为本，邪正虚实乃辨病首务,p00849,true,builtin-haiku,single_engine
DiagnosticSign_1aa9650a6d,Pattern_301f219d24,signIndicates,1,若更兼形瘦脉弱，食饮不多，此阴阳两弱之质,代表医家 / 章虚谷 / 学术观点及诊治经验 / 正气为本，邪正虚实乃辨病首务,p00849,true,builtin-haiku,single_engine
DiagnosticSign_94f09512e5,Pattern_90132d875d,signIndicates,1,倘目有精彩，耳轮肉厚端正，其先天尚强，神清智朗者，反为大贵,代表医家 / 章虚谷 / 学术观点及诊治经验 / 正气为本，邪正虚实乃辨病首务,p00849,true,builtin-haiku,single_engine
DiagnosticSign_68eaf2e864,Pattern_cbdc351f0d,signExcludes,1,若目无彩，神气昏庸，必多贫夭,代表医家 / 章虚谷 / 学术观点及诊治经验 / 正气为本，邪正虚实乃辨病首务,p00849,true,builtin-haiku,single_engine
DiagnosticSign_dc35a224b7,Pattern_52c8da298c,signIndicates,1,此阳旺阴虚之质也。每病多火，须用滋阴清火,代表医家 / 章虚谷 / 学术观点及诊治经验 / 正气为本，邪正虚实乃辨病首务,p00849,true,builtin-haiku,single_engine
DiagnosticSign_e248a36764,Pattern_ff6971376c,signIndicates,1,此阴阳俱盛之质。平时少病，每病多重，以邪蓄深久故也,代表医家 / 章虚谷 / 学术观点及诊治经验 / 正气为本，邪正虚实乃辨病首务,p00849,true,builtin-haiku,single_engine
DiagnosticSign_8b2c4626bd,Pattern_7d373e9145,signIndicates,1,发热而微恶寒者，邪在卫分,代表医家 / 章虚谷 / 学术观点及诊治经验 / 大胆创新，承前启后乃新学功臣,p00852,true,builtin-haiku,single_engine
DiagnosticSign_f262a7525d,Pattern_6323460529,signIndicates,1,不恶寒而恶热，小便色黄，已入气分矣,代表医家 / 章虚谷 / 学术观点及诊治经验 / 大胆创新，承前启后乃新学功臣,p00852,true,builtin-haiku,single_engine
DiagnosticSign_a9300ba36e,Pattern_6323460529,signIndicates,1,不恶寒而恶热，小便色黄，已入气分矣,代表医家 / 章虚谷 / 学术观点及诊治经验 / 大胆创新，承前启后乃新学功臣,p00852,true,builtin-haiku,single_engine
DiagnosticSign_f7ac61df20,Pattern_a4cbce2c1e,signIndicates,1,脉数舌绛，邪入营分,代表医家 / 章虚谷 / 学术观点及诊治经验 / 大胆创新，承前启后乃新学功臣,p00852,true,builtin-haiku,single_engine
DiagnosticSign_7ef8a28d31,Pattern_e4d30b5252,signIndicates,1,若舌深绛，烦扰不寐，或夜有谵语，已入血分矣,代表医家 / 章虚谷 / 学术观点及诊治经验 / 大胆创新，承前启后乃新学功臣,p00852,true,builtin-haiku,single_engine
DiagnosticSign_191beeaee8,Pattern_e4d30b5252,signIndicates,1,若舌深绛，烦扰不寐，或夜有谵语，已入血分矣,代表医家 / 章虚谷 / 学术观点及诊治经验 / 大胆创新，承前启后乃新学功臣,p00852,true,builtin-haiku,single_engine
DiagnosticSign_2a56e5cd50,Pattern_e4d30b5252,signIndicates,1,若舌深绛，烦扰不寐，或夜有谵语，已入血分矣,代表医家 / 章虚谷 / 学术观点及诊治经验 / 大胆创新，承前启后乃新学功臣,p00852,true,builtin-haiku,single_engine
DiagnosticSign_f32371d163,Pattern_6ca0740a5f,signIndicates,1,脉小而尺肤减瘦,代表医家 / 章虚谷 / 学术观点及诊治经验 / 大胆创新，承前启后乃新学功臣,p00856,true,builtin-haiku,single_engine
DiagnosticSign_f8fbb0be10,Pattern_1526d2921b,signIndicates,1,脉大则尺肤贲起,代表医家 / 章虚谷 / 学术观点及诊治经验 / 大胆创新，承前启后乃新学功臣,p00856,true,builtin-haiku,single_engine
DiagnosticSign_82706e2a60,Pattern_d824581b34,signIndicates,1,舌虽边黄，中必白滑，乃热邪外受，中却虚寒,代表医家 / 章虚谷 / 学术观点及诊治经验 / 大胆创新，承前启后乃新学功臣,p00859,true,builtin-haiku,single_engine
DiagnosticSign_3f78db6d73,Pattern_c283d0cf4c,signIndicates,1,如兼厚腻舌苔者，此热伏湿中,代表医家 / 章虚谷 / 学术观点及诊治经验 / 大胆创新，承前启后乃新学功臣,p00859,true,builtin-haiku,single_engine
DiagnosticSign_e5f64fbe66,Pattern_6f9fbead0c,signIndicates,1,其人体盛色白，或不白而肌松者，本质阳虚,代表医家 / 章虚谷 / 学术观点及诊治经验 / 大胆创新，承前启后乃新学功臣,p00859,true,builtin-haiku,single_engine
DiagnosticSign_dc35a224b7,Pattern_0897a78a55,signIndicates,1,形瘦色苍，中气足而脉多弦，目有精彩，饮食不多，却能任劳，此阳旺阴虚之质也,代表医家 / 章虚谷 / 原文选释 / 治病之要，首当察人体质之阴阳强弱,p00869,true,builtin-haiku,single_engine
DiagnosticSign_e248a36764,Pattern_886ab49801,signIndicates,1,体丰肌厚，脉盛皮粗，食啖倍多，此阴阳俱盛之质,代表医家 / 章虚谷 / 原文选释 / 治病之要，首当察人体质之阴阳强弱,p00869,true,builtin-haiku,single_engine
DiagnosticSign_6323b776fb,Pattern_d891dde7cd,signIndicates,1,体丰色白，皮嫩肌松，脉大而软，食啖虽多，每生痰涎，此阴盛阳虚之质,代表医家 / 章虚谷 / 原文选释 / 治病之要，首当察人体质之阴阳强弱,p00869,true,builtin-haiku,single_engine
DiagnosticSign_dc35a224b7,Pattern_b1e38f34b1,signExcludes,1,目有精彩，尚可无妨，如无精彩，寿多不永，或未到中年，而得中风之病,代表医家 / 章虚谷 / 原文选释 / 治病之要，首当察人体质之阴阳强弱,p00869,true,builtin-haiku,single_engine
DiagnosticSign_1aa9650a6d,Pattern_301f219d24,signIndicates,1,若更兼形瘦脉弱，食饮不多，此阴阳两弱之质,代表医家 / 章虚谷 / 原文选释 / 治病之要，首当察人体质之阴阳强弱,p00869,true,builtin-haiku,single_engine
DiagnosticSign_94f09512e5,Pattern_094faabaef,signIndicates,1,倘目有精彩，耳轮肉厚端正，其先天尚强，神清智朗者，反为大贵,代表医家 / 章虚谷 / 原文选释 / 治病之要，首当察人体质之阴阳强弱,p00869,true,builtin-haiku,single_engine
DiagnosticSign_68eaf2e864,Pattern_4c537077e9,signIndicates,1,若目无彩，神气昏庸，必多贫天,代表医家 / 章虚谷 / 原文选释 / 治病之要，首当察人体质之阴阳强弱,p00869,true,builtin-haiku,single_engine
DiagnosticSign_892b703faa,Pattern_4865f5e6fb,signIndicates,1,此湿邪之明征也,代表医家 / 章虚谷 / 原文选释 / 湿邪壅遏慎用蒌仁论,p00884,true,builtin-haiku,single_engine
DiagnosticSign_be03746539,Pattern_b64d4eab21,signIndicates,1,湿邪壅遏，三焦气化不宣，多致二便不利,代表医家 / 章虚谷 / 原文选释 / 湿邪壅遏慎用蒌仁论,p00884,true,builtin-haiku,single_engine
DiagnosticSign_878eb74986,Pattern_6d021fad11,signIndicates,1,则夜热而昼不热，则病势重矣。邪既入阴,代表医家 / 章虚谷 / 医案选按 / 六月感暑脾肾两伤助阳得愈案,p00889,false,builtin-haiku,single_engine
DiagnosticSign_7a90f006b7,Pattern_354da48ab1,signIndicates,1,其脉虚软无力，口甚渴，饮茶不绝，腹满，大小便皆不利，粒米不进，稍饮米汤，口即作酸。此中气大伤,代表医家 / 章虚谷 / 医案选按 / 六月感暑脾肾两伤助阳得愈案,p00889,true,builtin-haiku,single_engine
DiagnosticSign_871cf7095e,Pattern_681ef8f94c,signIndicates,1,脾伤而转运不前，则腹满,代表医家 / 章虚谷 / 医案选按 / 六月感暑脾肾两伤助阳得愈案,p00889,true,builtin-haiku,single_engine
DiagnosticSign_5a83e5d0cc,Pattern_2f052722e6,signExcludes,1,腹满消，而粥食大进，小溲亦长。余曰此湿已化,代表医家 / 章虚谷 / 医案选按 / 六月感暑脾肾两伤助阳得愈案,p00889,false,builtin-haiku,single_engine
DiagnosticSign_43c58df6d7,Pattern_fe65645b91,signIndicates,1,因言中焦虚寒，浊阴聚胃，故呕吐。是胃阳不振,代表医家 / 章虚谷 / 医案选按 / 胃阳不振胃阴不足疑似案,p00894,true,builtin-haiku,single_engine
DiagnosticSign_43c58df6d7,Pattern_dc8850c9e9,signExcludes,1,因言中焦虚寒，浊阴聚胃，故呕吐。是胃阳不振，非肝火作逆、胃阴不足也,代表医家 / 章虚谷 / 医案选按 / 胃阳不振胃阴不足疑似案,p00894,true,builtin-haiku,single_engine
DiagnosticSign_43c58df6d7,Pattern_78ef105887,signIndicates,1,舌苔白腐者，中焦之真寒,代表医家 / 章虚谷 / 医案选按 / 胃阳不振胃阴不足疑似案,p00895,true,builtin-haiku,single_engine
DiagnosticSign_b4dc04c0aa,Pattern_b89e18ad7b,signIndicates,1,今脉虚涩，身重，不思食，而大便干少，正仲景所云之阴结也,代表医家 / 章虚谷 / 医案选按 / 胃阳不振胃阴不足疑似案,p00895,true,builtin-haiku,single_engine
DiagnosticSign_c507ab1120,Pattern_8583c84aef,signExcludes,1,以其土无生气，故不纳食。胃阳不振，则浊阴盘踞，浊阴已盛，断非胃阴不足矣,代表医家 / 章虚谷 / 医案选按 / 胃阳不振胃阴不足疑似案,p00895,true,builtin-haiku,single_engine
DiagnosticSign_5569847be8,Pattern_50cf0d633c,signIndicates,1,是面红便少而赤者，上下之假热,代表医家 / 章虚谷 / 医案选按 / 胃阳不振胃阴不足疑似案,p00895,true,builtin-haiku,single_engine
DiagnosticSign_82eefa7d9f,Pattern_e0c9130adb,signIndicates,1,舌苔厚白如积粉，此秽浊之邪，包热在内,代表医家 / 章虚谷 / 医案选按 / 胃阳不振胃阴不足疑似案,p00896,true,builtin-haiku,single_engine
DiagnosticSign_d4fcd1c60c,Pattern_0935ff0f38,signIndicates,1,浊邪包热者，苔虽白，其舌本必红赤,代表医家 / 章虚谷 / 医案选按 / 胃阳不振胃阴不足疑似案,p00896,true,builtin-haiku,single_engine
DiagnosticSign_d4fcd1c60c,Pattern_697923f1b7,signExcludes,1,非如虚寒之淡白也,代表医家 / 章虚谷 / 医案选按 / 胃阳不振胃阴不足疑似案,p00896,true,builtin-haiku,single_engine
DiagnosticSign_5b52b340f6,Pattern_a12837681f,signIndicates,1,小便淡黄，大便坚固，肾气略为有根,代表医家 / 章虚谷 / 医案选按 / 暑月贪凉元阳大损案,p00900,true,builtin-haiku,single_engine
DiagnosticSign_8fb923d1fa,Pattern_8583c84aef,signExcludes,1,舌虽光，不欲汤饮，亦非胃阴不足,代表医家 / 章虚谷 / 医案选按 / 暑月贪凉元阳大损案,p00900,true,builtin-haiku,single_engine
DiagnosticSign_f6bf4879d5,Pattern_817916344c,signIndicates,1,脉微如是，元阳大亏,代表医家 / 章虚谷 / 医案选按 / 暑月贪凉元阳大损案,p00900,true,builtin-haiku,single_engine
DiagnosticSign_03888bf626,Pattern_2c080bef80,signExcludes,1,此证固非火邪,代表医家 / 章虚谷 / 医案选按 / 暑月贪凉元阳大损案,p00900,true,builtin-haiku,single_engine
DiagnosticSign_e5f64fbe66,Pattern_1c71b6fb5d,signIndicates,1,体盛色白，或不白而肌松者，本质阳虚,代表医家 / 章虚谷 / 医案选按 / 暑月贪凉元阳大损案,p00902,true,builtin-haiku,single_engine
DiagnosticSign_558332b6c8,Pattern_95ee36ca5e,signIndicates,1,舌虽边黄，中必白滑，乃热邪外受，中却虚寒,代表医家 / 章虚谷 / 医案选按 / 暑月贪凉元阳大损案,p00902,true,builtin-haiku,single_engine
DiagnosticSign_3f78db6d73,Pattern_c283d0cf4c,signIndicates,1,兼厚腻舌苔者，此热伏湿中,代表医家 / 章虚谷 / 医案选按 / 暑月贪凉元阳大损案,p00902,true,builtin-haiku,single_engine
DiagnosticSign_61faeb47d2,Pattern_b6c10858c4,signIndicates,1,其脉空数无根，余告以难治,代表医家 / 章虚谷 / 医案选按 / 暑温误治案,p00906,true,builtin-haiku,single_engine
DiagnosticSign_5f00420ae4,Pattern_c220b0b0bf,signIndicates,1,昼清夜昏，为热入血室,代表医家 / 章虚谷 / 医案选按 / 暑温误治案,p00906,true,builtin-haiku,single_engine
DiagnosticSign_fa1a3aac8f,Pattern_7db49df539,signIndicates,1,血室厥阴所主，故左关独滞,代表医家 / 章虚谷 / 医案选按 / 暑温误治案,p00906,true,builtin-haiku,single_engine
DiagnosticSign_02f057c497,Pattern_809f6b9850,signExcludes,1,细审脉象，虽虚数无神，尚不至于即脱。因思其二便尚通，能进粥食，胃气未绝，胸腹不胀，则腑气无碍,代表医家 / 章虚谷 / 医案选按 / 暑温误治案,p00906,true,builtin-haiku,single_engine
DiagnosticSign_30285629bc,Pattern_ce42a377ab,signIndicates,1,轻按皮肤则凉，重按肌肉，热如火。余意必因服蒌仁等凉药，脾气滑泄，热邪陷入太阴也,代表医家 / 章虚谷 / 医案选按 / 邪伏少阴案,p00910,false,builtin-haiku,single_engine
DiagnosticSign_20d20126e1,Pattern_2be294b3bf,signExcludes,1,今泄利不止，口即不渴，而神昏矣,代表医家 / 章虚谷 / 医案选按 / 邪伏少阴案,p00910,true,builtin-haiku,single_engine
DiagnosticSign_5968e36229,Pattern_d249e934f2,signIndicates,1,若服余药，必要仍然发热口渴，及有汗出，方有生机。次日视之，脉弦数，身热汗出，而口大渴,代表医家 / 章虚谷 / 医案选按 / 邪伏少阴案,p00910,false,builtin-haiku,single_engine
DiagnosticSign_08418fca95,Pattern_4d5bdf1a55,signIndicates,1,右尺独大，数如沸汤。此因贫苦人，力食衣单，冬受寒冷，邪伏少阴。至春阳旺，郁邪化热，劫烁肾阴，故尺脉如此,代表医家 / 章虚谷 / 医案选按 / 邪伏少阴案,p00911,true,builtin-haiku,single_engine
DiagnosticSign_3539ab94dc,Pattern_90edacc35d,signIndicates,1,初起畏寒发热者，外感风邪也,代表医家 / 章虚谷 / 医案选按 / 邪伏少阴案,p00911,true,builtin-haiku,single_engine
DiagnosticSign_ea92f5d850,Pattern_8f7c51b389,signIndicates,1,口渴者，内热勃发也,代表医家 / 章虚谷 / 医案选按 / 邪伏少阴案,p00911,true,builtin-haiku,single_engine
DiagnosticSign_ff2bf4f086,Pattern_ba8db51c0d,signIndicates,1,此本虚寒邪伏,代表医家 / 章虚谷 / 医案选按 / 风寒误作温病案,p00917,true,builtin-haiku,single_engine
DiagnosticSign_c336c4f53b,Pattern_109417397b,signIndicates,1,舌苔薄而微白,代表医家 / 章虚谷 / 医案选按 / 风寒误作温病案,p00917,true,builtin-haiku,single_engine
DiagnosticSign_d75ec55776,Pattern_4053883553,signIndicates,1,按其胸腹空软，但虚满耳,代表医家 / 章虚谷 / 医案选按 / 风寒误作温病案,p00917,true,builtin-haiku,single_engine
DiagnosticSign_b72281a9db,Pattern_697923f1b7,signIndicates,1,有状甚委顿，不能起坐，语声低不能闻……按其胸腹空软等寒象,代表医家 / 章虚谷 / 医案选按 / 风寒误作温病案,p00919,false,builtin-haiku,single_engine
DiagnosticSign_c336c4f53b,Pattern_697923f1b7,signIndicates,1,舌苔薄而微白，按脉濡迟无力，右寸关沉弦而涩亦是虚寒佐证,代表医家 / 章虚谷 / 医案选按 / 风寒误作温病案,p00919,true,builtin-haiku,single_engine
DiagnosticSign_5e624053d3,Pattern_337cfde10b,signIndicates,1,营为阴，故夜分有谵语也,代表医家 / 章虚谷 / 医案选按 / 冬伤于寒夏病温热案,p00921,true,builtin-haiku,single_engine
DiagnosticSign_ea92f5d850,Pattern_3cdb8fefbf,signExcludes,1,渴不多饮，内热不甚，而营血滞涩，断不宜妄投凉药以遏其邪,代表医家 / 章虚谷 / 医案选按 / 冬伤于寒夏病温热案,p00921,true,builtin-haiku,single_engine
DiagnosticSign_ff2bf4f086,Pattern_c1b47448c3,signIndicates,1,原系热病，何以脉象竟同阴寒,代表医家 / 章虚谷 / 医案选按 / 冬伤于寒夏病温热案,p00922,true,builtin-haiku,single_engine
DiagnosticSign_99fe0dd36b,Pattern_eef49393fc,signIndicates,1,血热发斑，证见面红赤、汗出津津、口燥大渴、热盛胸闷、斑纯红深红等,代表医家 / 何廉臣 / 学术观点及诊治经验 / 善创新，发展温病病因病机,p00976,false,builtin-haiku,single_engine
DiagnosticSign_131f241c17,Pattern_78dce941c4,signIndicates,1,毒邪逼血，证见忽然吐衄、上下出血、烦热燥渴等,代表医家 / 何廉臣 / 学术观点及诊治经验 / 善创新，发展温病病因病机,p00976,true,builtin-haiku,single_engine
DiagnosticSign_99724659f5,Pattern_2b1b6c3f48,signIndicates,1,毒邪凝血，以舌甚灰黑、神识不清、脉似沉缓等为见证,代表医家 / 何廉臣 / 学术观点及诊治经验 / 善创新，发展温病病因病机,p00976,true,builtin-haiku,single_engine
DiagnosticSign_6fe3d98645,Pattern_1036e01869,signIndicates,1,总以湿、热之偏重为纲，辨证犹重舌苔之变化,代表医家 / 何廉臣 / 学术观点及诊治经验 / 精辨证，四诊入微经验独特,p00982,true,builtin-haiku,single_engine
DiagnosticSign_f31449ce60,Pattern_eaee8f0bcb,signIndicates,1,湿重于热。其病多发于太阴肺脾，其舌苔必白腻,代表医家 / 何廉臣 / 学术观点及诊治经验 / 精辨证，四诊入微经验独特,p00983,true,builtin-haiku,single_engine
DiagnosticSign_19fd8b4f63,Pattern_eaee8f0bcb,signIndicates,1,脉息模糊不清，或沉细似伏，断续不匀,代表医家 / 何廉臣 / 学术观点及诊治经验 / 精辨证，四诊入微经验独特,p00983,true,builtin-haiku,single_engine
DiagnosticSign_abc85cc15b,Pattern_6285013c2e,signIndicates,1,头目胀痛昏重，如裹如蒙,代表医家 / 何廉臣 / 学术观点及诊治经验 / 精辨证，四诊入微经验独特,p00983,true,builtin-haiku,single_engine
DiagnosticSign_98e8001e06,Pattern_c0d2f44380,signIndicates,1,若兼神烦而昏者，此由湿热郁蒸过极，内蒙清窍,代表医家 / 何廉臣 / 学术观点及诊治经验 / 精辨证，四诊入微经验独特,p00983,true,builtin-haiku,single_engine
DiagnosticSign_d14a327261,Pattern_350142a5ca,signIndicates,1,若兼大便不利者，此由湿阻气滞，或兼痰涎,代表医家 / 何廉臣 / 学术观点及诊治经验 / 精辨证，四诊入微经验独特,p00983,true,builtin-haiku,single_engine
DiagnosticSign_f9c1871d80,Pattern_50907ee281,signIndicates,1,其舌苔必黄腻,代表医家 / 何廉臣 / 学术观点及诊治经验 / 精辨证，四诊入微经验独特,p00984,true,builtin-haiku,single_engine
DiagnosticSign_11a54b98a0,Pattern_08fa5936d3,signIndicates,1,但必胸腹热满，按之灼手,代表医家 / 何廉臣 / 学术观点及诊治经验 / 精辨证，四诊入微经验独特,p00984,true,builtin-haiku,single_engine
DiagnosticSign_1f091bf9e6,Pattern_c6eed4b4f2,signIndicates,1,伏邪重者，苔亦厚而且满，板贴不松，脉息数滞不调,代表医家 / 何廉臣 / 学术观点及诊治经验 / 精辨证，四诊入微经验独特,p00984,true,builtin-haiku,single_engine
DiagnosticSign_6c1a327a26,Pattern_03b372cc19,signIndicates,1,症必神烦口渴，渴不引饮，甚则耳聋干呕，面色红黄黑混，口气秽浊,代表医家 / 何廉臣 / 学术观点及诊治经验 / 精辨证，四诊入微经验独特,p00984,true,builtin-haiku,single_engine
DiagnosticSign_6052f908ec,Pattern_453a9448ad,signIndicates,1,火为实证，热盛阳亢，身热多汗，法宜苦寒夺其实而泻其热,代表医家 / 何廉臣 / 学术观点及诊治经验 / 精辨证，四诊入微经验独特,p00988,true,builtin-haiku,single_engine
DiagnosticSign_cad60411c4,Pattern_0fcb315aa8,signIndicates,1,燥为虚证、阴亏失润、肌肤干燥，法宜甘寒养其阴而润其燥,代表医家 / 何廉臣 / 学术观点及诊治经验 / 精辨证，四诊入微经验独特,p00988,true,builtin-haiku,single_engine
DiagnosticSign_abe85dc7d5,Pattern_9e82720ebd,signIndicates,1,若胸膈痞闷，舌苔白厚，益为食填膈上之明证,代表医家 / 何廉臣 / 学术观点及诊治经验 / 巧施治，完善温病治法方药,p01001,true,builtin-haiku,single_engine
DiagnosticSign_17d7041613,Pattern_db82b96896,signIndicates,1,往往有脉沉肢冷者,代表医家 / 何廉臣 / 学术观点及诊治经验 / 巧施治，完善温病治法方药,p01001,true,builtin-haiku,single_engine
DiagnosticSign_90ee6d31ed,Pattern_6731919680,signIndicates,1,湿伤脾阳，腹膨尿涩,代表医家 / 何廉臣 / 学术观点及诊治经验 / 巧施治，完善温病治法方药,p01006,true,builtin-haiku,single_engine
DiagnosticSign_6f38449189,Pattern_6731919680,signIndicates,1,湿伤脾阳，腹膨尿涩,代表医家 / 何廉臣 / 学术观点及诊治经验 / 巧施治，完善温病治法方药,p01006,true,builtin-haiku,single_engine
DiagnosticSign_2fde9d0460,Pattern_a0f13e9add,signIndicates,1,动而应衣者，宗气泄也,代表医家 / 何廉臣 / 原文选释 / 虚里冲任论,p01019,true,builtin-haiku,single_engine
DiagnosticSign_5f50ead276,Pattern_38a8008839,signExcludes,1,虚里无动脉者死,代表医家 / 何廉臣 / 原文选释 / 虚里冲任论,p01019,true,builtin-haiku,single_engine
DiagnosticSign_b23b12491f,Pattern_e14fcfe8fa,signIndicates,1,按之可测吉凶,代表医家 / 何廉臣 / 原文选释 / 虚里冲任论,p01021,true,builtin-haiku,single_engine
DiagnosticSign_a15df8f86d,Pattern_5bbea1c1a5,signIndicates,1,辨寒热真假尤为可据,代表医家 / 何廉臣 / 原文选释 / 虚里冲任论,p01021,true,builtin-haiku,single_engine
DiagnosticSign_e2fb54a246,Pattern_f0cd2b346d,signIndicates,1,体肥而面色白者，兼顾阳气,代表医家 / 何廉臣 / 原文选释 / 兼湿须分寒湿、湿热论,p01024,true,builtin-haiku,single_engine
DiagnosticSign_1e88c509c1,Pattern_eebd8afe4b,signIndicates,1,体瘦而面色苍者，兼顾津液,代表医家 / 何廉臣 / 原文选释 / 兼湿须分寒湿、湿热论,p01024,true,builtin-haiku,single_engine
DiagnosticSign_90ee6d31ed,Pattern_6731919680,signIndicates,1,湿伤脾阳，腹膨尿涩,代表医家 / 何廉臣 / 原文选释 / 兼湿须分寒湿、湿热论,p01024,true,builtin-haiku,single_engine
DiagnosticSign_dbc5384c9d,Pattern_069adf4dff,signIndicates,1,舌白身痛，足跗浮肿，太溪穴水流如注，谓湿邪伏于足少阴经,代表医家 / 何廉臣 / 原文选释 / 兼湿须分寒湿、湿热论,p01024,true,builtin-haiku,single_engine
DiagnosticSign_ea92f5d850,Pattern_88581df320,signIndicates,1,若湿热甚而舌白目黄，口渴尿赤,代表医家 / 何廉臣 / 原文选释 / 兼湿须分寒湿、湿热论,p01024,true,builtin-haiku,single_engine
DiagnosticSign_454b595819,Pattern_466b50ffaf,signIndicates,1,温热病，最怕发热不退及痉厥昏蒙，更有无端而发晕及神清而忽间以狂言者，往往变生不测,代表医家 / 何廉臣 / 原文选释 / 温热虚症，少阴心肾病居多,p01039,true,builtin-haiku,single_engine
DiagnosticSign_61b58ecea2,Pattern_1151f4a422,signIndicates,1,如风温之咳嗽息鼾，热病之神昏谵语，或溏泻黏垢，皆手太阴肺、手厥阴心包络、手阳明大肠现证,代表医家 / 何廉臣 / 原文选释 / 温热虚症，少阴心肾病居多,p01039,true,builtin-haiku,single_engine
DiagnosticSign_bb6bc5d8a7,Pattern_cf387443f0,signIndicates,1,甚者喉肿肢掣，昏蒙如醉，躁扰不宁，齿焦舌燥，发癍发颐等证，其邪分布充斥,代表医家 / 何廉臣 / 原文选释 / 温热虚症，少阴心肾病居多,p01039,true,builtin-haiku,single_engine
DiagnosticSign_be618c08ba,Pattern_a43f5004fe,signIndicates,1,舌苔化燥，或黄或焦，是温热已烁于胃,代表医家 / 何廉臣 / 原文选释 / 温热伏邪因新寒触动而发者，最多变证,p01050,true,builtin-haiku,single_engine
DiagnosticSign_46001263c1,Pattern_591bb46533,signIndicates,1,舌绛齿燥，谵语神昏，是温热深踞阳明营分,代表医家 / 何廉臣 / 原文选释 / 温热伏邪因新寒触动而发者，最多变证,p01050,true,builtin-haiku,single_engine
DiagnosticSign_8709ebcb2b,Pattern_1c172cbb52,signIndicates,1,手足瘈疭，脉来弦数，是为热极生风,代表医家 / 何廉臣 / 原文选释 / 温热伏邪因新寒触动而发者，最多变证,p01050,true,builtin-haiku,single_engine
DiagnosticSign_b8b4ebd89d,Pattern_56b6122134,signIndicates,1,昏瞆不知人，不语如尸厥，此温邪窜入心胞,代表医家 / 何廉臣 / 原文选释 / 温热伏邪因新寒触动而发者，最多变证,p01050,true,builtin-haiku,single_engine
DiagnosticSign_332664467e,Pattern_3c9cb66862,signIndicates,1,舌苔滑白厚腻者，重用川朴为君,代表医家 / 何廉臣 / 原文选释 / 湿热与湿温辨,p01055,true,builtin-haiku,single_engine
DiagnosticSign_72d5ae8c4f,Pattern_1117e49be9,signIndicates,1,口有秽气者，玉枢丹亦要药,代表医家 / 何廉臣 / 原文选释 / 湿热与湿温辨,p01055,true,builtin-haiku,single_engine
DiagnosticSign_d80cdc723d,Pattern_bc5910d575,signIndicates,1,,代表医家 / 何廉臣 / 方剂选录 / 自制七汁饮,p01061,false,builtin-haiku,single_engine
DiagnosticSign_494de0d6b9,Pattern_222fd3c450,signIndicates,1,治以宣化和中,代表医家 / 何廉臣 / 医案选按 / 湿阻呕泻案,p01090,true,builtin-haiku,single_engine
DiagnosticSign_98b9f4ef04,Pattern_aa54aae14b,signIndicates,1,湿热夹肝气，又夹油腻，嘶哑嗳气，胸脘痞满，夜不安寐，腹痛便不爽，口腻胃钝，舌红苔腻,代表医家 / 何廉臣 / 医案选按 / 湿热夹肝气嘶哑案,p01104,true,builtin-haiku,single_engine
DiagnosticSign_3f041946ff,Pattern_706c5ce574,signIndicates,1,脉弦滞,代表医家 / 何廉臣 / 医案选按 / 湿热夹肝气嘶哑案,p01104,true,builtin-haiku,single_engine
DiagnosticSign_0acd0c03ca,Pattern_20554792d6,signIndicates,1,暑湿类疟，微寒，遍身筋痛，肢懈，口淡胃钝，舌苔薄腻，脉右滞左弦,代表医家 / 何廉臣 / 医案选按 / 暑湿类疟身痛案,p01117,true,builtin-haiku,single_engine
DiagnosticSign_dc95cf3709,Pattern_20554792d6,signIndicates,1,暑湿类疟，微寒，遍身筋痛，肢懈，口淡胃钝，舌苔薄腻，脉右滞左弦,代表医家 / 何廉臣 / 医案选按 / 暑湿类疟身痛案,p01117,true,builtin-haiku,single_engine
DiagnosticSign_6fe3d98645,Pattern_1dccc4a444,signIndicates,1,动态观察舌苔变化，并结合临床主要症状、脉象情况，重视体质，辨治用药,代表医家 / 张畹香 / 学术观点及诊治经验 / 诊病善察舌,p01142,true,builtin-haiku,single_engine
DiagnosticSign_ff2bf4f086,Pattern_1dccc4a444,signIndicates,1,结合临床主要症状、脉象情况，重视体质，辨治用药,代表医家 / 张畹香 / 学术观点及诊治经验 / 诊病善察舌,p01142,true,builtin-haiku,single_engine
DiagnosticSign_434232dcd1,Pattern_e1786fcaf3,signIndicates,1,舌或红、或白薄者用叶法,代表医家 / 张畹香 / 学术观点及诊治经验 / 诊病善察舌,p01144,true,builtin-haiku,single_engine
DiagnosticSign_bdea612e7d,Pattern_e1786fcaf3,signIndicates,1,舌或红、或白薄者用叶法,代表医家 / 张畹香 / 学术观点及诊治经验 / 诊病善察舌,p01144,true,builtin-haiku,single_engine
DiagnosticSign_eab39a91f8,Pattern_c62d90f329,signIndicates,1,苔如积粉用又可法,代表医家 / 张畹香 / 学术观点及诊治经验 / 诊病善察舌,p01144,true,builtin-haiku,single_engine
DiagnosticSign_7604e87c84,Pattern_fe54ac14b7,signIndicates,1,一见白燥苔即下,代表医家 / 张畹香 / 学术观点及诊治经验 / 诊病善察舌,p01144,true,builtin-haiku,single_engine
DiagnosticSign_504fe25704,Pattern_ae59ea9470,signIndicates,1,舌稍黄微下之,代表医家 / 张畹香 / 学术观点及诊治经验 / 诊病善察舌,p01144,true,builtin-haiku,single_engine
DiagnosticSign_7fa88ce852,Pattern_04504a8c2a,signIndicates,1,舌黄燥大下之,代表医家 / 张畹香 / 学术观点及诊治经验 / 诊病善察舌,p01144,true,builtin-haiku,single_engine
DiagnosticSign_e6479a2f45,Pattern_4a40731afb,signIndicates,1,舌焦刺重下之峻下之,代表医家 / 张畹香 / 学术观点及诊治经验 / 诊病善察舌,p01144,true,builtin-haiku,single_engine
DiagnosticSign_66a1aa1e39,Pattern_2c938a0f12,signIndicates,1,脉浮弦大，诊为肝经风热,代表医家 / 张畹香 / 学术观点及诊治经验 / 诊病善察舌,p01145,true,builtin-haiku,single_engine
DiagnosticSign_17749a0624,Pattern_6afd8bdce9,signIndicates,1,脉平，诊为风热余邪,代表医家 / 张畹香 / 学术观点及诊治经验 / 诊病善察舌,p01145,true,builtin-haiku,single_engine
DiagnosticSign_559eab7a9b,Pattern_90c80436c6,signIndicates,1,脉涩，诊为肝阴不足,代表医家 / 张畹香 / 学术观点及诊治经验 / 诊病善察舌,p01145,true,builtin-haiku,single_engine
DiagnosticSign_0acf9014de,Pattern_e31e3ec63c,signIndicates,1,舌白胖，脉短涩，张氏认为是湿痰困脾,代表医家 / 张畹香 / 学术观点及诊治经验 / 诊病善察舌,p01145,true,builtin-haiku,single_engine
DiagnosticSign_e54a1c4725,Pattern_e31e3ec63c,signIndicates,1,舌白胖，脉短涩，张氏认为是湿痰困脾,代表医家 / 张畹香 / 学术观点及诊治经验 / 诊病善察舌,p01145,true,builtin-haiku,single_engine
DiagnosticSign_f2edabd212,Pattern_0639af8a16,signIndicates,1,舌白苔滑，或有时黄滑，口燥不能饮，饮后呕黄水，脉皆滞缓，舌脉结合诊为太阴经湿疟,代表医家 / 张畹香 / 学术观点及诊治经验 / 诊病善察舌,p01145,true,builtin-haiku,single_engine
DiagnosticSign_897647c7cd,Pattern_0639af8a16,signIndicates,1,舌白苔滑，或有时黄滑，口燥不能饮，饮后呕黄水，脉皆滞缓，舌脉结合诊为太阴经湿疟,代表医家 / 张畹香 / 学术观点及诊治经验 / 诊病善察舌,p01145,true,builtin-haiku,single_engine
DiagnosticSign_a6be397b7a,Pattern_0639af8a16,signIndicates,1,舌白苔滑，或有时黄滑，口燥不能饮，饮后呕黄水，脉皆滞缓，舌脉结合诊为太阴经湿疟,代表医家 / 张畹香 / 学术观点及诊治经验 / 诊病善察舌,p01145,true,builtin-haiku,single_engine
DiagnosticSign_48be5d186d,Pattern_0639af8a16,signIndicates,1,舌白苔滑，或有时黄滑，口燥不能饮，饮后呕黄水，脉皆滞缓，舌脉结合诊为太阴经湿疟,代表医家 / 张畹香 / 学术观点及诊治经验 / 诊病善察舌,p01145,true,builtin-haiku,single_engine
DiagnosticSign_585f760015,Pattern_0639af8a16,signIndicates,1,舌白苔滑，或有时黄滑，口燥不能饮，饮后呕黄水，脉皆滞缓，舌脉结合诊为太阴经湿疟,代表医家 / 张畹香 / 学术观点及诊治经验 / 诊病善察舌,p01145,true,builtin-haiku,single_engine
DiagnosticSign_df68a7f3e9,Pattern_f92f554625,signIndicates,1,嗳气，舌白燥，脉沉涩，诊为肝胃气滞,代表医家 / 张畹香 / 学术观点及诊治经验 / 诊病善察舌,p01145,true,builtin-haiku,single_engine
DiagnosticSign_d345cd91b8,Pattern_f92f554625,signIndicates,1,嗳气，舌白燥，脉沉涩，诊为肝胃气滞,代表医家 / 张畹香 / 学术观点及诊治经验 / 诊病善察舌,p01145,true,builtin-haiku,single_engine
DiagnosticSign_d232915e03,Pattern_f92f554625,signIndicates,1,嗳气，舌白燥，脉沉涩，诊为肝胃气滞,代表医家 / 张畹香 / 学术观点及诊治经验 / 诊病善察舌,p01145,true,builtin-haiku,single_engine
DiagnosticSign_67c5a685b2,Pattern_c3f8fa1e5d,signIndicates,1,咳嗽，咳痰，胁痛，气急，舌苔尚黄浓，六脉弦小数，根据舌黄、脉弦数诊为肝肺风热,代表医家 / 张畹香 / 学术观点及诊治经验 / 诊病善察舌,p01145,true,builtin-haiku,single_engine
DiagnosticSign_d398897207,Pattern_c3f8fa1e5d,signIndicates,1,咳嗽，咳痰，胁痛，气急，舌苔尚黄浓，六脉弦小数，根据舌黄、脉弦数诊为肝肺风热,代表医家 / 张畹香 / 学术观点及诊治经验 / 诊病善察舌,p01145,true,builtin-haiku,single_engine
DiagnosticSign_b94bd26c81,Pattern_9d5d494809,signIndicates,1,咳嗽瘥后，舌净，诊脉弦小，张氏认为此为正虚邪恋,代表医家 / 张畹香 / 学术观点及诊治经验 / 诊病善察舌,p01145,true,builtin-haiku,single_engine
DiagnosticSign_582273b0d9,Pattern_9d5d494809,signIndicates,1,咳嗽瘥后，舌净，诊脉弦小，张氏认为此为正虚邪恋,代表医家 / 张畹香 / 学术观点及诊治经验 / 诊病善察舌,p01145,true,builtin-haiku,single_engine
DiagnosticSign_7815e1cc12,Pattern_af4d8bcb3a,signIndicates,1,身热，咳嗽有痰，舌鲜红，诊脉弦小数，张氏认为邪在心肺之间,代表医家 / 张畹香 / 学术观点及诊治经验 / 诊病善察舌,p01145,true,builtin-haiku,single_engine
DiagnosticSign_044ff00526,Pattern_af4d8bcb3a,signIndicates,1,身热，咳嗽有痰，舌鲜红，诊脉弦小数，张氏认为邪在心肺之间,代表医家 / 张畹香 / 学术观点及诊治经验 / 诊病善察舌,p01145,true,builtin-haiku,single_engine
DiagnosticSign_d52f888524,Pattern_f70fdd2e43,signIndicates,1,冬温治疗后，尚有余热，脉细数，右关少带滞象，舌黑苔已浮起，两边黄去而微白滑，张氏根据温热病后舌质舌苔变化，结合脉之征象，考虑为肺阴之虚至余热邪留,代表医家 / 张畹香 / 学术观点及诊治经验 / 诊病善察舌,p01145,true,builtin-haiku,single_engine
DiagnosticSign_7e6f6d8fc0,Pattern_f70fdd2e43,signIndicates,1,冬温治疗后，尚有余热，脉细数，右关少带滞象，舌黑苔已浮起，两边黄去而微白滑，张氏根据温热病后舌质舌苔变化，结合脉之征象，考虑为肺阴之虚至余热邪留,代表医家 / 张畹香 / 学术观点及诊治经验 / 诊病善察舌,p01145,true,builtin-haiku,single_engine
DiagnosticSign_80857678ec,Pattern_6372c1861a,signIndicates,1,瘅疟服白虎汤后，见舌苔前半已去，而根尚有黄色，口苦且腻，掌心尚热，小溲赤，诊脉左手已小，右手稍有滞象，惟皆数，张氏认为瘅疟由于暑邪之在肺,代表医家 / 张畹香 / 学术观点及诊治经验 / 诊病善察舌,p01145,true,builtin-haiku,single_engine
DiagnosticSign_277f87ab56,Pattern_d80ddcea29,signIndicates,1,瘅疟服白虎汤后，见舌苔前半已去，而根尚有黄色，口苦且腻，掌心尚热，小溲赤，诊脉左手已小，右手稍有滞象，惟皆数，张氏认为瘅疟由于暑邪之在肺，余邪未尽,代表医家 / 张畹香 / 学术观点及诊治经验 / 诊病善察舌,p01145,true,builtin-haiku,single_engine
DiagnosticSign_0995442e67,Pattern_aa54aae14b,signExcludes,1,湿疟用温燥脾经已效，出现舌黄而滑，脉未滑利，一般认为其为湿热，但张氏根据脉未滑利,代表医家 / 张畹香 / 学术观点及诊治经验 / 诊病善察舌,p01145,false,builtin-haiku,single_engine
DiagnosticSign_66a1aa1e39,Pattern_2c3dfba07c,signIndicates,1,"张氏辨舌合症，论述""肺主皮毛，头为诸阳之首，当责肺分之湿热""",代表医家 / 张畹香 / 学术观点及诊治经验 / 诊病善察舌,p01147,false,builtin-haiku,single_engine
DiagnosticSign_897647c7cd,Pattern_ddca7ba8fd,signIndicates,1,"张氏根据舌黄滑，伴有小便短赤，大便如水样的症状，提出""温病往往有大便作泻，乃肺移热于大肠，由湿体之故""",代表医家 / 张畹香 / 学术观点及诊治经验 / 诊病善察舌,p01147,false,builtin-haiku,single_engine
DiagnosticSign_3252186058,Pattern_dd722c847b,signIndicates,1,患冬温，见舌中间灰色，两边白滑大便作泻，喉痛，口舌燥，张氏认为舌边滑是湿性之体，但病仍在肺阴,代表医家 / 张畹香 / 学术观点及诊治经验 / 诊病善察舌,p01147,true,builtin-haiku,single_engine
DiagnosticSign_3f041946ff,Pattern_339f940696,signIndicates,1,诊脉弦滞大，予谓湿热未净，伤及气分,代表医家 / 张畹香 / 原文选释 / 利湿升清止痢疾,p01176,true,builtin-haiku,single_engine
DiagnosticSign_5bb8b0fdbb,Pattern_1d8cb621a6,signIndicates,1,患休息痢四载，日四五行，解出甚难，多转矢气，痢即随出，如酱色紫。其休时，粪如笔管,代表医家 / 张畹香 / 原文选释 / 利湿升清止痢疾,p01176,true,builtin-haiku,single_engine
DiagnosticSign_4a9647a896,Pattern_1117e49be9,signIndicates,1,苔如积粉，湿温之盛行,代表医家 / 张畹香 / 原文选释 / 瘟疫察苔宜早下,p01201,true,builtin-haiku,single_engine
DiagnosticSign_4f350333e3,Pattern_1282cd1e86,signIndicates,1,其舌皆红耳,代表医家 / 张畹香 / 原文选释 / 瘟疫察苔宜早下,p01201,true,builtin-haiku,single_engine
DiagnosticSign_d5bbfc076d,Pattern_551c144d77,signIndicates,1,一见白燥苔即下,代表医家 / 张畹香 / 原文选释 / 瘟疫察苔宜早下,p01201,true,builtin-haiku,single_engine
DiagnosticSign_e6479a2f45,Pattern_fa8e4fc37f,signIndicates,1,舌焦刺，重下之，峻下之,代表医家 / 张畹香 / 原文选释 / 瘟疫察苔宜早下,p01201,true,builtin-haiku,single_engine
DiagnosticSign_f4052427f4,Pattern_d3a5b40a84,signExcludes,1,仲师云有汗不宜重汗，又云湿家忌汗，汗之则发痉厥，故疫忌汗,代表医家 / 张畹香 / 原文选释 / 瘟疫察苔宜早下,p01201,true,builtin-haiku,single_engine
DiagnosticSign_6fe3d98645,Pattern_3e73b62872,signIndicates,1,瘟疫多为湿热之邪，忌用汗法，察看舌苔变化，早用下法,代表医家 / 张畹香 / 原文选释 / 瘟疫察苔宜早下,p01203,true,builtin-haiku,single_engine
DiagnosticSign_c336c4f53b,Pattern_b68423fda9,signIndicates,1,痢在肝分者，舌苔必薄,代表医家 / 张畹香 / 原文选释 / 湿热痢疾治肝脾,p01206,true,builtin-haiku,single_engine
DiagnosticSign_88ea57b235,Pattern_bfad60747a,signIndicates,1,痛在少腹，或胁肋，或腰，当用当归黄芩汤,代表医家 / 张畹香 / 原文选释 / 湿热痢疾治肝脾,p01206,true,builtin-haiku,single_engine
DiagnosticSign_4ff2442daf,Pattern_4a252a94ca,signIndicates,1,又有身热，须分三阳经，有羌活汤或葛根汤或小柴胡汤，先除其热,代表医家 / 张畹香 / 原文选释 / 湿热痢疾治肝脾,p01206,true,builtin-haiku,single_engine
DiagnosticSign_d7088c2704,Pattern_48f23215b1,signIndicates,1,舌白薄脉浮数，所服初则达原，继则承气，余谓此属上焦症,代表医家 / 张畹香 / 医案选按 / 辛凉发汗治上焦温邪案,p01216,true,builtin-haiku,single_engine
DiagnosticSign_7cac4ea7b6,Pattern_48f23215b1,signIndicates,1,舌白薄脉浮数，所服初则达原，继则承气，余谓此属上焦症,代表医家 / 张畹香 / 医案选按 / 辛凉发汗治上焦温邪案,p01216,true,builtin-haiku,single_engine
DiagnosticSign_0638457580,Pattern_caffb84e9f,signIndicates,1,上焦温邪。用辛凉法，战汗体冷如冰,代表医家 / 张畹香 / 医案选按 / 滋阴润肺治上焦温邪案,p01220,true,builtin-haiku,single_engine
DiagnosticSign_72676b844a,Pattern_caffb84e9f,signIndicates,1,诊脉静小,代表医家 / 张畹香 / 医案选按 / 滋阴润肺治上焦温邪案,p01220,true,builtin-haiku,single_engine
DiagnosticSign_8611dbede1,Pattern_2b80694ebb,signIndicates,1,今津液已涸,代表医家 / 张畹香 / 医案选按 / 滋阴清热治风温案,p01224,true,builtin-haiku,single_engine
DiagnosticSign_1ca1f63b3f,Pattern_72b0386528,signIndicates,1,致邪陷下焦，故不得汗,代表医家 / 张畹香 / 医案选按 / 滋阴清热治风温案,p01224,true,builtin-haiku,single_engine
DiagnosticSign_1b215c9c2d,Pattern_2b80694ebb,signIndicates,1,口齿燥甚,代表医家 / 张畹香 / 医案选按 / 滋阴清热治风温案,p01224,true,builtin-haiku,single_engine
DiagnosticSign_18ec45d201,Pattern_8c5fa317c3,signIndicates,1,患经五六日，予知为阳明症,代表医家 / 张畹香 / 医案选按 / 葛根汤退阳明之身热案,p01228,true,builtin-haiku,single_engine
DiagnosticSign_f8fbb0be10,Pattern_b7ff7223df,signIndicates,1,身热、舌干，脉大本为阳明经热症,代表医家 / 张畹香 / 医案选按 / 葛根汤退阳明之身热案,p01230,true,builtin-haiku,single_engine
DiagnosticSign_f8fbb0be10,Pattern_f77a0c09e6,signExcludes,1,阳明经症仍在，未传阳明之腑,代表医家 / 张畹香 / 医案选按 / 葛根汤退阳明之身热案,p01230,true,builtin-haiku,single_engine
DiagnosticSign_7815e1cc12,Pattern_1742e839cf,signIndicates,1,舌鲜红，呃逆，脉沉小弦数，神昏，口舌燥，不饮水。予谓邪在血分,代表医家 / 张畹香 / 医案选按 / 养阴凉血托邪化斑案,p01232,true,builtin-haiku,single_engine
DiagnosticSign_3f041946ff,Pattern_adbeb7dd66,signIndicates,1,诊脉弦滞大，予谓湿热未净，伤及气分,代表医家 / 张畹香 / 医案选按 / 清解湿热治休息痢案,p01240,true,builtin-haiku,single_engine
DiagnosticSign_3b5509daa2,Pattern_bfad60747a,signIndicates,1,此肝痢也,代表医家 / 张畹香 / 医案选按 / 清肝利湿治肝痢案,p01244,true,builtin-haiku,single_engine
DiagnosticSign_3b5509daa2,Pattern_bfad60747a,signIndicates,1,"据患者痛在右腰肋，舌黄脉弦之征象，诊为""肝痢""",代表医家 / 张畹香 / 医案选按 / 清肝利湿治肝痢案,p01246,false,builtin-haiku,single_engine
DiagnosticSign_077183bfb6,Pattern_a721c40f5b,signIndicates,1,舌鲜红光洁。是肾阴大伤,代表医家 / 张畹香 / 医案选按 / 益肾温脾固涩治痢案,p01248,true,builtin-haiku,single_engine
DiagnosticSign_7569ed61cc,Pattern_a721c40f5b,signIndicates,1,脉沉虚小，侧卧不敢动。一动则肛门稀水即出。舌鲜红光洁。是肾阴大伤,代表医家 / 张畹香 / 医案选按 / 益肾温脾固涩治痢案,p01248,true,builtin-haiku,single_engine
DiagnosticSign_e3d13c2ecb,Pattern_2bbb08821e,signIndicates,1,脉弦细，舌黄，是少阳经感风热,代表医家 / 张畹香 / 医案选按 / 逍遥散治少阳经感风热咳嗽案,p01256,true,builtin-haiku,single_engine
DiagnosticSign_937ae4ad3f,Pattern_0c5f232751,signExcludes,1,尚无汗出,代表医家 / 张畹香 / 医案选按 / 逍遥散治少阳经感风热咳嗽案,p01256,true,builtin-haiku,single_engine
DiagnosticSign_e3d13c2ecb,Pattern_dd8c614bb4,signIndicates,1,为少阳经风热,代表医家 / 张畹香 / 医案选按 / 逍遥散治少阳经感风热咳嗽案,p01259,true,builtin-haiku,single_engine
DiagnosticSign_ccfee394bc,Pattern_42b38c8fe1,signIndicates,1,当用肝风射肺法,代表医家 / 张畹香 / 医案选按 / 肝风射肺法治高年素有咳血兹又发作案,p01261,true,builtin-haiku,single_engine
DiagnosticSign_8ed73f1393,Pattern_a1a4ff912b,signIndicates,1,舌白脉弦而细，乃肝阴不足，肝阳亢动,代表医家 / 张畹香 / 医案选按 / 肝风射肺法治高年素有咳血兹又发作案,p01264,true,builtin-haiku,single_engine
DiagnosticSign_b015bd0a1d,Pattern_42b38c8fe1,signIndicates,1,肝阳亢动，肝木侮金，肝风射肺所致,代表医家 / 张畹香 / 医案选按 / 肝风射肺法治高年素有咳血兹又发作案,p01264,true,builtin-haiku,single_engine
DiagnosticSign_8430ebcfa5,Pattern_42b38c8fe1,signIndicates,1,咳血痰中带血，多为邪热壅肺，灼伤肺络所致。年高体弱，素有痼疾，痰血伴有胁痛，舌白脉弦而细，乃肝阴不足，肝阳亢动，肝木侮金，肝风射肺所致,代表医家 / 张畹香 / 医案选按 / 肝风射肺法治高年素有咳血兹又发作案,p01264,true,builtin-haiku,single_engine
DiagnosticSign_ed5647186b,Pattern_51c69603ed,signIndicates,1,当属肝阳犯胃,代表医家 / 张畹香 / 医案选按 / 清肝解郁治肝阳犯胃案,p01271,true,builtin-haiku,single_engine
DiagnosticSign_66a1aa1e39,Pattern_dd80ab9fe2,signIndicates,1,舌黄脉弦，当予清泄肝经郁火,代表医家 / 张畹香 / 医案选按 / 清肝解郁治肝阳犯胃案,p01274,true,builtin-haiku,single_engine
DiagnosticSign_44cee47483,Pattern_3ac35d0952,signIndicates,1,肝火犯胃，则见胃中满闷，吐酸呕苦,代表医家 / 张畹香 / 医案选按 / 清肝解郁治肝阳犯胃案,p01274,true,builtin-haiku,single_engine
DiagnosticSign_90a218f536,Pattern_51852231e8,signIndicates,1,左脉尚弦数...是可知其血之热,代表医家 / 张畹香 / 医案选按 / 清肝凉肝治肝热血崩案,p01287,false,builtin-haiku,single_engine
DiagnosticSign_e933fc6212,Pattern_942b8ab593,signIndicates,1,经一年，曾经期至如崩，现尚早而如崩...是可知其血之热而不摄,代表医家 / 张畹香 / 医案选按 / 清肝凉肝治肝热血崩案,p01287,false,builtin-haiku,single_engine
DiagnosticSign_234b39b36f,Pattern_942b8ab593,signIndicates,1,腹中痛而胀，口渴，是可知其血之热而不摄,代表医家 / 张畹香 / 医案选按 / 清肝凉肝治肝热血崩案,p01287,true,builtin-haiku,single_engine
DiagnosticSign_90a218f536,Pattern_0f7fe4cca9,signIndicates,1,左脉弦数，为肝经血热,代表医家 / 张畹香 / 医案选按 / 清肝凉肝治肝热血崩案,p01290,true,builtin-haiku,single_engine
DiagnosticSign_c382ccdaff,Pattern_bf1e7985be,signIndicates,1,为肝经血热，迫血妄行,代表医家 / 张畹香 / 医案选按 / 清肝凉肝治肝热血崩案,p01290,true,builtin-haiku,single_engine
DiagnosticSign_db6b1c2581,Pattern_34e78c0df3,signExcludes,1,上一条，则仲景景明云痉病，且著其风强险恶之状，不当指为上甚之湿,代表医家 / 周伯度 / 原文选释 / 湿,p01325,true,builtin-haiku,single_engine
DiagnosticSign_40222cbdcc,Pattern_1e24ae9999,signIndicates,1,眼胞上下如烟煤色者，寒痰也,代表医家 / 赵晴初 / 学术观点及诊治经验 / 临床尤重望诊，四诊皆有心得,p01378,true,builtin-haiku,single_engine
DiagnosticSign_a4227c5ab9,Pattern_eb1f8f2bfb,signIndicates,1,眼黑烦赤者，热痰也,代表医家 / 赵晴初 / 学术观点及诊治经验 / 临床尤重望诊，四诊皆有心得,p01378,true,builtin-haiku,single_engine
DiagnosticSign_dde9b07e6b,Pattern_3c5772921e,signIndicates,1,五色之中青黑黯惨者，无论病之新久，总属阳气不振,代表医家 / 赵晴初 / 学术观点及诊治经验 / 临床尤重望诊，四诊皆有心得,p01378,true,builtin-haiku,single_engine
DiagnosticSign_2baa8b818e,Pattern_e9fc3f9467,signIndicates,1,目睛黄非疸即衄,代表医家 / 赵晴初 / 学术观点及诊治经验 / 临床尤重望诊，四诊皆有心得,p01378,true,builtin-haiku,single_engine
DiagnosticSign_0e2faba7ea,Pattern_85ee17bae5,signIndicates,1,新病即气壅言浊者，邪干清道也,代表医家 / 赵晴初 / 学术观点及诊治经验 / 临床尤重望诊，四诊皆有心得,p01379,true,builtin-haiku,single_engine
DiagnosticSign_f0a58fd9dc,Pattern_c3018b9b9f,signIndicates,1,病未久而语声不续者，其人中气本虚也,代表医家 / 赵晴初 / 学术观点及诊治经验 / 临床尤重望诊，四诊皆有心得,p01379,true,builtin-haiku,single_engine
DiagnosticSign_e7f8692d03,Pattern_2fd7f9f773,signIndicates,1,多言者火之用事也。,代表医家 / 赵晴初 / 学术观点及诊治经验 / 临床尤重望诊，四诊皆有心得,p01379,true,builtin-haiku,single_engine
DiagnosticSign_ae406daf9d,Pattern_751c74309a,signIndicates,1,诊时吁气者，郁结也,代表医家 / 赵晴初 / 学术观点及诊治经验 / 临床尤重望诊，四诊皆有心得,p01379,true,builtin-haiku,single_engine
DiagnosticSign_53d276cd08,Pattern_9947ed4b13,signIndicates,1,言而微，终日乃复言者，正气之夺也,代表医家 / 赵晴初 / 学术观点及诊治经验 / 临床尤重望诊，四诊皆有心得,p01379,true,builtin-haiku,single_engine
DiagnosticSign_54b7b69502,Pattern_c2b52ccb07,signIndicates,1,言语善恶不避亲疏者，神明之乱也。,代表医家 / 赵晴初 / 学术观点及诊治经验 / 临床尤重望诊，四诊皆有心得,p01379,true,builtin-haiku,single_engine
DiagnosticSign_18ec45d201,Pattern_8c0e77838d,signIndicates,1,虚则气浮，脉多浮大,代表医家 / 赵晴初 / 原文选释 / 养生至理，量入为出,p01417,true,builtin-haiku,single_engine
DiagnosticSign_6e6e56c8d3,Pattern_28ca6d1d6c,signIndicates,1,又或阳虛气陷，按之不鼓，沉细无力,代表医家 / 赵晴初 / 原文选释 / 养生至理，量入为出,p01417,true,builtin-haiku,single_engine
DiagnosticSign_f68fe9fee1,Pattern_bc5910d575,signIndicates,1,脉多细涩，甚而数涩，或浮弦搏指，皆阴虚化刚之象,代表医家 / 赵晴初 / 原文选释 / 养生至理，量入为出,p01417,true,builtin-haiku,single_engine
DiagnosticSign_5895137e55,Pattern_488811b06d,signIndicates,1,或浮弦搏指，皆阴虚化刚之象,代表医家 / 赵晴初 / 原文选释 / 养生至理，量入为出,p01417,true,builtin-haiku,single_engine
DiagnosticSign_d80cdc723d,Pattern_75e9d1aa94,signIndicates,1,患热燥之症，肺胃阴伤，津液不足，或虛痞不食，舌绛咽干,代表医家 / 赵晴初 / 原文选释 / 脾胃论,p01432,true,builtin-haiku,single_engine
DiagnosticSign_03140f1b56,Pattern_75e9d1aa94,signIndicates,1,患热燥之症，肺胃阴伤，津液不足，或虛痞不食，舌绛咽干,代表医家 / 赵晴初 / 原文选释 / 脾胃论,p01432,true,builtin-haiku,single_engine
DiagnosticSign_7105280b0e,Pattern_0f7dbb86cf,signIndicates,1,肺胃阴伤，津液不足，或虛痞不食，舌绛咽干，烦渴不寐，肌燥熇热，便不通爽，此即《内经》谓九窍不和，都属胃病,代表医家 / 赵晴初 / 原文选释 / 脾胃论,p01432,true,builtin-haiku,single_engine
DiagnosticSign_246827a744,Pattern_0f7dbb86cf,signIndicates,1,肺胃阴伤，津液不足，或虛痞不食，舌绛咽干，烦渴不寐，肌燥熇热，便不通爽，此即《内经》谓九窍不和，都属胃病,代表医家 / 赵晴初 / 原文选释 / 脾胃论,p01432,true,builtin-haiku,single_engine
DiagnosticSign_17fdb3524e,Pattern_0f7dbb86cf,signIndicates,1,肺胃阴伤，津液不足，或虛痞不食，舌绛咽干，烦渴不寐，肌燥熇热，便不通爽，此即《内经》谓九窍不和，都属胃病,代表医家 / 赵晴初 / 原文选释 / 脾胃论,p01432,true,builtin-haiku,single_engine
DiagnosticSign_09608b617b,Pattern_9a1a34a065,signIndicates,1,水肿证，头面手足肿,代表医家 / 赵晴初 / 方剂选录 / 导水茯苓汤,p01456,true,builtin-haiku,single_engine
DiagnosticSign_ed1253a6c6,Pattern_9a1a34a065,signIndicates,1,按而塌陷,代表医家 / 赵晴初 / 方剂选录 / 导水茯苓汤,p01456,true,builtin-haiku,single_engine
DiagnosticSign_79bb4da49d,Pattern_9a1a34a065,signIndicates,1,小便闭涩,代表医家 / 赵晴初 / 方剂选录 / 导水茯苓汤,p01456,true,builtin-haiku,single_engine
DiagnosticSign_cd714c3385,Pattern_951e0b46ed,signIndicates,1,风入胞门，致腹痛欲绝，其脉浮而弦,代表医家 / 赵晴初 / 方剂选录 / 产科三方,p01462,true,builtin-haiku,single_engine
DiagnosticSign_d3c08a6de8,Pattern_951e0b46ed,signIndicates,1,风入胞门，致腹痛欲绝,代表医家 / 赵晴初 / 方剂选录 / 产科三方,p01462,true,builtin-haiku,single_engine
DiagnosticSign_8ddf626a16,Pattern_a8bafc7736,signIndicates,1,此邪热在阳明经，白虎汤证也,代表医家 / 赵晴初 / 医案选按 / 发狂案,p01469,true,builtin-haiku,single_engine
DiagnosticSign_35a70bfd3e,Pattern_63d194f2cf,signIndicates,1,此邪热在阳明经，白虎汤证也。竟与白虎汤一剂,代表医家 / 赵晴初 / 医案选按 / 发狂案,p01469,true,builtin-haiku,single_engine
DiagnosticSign_4c09138114,Pattern_63d5e52106,signIndicates,1,男子亦有热结血室证，所以症现如狂见鬼，小便自利，大便不通也,代表医家 / 赵晴初 / 医案选按 / 发狂案,p01469,true,builtin-haiku,single_engine
DiagnosticSign_065770f413,Pattern_1c04eaa08e,signIndicates,1,此背水阵也。幸年方二十余，正元充足，能运药力与邪战,代表医家 / 赵晴初 / 医案选按 / 发狂案,p01469,true,builtin-haiku,single_engine
DiagnosticSign_eddfd85227,Pattern_1c60500e7f,signIndicates,1,此蓄血证也,代表医家 / 赵晴初 / 医案选按 / 发狂案,p01470,true,builtin-haiku,single_engine
DiagnosticSign_fdada05611,Pattern_1c60500e7f,signIndicates,1,此蓄血证也,代表医家 / 赵晴初 / 医案选按 / 发狂案,p01470,true,builtin-haiku,single_engine
DiagnosticSign_4db11cdc45,Pattern_1c60500e7f,signIndicates,1,此蓄血证也,代表医家 / 赵晴初 / 医案选按 / 发狂案,p01470,true,builtin-haiku,single_engine
DiagnosticSign_4c09138114,Pattern_1c60500e7f,signIndicates,1,此蓄血证也,代表医家 / 赵晴初 / 医案选按 / 发狂案,p01470,true,builtin-haiku,single_engine
DiagnosticSign_eed2f67e06,Pattern_80d986c42a,signIndicates,1,以虚则当补，寒则当温也,代表医家 / 赵晴初 / 医案选按 / 恶露不行案,p01474,true,builtin-haiku,single_engine
DiagnosticSign_88ea57b235,Pattern_bfdac6bab9,signIndicates,1,血因寒瘀而上冲于胃，冲胃者，为产后三冲急证中之一,代表医家 / 赵晴初 / 医案选按 / 恶露不行案,p01474,true,builtin-haiku,single_engine
DiagnosticSign_e37cea7e67,Pattern_ef4ba1772a,signIndicates,1,唯左小腹有块如拳大，不时攻触作痛,代表医家 / 赵晴初 / 医案选按 / 恶露不行案,p01474,true,builtin-haiku,single_engine
DiagnosticSign_8da9f61018,Pattern_5bd89961d7,signIndicates,1,此乃热盛内迫，斑疹被遏，邪入心包．热极动风之候,代表医家 / 胡宝书 / 生平与代表著作简介,p01493,true,builtin-haiku,single_engine
DiagnosticSign_eb7df2be77,Pattern_d19b108f7b,signIndicates,1,此衄，非衄也，乃红汗之外泄也，得此汗，疹可出,代表医家 / 胡宝书 / 生平与代表著作简介,p01493,true,builtin-haiku,single_engine
DiagnosticSign_ef61694005,Pattern_76ef56c79a,signIndicates,1,湿遏热伏，不得外达，身热不扬、胸膈痞塞等症,代表医家 / 胡宝书 / 学术观点及诊治经验 / 治湿重气化,p01504,true,builtin-haiku,single_engine
DiagnosticSign_8dd0b14bde,Pattern_67ef5b4a78,signIndicates,1,热入营血，见心烦不寐、身热夜甚、舌绛脉数,代表医家 / 胡宝书 / 学术观点及诊治经验 / 治湿重气化,p01504,true,builtin-haiku,single_engine
DiagnosticSign_9ca56edf70,Pattern_f2cb897058,signIndicates,1,邪闭心包，见身热自溺、神昏谵语、角弓反张者,代表医家 / 胡宝书 / 学术观点及诊治经验 / 治湿重气化,p01504,true,builtin-haiku,single_engine
DiagnosticSign_314da2e122,Pattern_2972d70ce0,signIndicates,1,湿热不扬、病程粘滞不愈者，发㾦者,代表医家 / 胡宝书 / 学术观点及诊治经验 / 治湿重气化,p01504,true,builtin-haiku,single_engine
DiagnosticSign_ee00b922b5,Pattern_602fef61c9,signIndicates,1,邪陷入里，蒸迫脏腑,代表医家 / 胡宝书 / 学术观点及诊治经验 / 用药尚轻灵,p01509,true,builtin-haiku,single_engine
DiagnosticSign_50690ba849,Pattern_9c0c3ab2da,signIndicates,1,是大危之象,代表医家 / 胡宝书 / 学术观点及诊治经验 / 用药尚轻灵,p01509,true,builtin-haiku,single_engine
DiagnosticSign_5e74cdbef5,Pattern_9c0c3ab2da,signIndicates,1,是大危之象,代表医家 / 胡宝书 / 学术观点及诊治经验 / 用药尚轻灵,p01509,true,builtin-haiku,single_engine
DiagnosticSign_7601ee582e,Pattern_71820f930b,signIndicates,1,烦躁呓语，躁热苔黄，为热邪亢盛之象,代表医家 / 胡宝书 / 学术观点及诊治经验 / 用药尚轻灵,p01511,true,builtin-haiku,single_engine
DiagnosticSign_5e74cdbef5,Pattern_12e37aa999,signIndicates,1,口燥气逆，则阴液受灼之兆,代表医家 / 胡宝书 / 学术观点及诊治经验 / 用药尚轻灵,p01511,true,builtin-haiku,single_engine
DiagnosticSign_95ed1ef14e,Pattern_e0abff5dd4,signIndicates,1,服前方二剂，腹中少舒,代表医家 / 胡宝书 / 学术观点及诊治经验 / 运用理气药的特点,p01537,true,builtin-haiku,single_engine
DiagnosticSign_3159f396e6,Pattern_15451fb4bc,signIndicates,1,脉来濡小，小便清长。病在太阴,代表医家 / 胡宝书 / 学术观点及诊治经验 / 治痢特色,p01562,true,builtin-haiku,single_engine
DiagnosticSign_3159f396e6,Pattern_ea6bb9e582,signIndicates,1,脉来濡小，并兼小便清长，知其属寒无疑,代表医家 / 胡宝书 / 学术观点及诊治经验 / 治痢特色,p01562,true,builtin-haiku,single_engine
DiagnosticSign_25e019a02e,Pattern_0ed2c2eb79,signExcludes,1,非腑病湿热可比,代表医家 / 胡宝书 / 学术观点及诊治经验 / 治痢特色,p01562,true,builtin-haiku,single_engine
DiagnosticSign_87467dd33e,Pattern_5357584597,signIndicates,1,哕逆者胃寒也,代表医家 / 胡宝书 / 学术观点及诊治经验 / 治痢特色,p01563,true,builtin-haiku,single_engine
DiagnosticSign_1f4c7fd0cb,Pattern_38eb83391c,signIndicates,1,下痢者肠热也,代表医家 / 胡宝书 / 学术观点及诊治经验 / 治痢特色,p01563,true,builtin-haiku,single_engine
DiagnosticSign_bcfc1134a9,Pattern_20357f99f6,signIndicates,1,乃肠滞不通,代表医家 / 胡宝书 / 学术观点及诊治经验 / 治痢特色,p01570,true,builtin-haiku,single_engine
DiagnosticSign_870bbde6e1,Pattern_c94bc4181b,signIndicates,1,脉复弦迟，湿热潜伏太阴,代表医家 / 胡宝书 / 学术观点及诊治经验 / 治痢特色,p01571,true,builtin-haiku,single_engine
DiagnosticSign_b74a8d6cd1,Pattern_8b47035a92,signIndicates,1,湿蒸热郁，传导失其常度，蒸为败浊，脓血下注，肛门热痛，腹痛后重,代表医家 / 胡宝书 / 学术观点及诊治经验 / 治痢特色,p01571,true,builtin-haiku,single_engine
DiagnosticSign_6263af5967,Pattern_4e521e43c7,signIndicates,1,伤气则下白,代表医家 / 胡宝书 / 学术观点及诊治经验 / 治痢特色,p01571,true,builtin-haiku,single_engine
DiagnosticSign_cc1fae5af8,Pattern_8dfcd7bc0e,signIndicates,1,伤血则下赤,代表医家 / 胡宝书 / 学术观点及诊治经验 / 治痢特色,p01571,true,builtin-haiku,single_engine
DiagnosticSign_06c199caad,Pattern_bb693ffb56,signIndicates,1,肺卫不宣，咳嗽痰多,代表医家 / 胡宝书 / 医案选按 / 春温,p01606,true,builtin-haiku,single_engine
DiagnosticSign_ab0d0b5daa,Pattern_8b0b503c06,signIndicates,1,风寒外侵，肺卫不宣，咳嗽痰多，恶寒身热，苔白脉浮,代表医家 / 胡宝书 / 医案选按 / 春温,p01606,true,builtin-haiku,single_engine
DiagnosticSign_ab0d0b5daa,Pattern_11cd311bff,signIndicates,1,邪在肌表，故现脉浮苔白,代表医家 / 胡宝书 / 医案选按 / 春温,p01609,true,builtin-haiku,single_engine
DiagnosticSign_074aa56ee6,Pattern_f0c2509e0d,signIndicates,1,恶寒身热，乃肌表邪正相争之表现,代表医家 / 胡宝书 / 医案选按 / 春温,p01609,true,builtin-haiku,single_engine
DiagnosticSign_06c199caad,Pattern_defe27bcf5,signIndicates,1,咳嗽痰多，肺气不宣也,代表医家 / 胡宝书 / 医案选按 / 春温,p01609,true,builtin-haiku,single_engine
DiagnosticSign_b9f5634b50,Pattern_46cab433b6,signIndicates,1,脉来滑数，身热口燥，恶心，中宫停积不化，苔色黄燥而厚，症属湿温,代表医家 / 胡宝书 / 医案选按 / 湿温,p01612,true,builtin-haiku,single_engine
DiagnosticSign_ee00b922b5,Pattern_214f8978e3,signIndicates,1,苔色黄厚而燥，口渴，大便欲解不爽，脉象与前略有转机，此邪热结于阳明,代表医家 / 胡宝书 / 医案选按 / 湿温,p01613,true,builtin-haiku,single_engine
DiagnosticSign_b9f5634b50,Pattern_419af6c7f1,signIndicates,1,脉滑数苔黄燥身热口燥之症，势所必然,代表医家 / 胡宝书 / 医案选按 / 湿温,p01617,false,builtin-haiku,single_engine
DiagnosticSign_edfad9024c,Pattern_139f897c0d,signIndicates,1,脉滑数说明病入阳明而外证未解,代表医家 / 胡宝书 / 医案选按 / 湿温,p01617,false,builtin-haiku,single_engine
DiagnosticSign_e71449e683,Pattern_1b6ae2e898,signIndicates,1,脉象与前略有转机，这是辨证的关键所在，说明胃气尚存,代表医家 / 胡宝书 / 医案选按 / 湿温,p01617,false,builtin-haiku,single_engine
DiagnosticSign_edfad9024c,Pattern_d157c4c5b5,signExcludes,1,而阳明病之脉，经证当见脉洪大、腑证当见脉沉实，今证脉不符,代表医家 / 胡宝书 / 医案选按 / 湿温,p01617,true,builtin-haiku,single_engine
DiagnosticSign_2eb65e2aac,Pattern_cd1b9a6ea9,signIndicates,1,苔黄而燥，脉弦，惟左尺兼迟。此太阴之湿与阳明之热相合矣,代表医家 / 胡宝书 / 医案选按 / 暑温,p01620,true,builtin-haiku,single_engine
DiagnosticSign_8ed73f1393,Pattern_924d31da2f,signIndicates,1,苔黄而燥，脉弦，惟左尺兼迟。此太阴之湿与阳明之热相合矣,代表医家 / 胡宝书 / 医案选按 / 暑温,p01620,true,builtin-haiku,single_engine
DiagnosticSign_5e624053d3,Pattern_39a8dd7926,signIndicates,1,谵语，神识模糊……邪恐内陷,代表医家 / 胡宝书 / 医案选按 / 暑温,p01620,false,builtin-haiku,single_engine
DiagnosticSign_4dc68ce8b3,Pattern_786d496278,signIndicates,1,此乃阳明不和，湿转化热矣,代表医家 / 胡宝书 / 医案选按 / 暑温,p01621,true,builtin-haiku,single_engine
DiagnosticSign_a2fae3c168,Pattern_bcb61c7f1a,signIndicates,1,苔燥干结，此热邪传入巨阳,代表医家 / 胡宝书 / 医案选按 / 伏暑,p01628,true,builtin-haiku,single_engine
DiagnosticSign_8884d7df59,Pattern_f741a827a8,signIndicates,1,脉虚防痉昏之变,代表医家 / 胡宝书 / 医案选按 / 伏暑,p01628,true,builtin-haiku,single_engine
DiagnosticSign_0c1e20966f,Pattern_e65df68009,signIndicates,1,热结阳明之状已现，如苔燥质红、大便干结,代表医家 / 胡宝书 / 医案选按 / 伏暑,p01631,true,builtin-haiku,single_engine
DiagnosticSign_8884d7df59,Pattern_e09f1f72d0,signIndicates,1,由于正不胜邪，出现脉虚,代表医家 / 胡宝书 / 医案选按 / 伏暑,p01631,false,builtin-haiku,single_engine
DiagnosticSign_0abbee24f0,Pattern_6cb2ab993b,signIndicates,1,舌燥脉数，防痉脱,代表医家 / 胡宝书 / 医案选按 / 秋燥,p01634,true,builtin-haiku,single_engine
DiagnosticSign_f6a8eb42cf,Pattern_ff11076e51,signIndicates,1,湿已化燥，津液被劫，肝风易动，舌燥脉数,代表医家 / 胡宝书 / 医案选按 / 秋燥,p01634,true,builtin-haiku,single_engine
DiagnosticSign_c28d4875e2,Pattern_aa54aae14b,signIndicates,1,舌滑嫩黄,代表医家 / 邵兰荪 / 学术观点和诊治经验 / 用药轻宣多平和,p01651,true,builtin-haiku,single_engine
DiagnosticSign_5816ed8408,Pattern_565fda29dd,signIndicates,1,脉濡,代表医家 / 邵兰荪 / 学术观点和诊治经验 / 用药轻宣多平和,p01651,true,builtin-haiku,single_engine
DiagnosticSign_419d373042,Pattern_9bdaa781a5,signIndicates,1,腰坠,代表医家 / 邵兰荪 / 学术观点和诊治经验 / 用药轻宣多平和,p01651,true,builtin-haiku,single_engine
DiagnosticSign_16e397b435,Pattern_e28c26bc29,signIndicates,1,证见膀胱湿热、湿热阻肺者,代表医家 / 邵兰荪 / 学术观点和诊治经验 / 善用药引有奇思,p01659,true,builtin-haiku,single_engine
DiagnosticSign_8884d7df59,Pattern_9b04ceabef,signIndicates,1,此病为冲任皆虚所致,代表医家 / 邵兰荪 / 学术观点和诊治经验 / 妇人患病重冲任,p01662,true,builtin-haiku,single_engine
DiagnosticSign_7d96edf0cd,Pattern_c89f4966ff,signIndicates,1,气血不调则冲任失和，经带之病渐起,代表医家 / 邵兰荪 / 学术观点和诊治经验 / 妇人患病重冲任,p01662,true,builtin-haiku,single_engine
DiagnosticSign_8834ad6eda,Pattern_f17b1522cf,signIndicates,1,此病为胃纳不旺、肾虚不固所致冲任失约、精血不化,代表医家 / 邵兰荪 / 学术观点和诊治经验 / 妇人患病重冲任,p01662,true,builtin-haiku,single_engine
DiagnosticSign_bf68cb0d22,Pattern_175b53754e,signIndicates,1,暑湿伤气，脘闷发热，脉濡，右弦细，舌滑白，溺数，恶心,代表医家 / 邵兰荪 / 医案选按 / 暑湿,p01666,true,builtin-haiku,single_engine
DiagnosticSign_49826eec20,Pattern_175b53754e,signIndicates,1,暑湿伤气，舌灰黄,代表医家 / 邵兰荪 / 医案选按 / 暑湿,p01674,true,builtin-haiku,single_engine
DiagnosticSign_937ae4ad3f,Pattern_175b53754e,signIndicates,1,暑湿伤气，舌灰黄，汗出发热,代表医家 / 邵兰荪 / 医案选按 / 暑湿,p01674,true,builtin-haiku,single_engine
DiagnosticSign_8884d7df59,Pattern_175b53754e,signIndicates,1,暑湿伤气，舌灰黄，汗出发热，脉虚,代表医家 / 邵兰荪 / 医案选按 / 暑湿,p01674,true,builtin-haiku,single_engine
DiagnosticSign_5cdaf6eaab,Pattern_0470fc9c11,signIndicates,1,自汗发热而头目不爽，脉虚右濡，尤为伤暑夹湿之征,代表医家 / 邵兰荪 / 医案选按 / 暑湿,p01678,true,builtin-haiku,single_engine
DiagnosticSign_b99195b10f,Pattern_0470fc9c11,signIndicates,1,自汗发热而头目不爽，脉虚右濡，尤为伤暑夹湿之征,代表医家 / 邵兰荪 / 医案选按 / 暑湿,p01678,true,builtin-haiku,single_engine
DiagnosticSign_851985f3f9,Pattern_0470fc9c11,signIndicates,1,脉虚右濡，尤为伤暑夹湿之征,代表医家 / 邵兰荪 / 医案选按 / 暑湿,p01678,true,builtin-haiku,single_engine
DiagnosticSign_3e30571dec,Pattern_2aff0cdc02,signIndicates,1,湿热着经络，寒热交作，脉弦濡，舌黄滑，口渴，足跗冷彻骨中,代表医家 / 邵兰荪 / 医案选按 / 暑湿,p01680,true,builtin-haiku,single_engine
DiagnosticSign_16b7c0209b,Pattern_09f7f042e8,signIndicates,1,温邪未净，脉尚大，午后肌热，舌白滑，呛咳面浮，大便溏薄,代表医家 / 邵兰荪 / 医案选按 / 温热,p01692,true,builtin-haiku,single_engine
DiagnosticSign_0abbee24f0,Pattern_c855807f36,signIndicates,1,温邪上郁，头目不爽，脉数,代表医家 / 邵兰荪 / 医案选按 / 温热,p01698,true,builtin-haiku,single_engine
DiagnosticSign_83b68e2dbf,Pattern_c855807f36,signIndicates,1,舌微黄，身热肢楚,代表医家 / 邵兰荪 / 医案选按 / 温热,p01698,true,builtin-haiku,single_engine
DiagnosticSign_e3d13c2ecb,Pattern_c5246da6e9,signIndicates,1,脉弦细，舌转微白，潮热较差，食入恶心。宜清肺胃化痰,代表医家 / 邵兰荪 / 医案选按 / 咳嗽,p01717,true,builtin-haiku,single_engine
DiagnosticSign_8e87950ce5,Pattern_c5246da6e9,signIndicates,1,脉弦细，舌转微白，潮热较差，食入恶心。宜清肺胃化痰,代表医家 / 邵兰荪 / 医案选按 / 咳嗽,p01717,true,builtin-haiku,single_engine
DiagnosticSign_97e206ad47,Pattern_c5246da6e9,signIndicates,1,呛咳喉痒，脉弦细，舌转微白，潮热较差，食入恶心。宜清肺胃化痰,代表医家 / 邵兰荪 / 医案选按 / 咳嗽,p01717,true,builtin-haiku,single_engine
DiagnosticSign_8e87950ce5,Pattern_886a0a186a,signIndicates,1,舌转微白，继则溲溺变赤，是属更感新邪之候,代表医家 / 邵兰荪 / 医案选按 / 咳嗽,p01724,true,builtin-haiku,single_engine
DiagnosticSign_0c307e27da,Pattern_886a0a186a,signIndicates,1,舌转微白，继则溲溺变赤，是属更感新邪之候,代表医家 / 邵兰荪 / 医案选按 / 咳嗽,p01724,true,builtin-haiku,single_engine
DiagnosticSign_0099681210,Pattern_a874605aa5,signIndicates,1,望舌一端，用以察病,代表医家 / 曹炳章 / 学术观点与诊治经验 / 见微知著，四诊尤重审舌,p01751,true,builtin-haiku,single_engine
DiagnosticSign_dde8ab3713,Pattern_de26deffcc,signExcludes,1,非若切脉凭指之涉于惝恍而杳无可据者比,代表医家 / 曹炳章 / 学术观点与诊治经验 / 见微知著，四诊尤重审舌,p01751,true,builtin-haiku,single_engine
DiagnosticSign_23c90f8367,Pattern_04f218781e,signIndicates,1,总核病状，多是内真热而外假寒,代表医家 / 曹炳章 / 学术观点与诊治经验 / 详辨霍乱，救急善用成药,p01762,true,builtin-haiku,single_engine
DiagnosticSign_c22aee566f,Pattern_fa8590f68e,signExcludes,1,虽有肢冷脉伏似寒象，即所谓热深厥深是也,代表医家 / 曹炳章 / 学术观点与诊治经验 / 详辨霍乱，救急善用成药,p01762,true,builtin-haiku,single_engine
DiagnosticSign_0a8dffee28,Pattern_7c91d754e6,signIndicates,1,舌色多红，苔多黄燥，皆口渴引饮，吐利臭秽，小便短赤，肛热如火,代表医家 / 曹炳章 / 学术观点与诊治经验 / 详辨霍乱，救急善用成药,p01762,true,builtin-haiku,single_engine
DiagnosticSign_c1f09bfdd4,Pattern_e50954e998,signIndicates,1,见有痧点隐隐及周身肤腠通红者，无论晒痧红肿腐烂与否，但觉咽痛，均属喉痧,代表医家 / 曹炳章 / 学术观点与诊治经验 / 防治并举，长于透痧宽喉,p01768,true,builtin-haiku,single_engine
DiagnosticSign_e78fded347,Pattern_cd48f5b2f6,signIndicates,1,皆发于肺胃,代表医家 / 曹炳章 / 学术观点与诊治经验 / 防治并举，长于透痧宽喉,p01768,true,builtin-haiku,single_engine
DiagnosticSign_2eba051dc1,Pattern_cd48f5b2f6,signIndicates,1,皆发于肺胃,代表医家 / 曹炳章 / 学术观点与诊治经验 / 防治并举，长于透痧宽喉,p01768,true,builtin-haiku,single_engine
DiagnosticSign_d26d450227,Pattern_4b1a547099,signIndicates,1,此因肝热湿痰在胃,代表医家 / 曹炳章 / 学术观点与诊治经验 / 防治并举，长于透痧宽喉,p01768,true,builtin-haiku,single_engine
DiagnosticSign_c3c4e2e6c7,Pattern_05b71f39a8,signExcludes,1,邪微者，仍能饮食,代表医家 / 曹炳章 / 学术观点与诊治经验 / 防治并举，长于透痧宽喉,p01768,true,builtin-haiku,single_engine
DiagnosticSign_29b59a30f7,Pattern_7088a55547,signIndicates,1,此初起之候,代表医家 / 曹炳章 / 学术观点与诊治经验 / 防治并举，长于透痧宽喉,p01771,true,builtin-haiku,single_engine
DiagnosticSign_f1c453f0e2,Pattern_8b32201a89,signIndicates,1,此白喉之剧症也,代表医家 / 曹炳章 / 学术观点与诊治经验 / 防治并举，长于透痧宽喉,p01771,true,builtin-haiku,single_engine
DiagnosticSign_fd33db1b73,Pattern_6c4e03a8c6,signIndicates,1,正虚者，灼热无汗，脉极细软，面色㿠白，或淡红微燥，此正气虚脱也,代表医家 / 曹炳章 / 学术观点与诊治经验 / 防治并举，长于透痧宽喉,p01774,true,builtin-haiku,single_engine
DiagnosticSign_a7db780bd7,Pattern_cc26c4a071,signIndicates,1,阴虚者，症同正虚，唯舌绛且光，脉丝细数，甚或痉厥，此阴液枯涸也,代表医家 / 曹炳章 / 学术观点与诊治经验 / 防治并举，长于透痧宽喉,p01774,true,builtin-haiku,single_engine
DiagnosticSign_e6e0344d59,Pattern_b63fa33113,signIndicates,1,初起浮之濡涩，按之沉滑，此伏气在内，肌腠怫郁之象也,代表医家 / 曹炳章 / 学术观点与诊治经验 / 防治并举，长于透痧宽喉,p01775,true,builtin-haiku,single_engine
DiagnosticSign_7ba884ab22,Pattern_05ba9420bd,signIndicates,1,脉形郁伏者，疫邪遏于表也,代表医家 / 曹炳章 / 学术观点与诊治经验 / 防治并举，长于透痧宽喉,p01775,true,builtin-haiku,single_engine
DiagnosticSign_9e042c7296,Pattern_043fc6ddc2,signIndicates,1,右寸伏者，误进寒凉，喉已腐而肺气不布也,代表医家 / 曹炳章 / 学术观点与诊治经验 / 防治并举，长于透痧宽喉,p01775,true,builtin-haiku,single_engine
DiagnosticSign_02e4adbfe7,Pattern_95fdbdf5e4,signIndicates,1,左关独弦者，阴气先伤，邪气乘虚而犯肝胆也,代表医家 / 曹炳章 / 学术观点与诊治经验 / 防治并举，长于透痧宽喉,p01775,true,builtin-haiku,single_engine
DiagnosticSign_2deee9d031,Pattern_2303bb579b,signIndicates,1,沉数或沉弦，或右寸独大，或两寸并沉，或左部兼紧者，皆邪郁未伸之象也,代表医家 / 曹炳章 / 学术观点与诊治经验 / 防治并举，长于透痧宽喉,p01775,true,builtin-haiku,single_engine
DiagnosticSign_c648d8fca6,Pattern_bde0a7bf17,signIndicates,1,舌苔白滑者，表有风寒，湿邪未化火也,代表医家 / 曹炳章 / 学术观点与诊治经验 / 防治并举，长于透痧宽喉,p01776,true,builtin-haiku,single_engine
DiagnosticSign_196459bef7,Pattern_9eb54a1502,signIndicates,1,舌白不渴，或微渴而兼滑膩者，内挟秽浊不正之气也,代表医家 / 曹炳章 / 学术观点与诊治经验 / 防治并举，长于透痧宽喉,p01776,true,builtin-haiku,single_engine
DiagnosticSign_e425900a6f,Pattern_0cd6ef9994,signIndicates,1,或渴甚而苔仍白滑者，邪火束表分也,代表医家 / 曹炳章 / 学术观点与诊治经验 / 防治并举，长于透痧宽喉,p01776,true,builtin-haiku,single_engine
DiagnosticSign_03472abddc,Pattern_25fb71f8a2,signIndicates,1,舌苔微黄者，邪在胃经气分，渐从热化也,代表医家 / 曹炳章 / 学术观点与诊治经验 / 防治并举，长于透痧宽喉,p01776,true,builtin-haiku,single_engine
DiagnosticSign_9229dbf280,Pattern_f43e543f5b,signIndicates,1,黄燥者，痧毒内炽也,代表医家 / 曹炳章 / 学术观点与诊治经验 / 防治并举，长于透痧宽喉,p01776,true,builtin-haiku,single_engine
DiagnosticSign_0203e621bd,Pattern_3a3f38b910,signIndicates,1,舌尖绛者，热邪由血管直逼心房也,代表医家 / 曹炳章 / 学术观点与诊治经验 / 防治并举，长于透痧宽喉,p01776,true,builtin-haiku,single_engine
DiagnosticSign_807401b34e,Pattern_333370865b,signIndicates,1,舌纯绛，色鲜泽，边尖起刺，痧已透者，为营热外泄,代表医家 / 曹炳章 / 学术观点与诊治经验 / 防治并举，长于透痧宽喉,p01776,true,builtin-haiku,single_engine
DiagnosticSign_d2780a3019,Pattern_9f15c168f8,signIndicates,1,未透者，舌必紫绛而干，根边多带黄白厚膩之苔，此表邪未达，痧毒已渐及营分，为难治,代表医家 / 曹炳章 / 学术观点与诊治经验 / 防治并举，长于透痧宽喉,p01776,true,builtin-haiku,single_engine
DiagnosticSign_41924c4c67,Pattern_2190628760,signIndicates,1,舌绛中心焦黑者，血液因痧毒内燔，而津液枯涸也,代表医家 / 曹炳章 / 学术观点与诊治经验 / 防治并举，长于透痧宽喉,p01776,true,builtin-haiku,single_engine
DiagnosticSign_8d0a3d1398,Pattern_06c7fdf4f7,signIndicates,1,舌黑起刺者，血枯液涸也,代表医家 / 曹炳章 / 学术观点与诊治经验 / 防治并举，长于透痧宽喉,p01776,false,builtin-haiku,single_engine
DiagnosticSign_03aa64ee09,Pattern_c40a0a5cd9,signIndicates,1,舌干绛而硬，中心焦，神昏者，痧毒攻心也,代表医家 / 曹炳章 / 学术观点与诊治经验 / 防治并举，长于透痧宽喉,p01776,true,builtin-haiku,single_engine
DiagnosticSign_5bdc3b644d,Pattern_e50954e998,signExcludes,1,白喉苔白必燥，而舌质仍红，不若喉痧之苔滑，粘涎满口,代表医家 / 曹炳章 / 学术观点与诊治经验 / 防治并举，长于透痧宽喉,p01776,true,builtin-haiku,single_engine
DiagnosticSign_d724841912,Pattern_e1d898d1c2,signIndicates,1,若是白喉,代表医家 / 曹炳章 / 学术观点与诊治经验 / 防治并举，长于透痧宽喉,p01780,true,builtin-haiku,single_engine
DiagnosticSign_3d110d3d8d,Pattern_c8a585a3ba,signIndicates,1,如果六脉沉迟，表里皆寒，的系三阴寒证者,代表医家 / 曹炳章 / 原文选释 / 论夹阴伤寒,p01789,true,builtin-haiku,single_engine
DiagnosticSign_f6a49ea5a3,Pattern_6f2c389799,signExcludes,1,若果直入三阴，则断无发热之理,代表医家 / 曹炳章 / 原文选释 / 论夹阴伤寒,p01789,true,builtin-haiku,single_engine
DiagnosticSign_970009f8fd,Pattern_ccadcc418c,signIndicates,1,必有恶寒蜷卧，厥冷喜热等症，方可用温散也,代表医家 / 曹炳章 / 原文选释 / 论夹阴伤寒,p01789,true,builtin-haiku,single_engine
DiagnosticSign_bf4209757d,Pattern_c4781f866b,signIndicates,1,所见脉证，的系阳邪，发热烦渴便闭，并无三阴寒证者，即使其人本体虚弱，又复房劳过度，亦从阳治,代表医家 / 曹炳章 / 原文选释 / 论夹阴伤寒,p01789,true,builtin-haiku,single_engine
DiagnosticSign_852fcf56c3,Pattern_da1148d0da,signIndicates,1,煎熬津液，鼻干口渴便闭，渐至发厥者，不问而知为热也,代表医家 / 曹炳章 / 原文选释 / 论夹阴伤寒,p01790,true,builtin-haiku,single_engine
DiagnosticSign_48aa491a4a,Pattern_f4a21b5f89,signIndicates,1,唇青面白，遍体冷汗，便利不渴，身倦多睡，醒则人事了了,代表医家 / 曹炳章 / 原文选释 / 论夹阴伤寒,p01790,true,builtin-haiku,single_engine
DiagnosticSign_c60eee16bd,Pattern_71d536a969,signExcludes,1,醒则人事了了，与伤寒传经之热邪转入转深，人事昏厥者万万不同,代表医家 / 曹炳章 / 原文选释 / 论夹阴伤寒,p01790,true,builtin-haiku,single_engine
DiagnosticSign_98bab9f81c,Pattern_de3a0a61d1,signIndicates,1,若面黧舌黑，身如枯柴，一团邪火内燔腑脏，则阴已先尽,代表医家 / 曹炳章 / 原文选释 / 论夹阴伤寒,p01790,true,builtin-haiku,single_engine
DiagnosticSign_129cc3c14c,Pattern_91ec85a3b3,signIndicates,1,其人发烦躁，而舌黑生芒，则就死矣,代表医家 / 曹炳章 / 原文选释 / 论夹阴伤寒,p01790,true,builtin-haiku,single_engine
DiagnosticSign_b5006fe35a,Pattern_eae0644930,signIndicates,1,其平日必言语底微，饮食不化，四肢痿厥，腰以下冷，前阴不举，小便清白。此为正气不足，复为寒邪所袭,代表医家 / 曹炳章 / 原文选释 / 论夹阴伤寒,p01790,true,builtin-haiku,single_engine
DiagnosticSign_d5ee3b6c1f,Pattern_b9b4b8a036,signIndicates,1,伤寒热退新瘥，即犯房事，名曰房劳复，身热、下身沉重疼痛,代表医家 / 曹炳章 / 原文选释 / 论夹阴伤寒,p01790,true,builtin-haiku,single_engine
DiagnosticSign_3d110d3d8d,Pattern_c8a585a3ba,signIndicates,1,六脉沉迟，表里皆寒，的系三阴寒证,代表医家 / 曹炳章 / 原文选释 / 论夹阴伤寒,p01793,true,builtin-haiku,single_engine
DiagnosticSign_3d110d3d8d,Pattern_4f0e16f658,signExcludes,1,若使所见脉证，的系阳邪，发热烦渴便闭，并无三阴寒证,代表医家 / 曹炳章 / 原文选释 / 论夹阴伤寒,p01793,true,builtin-haiku,single_engine
DiagnosticSign_b7682cccdb,Pattern_f57d3346bd,signIndicates,1,肢体时疼者，邪与荣气搏也,代表医家 / 曹炳章 / 原文选释 / 论夹痨伤寒,p01797,true,builtin-haiku,single_engine
DiagnosticSign_d8c6acd467,Pattern_7ab68ea046,signIndicates,1,脉数身热不去者，邪火病郁也,代表医家 / 曹炳章 / 原文选释 / 论夹痨伤寒,p01797,true,builtin-haiku,single_engine
DiagnosticSign_fdada05611,Pattern_15d216e4d5,signIndicates,1,断其为热入血室淤塞胞门，胞门淤阻不除,代表医家 / 曹炳章 / 原文选释 / 论临经伤寒,p01802,true,builtin-haiku,single_engine
DiagnosticSign_852fcf56c3,Pattern_265e63e4ea,signIndicates,1,因热逼血室，经水受迫而来，以致热入血室,代表医家 / 曹炳章 / 原文选释 / 论临经伤寒,p01802,true,builtin-haiku,single_engine
DiagnosticSign_ffc048521f,Pattern_c220b0b0bf,signIndicates,1,未净经止，证现耳聋目闭，手足瘛疭，神昏谵语，便闭溲涩,代表医家 / 曹炳章 / 原文选释 / 论临经伤寒,p01802,true,builtin-haiku,single_engine
DiagnosticSign_135defbe8a,Pattern_0e5424317a,signIndicates,1,次晨复诊，脉势已平，而舌苔松腐，黑垢满堆,代表医家 / 曹炳章 / 原文选释 / 论临经伤寒,p01802,true,builtin-haiku,single_engine
DiagnosticSign_18907d74bc,Pattern_3d45972601,signIndicates,1,项背反张，四肢抽搐，手指固握，乃气虚不固肢体也,代表医家 / 曹炳章 / 原文选释 / 论伤寒转痉,p01813,true,builtin-haiku,single_engine
DiagnosticSign_d77488b842,Pattern_a965f92584,signIndicates,1,两目天吊，口噤不开，乃气虚不上升也,代表医家 / 曹炳章 / 原文选释 / 论伤寒转痉,p01813,true,builtin-haiku,single_engine
DiagnosticSign_dcf33a20d4,Pattern_60099920ee,signIndicates,1,口流涎沫，乃气虚不归原也,代表医家 / 曹炳章 / 原文选释 / 论伤寒转痉,p01813,true,builtin-haiku,single_engine
DiagnosticSign_a2c3a6aec6,Pattern_3e9dd81f06,signIndicates,1,若露睛天吊，不食不哭，痰鸣气喘，病虽沉重，乃可治之证,代表医家 / 曹炳章 / 原文选释 / 论伤寒转痉,p01813,true,builtin-haiku,single_engine
DiagnosticSign_b9bb59c5f4,Pattern_8e0079b833,signIndicates,1,若天庭灰黑，肾子收缺，或脉微细，或脉全无，外形虽轻，乃不治之症,代表医家 / 曹炳章 / 原文选释 / 论伤寒转痉,p01813,false,builtin-haiku,single_engine
DiagnosticSign_215b95e305,Pattern_9d6ce38416,signIndicates,1,必兼烦闷干呕，口燥不纳等症,代表医家 / 曹炳章 / 原文选释 / 论伤寒食复,p01818,true,builtin-haiku,single_engine
DiagnosticSign_d8b7bc5564,Pattern_30e7099804,signIndicates,1,脉洪大者，人参白虎汤加葛根、黄连,代表医家 / 曹炳章 / 原文选释 / 论伤寒食复,p01818,true,builtin-haiku,single_engine
DiagnosticSign_c338daa365,Pattern_dba1ddaa24,signIndicates,1,食猪肉及羊血肥鱼油腻等，必大下利，难治,代表医家 / 曹炳章 / 原文选释 / 论伤寒食复,p01818,true,builtin-haiku,single_engine
DiagnosticSign_c6c398d1fe,Pattern_b9b4b8a036,signIndicates,1,治房劳头重眼花,代表医家 / 曹炳章 / 原文选释 / 论伤寒食复,p01824,true,builtin-haiku,single_engine
DiagnosticSign_31b3fb61d5,Pattern_d41de32469,signIndicates,1,小腹绞痛,代表医家 / 曹炳章 / 原文选释 / 论伤寒食复,p01824,true,builtin-haiku,single_engine
DiagnosticSign_6f689c8c08,Pattern_d41de32469,signIndicates,1,女劳复，头重目花，腹中绞痛有热者,代表医家 / 曹炳章 / 原文选释 / 论伤寒食复,p01824,true,builtin-haiku,single_engine
DiagnosticSign_1a249a9dcb,Pattern_66159acd14,signIndicates,1,小腹急痛，连腰胯痛,代表医家 / 曹炳章 / 原文选释 / 论伤寒食复,p01824,true,builtin-haiku,single_engine
DiagnosticSign_751e767d94,Pattern_da1148d0da,signExcludes,1,四肢不仁，无热者,代表医家 / 曹炳章 / 原文选释 / 论伤寒食复,p01824,true,builtin-haiku,single_engine
DiagnosticSign_351e34229f,Pattern_ef3efa0590,signIndicates,1,阴阳易病，热气上冲，胸中烦闷，手足挛拳，搐搦如风状,代表医家 / 曹炳章 / 原文选释 / 论伤寒食复,p01824,true,builtin-haiku,single_engine
DiagnosticSign_4c09138114,Pattern_921d072c5a,signIndicates,1,大便不通，昏乱惊惕者,代表医家 / 曹炳章 / 原文选释 / 论伤寒食复,p01824,true,builtin-haiku,single_engine
DiagnosticSign_7c8f7266d7,Pattern_aba16de103,signIndicates,1,小腹里急，脉沉逆冷,代表医家 / 曹炳章 / 原文选释 / 论伤寒食复,p01824,true,builtin-haiku,single_engine
DiagnosticSign_103a9f3ea8,Pattern_bccebaaedc,signIndicates,1,当吐舌数寸。其妇闻其夫瘥，从百余里来省之，经数交接，三日发热，口噤，临死舌出数寸,代表医家 / 曹炳章 / 原文选释 / 论伤寒食复,p01825,true,builtin-haiku,single_engine
DiagnosticSign_1a249a9dcb,Pattern_e75fd3064a,signIndicates,1,以房室即小腹急痛，手足拘挛而死,代表医家 / 曹炳章 / 原文选释 / 论伤寒食复,p01825,true,builtin-haiku,single_engine
DiagnosticSign_c116e39110,Pattern_e75fd3064a,signIndicates,1,已能射猎，以房室即吐涎而死,代表医家 / 曹炳章 / 原文选释 / 论伤寒食复,p01825,true,builtin-haiku,single_engine
DiagnosticSign_b0f1bc187d,Pattern_b8db91dad8,signIndicates,1,治湿霍乱初起舌白，上吐下泻，脘闷腹痛，寒热口不渴,代表医家 / 曹炳章 / 方剂选录 / 治霍乱常用方,p01835,true,builtin-haiku,single_engine
DiagnosticSign_5c2dbda5ee,Pattern_7c91d754e6,signIndicates,1,治热霍乱舌灰腻,代表医家 / 曹炳章 / 方剂选录 / 治霍乱常用方,p01839,true,builtin-haiku,single_engine
DiagnosticSign_7fa88ce852,Pattern_7c91d754e6,signIndicates,1,治热霍乱舌灰腻，或黄燥,代表医家 / 曹炳章 / 方剂选录 / 治霍乱常用方,p01839,true,builtin-haiku,single_engine
DiagnosticSign_deeb893f25,Pattern_7c91d754e6,signIndicates,1,脉沉数或弦数者，此方主之,代表医家 / 曹炳章 / 方剂选录 / 治霍乱常用方,p01839,true,builtin-haiku,single_engine
DiagnosticSign_8f59d687a4,Pattern_7c91d754e6,signIndicates,1,脉沉数或弦数者，此方主之,代表医家 / 曹炳章 / 方剂选录 / 治霍乱常用方,p01839,true,builtin-haiku,single_engine
DiagnosticSign_65a1c3380c,Pattern_08f02a766e,signIndicates,1,暑伤毛窍、腠理、肌肉，面垢头胀，肌肤灼热，微恶风寒，汗少，舌薄白燥腻，脉浮滑,代表医家 / 曹炳章 / 方剂选录 / 治伤暑常用方,p01865,true,builtin-haiku,single_engine
DiagnosticSign_4c75bc7539,Pattern_249b69a976,signIndicates,1,邪热著营络，盘踞日久，烁耗津液,代表医家 / 曹炳章 / 医案选按,p01869,true,builtin-haiku,single_engine
DiagnosticSign_95881d5455,Pattern_4e19d4b73a,signIndicates,1,液涸动风。下焦龙雷之火挟之上腾，于是上焦之火更甚,代表医家 / 曹炳章 / 医案选按,p01869,true,builtin-haiku,single_engine
DiagnosticSign_05e0a48804,Pattern_1140a14c08,signIndicates,1,命火上升，则脾无此火，不能蒸腐水谷，故泄泻。膀胱无此火，则不能化气，而小便短濇,代表医家 / 曹炳章 / 医案选按,p01869,true,builtin-haiku,single_engine
DiagnosticSign_d80cdc723d,Pattern_321eeb13bc,signIndicates,1,舌绛，仍干硬而短。干呕撮空循衣已除，泄泻日夜已减至四次。身热较减，谵语亦少。败象已减其半，似有转机。再当镇肝育阴，滋液熄风以治之,代表医家 / 曹炳章 / 医案选按,p01871,true,builtin-haiku,single_engine
DiagnosticSign_f17b5a8056,Pattern_60f821f131,signIndicates,1,按左手弦劲较减其半，惟仍数，右三部亦数；舌绛，仍干硬而短。干呕撮空循衣已除，泄泻日夜已减至四次。身热较减，谵语亦少。败象已减其半，似有转机,代表医家 / 曹炳章 / 医案选按,p01871,true,builtin-haiku,single_engine
DiagnosticSign_7a8d12cb66,Pattern_47f198a84a,signIndicates,1,左手脉弦已平过半，肝阳亦平,代表医家 / 曹炳章 / 医案选按,p01873,true,builtin-haiku,single_engine
DiagnosticSign_ce5481a7d3,Pattern_243a9a8646,signIndicates,1,舌虽绛燥，较前已软，渐能伸长,代表医家 / 曹炳章 / 医案选按,p01873,true,builtin-haiku,single_engine
DiagnosticSign_d80cdc723d,Pattern_a5363565bf,signIndicates,1,舌绛转润而胖，烦躁谵语偶有，夜能多寐。咳嗽稠痰，间有血点。肝阳虽平，肺中阴火仍未潜藏,代表医家 / 曹炳章 / 医案选按,p01875,true,builtin-haiku,single_engine
DiagnosticSign_90a218f536,Pattern_f585f7ff6b,signExcludes,1,肝阳虽平,代表医家 / 曹炳章 / 医案选按,p01875,true,builtin-haiku,single_engine
DiagnosticSign_90a218f536,Pattern_43d48df731,signIndicates,1,左脉弦数，右浮芤而数。舌红渐淡，惟咳嗽粘痰不爽，兼咯血鼻衄，皆紫红凝瘀成块，此属肺胃热逼而成瘀血,代表医家 / 曹炳章 / 医案选按,p01877,true,builtin-haiku,single_engine
DiagnosticSign_483f9b33b0,Pattern_30b9055059,signIndicates,1,近因火平热退，气血渐行常道，上焦热瘀之血，不能归入经隧，逼之上溢而为咯血鼻血,代表医家 / 曹炳章 / 医案选按,p01877,true,builtin-haiku,single_engine
DiagnosticSign_42967753cc,Pattern_916ecbc283,signIndicates,1,此属浮游余热未尽,代表医家 / 曹炳章 / 医案选按,p01879,true,builtin-haiku,single_engine
DiagnosticSign_71a0221c39,Pattern_dacd613692,signIndicates,1,按脉左弦滑，右濡数。潮热尚未尽退。虽仍咳嗽，痰已爽吐，津液渐充，肺部结涎伏痰，亦得外出。故舌转红润软敛瘦小。宜再清热润肺,代表医家 / 曹炳章 / 医案选按,p01881,true,builtin-haiku,single_engine
DiagnosticSign_1a0139d38c,Pattern_0c057be6a8,signIndicates,1,此阳明伏热盘踞卫分，因气津血液已充，而能送达重出肤表,代表医家 / 曹炳章 / 医案选按,p01882,true,builtin-haiku,single_engine
DiagnosticSign_a79c81dbc2,Pattern_496b4f1cef,signIndicates,1,自发㾦后，烦热即退，胸腹周身较未发前更为舒畅，舌转红软，即寐多时，又下大便一次，色黑挟紫红瘀痰，此在里结热宿垢，悉从大便而下，皆属余热肃清之佳兆,代表医家 / 曹炳章 / 医案选按,p01882,true,builtin-haiku,single_engine
DiagnosticSign_5f5babbdf5,Pattern_16cad9800f,signIndicates,1,大便下血紫红成块，腹中疼痛，此属下焦蓄血,代表医家 / 曹炳章 / 医案选按,p01884,true,builtin-haiku,single_engine
DiagnosticSign_5f5babbdf5,Pattern_aaf7aa3823,signIndicates,1,挟肠间积热宿垢，由大便排泄而出,代表医家 / 曹炳章 / 医案选按,p01884,true,builtin-haiku,single_engine
DiagnosticSign_a4f266ebcc,Pattern_e274790512,signIndicates,1,肝热袭肺,代表医家 / 曹炳章 / 医案选按,p01886,true,builtin-haiku,single_engine
DiagnosticSign_9451828fda,Pattern_e274790512,signIndicates,1,肝热袭肺，逗留不退,代表医家 / 曹炳章 / 医案选按,p01886,true,builtin-haiku,single_engine
DiagnosticSign_f6dccb5114,Pattern_aa54aae14b,signIndicates,1,苔根微白黄腻,代表医家 / 曹炳章 / 医案选按,p01886,true,builtin-haiku,single_engine
DiagnosticSign_24db0df74d,Pattern_a11f6caedf,signIndicates,1,肝经余热刑肺,代表医家 / 曹炳章 / 医案选按,p01888,true,builtin-haiku,single_engine
DiagnosticSign_6220569a60,Pattern_cf543db5e4,signIndicates,1,肝经余热刑肺，宜清肝润肺，和胃化痰,代表医家 / 曹炳章 / 医案选按,p01888,true,builtin-haiku,single_engine
DiagnosticSign_6283605c5e,Pattern_2b8e91f0dd,signIndicates,1,脉已和缓，舌转淡红，咳嗽已少，大便转黄，语声爽亮，胃纳渐动，病候已除,代表医家 / 曹炳章 / 医案选按,p01890,true,builtin-haiku,single_engine
DiagnosticSign_52bd906474,Pattern_0783c564db,signIndicates,1,心经尚有留热，肺气因此失降。故舌心红润,代表医家 / 曹炳章 / 医案选按,p01894,true,builtin-haiku,single_engine
DiagnosticSign_809d9754e9,Pattern_0783c564db,signIndicates,1,心经尚有留热，肺气因此失降。故舌心红润，两畔滑腻,代表医家 / 曹炳章 / 医案选按,p01894,true,builtin-haiku,single_engine
DiagnosticSign_36e54665b9,Pattern_c311eb6c59,signIndicates,1,肺气因此失降。故舌心红润，两畔滑腻，尖反白燥,代表医家 / 曹炳章 / 医案选按,p01894,true,builtin-haiku,single_engine
DiagnosticSign_a4f266ebcc,Pattern_fb4065bd12,signIndicates,1,此属肝肾阴火凌心,代表医家 / 曹炳章 / 医案选按,p01894,true,builtin-haiku,single_engine
DiagnosticSign_c9e144c8b4,Pattern_83a5dc6929,signIndicates,1,脉已和缓，舌淡红润，精神渐强，起坐自如,代表医家 / 曹炳章 / 医案选按,p01896,true,builtin-haiku,single_engine
DiagnosticSign_d14a327261,Pattern_f23eca40b5,signIndicates,1,惜乎大便又四日不解，再以益气滋肾阴为妥,代表医家 / 曹炳章 / 医案选按,p01896,true,builtin-haiku,single_engine
DiagnosticSign_93e02faf72,Pattern_f621a750cb,signIndicates,1,面有神采，语言爽亮,代表医家 / 曹炳章 / 医案选按,p01897,true,builtin-haiku,single_engine
DiagnosticSign_237b6dbc0d,Pattern_39f9d74d4e,signExcludes,1,脉舌均平。面有神采，语言爽亮,代表医家 / 曹炳章 / 医案选按,p01897,true,builtin-haiku,single_engine
DiagnosticSign_19894e4fa1,Pattern_679cf304d1,signIndicates,1,增加的，如胸膜病、肺炎喘息、心脏病、肾脏病、热性病等,代表医家 / 徐荣斋 / 学术观点及诊治经验 / 诊法重细节,p01924,true,builtin-haiku,single_engine
DiagnosticSign_0bef1fb841,Pattern_18ef8ed40e,signIndicates,1,气粗，呼吸有力而不和平，病标在肺，病本在胃，多属阳明热甚,代表医家 / 徐荣斋 / 学术观点及诊治经验 / 诊法重细节,p01924,true,builtin-haiku,single_engine
DiagnosticSign_299dbcd178,Pattern_9249a8e67e,signIndicates,1,气微，呼吸低微，不足以息，主诸虚不足，正气固衰，邪气亦衰,代表医家 / 徐荣斋 / 学术观点及诊治经验 / 诊法重细节,p01924,true,builtin-haiku,single_engine
DiagnosticSign_299dbcd178,Pattern_66c417bbdc,signIndicates,1,气微者，在病机上只虚无实，多属外感病末传,代表医家 / 徐荣斋 / 学术观点及诊治经验 / 诊法重细节,p01924,true,builtin-haiku,single_engine
DiagnosticSign_ecfa4964ba,Pattern_79d4f3e4d3,signIndicates,1,气短者，在病机上有虚有实，多属内伤病初起,代表医家 / 徐荣斋 / 学术观点及诊治经验 / 诊法重细节,p01924,true,builtin-haiku,single_engine
DiagnosticSign_c336c4f53b,Pattern_56c16a138d,signIndicates,1,通过观舌苔可明表里，分寒热，辨虚实，知深浅,代表医家 / 徐荣斋 / 学术观点及诊治经验 / 诊法重细节,p01925,true,builtin-haiku,single_engine
DiagnosticSign_538ad20e55,Pattern_29357b5c4b,signIndicates,1,如心热则舌尖红而起刺,代表医家 / 徐荣斋 / 学术观点及诊治经验 / 诊法重细节,p01925,true,builtin-haiku,single_engine
DiagnosticSign_b64f1d386d,Pattern_90b6bf0b94,signIndicates,1,胃有积滞则中腻,代表医家 / 徐荣斋 / 学术观点及诊治经验 / 诊法重细节,p01925,true,builtin-haiku,single_engine
DiagnosticSign_5fac4b871d,Pattern_ee1780dc8a,signIndicates,1,脾肾虚寒则根滑而白,代表医家 / 徐荣斋 / 学术观点及诊治经验 / 诊法重细节,p01925,true,builtin-haiku,single_engine
DiagnosticSign_e860e6c76c,Pattern_9647dcccea,signIndicates,1,肝胆湿热则舌旁黄腻,代表医家 / 徐荣斋 / 学术观点及诊治经验 / 诊法重细节,p01925,true,builtin-haiku,single_engine
DiagnosticSign_8c111edc8d,Pattern_bbf103f65f,signIndicates,1,三焦蕴火或湿温伏邪，则苔虽白而舌边必红绛,代表医家 / 徐荣斋 / 学术观点及诊治经验 / 诊法重细节,p01925,true,builtin-haiku,single_engine
DiagnosticSign_5a7793b469,Pattern_e470a56a03,signIndicates,1,如舌黑而干焦、肿硬、卷缩、芒刺者，属实热证,代表医家 / 徐荣斋 / 学术观点及诊治经验 / 诊法重细节,p01925,true,builtin-haiku,single_engine
DiagnosticSign_84726f44c5,Pattern_50690fded5,signIndicates,1,舌黑而白、黑而灰、黑而紫、湿润软滑者，属虚寒证,代表医家 / 徐荣斋 / 学术观点及诊治经验 / 诊法重细节,p01925,true,builtin-haiku,single_engine
DiagnosticSign_2532ac92a7,Pattern_50690fded5,signIndicates,1,从硬度，一般虚寒证大便多溏泻，实热证大便多燥结,代表医家 / 徐荣斋 / 学术观点及诊治经验 / 诊法重细节,p01927,true,builtin-haiku,single_engine
DiagnosticSign_2532ac92a7,Pattern_e470a56a03,signIndicates,1,从硬度，一般虚寒证大便多溏泻，实热证大便多燥结,代表医家 / 徐荣斋 / 学术观点及诊治经验 / 诊法重细节,p01927,true,builtin-haiku,single_engine
DiagnosticSign_dff5a83fb0,Pattern_b5e19defe5,signIndicates,1,从颜色，霍乱病人的大便好像淘米水,代表医家 / 徐荣斋 / 学术观点及诊治经验 / 诊法重细节,p01927,true,builtin-haiku,single_engine
DiagnosticSign_d14a327261,Pattern_c9e665067b,signIndicates,1,从数量，普通腹泻的大便是水样，数量很多，但无粘液,代表医家 / 徐荣斋 / 学术观点及诊治经验 / 诊法重细节,p01927,true,builtin-haiku,single_engine
DiagnosticSign_d14a327261,Pattern_18c47dbf4a,signIndicates,1,而痢疾的大便，则量很少，且带有血、黏液或脓,代表医家 / 徐荣斋 / 学术观点及诊治经验 / 诊法重细节,p01927,true,builtin-haiku,single_engine
DiagnosticSign_f6a49ea5a3,Pattern_7b6d8460e2,signIndicates,1,疟疾病人的发热，有间日一次的，也有三日一次的,代表医家 / 徐荣斋 / 学术观点及诊治经验 / 诊法重细节,p01927,true,builtin-haiku,single_engine
DiagnosticSign_f6a49ea5a3,Pattern_7d898accfb,signIndicates,1,一般急性热病都是热度愈高的时候头痛愈厉害，热度降低头痛也随之而减。凭着这个关系就可以知道此头痛是因为发热而起的,代表医家 / 徐荣斋 / 学术观点及诊治经验 / 诊法重细节,p01927,true,builtin-haiku,single_engine
DiagnosticSign_f6a49ea5a3,Pattern_a8dbe48d83,signIndicates,1,风寒外束,代表医家 / 徐荣斋 / 医案选按 / 感冒寒郁化热,p01961,true,builtin-haiku,single_engine
DiagnosticSign_98b06630dc,Pattern_a8dbe48d83,signIndicates,1,风寒外束,代表医家 / 徐荣斋 / 医案选按 / 感冒寒郁化热,p01961,true,builtin-haiku,single_engine
DiagnosticSign_eaa2c141c5,Pattern_a8dbe48d83,signIndicates,1,脉濡滞不扬,代表医家 / 徐荣斋 / 医案选按 / 感冒寒郁化热,p01961,true,builtin-haiku,single_engine
DiagnosticSign_64ec4d8ef7,Pattern_a8dbe48d83,signIndicates,1,舌苔薄白,代表医家 / 徐荣斋 / 医案选按 / 感冒寒郁化热,p01961,true,builtin-haiku,single_engine
DiagnosticSign_cd562c3dea,Pattern_90c2d074ef,signIndicates,1,出痰黄厚，口干，脉起，苔薄黄。治与清疏,代表医家 / 徐荣斋 / 医案选按 / 感冒寒郁化热,p01964,true,builtin-haiku,single_engine
DiagnosticSign_cb5342a9a0,Pattern_90c2d074ef,signIndicates,1,苔薄黄。治与清疏,代表医家 / 徐荣斋 / 医案选按 / 感冒寒郁化热,p01964,true,builtin-haiku,single_engine
DiagnosticSign_f6a49ea5a3,Pattern_fae7fea1aa,signExcludes,1,药后微汗出，发热头痛均除，剩有咳嗽,代表医家 / 徐荣斋 / 医案选按 / 感冒寒郁化热,p01964,true,builtin-haiku,single_engine
DiagnosticSign_237b6dbc0d,Pattern_ebe79531e9,signIndicates,1,从脉舌两方面可以清楚地看出,代表医家 / 徐荣斋 / 医案选按 / 感冒寒郁化热,p01967,true,builtin-haiku,single_engine
DiagnosticSign_fb743c9800,Pattern_90c2d074ef,signIndicates,1,,代表医家 / 徐荣斋 / 医案选按 / 温疟呕吐,p01971,false,builtin-haiku,single_engine
DiagnosticSign_c924e5bc1b,Pattern_b232fab8d8,signIndicates,1,【原文】梅核气,代表医家 / 徐荣斋 / 医案选按 / 梅核气,p01981,false,builtin-haiku,single_engine
DiagnosticSign_3ab3cc4070,Pattern_9d70a41bd7,signIndicates,1,脉细滑而数,代表医家 / 徐荣斋 / 医案选按 / 痨咳胎气,p01991,true,builtin-haiku,single_engine
DiagnosticSign_b5282bbbe8,Pattern_1abdc29fa8,signIndicates,1,舌边红,代表医家 / 徐荣斋 / 医案选按 / 痨咳胎气,p01991,true,builtin-haiku,single_engine
DiagnosticSign_fb743c9800,Pattern_c92f4abf76,signIndicates,1,苔薄黄,代表医家 / 徐荣斋 / 医案选按 / 痨咳胎气,p01991,true,builtin-haiku,single_engine
DiagnosticSign_7e89e7afa2,Pattern_5997acd236,signIndicates,1,外感宗六经,代表医家 / 徐荣斋 / 医家学术 / 赵晴初,p02040,true,builtin-haiku,single_engine
DiagnosticSign_7e89e7afa2,Pattern_fd4a54f9f3,signIndicates,1,内伤主虚损,代表医家 / 徐荣斋 / 医家学术 / 赵晴初,p02040,true,builtin-haiku,single_engine
DiagnosticSign_fe4a13397d,Pattern_5786b93268,signIndicates,1,久病目失所视，精气将夺，死在旦夕,代表医家 / 徐荣斋 / 医家学术 / 胡宝书,p02079,true,builtin-haiku,single_engine
DiagnosticSign_6eb2e0c7f3,Pattern_23465d644b,signIndicates,1,肾虚黑睛色淡而无光,代表医家 / 徐荣斋 / 医家学术 / 胡宝书,p02079,true,builtin-haiku,single_engine
DiagnosticSign_0212dd1134,Pattern_870cd1e88b,signIndicates,1,白睛色黄为肺热或痰湿内蒸,代表医家 / 徐荣斋 / 医家学术 / 胡宝书,p02079,true,builtin-haiku,single_engine
DiagnosticSign_89b371faf7,Pattern_586d7ccaba,signIndicates,1,眼胞肿胀为脾肾湿热壅滞,代表医家 / 徐荣斋 / 医家学术 / 胡宝书,p02079,true,builtin-haiku,single_engine
DiagnosticSign_65da16fc26,Pattern_947442f7d9,signIndicates,1,失视多为肝肾阴虚,代表医家 / 徐荣斋 / 医家学术 / 胡宝书,p02079,true,builtin-haiku,single_engine
DiagnosticSign_dba6b0e18a,Pattern_f70b1e14bf,signIndicates,1,曹氏详论不同暑病舌脉表现，治疗也各异,代表医家 / 徐荣斋 / 医家学术 / 曹炳章,p02097,true,builtin-haiku,single_engine
DiagnosticSign_27edae54de,Pattern_ee8f04df70,signIndicates,1,通过唇舌来判断伏热与外感之病情,代表医家 / 徐荣斋 / 医家学术 / 曹炳章,p02100,true,builtin-haiku,single_engine
DiagnosticSign_27edae54de,Pattern_2ba3464551,signIndicates,1,通过唇舌来判断伏热与外感之病情,代表医家 / 徐荣斋 / 医家学术 / 曹炳章,p02100,true,builtin-haiku,single_engine
DiagnosticSign_ff2bf4f086,Pattern_5dae0666e0,signIndicates,1,脉象察余毒浅深,代表医家 / 徐荣斋 / 医家学术 / 曹炳章,p02100,true,builtin-haiku,single_engine
DiagnosticSign_e268ca1fda,Pattern_b962ff982e,signIndicates,1,便溺断毒火上下,代表医家 / 徐荣斋 / 医家学术 / 曹炳章,p02100,true,builtin-haiku,single_engine
DiagnosticSign_02467d6462,Pattern_6f8c336c3c,signIndicates,1,通过目色判断病之存亡,代表医家 / 徐荣斋 / 诊法诊治 / 观目,p02110,true,builtin-haiku,single_engine
DiagnosticSign_ca3eba16de,Pattern_451a8b826c,signIndicates,1,迅速观患者之目以测精气存亡,代表医家 / 徐荣斋 / 诊法诊治 / 观目,p02110,true,builtin-haiku,single_engine
DiagnosticSign_ca3eba16de,Pattern_dcaed8966e,signIndicates,1,迅速观患者之目以测精气存亡，辨其寒热虚实,代表医家 / 徐荣斋 / 诊法诊治 / 观目,p02110,true,builtin-haiku,single_engine
DiagnosticSign_94d6ba29cf,Pattern_209316d423,signIndicates,1,苔形以厚薄辨表里,代表医家 / 徐荣斋 / 诊法诊治 / 舌诊,p02112,true,builtin-haiku,single_engine
DiagnosticSign_e01ddb00dc,Pattern_d5b469d908,signIndicates,1,有无辨虚实,代表医家 / 徐荣斋 / 诊法诊治 / 舌诊,p02112,true,builtin-haiku,single_engine
DiagnosticSign_6a0227315a,Pattern_0ce967c0bc,signIndicates,1,偏全辨虚实部位,代表医家 / 徐荣斋 / 诊法诊治 / 舌诊,p02112,true,builtin-haiku,single_engine
DiagnosticSign_6117155343,Pattern_47215348ab,signIndicates,1,根据不同苔色辨表里寒热虚实,代表医家 / 徐荣斋 / 诊法诊治 / 舌诊,p02112,true,builtin-haiku,single_engine
DiagnosticSign_78dda02fef,Pattern_3104539c59,signIndicates,1,苔质分润燥、坚松，以定胃肠津液之虚实,代表医家 / 徐荣斋 / 诊法诊治 / 舌诊,p02112,true,builtin-haiku,single_engine
DiagnosticSign_c336c4f53b,Pattern_68df56dc21,signIndicates,1,以苔势的常变和真假进退判断病邪轻重和预后吉凶,代表医家 / 徐荣斋 / 诊法诊治 / 舌诊,p02112,true,builtin-haiku,single_engine
DiagnosticSign_78a6bb3fee,Pattern_202e997c08,signIndicates,1,舌体分老嫩、软硬、润燥和荣枯，以观虚实及预后,代表医家 / 徐荣斋 / 诊法诊治 / 舌诊,p02112,true,builtin-haiku,single_engine
DiagnosticSign_0099681210,Pattern_e208fd5cea,signIndicates,1,四时感证邪气传变的浅深轻重及预后可从舌象测知,代表医家 / 徐荣斋 / 诊法诊治 / 舌诊,p02112,true,builtin-haiku,single_engine
DiagnosticSign_0099681210,Pattern_697b9cfc43,signIndicates,1,舌象可以客观反映正气盛衰,代表医家 / 徐荣斋 / 诊法诊治 / 舌诊,p02113,true,builtin-haiku,single_engine
DiagnosticSign_0099681210,Pattern_5b836cb4b6,signIndicates,1,舌象可以客观反映病位深浅,代表医家 / 徐荣斋 / 诊法诊治 / 舌诊,p02113,false,builtin-haiku,single_engine
DiagnosticSign_0099681210,Pattern_facdb5bb8c,signIndicates,1,舌象可以客观反映病邪性质,代表医家 / 徐荣斋 / 诊法诊治 / 舌诊,p02113,false,builtin-haiku,single_engine
DiagnosticSign_0099681210,Pattern_6fb0913195,signIndicates,1,舌象可以客观反映病情进退,代表医家 / 徐荣斋 / 诊法诊治 / 舌诊,p02113,false,builtin-haiku,single_engine
DiagnosticSign_0099681210,Pattern_5e250e91dc,signIndicates,1,判断疾病预后转归,代表医家 / 徐荣斋 / 诊法诊治 / 舌诊,p02113,true,builtin-haiku,single_engine
DiagnosticSign_d75ec55776,Pattern_22c1525e4e,signIndicates,1,若欲知其脏腑何如，则莫如按胸腹,代表医家 / 徐荣斋 / 诊法诊治 / 腹诊,p02115,true,builtin-haiku,single_engine
DiagnosticSign_b23b12491f,Pattern_e14fcfe8fa,signIndicates,1,虚里测吉凶,代表医家 / 徐荣斋 / 诊法诊治 / 腹诊,p02116,true,builtin-haiku,single_engine
DiagnosticSign_a15df8f86d,Pattern_13cf7290ed,signIndicates,1,冲任辨真假寒热,代表医家 / 徐荣斋 / 诊法诊治 / 腹诊,p02116,true,builtin-haiku,single_engine
DiagnosticSign_99ef954595,Pattern_f15be02597,signIndicates,1,察有形实积，对疾病诊断有较大的参考意义,代表医家 / 徐荣斋 / 诊法诊治 / 腹诊,p02116,true,builtin-haiku,single_engine
DiagnosticSign_8bd6190777,Pattern_46b927da39,signIndicates,1,冲任脉动、皆阴虚象,代表医家 / 徐荣斋 / 诊法诊治 / 腹诊,p02116,true,builtin-haiku,single_engine
DiagnosticSign_dde8ab3713,Pattern_64138d0891,signIndicates,1,证情阴阳疑似，虚实难辨，寒热错杂之时，常能察舌诊腹，果断用药,代表医家 / 徐荣斋 / 诊法诊治 / 腹诊,p02117,true,builtin-haiku,single_engine
DiagnosticSign_91247c2279,Pattern_0eea8ebe41,signIndicates,1,腹诊可以准确判断证情之寒热虚实,代表医家 / 徐荣斋 / 诊法诊治 / 腹诊,p02117,false,builtin-haiku,single_engine
DiagnosticSign_f9c1871d80,Pattern_b519a57e73,signIndicates,1,舌苔黄腻,代表医家 / 徐荣斋 / 特色方剂 / 蒿芩清胆汤,p02124,true,builtin-haiku,single_engine
DiagnosticSign_3dbbb0cd77,Pattern_5b2d9bb0ee,signIndicates,1,口苦,代表医家 / 徐荣斋 / 特色方剂 / 蒿芩清胆汤,p02124,true,builtin-haiku,single_engine
DiagnosticSign_ee529e0963,Pattern_5e486960ca,signIndicates,1,腹胀、胁胀,代表医家 / 徐荣斋 / 特色方剂 / 蒿芩清胆汤,p02124,true,builtin-haiku,single_engine
Pattern_795bd61b97,Pattern_18901002ef,belongsToChannel,1,如浮取即得紧脉，并见表证，即为寒邪外袭皮毛卫分，在足太阳经脉,代表医家 / 张景岳 / 原文选释 / 外感伤寒，紧脉为凭,p00354,true,builtin-haiku+vocab,vocabulary_bridge
Pattern_795bd61b97,Pattern_4071d8d382,subPatternOf,1,如浮取即得紧脉，并见表证，即为寒邪外袭皮毛卫分，在足太阳经脉,代表医家 / 张景岳 / 原文选释 / 外感伤寒，紧脉为凭,p00354,true,builtin-haiku+vocab,vocabulary_bridge
Pattern_c8c1946f71,Pattern_18901002ef,belongsToChannel,1,在足太阳经脉，由脊背连风府，故头项痛、腰脊强、全身酸痛不已，寒闭皮表孔窍，故无汗，邪气引动人体表面太阳经界面阳气并与之相搏，故发热恶寒。脉浮紧表证现，此为外感寒邪在太阳表层无疑,代表医家 / 张景岳 / 原文选释 / 外感伤寒，紧脉为凭,p00354,true,builtin-haiku+vocab,vocabulary_bridge
Pattern_c8c1946f71,Pattern_4071d8d382,subPatternOf,1,在足太阳经脉，由脊背连风府，故头项痛、腰脊强、全身酸痛不已，寒闭皮表孔窍，故无汗，邪气引动人体表面太阳经界面阳气并与之相搏，故发热恶寒。脉浮紧表证现，此为外感寒邪在太阳表层无疑,代表医家 / 张景岳 / 原文选释 / 外感伤寒，紧脉为凭,p00354,true,builtin-haiku+vocab,vocabulary_bridge
Pattern_2204553567,Pattern_4071d8d382,subPatternOf,1,如沉取得紧脉，往往为人体虚寒，三阳不设防，寒邪直中三阴里地，此时必现里证,代表医家 / 张景岳 / 原文选释 / 外感伤寒，紧脉为凭,p00354,true,builtin-haiku+vocab,vocabulary_bridge
Pattern_4f3ea96531,Pattern_7393ca82b4,belongsToChannel,1,直中太阴，则见腹满而痛、食不下、自利腹痛,代表医家 / 张景岳 / 原文选释 / 外感伤寒，紧脉为凭,p00354,true,builtin-haiku+vocab,vocabulary_bridge
Pattern_008a485946,Pattern_d2d2dc5e41,belongsToChannel,1,直中少阴，脉微细，但欲寐也,代表医家 / 张景岳 / 原文选释 / 外感伤寒，紧脉为凭,p00354,true,builtin-haiku+vocab,vocabulary_bridge
Pattern_b15fcaf8f6,Pattern_13c2886118,belongsToChannel,1,直中厥阴，囊缩、利不止,代表医家 / 张景岳 / 原文选释 / 外感伤寒，紧脉为凭,p00354,true,builtin-haiku+vocab,vocabulary_bridge
Pattern_224655eea9,Pattern_18901002ef,belongsToChannel,1,其脉则太阳浮紧,代表医家 / 张景岳 / 原文选释 / 伤寒纲领，阴阳为最,p00365,true,builtin-haiku+vocab,vocabulary_bridge
Pattern_3b26d508c8,Pattern_e595f587ae,belongsToChannel,1,少阳弦,代表医家 / 张景岳 / 原文选释 / 伤寒纲领，阴阳为最,p00365,true,builtin-haiku+vocab,vocabulary_bridge
Pattern_a9506cf1a2,Pattern_c363464eef,belongsToChannel,1,阳明洪大,代表医家 / 张景岳 / 原文选释 / 伤寒纲领，阴阳为最,p00365,true,builtin-haiku+vocab,vocabulary_bridge
Pattern_9f2735f008,Pattern_4071d8d382,subPatternOf,1,紧而无力为寒邪有余而元气不足也,代表医家 / 张景岳 / 原文选释 / 有力之脉，即为得神,p00382,true,builtin-haiku+vocab,vocabulary_bridge
Pattern_2ef5f13728,Pattern_95d6e85688,subPatternOf,1,邪未人深，但见发热身痛，脉数不洪,代表医家 / 张景岳 / 方剂选录 / 四味回阳饮、六味回阳饮、理阴煎,p00456,true,builtin-haiku+vocab,vocabulary_bridge
Pattern_bbb1238a5c,Pattern_18901002ef,belongsToChannel,1,脉细恶寒，或背畏寒者，乃太阳少阴证也,代表医家 / 张景岳 / 方剂选录 / 四味回阳饮、六味回阳饮、理阴煎,p00456,true,builtin-haiku+vocab,vocabulary_bridge
Pattern_a56f1ce370,Pattern_0d43806e92,subPatternOf,1,若腰腹有痛，加杜仲、枸杞,代表医家 / 张景岳 / 方剂选录 / 四味回阳饮、六味回阳饮、理阴煎,p00456,true,builtin-haiku+vocab,vocabulary_bridge
Pattern_0366050a63,Pattern_e984dbb293,subPatternOf,1,脾肾两虚，水泛为痰，或呕或胀者,代表医家 / 张景岳 / 方剂选录 / 四味回阳饮、六味回阳饮、理阴煎,p00456,true,builtin-haiku+vocab,vocabulary_bridge
Pattern_f15c3be6a5,Pattern_4071d8d382,subPatternOf,1,患阴虚伤寒，年出三旬，而舌黑之甚，其芒刺干裂，焦黑如炭,代表医家 / 张景岳 / 医案选按 / 水药并投救治阴虚伤寒案,p00473,true,builtin-haiku+vocab,vocabulary_bridge
Pattern_bc5910d575,Pattern_0d43806e92,subPatternOf,1,脉则无力,代表医家 / 张景岳 / 医案选按 / 水药并投救治阴虚伤寒案,p00473,true,builtin-haiku+vocab,vocabulary_bridge
Pattern_593d6372df,Pattern_c363464eef,belongsToChannel,1,舌苔炭黑，焦裂起刺，乃属邪入阳明，里热内实,代表医家 / 张景岳 / 医案选按 / 水药并投救治阴虚伤寒案,p00475,true,builtin-haiku+vocab,vocabulary_bridge
Pattern_593d6372df,Pattern_da1148d0da,subPatternOf,1,舌苔炭黑，焦裂起刺，乃属邪入阳明，里热内实,代表医家 / 张景岳 / 医案选按 / 水药并投救治阴虚伤寒案,p00475,true,builtin-haiku+vocab,vocabulary_bridge
Pattern_98555a3052,Pattern_0d43806e92,subPatternOf,1,不比脉象之蹈虚,代表医家 / 俞根初 / 生平与代表著作简介,p00485,true,builtin-haiku+vocab,vocabulary_bridge
Pattern_d6ac6305be,Pattern_0d43806e92,subPatternOf,1,瞳神散大者元神虚散,代表医家 / 俞根初 / 学术观点及诊治经验 / 重观目、擅腹诊，分六经舌苔,p00535,true,builtin-haiku+vocab,vocabulary_bridge
Pattern_d8b5166414,Pattern_da1148d0da,subPatternOf,1,目白发赤者血热,代表医家 / 俞根初 / 学术观点及诊治经验 / 重观目、擅腹诊，分六经舌苔,p00536,true,builtin-haiku+vocab,vocabulary_bridge
Pattern_aa54aae14b,Pattern_162310a07b,subPatternOf,1,目白发黄者湿热,代表医家 / 俞根初 / 学术观点及诊治经验 / 重观目、擅腹诊，分六经舌苔,p00536,true,builtin-haiku+vocab,vocabulary_bridge
Pattern_958dab5f8d,Pattern_fb0b5a0115,subPatternOf,1,目眵多结者，肝火上盛,代表医家 / 俞根初 / 学术观点及诊治经验 / 重观目、擅腹诊，分六经舌苔,p00536,true,builtin-haiku+vocab,vocabulary_bridge
Pattern_16e53063df,Pattern_d4f0a2d956,subPatternOf,1,目光炯炯者燥病,代表医家 / 俞根初 / 学术观点及诊治经验 / 重观目、擅腹诊，分六经舌苔,p00536,true,builtin-haiku+vocab,vocabulary_bridge
Pattern_fccfe63775,Pattern_d4f0a2d956,subPatternOf,1,燥甚则目无泪而干涩,代表医家 / 俞根初 / 学术观点及诊治经验 / 重观目、擅腹诊，分六经舌苔,p00536,true,builtin-haiku+vocab,vocabulary_bridge
Pattern_0b1cabdc6a,Pattern_162310a07b,subPatternOf,1,目多昏蒙者湿病,代表医家 / 俞根初 / 学术观点及诊治经验 / 重观目、擅腹诊，分六经舌苔,p00536,true,builtin-haiku+vocab,vocabulary_bridge
Pattern_ac1cd56420,Pattern_162310a07b,subPatternOf,1,湿甚则目珠黄而眦烂,代表医家 / 俞根初 / 学术观点及诊治经验 / 重观目、擅腹诊，分六经舌苔,p00536,true,builtin-haiku+vocab,vocabulary_bridge
Pattern_3a05f7bfe7,Pattern_e984dbb293,subPatternOf,1,眼胞上下黑色者痰气,代表医家 / 俞根初 / 学术观点及诊治经验 / 重观目、擅腹诊，分六经舌苔,p00536,true,builtin-haiku+vocab,vocabulary_bridge
Pattern_f926d0cffa,Pattern_95d6e85688,subPatternOf,1,横目斜视者肝风动,代表医家 / 俞根初 / 学术观点及诊治经验 / 重观目、擅腹诊，分六经舌苔,p00536,true,builtin-haiku+vocab,vocabulary_bridge
Pattern_a388badf98,Pattern_4071d8d382,subPatternOf,1,知皮肤之润燥，可以辨寒热,代表医家 / 俞根初 / 学术观点及诊治经验 / 重观目、擅腹诊，分六经舌苔,p00540,true,builtin-haiku+vocab,vocabulary_bridge
Pattern_fe7e5f0b7e,Pattern_4071d8d382,subPatternOf,1,以定其病之寒热虚实,代表医家 / 俞根初 / 学术观点及诊治经验 / 重观目、擅腹诊，分六经舌苔,p00540,true,builtin-haiku+vocab,vocabulary_bridge
Pattern_de59628bc0,Pattern_0d43806e92,subPatternOf,1,察其硬否，以辨脏腑之虚实,代表医家 / 俞根初 / 学术观点及诊治经验 / 重观目、擅腹诊，分六经舌苔,p00540,true,builtin-haiku+vocab,vocabulary_bridge
Pattern_f5cddb3f13,Pattern_0d43806e92,subPatternOf,1,按之微动而不应者，宗气内虚,代表医家 / 俞根初 / 学术观点及诊治经验 / 重观目、擅腹诊，分六经舌苔,p00541,true,builtin-haiku+vocab,vocabulary_bridge
Pattern_72189a3c2a,Pattern_0d43806e92,subPatternOf,1,浅按便得，深按不得者，气虚之侯,代表医家 / 俞根初 / 学术观点及诊治经验 / 重观目、擅腹诊，分六经舌苔,p00541,true,builtin-haiku+vocab,vocabulary_bridge
Pattern_d9f02d0c15,Pattern_0d43806e92,subPatternOf,1,轻按洪大，重按虚细者，血虚之侯,代表医家 / 俞根初 / 学术观点及诊治经验 / 重观目、擅腹诊，分六经舌苔,p00541,true,builtin-haiku+vocab,vocabulary_bridge
Pattern_d83406ef09,Pattern_162310a07b,subPatternOf,1,按之胸痞者，湿阻气机或肝气上逆,代表医家 / 俞根初 / 学术观点及诊治经验 / 重观目、擅腹诊，分六经舌苔,p00542,true,builtin-haiku+vocab,vocabulary_bridge
Pattern_5475528d74,Pattern_da1148d0da,subPatternOf,1,按其胁肋胀痛者，非痰热与气互结，即蓄饮与气相搏,代表医家 / 俞根初 / 学术观点及诊治经验 / 重观目、擅腹诊，分六经舌苔,p00542,true,builtin-haiku+vocab,vocabulary_bridge
Pattern_eda3693270,Pattern_0d43806e92,subPatternOf,1,两胁空虚，按之无力者为肝虚,代表医家 / 俞根初 / 学术观点及诊治经验 / 重观目、擅腹诊，分六经舌苔,p00542,true,builtin-haiku+vocab,vocabulary_bridge
Pattern_3991d22e28,Pattern_fb0b5a0115,subPatternOf,1,按其膈中气塞者，非胆火横窜包络，即伏邪盘踞膜原,代表医家 / 俞根初 / 学术观点及诊治经验 / 重观目、擅腹诊，分六经舌苔,p00542,true,builtin-haiku+vocab,vocabulary_bridge
Pattern_29383fe74d,Pattern_d9dda49ff0,subPatternOf,1,以手按之痞硬者，为胃家实,代表医家 / 俞根初 / 学术观点及诊治经验 / 重观目、擅腹诊，分六经舌苔,p00542,true,builtin-haiku+vocab,vocabulary_bridge
Pattern_a5942ae035,Pattern_4071d8d382,subPatternOf,1,按冲任脉动而热，热能灼手者，症虽寒战咬牙，肢厥不利，是为真热而假寒,代表医家 / 俞根初 / 学术观点及诊治经验 / 重观目、擅腹诊，分六经舌苔,p00543,true,builtin-haiku+vocab,vocabulary_bridge
Pattern_3708dbf60c,Pattern_4071d8d382,subPatternOf,1,若按腹两旁虽热，于冲任脉久按之，无热而冷，症虽面红口渴，脉数舌赤，是为真寒而假热,代表医家 / 俞根初 / 学术观点及诊治经验 / 重观目、擅腹诊，分六经舌苔,p00543,true,builtin-haiku+vocab,vocabulary_bridge
Pattern_59f304d314,Pattern_da1148d0da,subPatternOf,1,经治疗积热渐下，冲任脉动渐微,代表医家 / 俞根初 / 学术观点及诊治经验 / 重观目、擅腹诊，分六经舌苔,p00543,true,builtin-haiku+vocab,vocabulary_bridge
Pattern_3b5f26aa67,Pattern_bb2a5ef2bb,subPatternOf,1,痛在脐旁小腹，按之则有块应手者为血瘀,代表医家 / 俞根初 / 学术观点及诊治经验 / 重观目、擅腹诊，分六经舌苔,p00544,true,builtin-haiku+vocab,vocabulary_bridge
Pattern_7efff7da4e,Pattern_d4f0a2d956,subPatternOf,1,绕脐痛，按之磊磊者，乃燥屎结于肠中,代表医家 / 俞根初 / 学术观点及诊治经验 / 重观目、擅腹诊，分六经舌苔,p00544,true,builtin-haiku+vocab,vocabulary_bridge
Pattern_59264d378c,Pattern_c363464eef,belongsToChannel,1,舌苔正黄，多主里实,代表医家 / 俞根初 / 学术观点及诊治经验 / 重观目、擅腹诊，分六经舌苔,p00546,true,builtin-haiku+vocab,vocabulary_bridge
Pattern_59264d378c,Pattern_d9dda49ff0,subPatternOf,1,舌苔正黄，多主里实,代表医家 / 俞根初 / 学术观点及诊治经验 / 重观目、擅腹诊，分六经舌苔,p00546,true,builtin-haiku+vocab,vocabulary_bridge
Pattern_ad4a115569,Pattern_e595f587ae,belongsToChannel,1,若白苔多而滑，黄灰苔少者，半表证多,代表医家 / 俞根初 / 学术观点及诊治经验 / 重观目、擅腹诊，分六经舌苔,p00546,true,builtin-haiku+vocab,vocabulary_bridge
Pattern_44ed04db90,Pattern_e595f587ae,belongsToChannel,1,红舌多而白苔少，或杂黄色灰色者，半里证多,代表医家 / 俞根初 / 学术观点及诊治经验 / 重观目、擅腹诊，分六经舌苔,p00546,true,builtin-haiku+vocab,vocabulary_bridge
Pattern_e4d7b5f402,Pattern_c363464eef,belongsToChannel,1,黄白相兼，邪犹在经,代表医家 / 俞根初 / 学术观点及诊治经验 / 重观目、擅腹诊，分六经舌苔,p00546,true,builtin-haiku+vocab,vocabulary_bridge
Pattern_90b8bf190c,Pattern_c363464eef,belongsToChannel,1,微黄而薄，邪浅中虚,代表医家 / 俞根初 / 学术观点及诊治经验 / 重观目、擅腹诊，分六经舌苔,p00546,true,builtin-haiku+vocab,vocabulary_bridge
Pattern_90b8bf190c,Pattern_0d43806e92,subPatternOf,1,微黄而薄，邪浅中虚,代表医家 / 俞根初 / 学术观点及诊治经验 / 重观目、擅腹诊，分六经舌苔,p00546,true,builtin-haiku+vocab,vocabulary_bridge
Pattern_fdbaa74480,Pattern_c363464eef,belongsToChannel,1,黄而糙涩，邪已入腑,代表医家 / 俞根初 / 学术观点及诊治经验 / 重观目、擅腹诊，分六经舌苔,p00546,true,builtin-haiku+vocab,vocabulary_bridge
Pattern_c0258b36ad,Pattern_7393ca82b4,belongsToChannel,1,灰而滑腻，湿重兼寒,代表医家 / 俞根初 / 学术观点及诊治经验 / 重观目、擅腹诊，分六经舌苔,p00546,true,builtin-haiku+vocab,vocabulary_bridge
Pattern_c0258b36ad,Pattern_4071d8d382,subPatternOf,1,灰而滑腻，湿重兼寒,代表医家 / 俞根初 / 学术观点及诊治经验 / 重观目、擅腹诊，分六经舌苔,p00546,true,builtin-haiku+vocab,vocabulary_bridge
Pattern_a6efec604e,Pattern_7393ca82b4,belongsToChannel,1,灰而淡白，脾阳大虚,代表医家 / 俞根初 / 学术观点及诊治经验 / 重观目、擅腹诊，分六经舌苔,p00546,true,builtin-haiku+vocab,vocabulary_bridge
Pattern_a6efec604e,Pattern_0d43806e92,subPatternOf,1,灰而淡白，脾阳大虚,代表医家 / 俞根初 / 学术观点及诊治经验 / 重观目、擅腹诊，分六经舌苔,p00546,true,builtin-haiku+vocab,vocabulary_bridge
Pattern_e12583aa61,Pattern_162310a07b,subPatternOf,1,黄而垢腻，湿热食滞,代表医家 / 俞根初 / 学术观点及诊治经验 / 重观目、擅腹诊，分六经舌苔,p00546,true,builtin-haiku+vocab,vocabulary_bridge
Pattern_09ae3d4b33,Pattern_4071d8d382,subPatternOf,1,黄而晦黯，多夹痰饮，或挟寒瘀,代表医家 / 俞根初 / 学术观点及诊治经验 / 重观目、擅腹诊，分六经舌苔,p00546,true,builtin-haiku+vocab,vocabulary_bridge
Pattern_a0205d2537,Pattern_7393ca82b4,belongsToChannel,1,太阴病见舌苔或灰或黑，或灰黑相兼，病多危笃,代表医家 / 俞根初 / 学术观点及诊治经验 / 重观目、擅腹诊，分六经舌苔,p00546,true,builtin-haiku+vocab,vocabulary_bridge
Pattern_927eeec903,Pattern_13c2886118,belongsToChannel,1,厥阴病舌见青紫，其病必凶,代表医家 / 俞根初 / 学术观点及诊治经验 / 重观目、擅腹诊，分六经舌苔,p00546,true,builtin-haiku+vocab,vocabulary_bridge
Pattern_789d0880a7,Pattern_da1148d0da,subPatternOf,1,深紫而赤，肝热络瘀，或阳热酒毒,代表医家 / 俞根初 / 学术观点及诊治经验 / 重观目、擅腹诊，分六经舌苔,p00546,true,builtin-haiku+vocab,vocabulary_bridge
Pattern_2020da2db7,Pattern_4071d8d382,subPatternOf,1,淡紫带青，寒中肝肾，或酒后伤冷,代表医家 / 俞根初 / 学术观点及诊治经验 / 重观目、擅腹诊，分六经舌苔,p00546,true,builtin-haiku+vocab,vocabulary_bridge
Pattern_f7c1348094,Pattern_da1148d0da,subPatternOf,1,孕妇见里热壅闭，大便不通，脉洪数者，俞氏主张治以三黄解毒汤,代表医家 / 俞根初 / 学术观点及诊治经验 / 先开郁、善透达，为邪留出路,p00560,true,builtin-haiku+vocab,vocabulary_bridge
Pattern_b816a5d14e,Pattern_4071d8d382,subPatternOf,1,治产后伤寒身热，恶露为热搏不下，烦闷胀喘狂言者，抵挡汤及桃仁承气汤主之,代表医家 / 俞根初 / 学术观点及诊治经验 / 先开郁、善透达，为邪留出路,p00560,true,builtin-haiku+vocab,vocabulary_bridge
Pattern_b14c388601,Pattern_4071d8d382,subPatternOf,1,伤寒小产，恶露下行，腹胀烦闷欲死，大黄桃仁汤主之,代表医家 / 俞根初 / 学术观点及诊治经验 / 先开郁、善透达，为邪留出路,p00560,false,builtin-haiku+vocab,vocabulary_bridge
Pattern_535acbc4e1,Pattern_c363464eef,belongsToChannel,1,阳明本证，在上脘病尚浅，咽干口苦，气上冲喉，胸满而喘，心中懊憹,代表医家 / 俞根初 / 学术观点及诊治经验 / 治伤寒独重阳明,p00567,true,builtin-haiku+vocab,vocabulary_bridge
Pattern_6a35345333,Pattern_c363464eef,belongsToChannel,1,在中脘病已重，大烦大渴，胃实满，手足汗，发潮热，不大便，小便不利,代表医家 / 俞根初 / 学术观点及诊治经验 / 治伤寒独重阳明,p00567,true,builtin-haiku+vocab,vocabulary_bridge
Pattern_e6b5fb8bdc,Pattern_da1148d0da,subPatternOf,1,胃热冲肺，则咳逆痰多,代表医家 / 俞根初 / 学术观点及诊治经验 / 治伤寒独重阳明,p00567,true,builtin-haiku+vocab,vocabulary_bridge
Pattern_6a16bdb9f4,Pattern_da1148d0da,subPatternOf,1,冲心包络，则神昏发厥,代表医家 / 俞根初 / 学术观点及诊治经验 / 治伤寒独重阳明,p00567,true,builtin-haiku+vocab,vocabulary_bridge
Pattern_b094044df9,Pattern_da1148d0da,subPatternOf,1,冲心则神昏谵语，或但笑而不语,代表医家 / 俞根初 / 学术观点及诊治经验 / 治伤寒独重阳明,p00567,true,builtin-haiku+vocab,vocabulary_bridge
Pattern_23fc23c216,Pattern_da1148d0da,subPatternOf,1,下烁肝肾，则风动发痉,代表医家 / 俞根初 / 学术观点及诊治经验 / 治伤寒独重阳明,p00567,true,builtin-haiku+vocab,vocabulary_bridge
Pattern_38c091082d,Pattern_162310a07b,subPatternOf,1,热重而湿轻者，往往内郁成斑,代表医家 / 俞根初 / 学术观点及诊治经验 / 治伤寒独重阳明,p00567,true,builtin-haiku+vocab,vocabulary_bridge
Pattern_270b4300d5,Pattern_c363464eef,belongsToChannel,1,此厥阴火亢合阳明热结而成下证，仲景所谓脉滑而厥，厥深热亦深也,代表医家 / 俞根初 / 学术观点及诊治经验 / 传变要诀是“三化”,p00599,true,builtin-haiku+vocab,vocabulary_bridge
Pattern_270b4300d5,Pattern_fb0b5a0115,subPatternOf,1,此厥阴火亢合阳明热结而成下证，仲景所谓脉滑而厥，厥深热亦深也,代表医家 / 俞根初 / 学术观点及诊治经验 / 传变要诀是“三化”,p00599,true,builtin-haiku+vocab,vocabulary_bridge
Pattern_008d7b75f4,Pattern_13c2886118,belongsToChannel,1,此由厥阴郁火，深伏于肝脏血络之中，而不发露于大经大络，直透胃肠而外发也。往往气闭闷毙,代表医家 / 俞根初 / 学术观点及诊治经验 / 传变要诀是“三化”,p00599,true,builtin-haiku+vocab,vocabulary_bridge
Pattern_008d7b75f4,Pattern_fb0b5a0115,subPatternOf,1,此由厥阴郁火，深伏于肝脏血络之中，而不发露于大经大络，直透胃肠而外发也。往往气闭闷毙,代表医家 / 俞根初 / 学术观点及诊治经验 / 传变要诀是“三化”,p00599,true,builtin-haiku+vocab,vocabulary_bridge
Pattern_a0afa23388,Pattern_c363464eef,belongsToChannel,1,阳明病应下失下，邪盛正虚之坏病。若见发黄，为瘀热在里,代表医家 / 俞根初 / 学术观点及诊治经验 / 传变要诀是“三化”,p00600,true,builtin-haiku+vocab,vocabulary_bridge
Pattern_a0afa23388,Pattern_0d43806e92,subPatternOf,1,阳明病应下失下，邪盛正虚之坏病。若见发黄，为瘀热在里,代表医家 / 俞根初 / 学术观点及诊治经验 / 传变要诀是“三化”,p00600,true,builtin-haiku+vocab,vocabulary_bridge
Pattern_d842858c9f,Pattern_fb0b5a0115,subPatternOf,1,每静时宜常闭目，能清心安神，或用两指背两相摩擦，能袪火,代表医家 / 俞根初 / 学术观点及诊治经验 / 病后调理有专法,p00653,true,builtin-haiku+vocab,vocabulary_bridge
Pattern_b06f4373bb,Pattern_75cf1a3951,subPatternOf,1,病多晕厥，名曰暑厥,代表医家 / 俞根初 / 原文选释 / 六淫病用药法,p00696,true,builtin-haiku+vocab,vocabulary_bridge
Pattern_717bbfaa9d,Pattern_75cf1a3951,subPatternOf,1,亦多咳血，名曰暑瘵,代表医家 / 俞根初 / 原文选释 / 六淫病用药法,p00696,true,builtin-haiku+vocab,vocabulary_bridge
Pattern_6a70bf6ab6,Pattern_75cf1a3951,subPatternOf,1,辄致闷乱烦躁，呕恶肢冷，甚则耳聋神昏,代表医家 / 俞根初 / 原文选释 / 六淫病用药法,p00696,true,builtin-haiku+vocab,vocabulary_bridge
Pattern_78db7b80a3,Pattern_95d6e85688,subPatternOf,1,身痛肢软者，佐络石、秦艽、桑枝,代表医家 / 俞根初 / 原文选释 / 六淫病用药法,p00696,true,builtin-haiku+vocab,vocabulary_bridge
Pattern_0d43806e92,Pattern_0d43806e92,subPatternOf,1,虚证必脉细,代表医家 / 俞根初 / 原文选释 / 六经总诀,p00719,true,builtin-haiku+vocab,vocabulary_bridge
Pattern_d9dda49ff0,Pattern_d9dda49ff0,subPatternOf,1,实证必脉盛,代表医家 / 俞根初 / 原文选释 / 六经总诀,p00719,true,builtin-haiku+vocab,vocabulary_bridge
Pattern_e137a1bca4,Pattern_fb0b5a0115,subPatternOf,1,肺伏痰火，则胸膈痞满而痛,代表医家 / 俞根初 / 方剂选录 / 陷胸承气汤,p00761,true,builtin-haiku+vocab,vocabulary_bridge
Pattern_2088faf3b5,Pattern_162310a07b,subPatternOf,1,陡然吐泻腹痛，胸膈痞满。故君以藿、朴、橘、术温理中焦,代表医家 / 俞根初 / 方剂选录 / 神术汤,p00776,true,builtin-haiku+vocab,vocabulary_bridge
Pattern_3193d74670,Pattern_95d6e85688,subPatternOf,1,凡肝风上翔，症必头晕胀痛，耳鸣心悸，手足躁扰,代表医家 / 俞根初 / 方剂选录 / 羚角钩藤汤,p00792,true,builtin-haiku+vocab,vocabulary_bridge
Pattern_bdd987b6e8,Pattern_95d6e85688,subPatternOf,1,甚则瘛疭，狂乱痉厥,代表医家 / 俞根初 / 方剂选录 / 羚角钩藤汤,p00792,true,builtin-haiku+vocab,vocabulary_bridge
Pattern_d546a8490d,Pattern_fb0b5a0115,subPatternOf,1,若便闭者，必须犀、连、承气，急泻肝火以息风,代表医家 / 俞根初 / 方剂选录 / 羚角钩藤汤,p00792,true,builtin-haiku+vocab,vocabulary_bridge
Pattern_8b80586aaf,Pattern_95d6e85688,subPatternOf,1,手足瘛疭，类似风动，故名曰内虚暗风，通称肝风,代表医家 / 俞根初 / 方剂选录 / 阿胶鸡子黄汤,p00806,true,builtin-haiku+vocab,vocabulary_bridge
Pattern_290a812988,Pattern_0d43806e92,subPatternOf,1,心血虚者，肝阳必亢,代表医家 / 俞根初 / 方剂选录 / 阿胶鸡子黄汤,p00806,true,builtin-haiku+vocab,vocabulary_bridge
Pattern_0897a78a55,Pattern_0d43806e92,subPatternOf,1,形瘦色苍，中气足而脉多弦，目有精彩，饮食不多，却能任劳，此阳旺阴虚之质也,代表医家 / 章虚谷 / 学术观点及诊治经验 / 正气为本，邪正虚实乃辨病首务,p00849,true,builtin-haiku+vocab,vocabulary_bridge
Pattern_d891dde7cd,Pattern_0d43806e92,subPatternOf,1,如体丰色白，皮嫩肌松，脉大而软，食啖虽多，每生痰涎，此阴盛阳虚之质,代表医家 / 章虚谷 / 学术观点及诊治经验 / 正气为本，邪正虚实乃辨病首务,p00849,true,builtin-haiku+vocab,vocabulary_bridge
Pattern_52c8da298c,Pattern_fb0b5a0115,subPatternOf,1,此阳旺阴虚之质也。每病多火，须用滋阴清火,代表医家 / 章虚谷 / 学术观点及诊治经验 / 正气为本，邪正虚实乃辨病首务,p00849,true,builtin-haiku+vocab,vocabulary_bridge
Pattern_d824581b34,Pattern_4071d8d382,subPatternOf,1,舌虽边黄，中必白滑，乃热邪外受，中却虚寒,代表医家 / 章虚谷 / 学术观点及诊治经验 / 大胆创新，承前启后乃新学功臣,p00859,true,builtin-haiku+vocab,vocabulary_bridge
Pattern_c283d0cf4c,Pattern_162310a07b,subPatternOf,1,如兼厚腻舌苔者，此热伏湿中,代表医家 / 章虚谷 / 学术观点及诊治经验 / 大胆创新，承前启后乃新学功臣,p00859,true,builtin-haiku+vocab,vocabulary_bridge
Pattern_6f9fbead0c,Pattern_0d43806e92,subPatternOf,1,其人体盛色白，或不白而肌松者，本质阳虚,代表医家 / 章虚谷 / 学术观点及诊治经验 / 大胆创新，承前启后乃新学功臣,p00859,true,builtin-haiku+vocab,vocabulary_bridge
Pattern_b1e38f34b1,Pattern_95d6e85688,subPatternOf,1,目有精彩，尚可无妨，如无精彩，寿多不永，或未到中年，而得中风之病,代表医家 / 章虚谷 / 原文选释 / 治病之要，首当察人体质之阴阳强弱,p00869,true,builtin-haiku+vocab,vocabulary_bridge
Pattern_4865f5e6fb,Pattern_162310a07b,subPatternOf,1,此湿邪之明征也,代表医家 / 章虚谷 / 原文选释 / 湿邪壅遏慎用蒌仁论,p00884,true,builtin-haiku+vocab,vocabulary_bridge
Pattern_b64d4eab21,Pattern_162310a07b,subPatternOf,1,湿邪壅遏，三焦气化不宣，多致二便不利,代表医家 / 章虚谷 / 原文选释 / 湿邪壅遏慎用蒌仁论,p00884,true,builtin-haiku+vocab,vocabulary_bridge
Pattern_2f052722e6,Pattern_162310a07b,subPatternOf,1,腹满消，而粥食大进，小溲亦长。余曰此湿已化,代表医家 / 章虚谷 / 医案选按 / 六月感暑脾肾两伤助阳得愈案,p00889,false,builtin-haiku+vocab,vocabulary_bridge
Pattern_fe65645b91,Pattern_67b898da88,belongsToChannel,1,因言中焦虚寒，浊阴聚胃，故呕吐。是胃阳不振,代表医家 / 章虚谷 / 医案选按 / 胃阳不振胃阴不足疑似案,p00894,true,builtin-haiku+vocab,vocabulary_bridge
Pattern_fe65645b91,Pattern_4071d8d382,subPatternOf,1,因言中焦虚寒，浊阴聚胃，故呕吐。是胃阳不振,代表医家 / 章虚谷 / 医案选按 / 胃阳不振胃阴不足疑似案,p00894,true,builtin-haiku+vocab,vocabulary_bridge
Pattern_dc8850c9e9,Pattern_fb0b5a0115,subPatternOf,1,因言中焦虚寒，浊阴聚胃，故呕吐。是胃阳不振，非肝火作逆、胃阴不足也,代表医家 / 章虚谷 / 医案选按 / 胃阳不振胃阴不足疑似案,p00894,true,builtin-haiku+vocab,vocabulary_bridge
Pattern_78ef105887,Pattern_67b898da88,belongsToChannel,1,舌苔白腐者，中焦之真寒,代表医家 / 章虚谷 / 医案选按 / 胃阳不振胃阴不足疑似案,p00895,true,builtin-haiku+vocab,vocabulary_bridge
Pattern_78ef105887,Pattern_4071d8d382,subPatternOf,1,舌苔白腐者，中焦之真寒,代表医家 / 章虚谷 / 医案选按 / 胃阳不振胃阴不足疑似案,p00895,true,builtin-haiku+vocab,vocabulary_bridge
Pattern_50cf0d633c,Pattern_da1148d0da,subPatternOf,1,是面红便少而赤者，上下之假热,代表医家 / 章虚谷 / 医案选按 / 胃阳不振胃阴不足疑似案,p00895,true,builtin-haiku+vocab,vocabulary_bridge
Pattern_e0c9130adb,Pattern_da1148d0da,subPatternOf,1,舌苔厚白如积粉，此秽浊之邪，包热在内,代表医家 / 章虚谷 / 医案选按 / 胃阳不振胃阴不足疑似案,p00896,true,builtin-haiku+vocab,vocabulary_bridge
Pattern_0935ff0f38,Pattern_da1148d0da,subPatternOf,1,浊邪包热者，苔虽白，其舌本必红赤,代表医家 / 章虚谷 / 医案选按 / 胃阳不振胃阴不足疑似案,p00896,true,builtin-haiku+vocab,vocabulary_bridge
Pattern_697923f1b7,Pattern_4071d8d382,subPatternOf,1,非如虚寒之淡白也,代表医家 / 章虚谷 / 医案选按 / 胃阳不振胃阴不足疑似案,p00896,true,builtin-haiku+vocab,vocabulary_bridge
Pattern_2c080bef80,Pattern_fb0b5a0115,subPatternOf,1,此证固非火邪,代表医家 / 章虚谷 / 医案选按 / 暑月贪凉元阳大损案,p00900,true,builtin-haiku+vocab,vocabulary_bridge
Pattern_1c71b6fb5d,Pattern_0d43806e92,subPatternOf,1,体盛色白，或不白而肌松者，本质阳虚,代表医家 / 章虚谷 / 医案选按 / 暑月贪凉元阳大损案,p00902,true,builtin-haiku+vocab,vocabulary_bridge
Pattern_95ee36ca5e,Pattern_4071d8d382,subPatternOf,1,舌虽边黄，中必白滑，乃热邪外受，中却虚寒,代表医家 / 章虚谷 / 医案选按 / 暑月贪凉元阳大损案,p00902,true,builtin-haiku+vocab,vocabulary_bridge
Pattern_c220b0b0bf,Pattern_da1148d0da,subPatternOf,1,昼清夜昏，为热入血室,代表医家 / 章虚谷 / 医案选按 / 暑温误治案,p00906,true,builtin-haiku+vocab,vocabulary_bridge
Pattern_7db49df539,Pattern_13c2886118,belongsToChannel,1,血室厥阴所主，故左关独滞,代表医家 / 章虚谷 / 医案选按 / 暑温误治案,p00906,true,builtin-haiku+vocab,vocabulary_bridge
Pattern_7db49df539,Pattern_da1148d0da,subPatternOf,1,血室厥阴所主，故左关独滞,代表医家 / 章虚谷 / 医案选按 / 暑温误治案,p00906,true,builtin-haiku+vocab,vocabulary_bridge
Pattern_ce42a377ab,Pattern_7393ca82b4,belongsToChannel,1,轻按皮肤则凉，重按肌肉，热如火。余意必因服蒌仁等凉药，脾气滑泄，热邪陷入太阴也,代表医家 / 章虚谷 / 医案选按 / 邪伏少阴案,p00910,false,builtin-haiku+vocab,vocabulary_bridge
Pattern_ce42a377ab,Pattern_da1148d0da,subPatternOf,1,轻按皮肤则凉，重按肌肉，热如火。余意必因服蒌仁等凉药，脾气滑泄，热邪陷入太阴也,代表医家 / 章虚谷 / 医案选按 / 邪伏少阴案,p00910,false,builtin-haiku+vocab,vocabulary_bridge
Pattern_4d5bdf1a55,Pattern_d2d2dc5e41,belongsToChannel,1,右尺独大，数如沸汤。此因贫苦人，力食衣单，冬受寒冷，邪伏少阴。至春阳旺，郁邪化热，劫烁肾阴，故尺脉如此,代表医家 / 章虚谷 / 医案选按 / 邪伏少阴案,p00911,true,builtin-haiku+vocab,vocabulary_bridge
Pattern_4d5bdf1a55,Pattern_da1148d0da,subPatternOf,1,右尺独大，数如沸汤。此因贫苦人，力食衣单，冬受寒冷，邪伏少阴。至春阳旺，郁邪化热，劫烁肾阴，故尺脉如此,代表医家 / 章虚谷 / 医案选按 / 邪伏少阴案,p00911,true,builtin-haiku+vocab,vocabulary_bridge
Pattern_90edacc35d,Pattern_95d6e85688,subPatternOf,1,初起畏寒发热者，外感风邪也,代表医家 / 章虚谷 / 医案选按 / 邪伏少阴案,p00911,true,builtin-haiku+vocab,vocabulary_bridge
Pattern_8f7c51b389,Pattern_da1148d0da,subPatternOf,1,口渴者，内热勃发也,代表医家 / 章虚谷 / 医案选按 / 邪伏少阴案,p00911,true,builtin-haiku+vocab,vocabulary_bridge
Pattern_ba8db51c0d,Pattern_4071d8d382,subPatternOf,1,此本虚寒邪伏,代表医家 / 章虚谷 / 医案选按 / 风寒误作温病案,p00917,true,builtin-haiku+vocab,vocabulary_bridge
Pattern_109417397b,Pattern_95d6e85688,subPatternOf,1,舌苔薄而微白,代表医家 / 章虚谷 / 医案选按 / 风寒误作温病案,p00917,true,builtin-haiku+vocab,vocabulary_bridge
Pattern_4053883553,Pattern_0d43806e92,subPatternOf,1,按其胸腹空软，但虚满耳,代表医家 / 章虚谷 / 医案选按 / 风寒误作温病案,p00917,true,builtin-haiku+vocab,vocabulary_bridge
Pattern_c1b47448c3,Pattern_da1148d0da,subPatternOf,1,原系热病，何以脉象竟同阴寒,代表医家 / 章虚谷 / 医案选按 / 冬伤于寒夏病温热案,p00922,true,builtin-haiku+vocab,vocabulary_bridge
Pattern_eef49393fc,Pattern_da1148d0da,subPatternOf,1,血热发斑，证见面红赤、汗出津津、口燥大渴、热盛胸闷、斑纯红深红等,代表医家 / 何廉臣 / 学术观点及诊治经验 / 善创新，发展温病病因病机,p00976,false,builtin-haiku+vocab,vocabulary_bridge
Pattern_1036e01869,Pattern_162310a07b,subPatternOf,1,总以湿、热之偏重为纲，辨证犹重舌苔之变化,代表医家 / 何廉臣 / 学术观点及诊治经验 / 精辨证，四诊入微经验独特,p00982,true,builtin-haiku+vocab,vocabulary_bridge
Pattern_eaee8f0bcb,Pattern_162310a07b,subPatternOf,1,湿重于热。其病多发于太阴肺脾，其舌苔必白腻,代表医家 / 何廉臣 / 学术观点及诊治经验 / 精辨证，四诊入微经验独特,p00983,true,builtin-haiku+vocab,vocabulary_bridge
Pattern_6285013c2e,Pattern_162310a07b,subPatternOf,1,头目胀痛昏重，如裹如蒙,代表医家 / 何廉臣 / 学术观点及诊治经验 / 精辨证，四诊入微经验独特,p00983,true,builtin-haiku+vocab,vocabulary_bridge
Pattern_c0d2f44380,Pattern_162310a07b,subPatternOf,1,若兼神烦而昏者，此由湿热郁蒸过极，内蒙清窍,代表医家 / 何廉臣 / 学术观点及诊治经验 / 精辨证，四诊入微经验独特,p00983,true,builtin-haiku+vocab,vocabulary_bridge
Pattern_350142a5ca,Pattern_162310a07b,subPatternOf,1,若兼大便不利者，此由湿阻气滞，或兼痰涎,代表医家 / 何廉臣 / 学术观点及诊治经验 / 精辨证，四诊入微经验独特,p00983,true,builtin-haiku+vocab,vocabulary_bridge
Pattern_50907ee281,Pattern_162310a07b,subPatternOf,1,其舌苔必黄腻,代表医家 / 何廉臣 / 学术观点及诊治经验 / 精辨证，四诊入微经验独特,p00984,true,builtin-haiku+vocab,vocabulary_bridge
Pattern_08fa5936d3,Pattern_da1148d0da,subPatternOf,1,但必胸腹热满，按之灼手,代表医家 / 何廉臣 / 学术观点及诊治经验 / 精辨证，四诊入微经验独特,p00984,true,builtin-haiku+vocab,vocabulary_bridge
Pattern_03b372cc19,Pattern_da1148d0da,subPatternOf,1,症必神烦口渴，渴不引饮，甚则耳聋干呕，面色红黄黑混，口气秽浊,代表医家 / 何廉臣 / 学术观点及诊治经验 / 精辨证，四诊入微经验独特,p00984,true,builtin-haiku+vocab,vocabulary_bridge
Pattern_453a9448ad,Pattern_fb0b5a0115,subPatternOf,1,火为实证，热盛阳亢，身热多汗，法宜苦寒夺其实而泻其热,代表医家 / 何廉臣 / 学术观点及诊治经验 / 精辨证，四诊入微经验独特,p00988,true,builtin-haiku+vocab,vocabulary_bridge
Pattern_0fcb315aa8,Pattern_d4f0a2d956,subPatternOf,1,燥为虚证、阴亏失润、肌肤干燥，法宜甘寒养其阴而润其燥,代表医家 / 何廉臣 / 学术观点及诊治经验 / 精辨证，四诊入微经验独特,p00988,true,builtin-haiku+vocab,vocabulary_bridge
Pattern_6731919680,Pattern_162310a07b,subPatternOf,1,湿伤脾阳，腹膨尿涩,代表医家 / 何廉臣 / 学术观点及诊治经验 / 巧施治，完善温病治法方药,p01006,true,builtin-haiku+vocab,vocabulary_bridge
Pattern_5bbea1c1a5,Pattern_4071d8d382,subPatternOf,1,辨寒热真假尤为可据,代表医家 / 何廉臣 / 原文选释 / 虚里冲任论,p01021,true,builtin-haiku+vocab,vocabulary_bridge
Pattern_069adf4dff,Pattern_d2d2dc5e41,belongsToChannel,1,舌白身痛，足跗浮肿，太溪穴水流如注，谓湿邪伏于足少阴经,代表医家 / 何廉臣 / 原文选释 / 兼湿须分寒湿、湿热论,p01024,true,builtin-haiku+vocab,vocabulary_bridge
Pattern_069adf4dff,Pattern_162310a07b,subPatternOf,1,舌白身痛，足跗浮肿，太溪穴水流如注，谓湿邪伏于足少阴经,代表医家 / 何廉臣 / 原文选释 / 兼湿须分寒湿、湿热论,p01024,true,builtin-haiku+vocab,vocabulary_bridge
Pattern_88581df320,Pattern_162310a07b,subPatternOf,1,若湿热甚而舌白目黄，口渴尿赤,代表医家 / 何廉臣 / 原文选释 / 兼湿须分寒湿、湿热论,p01024,true,builtin-haiku+vocab,vocabulary_bridge
Pattern_466b50ffaf,Pattern_da1148d0da,subPatternOf,1,温热病，最怕发热不退及痉厥昏蒙，更有无端而发晕及神清而忽间以狂言者，往往变生不测,代表医家 / 何廉臣 / 原文选释 / 温热虚症，少阴心肾病居多,p01039,true,builtin-haiku+vocab,vocabulary_bridge
Pattern_1151f4a422,Pattern_c363464eef,belongsToChannel,1,如风温之咳嗽息鼾，热病之神昏谵语，或溏泻黏垢，皆手太阴肺、手厥阴心包络、手阳明大肠现证,代表医家 / 何廉臣 / 原文选释 / 温热虚症，少阴心肾病居多,p01039,true,builtin-haiku+vocab,vocabulary_bridge
Pattern_a43f5004fe,Pattern_da1148d0da,subPatternOf,1,舌苔化燥，或黄或焦，是温热已烁于胃,代表医家 / 何廉臣 / 原文选释 / 温热伏邪因新寒触动而发者，最多变证,p01050,true,builtin-haiku+vocab,vocabulary_bridge
Pattern_591bb46533,Pattern_c363464eef,belongsToChannel,1,舌绛齿燥，谵语神昏，是温热深踞阳明营分,代表医家 / 何廉臣 / 原文选释 / 温热伏邪因新寒触动而发者，最多变证,p01050,true,builtin-haiku+vocab,vocabulary_bridge
Pattern_591bb46533,Pattern_da1148d0da,subPatternOf,1,舌绛齿燥，谵语神昏，是温热深踞阳明营分,代表医家 / 何廉臣 / 原文选释 / 温热伏邪因新寒触动而发者，最多变证,p01050,true,builtin-haiku+vocab,vocabulary_bridge
Pattern_1c172cbb52,Pattern_95d6e85688,subPatternOf,1,手足瘈疭，脉来弦数，是为热极生风,代表医家 / 何廉臣 / 原文选释 / 温热伏邪因新寒触动而发者，最多变证,p01050,true,builtin-haiku+vocab,vocabulary_bridge
Pattern_3c9cb66862,Pattern_162310a07b,subPatternOf,1,舌苔滑白厚腻者，重用川朴为君,代表医家 / 何廉臣 / 原文选释 / 湿热与湿温辨,p01055,true,builtin-haiku+vocab,vocabulary_bridge
Pattern_1117e49be9,Pattern_162310a07b,subPatternOf,1,口有秽气者，玉枢丹亦要药,代表医家 / 何廉臣 / 原文选释 / 湿热与湿温辨,p01055,true,builtin-haiku+vocab,vocabulary_bridge
Pattern_222fd3c450,Pattern_162310a07b,subPatternOf,1,治以宣化和中,代表医家 / 何廉臣 / 医案选按 / 湿阻呕泻案,p01090,true,builtin-haiku+vocab,vocabulary_bridge
Pattern_706c5ce574,Pattern_162310a07b,subPatternOf,1,脉弦滞,代表医家 / 何廉臣 / 医案选按 / 湿热夹肝气嘶哑案,p01104,true,builtin-haiku+vocab,vocabulary_bridge
Pattern_20554792d6,Pattern_75cf1a3951,subPatternOf,1,暑湿类疟，微寒，遍身筋痛，肢懈，口淡胃钝，舌苔薄腻，脉右滞左弦,代表医家 / 何廉臣 / 医案选按 / 暑湿类疟身痛案,p01117,true,builtin-haiku+vocab,vocabulary_bridge
Pattern_2c938a0f12,Pattern_95d6e85688,subPatternOf,1,脉浮弦大，诊为肝经风热,代表医家 / 张畹香 / 学术观点及诊治经验 / 诊病善察舌,p01145,true,builtin-haiku+vocab,vocabulary_bridge
Pattern_6afd8bdce9,Pattern_95d6e85688,subPatternOf,1,脉平，诊为风热余邪,代表医家 / 张畹香 / 学术观点及诊治经验 / 诊病善察舌,p01145,true,builtin-haiku+vocab,vocabulary_bridge
Pattern_e31e3ec63c,Pattern_162310a07b,subPatternOf,1,舌白胖，脉短涩，张氏认为是湿痰困脾,代表医家 / 张畹香 / 学术观点及诊治经验 / 诊病善察舌,p01145,true,builtin-haiku+vocab,vocabulary_bridge
Pattern_0639af8a16,Pattern_7393ca82b4,belongsToChannel,1,舌白苔滑，或有时黄滑，口燥不能饮，饮后呕黄水，脉皆滞缓，舌脉结合诊为太阴经湿疟,代表医家 / 张畹香 / 学术观点及诊治经验 / 诊病善察舌,p01145,true,builtin-haiku+vocab,vocabulary_bridge
Pattern_0639af8a16,Pattern_162310a07b,subPatternOf,1,舌白苔滑，或有时黄滑，口燥不能饮，饮后呕黄水，脉皆滞缓，舌脉结合诊为太阴经湿疟,代表医家 / 张畹香 / 学术观点及诊治经验 / 诊病善察舌,p01145,true,builtin-haiku+vocab,vocabulary_bridge
Pattern_c3f8fa1e5d,Pattern_95d6e85688,subPatternOf,1,咳嗽，咳痰，胁痛，气急，舌苔尚黄浓，六脉弦小数，根据舌黄、脉弦数诊为肝肺风热,代表医家 / 张畹香 / 学术观点及诊治经验 / 诊病善察舌,p01145,true,builtin-haiku+vocab,vocabulary_bridge
Pattern_9d5d494809,Pattern_0d43806e92,subPatternOf,1,咳嗽瘥后，舌净，诊脉弦小，张氏认为此为正虚邪恋,代表医家 / 张畹香 / 学术观点及诊治经验 / 诊病善察舌,p01145,true,builtin-haiku+vocab,vocabulary_bridge
Pattern_f70fdd2e43,Pattern_da1148d0da,subPatternOf,1,冬温治疗后，尚有余热，脉细数，右关少带滞象，舌黑苔已浮起，两边黄去而微白滑，张氏根据温热病后舌质舌苔变化，结合脉之征象，考虑为肺阴之虚至余热邪留,代表医家 / 张畹香 / 学术观点及诊治经验 / 诊病善察舌,p01145,true,builtin-haiku+vocab,vocabulary_bridge
Pattern_6372c1861a,Pattern_75cf1a3951,subPatternOf,1,瘅疟服白虎汤后，见舌苔前半已去，而根尚有黄色，口苦且腻，掌心尚热，小溲赤，诊脉左手已小，右手稍有滞象，惟皆数，张氏认为瘅疟由于暑邪之在肺,代表医家 / 张畹香 / 学术观点及诊治经验 / 诊病善察舌,p01145,true,builtin-haiku+vocab,vocabulary_bridge
Pattern_2c3dfba07c,Pattern_162310a07b,subPatternOf,1,"张氏辨舌合症，论述""肺主皮毛，头为诸阳之首，当责肺分之湿热""",代表医家 / 张畹香 / 学术观点及诊治经验 / 诊病善察舌,p01147,false,builtin-haiku+vocab,vocabulary_bridge
Pattern_ddca7ba8fd,Pattern_162310a07b,subPatternOf,1,"张氏根据舌黄滑，伴有小便短赤，大便如水样的症状，提出""温病往往有大便作泻，乃肺移热于大肠，由湿体之故""",代表医家 / 张畹香 / 学术观点及诊治经验 / 诊病善察舌,p01147,false,builtin-haiku+vocab,vocabulary_bridge
Pattern_339f940696,Pattern_162310a07b,subPatternOf,1,诊脉弦滞大，予谓湿热未净，伤及气分,代表医家 / 张畹香 / 原文选释 / 利湿升清止痢疾,p01176,true,builtin-haiku+vocab,vocabulary_bridge
Pattern_3e73b62872,Pattern_162310a07b,subPatternOf,1,瘟疫多为湿热之邪，忌用汗法，察看舌苔变化，早用下法,代表医家 / 张畹香 / 原文选释 / 瘟疫察苔宜早下,p01203,true,builtin-haiku+vocab,vocabulary_bridge
Pattern_4a252a94ca,Pattern_da1148d0da,subPatternOf,1,又有身热，须分三阳经，有羌活汤或葛根汤或小柴胡汤，先除其热,代表医家 / 张畹香 / 原文选释 / 湿热痢疾治肝脾,p01206,true,builtin-haiku+vocab,vocabulary_bridge
Pattern_48f23215b1,Pattern_d14eca4d89,belongsToChannel,1,舌白薄脉浮数，所服初则达原，继则承气，余谓此属上焦症,代表医家 / 张畹香 / 医案选按 / 辛凉发汗治上焦温邪案,p01216,true,builtin-haiku+vocab,vocabulary_bridge
Pattern_caffb84e9f,Pattern_d14eca4d89,belongsToChannel,1,上焦温邪。用辛凉法，战汗体冷如冰,代表医家 / 张畹香 / 医案选按 / 滋阴润肺治上焦温邪案,p01220,true,builtin-haiku+vocab,vocabulary_bridge
Pattern_72b0386528,Pattern_161a66296e,belongsToChannel,1,致邪陷下焦，故不得汗,代表医家 / 张畹香 / 医案选按 / 滋阴清热治风温案,p01224,true,builtin-haiku+vocab,vocabulary_bridge
Pattern_8c5fa317c3,Pattern_c363464eef,belongsToChannel,1,患经五六日，予知为阳明症,代表医家 / 张畹香 / 医案选按 / 葛根汤退阳明之身热案,p01228,true,builtin-haiku+vocab,vocabulary_bridge
Pattern_b7ff7223df,Pattern_c363464eef,belongsToChannel,1,身热、舌干，脉大本为阳明经热症,代表医家 / 张畹香 / 医案选按 / 葛根汤退阳明之身热案,p01230,true,builtin-haiku+vocab,vocabulary_bridge
Pattern_b7ff7223df,Pattern_da1148d0da,subPatternOf,1,身热、舌干，脉大本为阳明经热症,代表医家 / 张畹香 / 医案选按 / 葛根汤退阳明之身热案,p01230,true,builtin-haiku+vocab,vocabulary_bridge
Pattern_f77a0c09e6,Pattern_c363464eef,belongsToChannel,1,阳明经症仍在，未传阳明之腑,代表医家 / 张畹香 / 医案选按 / 葛根汤退阳明之身热案,p01230,true,builtin-haiku+vocab,vocabulary_bridge
Pattern_adbeb7dd66,Pattern_162310a07b,subPatternOf,1,诊脉弦滞大，予谓湿热未净，伤及气分,代表医家 / 张畹香 / 医案选按 / 清解湿热治休息痢案,p01240,true,builtin-haiku+vocab,vocabulary_bridge
Pattern_2bbb08821e,Pattern_e595f587ae,belongsToChannel,1,脉弦细，舌黄，是少阳经感风热,代表医家 / 张畹香 / 医案选按 / 逍遥散治少阳经感风热咳嗽案,p01256,true,builtin-haiku+vocab,vocabulary_bridge
Pattern_2bbb08821e,Pattern_95d6e85688,subPatternOf,1,脉弦细，舌黄，是少阳经感风热,代表医家 / 张畹香 / 医案选按 / 逍遥散治少阳经感风热咳嗽案,p01256,true,builtin-haiku+vocab,vocabulary_bridge
Pattern_dd8c614bb4,Pattern_e595f587ae,belongsToChannel,1,为少阳经风热,代表医家 / 张畹香 / 医案选按 / 逍遥散治少阳经感风热咳嗽案,p01259,true,builtin-haiku+vocab,vocabulary_bridge
Pattern_dd8c614bb4,Pattern_95d6e85688,subPatternOf,1,为少阳经风热,代表医家 / 张畹香 / 医案选按 / 逍遥散治少阳经感风热咳嗽案,p01259,true,builtin-haiku+vocab,vocabulary_bridge
Pattern_42b38c8fe1,Pattern_95d6e85688,subPatternOf,1,当用肝风射肺法,代表医家 / 张畹香 / 医案选按 / 肝风射肺法治高年素有咳血兹又发作案,p01261,true,builtin-haiku+vocab,vocabulary_bridge
Pattern_dd80ab9fe2,Pattern_fb0b5a0115,subPatternOf,1,舌黄脉弦，当予清泄肝经郁火,代表医家 / 张畹香 / 医案选按 / 清肝解郁治肝阳犯胃案,p01274,true,builtin-haiku+vocab,vocabulary_bridge
Pattern_3ac35d0952,Pattern_fb0b5a0115,subPatternOf,1,肝火犯胃，则见胃中满闷，吐酸呕苦,代表医家 / 张畹香 / 医案选按 / 清肝解郁治肝阳犯胃案,p01274,true,builtin-haiku+vocab,vocabulary_bridge
Pattern_51852231e8,Pattern_da1148d0da,subPatternOf,1,左脉尚弦数...是可知其血之热,代表医家 / 张畹香 / 医案选按 / 清肝凉肝治肝热血崩案,p01287,false,builtin-haiku+vocab,vocabulary_bridge
Pattern_942b8ab593,Pattern_da1148d0da,subPatternOf,1,经一年，曾经期至如崩，现尚早而如崩...是可知其血之热而不摄,代表医家 / 张畹香 / 医案选按 / 清肝凉肝治肝热血崩案,p01287,false,builtin-haiku+vocab,vocabulary_bridge
Pattern_0f7fe4cca9,Pattern_da1148d0da,subPatternOf,1,左脉弦数，为肝经血热,代表医家 / 张畹香 / 医案选按 / 清肝凉肝治肝热血崩案,p01290,true,builtin-haiku+vocab,vocabulary_bridge
Pattern_34e78c0df3,Pattern_162310a07b,subPatternOf,1,上一条，则仲景景明云痉病，且著其风强险恶之状，不当指为上甚之湿,代表医家 / 周伯度 / 原文选释 / 湿,p01325,true,builtin-haiku+vocab,vocabulary_bridge
Pattern_1e24ae9999,Pattern_4071d8d382,subPatternOf,1,眼胞上下如烟煤色者，寒痰也,代表医家 / 赵晴初 / 学术观点及诊治经验 / 临床尤重望诊，四诊皆有心得,p01378,true,builtin-haiku+vocab,vocabulary_bridge
Pattern_eb1f8f2bfb,Pattern_da1148d0da,subPatternOf,1,眼黑烦赤者，热痰也,代表医家 / 赵晴初 / 学术观点及诊治经验 / 临床尤重望诊，四诊皆有心得,p01378,true,builtin-haiku+vocab,vocabulary_bridge
Pattern_c3018b9b9f,Pattern_0d43806e92,subPatternOf,1,病未久而语声不续者，其人中气本虚也,代表医家 / 赵晴初 / 学术观点及诊治经验 / 临床尤重望诊，四诊皆有心得,p01379,true,builtin-haiku+vocab,vocabulary_bridge
Pattern_2fd7f9f773,Pattern_fb0b5a0115,subPatternOf,1,多言者火之用事也。,代表医家 / 赵晴初 / 学术观点及诊治经验 / 临床尤重望诊，四诊皆有心得,p01379,true,builtin-haiku+vocab,vocabulary_bridge
Pattern_8c0e77838d,Pattern_0d43806e92,subPatternOf,1,虚则气浮，脉多浮大,代表医家 / 赵晴初 / 原文选释 / 养生至理，量入为出,p01417,true,builtin-haiku+vocab,vocabulary_bridge
Pattern_28ca6d1d6c,Pattern_0d43806e92,subPatternOf,1,又或阳虛气陷，按之不鼓，沉细无力,代表医家 / 赵晴初 / 原文选释 / 养生至理，量入为出,p01417,true,builtin-haiku+vocab,vocabulary_bridge
Pattern_488811b06d,Pattern_0d43806e92,subPatternOf,1,或浮弦搏指，皆阴虚化刚之象,代表医家 / 赵晴初 / 原文选释 / 养生至理，量入为出,p01417,true,builtin-haiku+vocab,vocabulary_bridge
Pattern_951e0b46ed,Pattern_95d6e85688,subPatternOf,1,风入胞门，致腹痛欲绝，其脉浮而弦,代表医家 / 赵晴初 / 方剂选录 / 产科三方,p01462,true,builtin-haiku+vocab,vocabulary_bridge
Pattern_a8bafc7736,Pattern_c363464eef,belongsToChannel,1,此邪热在阳明经，白虎汤证也,代表医家 / 赵晴初 / 医案选按 / 发狂案,p01469,true,builtin-haiku+vocab,vocabulary_bridge
Pattern_a8bafc7736,Pattern_da1148d0da,subPatternOf,1,此邪热在阳明经，白虎汤证也,代表医家 / 赵晴初 / 医案选按 / 发狂案,p01469,true,builtin-haiku+vocab,vocabulary_bridge
Pattern_63d5e52106,Pattern_da1148d0da,subPatternOf,1,男子亦有热结血室证，所以症现如狂见鬼，小便自利，大便不通也,代表医家 / 赵晴初 / 医案选按 / 发狂案,p01469,true,builtin-haiku+vocab,vocabulary_bridge
Pattern_80d986c42a,Pattern_4071d8d382,subPatternOf,1,以虚则当补，寒则当温也,代表医家 / 赵晴初 / 医案选按 / 恶露不行案,p01474,true,builtin-haiku+vocab,vocabulary_bridge
Pattern_bfdac6bab9,Pattern_4071d8d382,subPatternOf,1,血因寒瘀而上冲于胃，冲胃者，为产后三冲急证中之一,代表医家 / 赵晴初 / 医案选按 / 恶露不行案,p01474,true,builtin-haiku+vocab,vocabulary_bridge
Pattern_ef4ba1772a,Pattern_bb2a5ef2bb,subPatternOf,1,唯左小腹有块如拳大，不时攻触作痛,代表医家 / 赵晴初 / 医案选按 / 恶露不行案,p01474,true,builtin-haiku+vocab,vocabulary_bridge
Pattern_5bd89961d7,Pattern_95d6e85688,subPatternOf,1,此乃热盛内迫，斑疹被遏，邪入心包．热极动风之候,代表医家 / 胡宝书 / 生平与代表著作简介,p01493,true,builtin-haiku+vocab,vocabulary_bridge
Pattern_76ef56c79a,Pattern_162310a07b,subPatternOf,1,湿遏热伏，不得外达，身热不扬、胸膈痞塞等症,代表医家 / 胡宝书 / 学术观点及诊治经验 / 治湿重气化,p01504,true,builtin-haiku+vocab,vocabulary_bridge
Pattern_67ef5b4a78,Pattern_da1148d0da,subPatternOf,1,热入营血，见心烦不寐、身热夜甚、舌绛脉数,代表医家 / 胡宝书 / 学术观点及诊治经验 / 治湿重气化,p01504,true,builtin-haiku+vocab,vocabulary_bridge
Pattern_2972d70ce0,Pattern_162310a07b,subPatternOf,1,湿热不扬、病程粘滞不愈者，发㾦者,代表医家 / 胡宝书 / 学术观点及诊治经验 / 治湿重气化,p01504,true,builtin-haiku+vocab,vocabulary_bridge
Pattern_71820f930b,Pattern_da1148d0da,subPatternOf,1,烦躁呓语，躁热苔黄，为热邪亢盛之象,代表医家 / 胡宝书 / 学术观点及诊治经验 / 用药尚轻灵,p01511,true,builtin-haiku+vocab,vocabulary_bridge
Pattern_15451fb4bc,Pattern_7393ca82b4,belongsToChannel,1,脉来濡小，小便清长。病在太阴,代表医家 / 胡宝书 / 学术观点及诊治经验 / 治痢特色,p01562,true,builtin-haiku+vocab,vocabulary_bridge
Pattern_ea6bb9e582,Pattern_4071d8d382,subPatternOf,1,脉来濡小，并兼小便清长，知其属寒无疑,代表医家 / 胡宝书 / 学术观点及诊治经验 / 治痢特色,p01562,true,builtin-haiku+vocab,vocabulary_bridge
Pattern_0ed2c2eb79,Pattern_162310a07b,subPatternOf,1,非腑病湿热可比,代表医家 / 胡宝书 / 学术观点及诊治经验 / 治痢特色,p01562,true,builtin-haiku+vocab,vocabulary_bridge
Pattern_5357584597,Pattern_4071d8d382,subPatternOf,1,哕逆者胃寒也,代表医家 / 胡宝书 / 学术观点及诊治经验 / 治痢特色,p01563,true,builtin-haiku+vocab,vocabulary_bridge
Pattern_38eb83391c,Pattern_da1148d0da,subPatternOf,1,下痢者肠热也,代表医家 / 胡宝书 / 学术观点及诊治经验 / 治痢特色,p01563,true,builtin-haiku+vocab,vocabulary_bridge
Pattern_c94bc4181b,Pattern_7393ca82b4,belongsToChannel,1,脉复弦迟，湿热潜伏太阴,代表医家 / 胡宝书 / 学术观点及诊治经验 / 治痢特色,p01571,true,builtin-haiku+vocab,vocabulary_bridge
Pattern_c94bc4181b,Pattern_162310a07b,subPatternOf,1,脉复弦迟，湿热潜伏太阴,代表医家 / 胡宝书 / 学术观点及诊治经验 / 治痢特色,p01571,true,builtin-haiku+vocab,vocabulary_bridge
Pattern_8b0b503c06,Pattern_95d6e85688,subPatternOf,1,风寒外侵，肺卫不宣，咳嗽痰多，恶寒身热，苔白脉浮,代表医家 / 胡宝书 / 医案选按 / 春温,p01606,true,builtin-haiku+vocab,vocabulary_bridge
Pattern_46cab433b6,Pattern_162310a07b,subPatternOf,1,脉来滑数，身热口燥，恶心，中宫停积不化，苔色黄燥而厚，症属湿温,代表医家 / 胡宝书 / 医案选按 / 湿温,p01612,true,builtin-haiku+vocab,vocabulary_bridge
Pattern_214f8978e3,Pattern_c363464eef,belongsToChannel,1,苔色黄厚而燥，口渴，大便欲解不爽，脉象与前略有转机，此邪热结于阳明,代表医家 / 胡宝书 / 医案选按 / 湿温,p01613,true,builtin-haiku+vocab,vocabulary_bridge
Pattern_214f8978e3,Pattern_da1148d0da,subPatternOf,1,苔色黄厚而燥，口渴，大便欲解不爽，脉象与前略有转机，此邪热结于阳明,代表医家 / 胡宝书 / 医案选按 / 湿温,p01613,true,builtin-haiku+vocab,vocabulary_bridge
Pattern_419af6c7f1,Pattern_162310a07b,subPatternOf,1,脉滑数苔黄燥身热口燥之症，势所必然,代表医家 / 胡宝书 / 医案选按 / 湿温,p01617,false,builtin-haiku+vocab,vocabulary_bridge
Pattern_139f897c0d,Pattern_c363464eef,belongsToChannel,1,脉滑数说明病入阳明而外证未解,代表医家 / 胡宝书 / 医案选按 / 湿温,p01617,false,builtin-haiku+vocab,vocabulary_bridge
Pattern_d157c4c5b5,Pattern_c363464eef,belongsToChannel,1,而阳明病之脉，经证当见脉洪大、腑证当见脉沉实，今证脉不符,代表医家 / 胡宝书 / 医案选按 / 湿温,p01617,true,builtin-haiku+vocab,vocabulary_bridge
Pattern_d157c4c5b5,Pattern_d9dda49ff0,subPatternOf,1,而阳明病之脉，经证当见脉洪大、腑证当见脉沉实，今证脉不符,代表医家 / 胡宝书 / 医案选按 / 湿温,p01617,true,builtin-haiku+vocab,vocabulary_bridge
Pattern_cd1b9a6ea9,Pattern_c363464eef,belongsToChannel,1,苔黄而燥，脉弦，惟左尺兼迟。此太阴之湿与阳明之热相合矣,代表医家 / 胡宝书 / 医案选按 / 暑温,p01620,true,builtin-haiku+vocab,vocabulary_bridge
Pattern_cd1b9a6ea9,Pattern_da1148d0da,subPatternOf,1,苔黄而燥，脉弦，惟左尺兼迟。此太阴之湿与阳明之热相合矣,代表医家 / 胡宝书 / 医案选按 / 暑温,p01620,true,builtin-haiku+vocab,vocabulary_bridge
Pattern_924d31da2f,Pattern_c363464eef,belongsToChannel,1,苔黄而燥，脉弦，惟左尺兼迟。此太阴之湿与阳明之热相合矣,代表医家 / 胡宝书 / 医案选按 / 暑温,p01620,true,builtin-haiku+vocab,vocabulary_bridge
Pattern_924d31da2f,Pattern_162310a07b,subPatternOf,1,苔黄而燥，脉弦，惟左尺兼迟。此太阴之湿与阳明之热相合矣,代表医家 / 胡宝书 / 医案选按 / 暑温,p01620,true,builtin-haiku+vocab,vocabulary_bridge
Pattern_786d496278,Pattern_c363464eef,belongsToChannel,1,此乃阳明不和，湿转化热矣,代表医家 / 胡宝书 / 医案选按 / 暑温,p01621,true,builtin-haiku+vocab,vocabulary_bridge
Pattern_786d496278,Pattern_162310a07b,subPatternOf,1,此乃阳明不和，湿转化热矣,代表医家 / 胡宝书 / 医案选按 / 暑温,p01621,true,builtin-haiku+vocab,vocabulary_bridge
Pattern_bcb61c7f1a,Pattern_da1148d0da,subPatternOf,1,苔燥干结，此热邪传入巨阳,代表医家 / 胡宝书 / 医案选按 / 伏暑,p01628,true,builtin-haiku+vocab,vocabulary_bridge
Pattern_e65df68009,Pattern_c363464eef,belongsToChannel,1,热结阳明之状已现，如苔燥质红、大便干结,代表医家 / 胡宝书 / 医案选按 / 伏暑,p01631,true,builtin-haiku+vocab,vocabulary_bridge
Pattern_e65df68009,Pattern_da1148d0da,subPatternOf,1,热结阳明之状已现，如苔燥质红、大便干结,代表医家 / 胡宝书 / 医案选按 / 伏暑,p01631,true,builtin-haiku+vocab,vocabulary_bridge
Pattern_6cb2ab993b,Pattern_95d6e85688,subPatternOf,1,舌燥脉数，防痉脱,代表医家 / 胡宝书 / 医案选按 / 秋燥,p01634,true,builtin-haiku+vocab,vocabulary_bridge
Pattern_ff11076e51,Pattern_d4f0a2d956,subPatternOf,1,湿已化燥，津液被劫，肝风易动，舌燥脉数,代表医家 / 胡宝书 / 医案选按 / 秋燥,p01634,true,builtin-haiku+vocab,vocabulary_bridge
Pattern_565fda29dd,Pattern_162310a07b,subPatternOf,1,脉濡,代表医家 / 邵兰荪 / 学术观点和诊治经验 / 用药轻宣多平和,p01651,true,builtin-haiku+vocab,vocabulary_bridge
Pattern_9bdaa781a5,Pattern_161a66296e,belongsToChannel,1,腰坠,代表医家 / 邵兰荪 / 学术观点和诊治经验 / 用药轻宣多平和,p01651,true,builtin-haiku+vocab,vocabulary_bridge
Pattern_9bdaa781a5,Pattern_162310a07b,subPatternOf,1,腰坠,代表医家 / 邵兰荪 / 学术观点和诊治经验 / 用药轻宣多平和,p01651,true,builtin-haiku+vocab,vocabulary_bridge
Pattern_e28c26bc29,Pattern_162310a07b,subPatternOf,1,证见膀胱湿热、湿热阻肺者,代表医家 / 邵兰荪 / 学术观点和诊治经验 / 善用药引有奇思,p01659,true,builtin-haiku+vocab,vocabulary_bridge
Pattern_9b04ceabef,Pattern_0d43806e92,subPatternOf,1,此病为冲任皆虚所致,代表医家 / 邵兰荪 / 学术观点和诊治经验 / 妇人患病重冲任,p01662,true,builtin-haiku+vocab,vocabulary_bridge
Pattern_175b53754e,Pattern_75cf1a3951,subPatternOf,1,暑湿伤气，脘闷发热，脉濡，右弦细，舌滑白，溺数，恶心,代表医家 / 邵兰荪 / 医案选按 / 暑湿,p01666,true,builtin-haiku+vocab,vocabulary_bridge
Pattern_0470fc9c11,Pattern_75cf1a3951,subPatternOf,1,自汗发热而头目不爽，脉虚右濡，尤为伤暑夹湿之征,代表医家 / 邵兰荪 / 医案选按 / 暑湿,p01678,true,builtin-haiku+vocab,vocabulary_bridge
Pattern_2aff0cdc02,Pattern_4071d8d382,subPatternOf,1,湿热着经络，寒热交作，脉弦濡，舌黄滑，口渴，足跗冷彻骨中,代表医家 / 邵兰荪 / 医案选按 / 暑湿,p01680,true,builtin-haiku+vocab,vocabulary_bridge
Pattern_c855807f36,Pattern_da1148d0da,subPatternOf,1,温邪上郁，头目不爽，脉数,代表医家 / 邵兰荪 / 医案选按 / 温热,p01698,true,builtin-haiku+vocab,vocabulary_bridge
Pattern_c5246da6e9,Pattern_e984dbb293,subPatternOf,1,脉弦细，舌转微白，潮热较差，食入恶心。宜清肺胃化痰,代表医家 / 邵兰荪 / 医案选按 / 咳嗽,p01717,true,builtin-haiku+vocab,vocabulary_bridge
Pattern_04f218781e,Pattern_da1148d0da,subPatternOf,1,总核病状，多是内真热而外假寒,代表医家 / 曹炳章 / 学术观点与诊治经验 / 详辨霍乱，救急善用成药,p01762,true,builtin-haiku+vocab,vocabulary_bridge
Pattern_fa8590f68e,Pattern_4071d8d382,subPatternOf,1,虽有肢冷脉伏似寒象，即所谓热深厥深是也,代表医家 / 曹炳章 / 学术观点与诊治经验 / 详辨霍乱，救急善用成药,p01762,true,builtin-haiku+vocab,vocabulary_bridge
Pattern_7c91d754e6,Pattern_da1148d0da,subPatternOf,1,舌色多红，苔多黄燥，皆口渴引饮，吐利臭秽，小便短赤，肛热如火,代表医家 / 曹炳章 / 学术观点与诊治经验 / 详辨霍乱，救急善用成药,p01762,true,builtin-haiku+vocab,vocabulary_bridge
Pattern_4b1a547099,Pattern_162310a07b,subPatternOf,1,此因肝热湿痰在胃,代表医家 / 曹炳章 / 学术观点与诊治经验 / 防治并举，长于透痧宽喉,p01768,true,builtin-haiku+vocab,vocabulary_bridge
Pattern_6c4e03a8c6,Pattern_0d43806e92,subPatternOf,1,正虚者，灼热无汗，脉极细软，面色㿠白，或淡红微燥，此正气虚脱也,代表医家 / 曹炳章 / 学术观点与诊治经验 / 防治并举，长于透痧宽喉,p01774,true,builtin-haiku+vocab,vocabulary_bridge
Pattern_b63fa33113,Pattern_cfc4c0820e,subPatternOf,1,初起浮之濡涩，按之沉滑，此伏气在内，肌腠怫郁之象也,代表医家 / 曹炳章 / 学术观点与诊治经验 / 防治并举，长于透痧宽喉,p01775,true,builtin-haiku+vocab,vocabulary_bridge
Pattern_043fc6ddc2,Pattern_4071d8d382,subPatternOf,1,右寸伏者，误进寒凉，喉已腐而肺气不布也,代表医家 / 曹炳章 / 学术观点与诊治经验 / 防治并举，长于透痧宽喉,p01775,true,builtin-haiku+vocab,vocabulary_bridge
Pattern_95fdbdf5e4,Pattern_0d43806e92,subPatternOf,1,左关独弦者，阴气先伤，邪气乘虚而犯肝胆也,代表医家 / 曹炳章 / 学术观点与诊治经验 / 防治并举，长于透痧宽喉,p01775,true,builtin-haiku+vocab,vocabulary_bridge
Pattern_bde0a7bf17,Pattern_95d6e85688,subPatternOf,1,舌苔白滑者，表有风寒，湿邪未化火也,代表医家 / 曹炳章 / 学术观点与诊治经验 / 防治并举，长于透痧宽喉,p01776,true,builtin-haiku+vocab,vocabulary_bridge
Pattern_0cd6ef9994,Pattern_fb0b5a0115,subPatternOf,1,或渴甚而苔仍白滑者，邪火束表分也,代表医家 / 曹炳章 / 学术观点与诊治经验 / 防治并举，长于透痧宽喉,p01776,true,builtin-haiku+vocab,vocabulary_bridge
Pattern_25fb71f8a2,Pattern_da1148d0da,subPatternOf,1,舌苔微黄者，邪在胃经气分，渐从热化也,代表医家 / 曹炳章 / 学术观点与诊治经验 / 防治并举，长于透痧宽喉,p01776,true,builtin-haiku+vocab,vocabulary_bridge
Pattern_3a3f38b910,Pattern_da1148d0da,subPatternOf,1,舌尖绛者，热邪由血管直逼心房也,代表医家 / 曹炳章 / 学术观点与诊治经验 / 防治并举，长于透痧宽喉,p01776,true,builtin-haiku+vocab,vocabulary_bridge
Pattern_333370865b,Pattern_da1148d0da,subPatternOf,1,舌纯绛，色鲜泽，边尖起刺，痧已透者，为营热外泄,代表医家 / 曹炳章 / 学术观点与诊治经验 / 防治并举，长于透痧宽喉,p01776,true,builtin-haiku+vocab,vocabulary_bridge
Pattern_c8a585a3ba,Pattern_4071d8d382,subPatternOf,1,如果六脉沉迟，表里皆寒，的系三阴寒证者,代表医家 / 曹炳章 / 原文选释 / 论夹阴伤寒,p01789,true,builtin-haiku+vocab,vocabulary_bridge
Pattern_da1148d0da,Pattern_da1148d0da,subPatternOf,1,煎熬津液，鼻干口渴便闭，渐至发厥者，不问而知为热也,代表医家 / 曹炳章 / 原文选释 / 论夹阴伤寒,p01790,true,builtin-haiku+vocab,vocabulary_bridge
Pattern_71d536a969,Pattern_4071d8d382,subPatternOf,1,醒则人事了了，与伤寒传经之热邪转入转深，人事昏厥者万万不同,代表医家 / 曹炳章 / 原文选释 / 论夹阴伤寒,p01790,true,builtin-haiku+vocab,vocabulary_bridge
Pattern_eae0644930,Pattern_0d43806e92,subPatternOf,1,其平日必言语底微，饮食不化，四肢痿厥，腰以下冷，前阴不举，小便清白。此为正气不足，复为寒邪所袭,代表医家 / 曹炳章 / 原文选释 / 论夹阴伤寒,p01790,true,builtin-haiku+vocab,vocabulary_bridge
Pattern_7ab68ea046,Pattern_fb0b5a0115,subPatternOf,1,脉数身热不去者，邪火病郁也,代表医家 / 曹炳章 / 原文选释 / 论夹痨伤寒,p01797,true,builtin-haiku+vocab,vocabulary_bridge
Pattern_15d216e4d5,Pattern_da1148d0da,subPatternOf,1,断其为热入血室淤塞胞门，胞门淤阻不除,代表医家 / 曹炳章 / 原文选释 / 论临经伤寒,p01802,true,builtin-haiku+vocab,vocabulary_bridge
Pattern_265e63e4ea,Pattern_da1148d0da,subPatternOf,1,因热逼血室，经水受迫而来，以致热入血室,代表医家 / 曹炳章 / 原文选释 / 论临经伤寒,p01802,true,builtin-haiku+vocab,vocabulary_bridge
Pattern_0e5424317a,Pattern_bb2a5ef2bb,subPatternOf,1,次晨复诊，脉势已平，而舌苔松腐，黑垢满堆,代表医家 / 曹炳章 / 原文选释 / 论临经伤寒,p01802,true,builtin-haiku+vocab,vocabulary_bridge
Pattern_3d45972601,Pattern_0d43806e92,subPatternOf,1,项背反张，四肢抽搐，手指固握，乃气虚不固肢体也,代表医家 / 曹炳章 / 原文选释 / 论伤寒转痉,p01813,true,builtin-haiku+vocab,vocabulary_bridge
Pattern_a965f92584,Pattern_0d43806e92,subPatternOf,1,两目天吊，口噤不开，乃气虚不上升也,代表医家 / 曹炳章 / 原文选释 / 论伤寒转痉,p01813,true,builtin-haiku+vocab,vocabulary_bridge
Pattern_60099920ee,Pattern_0d43806e92,subPatternOf,1,口流涎沫，乃气虚不归原也,代表医家 / 曹炳章 / 原文选释 / 论伤寒转痉,p01813,true,builtin-haiku+vocab,vocabulary_bridge
Pattern_9d6ce38416,Pattern_da1148d0da,subPatternOf,1,必兼烦闷干呕，口燥不纳等症,代表医家 / 曹炳章 / 原文选释 / 论伤寒食复,p01818,true,builtin-haiku+vocab,vocabulary_bridge
Pattern_b8db91dad8,Pattern_162310a07b,subPatternOf,1,治湿霍乱初起舌白，上吐下泻，脘闷腹痛，寒热口不渴,代表医家 / 曹炳章 / 方剂选录 / 治霍乱常用方,p01835,true,builtin-haiku+vocab,vocabulary_bridge
Pattern_08f02a766e,Pattern_75cf1a3951,subPatternOf,1,暑伤毛窍、腠理、肌肉，面垢头胀，肌肤灼热，微恶风寒，汗少，舌薄白燥腻，脉浮滑,代表医家 / 曹炳章 / 方剂选录 / 治伤暑常用方,p01865,true,builtin-haiku+vocab,vocabulary_bridge
Pattern_249b69a976,Pattern_da1148d0da,subPatternOf,1,邪热著营络，盘踞日久，烁耗津液,代表医家 / 曹炳章 / 医案选按,p01869,true,builtin-haiku+vocab,vocabulary_bridge
Pattern_4e19d4b73a,Pattern_161a66296e,belongsToChannel,1,液涸动风。下焦龙雷之火挟之上腾，于是上焦之火更甚,代表医家 / 曹炳章 / 医案选按,p01869,true,builtin-haiku+vocab,vocabulary_bridge
Pattern_4e19d4b73a,Pattern_95d6e85688,subPatternOf,1,液涸动风。下焦龙雷之火挟之上腾，于是上焦之火更甚,代表医家 / 曹炳章 / 医案选按,p01869,true,builtin-haiku+vocab,vocabulary_bridge
Pattern_1140a14c08,Pattern_fb0b5a0115,subPatternOf,1,命火上升，则脾无此火，不能蒸腐水谷，故泄泻。膀胱无此火，则不能化气，而小便短濇,代表医家 / 曹炳章 / 医案选按,p01869,true,builtin-haiku+vocab,vocabulary_bridge
Pattern_321eeb13bc,Pattern_95d6e85688,subPatternOf,1,舌绛，仍干硬而短。干呕撮空循衣已除，泄泻日夜已减至四次。身热较减，谵语亦少。败象已减其半，似有转机。再当镇肝育阴，滋液熄风以治之,代表医家 / 曹炳章 / 医案选按,p01871,true,builtin-haiku+vocab,vocabulary_bridge
Pattern_a5363565bf,Pattern_fb0b5a0115,subPatternOf,1,舌绛转润而胖，烦躁谵语偶有，夜能多寐。咳嗽稠痰，间有血点。肝阳虽平，肺中阴火仍未潜藏,代表医家 / 曹炳章 / 医案选按,p01875,true,builtin-haiku+vocab,vocabulary_bridge
Pattern_43d48df731,Pattern_da1148d0da,subPatternOf,1,左脉弦数，右浮芤而数。舌红渐淡，惟咳嗽粘痰不爽，兼咯血鼻衄，皆紫红凝瘀成块，此属肺胃热逼而成瘀血,代表医家 / 曹炳章 / 医案选按,p01877,true,builtin-haiku+vocab,vocabulary_bridge
Pattern_30b9055059,Pattern_d14eca4d89,belongsToChannel,1,近因火平热退，气血渐行常道，上焦热瘀之血，不能归入经隧，逼之上溢而为咯血鼻血,代表医家 / 曹炳章 / 医案选按,p01877,true,builtin-haiku+vocab,vocabulary_bridge
Pattern_30b9055059,Pattern_da1148d0da,subPatternOf,1,近因火平热退，气血渐行常道，上焦热瘀之血，不能归入经隧，逼之上溢而为咯血鼻血,代表医家 / 曹炳章 / 医案选按,p01877,true,builtin-haiku+vocab,vocabulary_bridge
Pattern_916ecbc283,Pattern_da1148d0da,subPatternOf,1,此属浮游余热未尽,代表医家 / 曹炳章 / 医案选按,p01879,true,builtin-haiku+vocab,vocabulary_bridge
Pattern_dacd613692,Pattern_da1148d0da,subPatternOf,1,按脉左弦滑，右濡数。潮热尚未尽退。虽仍咳嗽，痰已爽吐，津液渐充，肺部结涎伏痰，亦得外出。故舌转红润软敛瘦小。宜再清热润肺,代表医家 / 曹炳章 / 医案选按,p01881,true,builtin-haiku+vocab,vocabulary_bridge
Pattern_0c057be6a8,Pattern_c363464eef,belongsToChannel,1,此阳明伏热盘踞卫分，因气津血液已充，而能送达重出肤表,代表医家 / 曹炳章 / 医案选按,p01882,true,builtin-haiku+vocab,vocabulary_bridge
Pattern_0c057be6a8,Pattern_da1148d0da,subPatternOf,1,此阳明伏热盘踞卫分，因气津血液已充，而能送达重出肤表,代表医家 / 曹炳章 / 医案选按,p01882,true,builtin-haiku+vocab,vocabulary_bridge
Pattern_496b4f1cef,Pattern_da1148d0da,subPatternOf,1,自发㾦后，烦热即退，胸腹周身较未发前更为舒畅，舌转红软，即寐多时，又下大便一次，色黑挟紫红瘀痰，此在里结热宿垢，悉从大便而下，皆属余热肃清之佳兆,代表医家 / 曹炳章 / 医案选按,p01882,true,builtin-haiku+vocab,vocabulary_bridge
Pattern_16cad9800f,Pattern_161a66296e,belongsToChannel,1,大便下血紫红成块，腹中疼痛，此属下焦蓄血,代表医家 / 曹炳章 / 医案选按,p01884,true,builtin-haiku+vocab,vocabulary_bridge
Pattern_aaf7aa3823,Pattern_da1148d0da,subPatternOf,1,挟肠间积热宿垢，由大便排泄而出,代表医家 / 曹炳章 / 医案选按,p01884,true,builtin-haiku+vocab,vocabulary_bridge
Pattern_e274790512,Pattern_da1148d0da,subPatternOf,1,肝热袭肺,代表医家 / 曹炳章 / 医案选按,p01886,true,builtin-haiku+vocab,vocabulary_bridge
Pattern_a11f6caedf,Pattern_da1148d0da,subPatternOf,1,肝经余热刑肺,代表医家 / 曹炳章 / 医案选按,p01888,true,builtin-haiku+vocab,vocabulary_bridge
Pattern_cf543db5e4,Pattern_162310a07b,subPatternOf,1,肝经余热刑肺，宜清肝润肺，和胃化痰,代表医家 / 曹炳章 / 医案选按,p01888,true,builtin-haiku+vocab,vocabulary_bridge
Pattern_0783c564db,Pattern_da1148d0da,subPatternOf,1,心经尚有留热，肺气因此失降。故舌心红润,代表医家 / 曹炳章 / 医案选按,p01894,true,builtin-haiku+vocab,vocabulary_bridge
Pattern_fb4065bd12,Pattern_fb0b5a0115,subPatternOf,1,此属肝肾阴火凌心,代表医家 / 曹炳章 / 医案选按,p01894,true,builtin-haiku+vocab,vocabulary_bridge
Pattern_679cf304d1,Pattern_da1148d0da,subPatternOf,1,增加的，如胸膜病、肺炎喘息、心脏病、肾脏病、热性病等,代表医家 / 徐荣斋 / 学术观点及诊治经验 / 诊法重细节,p01924,true,builtin-haiku+vocab,vocabulary_bridge
Pattern_18ef8ed40e,Pattern_c363464eef,belongsToChannel,1,气粗，呼吸有力而不和平，病标在肺，病本在胃，多属阳明热甚,代表医家 / 徐荣斋 / 学术观点及诊治经验 / 诊法重细节,p01924,true,builtin-haiku+vocab,vocabulary_bridge
Pattern_18ef8ed40e,Pattern_da1148d0da,subPatternOf,1,气粗，呼吸有力而不和平，病标在肺，病本在胃，多属阳明热甚,代表医家 / 徐荣斋 / 学术观点及诊治经验 / 诊法重细节,p01924,true,builtin-haiku+vocab,vocabulary_bridge
Pattern_9249a8e67e,Pattern_0d43806e92,subPatternOf,1,气微，呼吸低微，不足以息，主诸虚不足，正气固衰，邪气亦衰,代表医家 / 徐荣斋 / 学术观点及诊治经验 / 诊法重细节,p01924,true,builtin-haiku+vocab,vocabulary_bridge
Pattern_56c16a138d,Pattern_4071d8d382,subPatternOf,1,通过观舌苔可明表里，分寒热，辨虚实，知深浅,代表医家 / 徐荣斋 / 学术观点及诊治经验 / 诊法重细节,p01925,true,builtin-haiku+vocab,vocabulary_bridge
Pattern_29357b5c4b,Pattern_da1148d0da,subPatternOf,1,如心热则舌尖红而起刺,代表医家 / 徐荣斋 / 学术观点及诊治经验 / 诊法重细节,p01925,true,builtin-haiku+vocab,vocabulary_bridge
Pattern_ee1780dc8a,Pattern_4071d8d382,subPatternOf,1,脾肾虚寒则根滑而白,代表医家 / 徐荣斋 / 学术观点及诊治经验 / 诊法重细节,p01925,true,builtin-haiku+vocab,vocabulary_bridge
Pattern_9647dcccea,Pattern_162310a07b,subPatternOf,1,肝胆湿热则舌旁黄腻,代表医家 / 徐荣斋 / 学术观点及诊治经验 / 诊法重细节,p01925,true,builtin-haiku+vocab,vocabulary_bridge
Pattern_bbf103f65f,Pattern_162310a07b,subPatternOf,1,三焦蕴火或湿温伏邪，则苔虽白而舌边必红绛,代表医家 / 徐荣斋 / 学术观点及诊治经验 / 诊法重细节,p01925,true,builtin-haiku+vocab,vocabulary_bridge
Pattern_e470a56a03,Pattern_da1148d0da,subPatternOf,1,如舌黑而干焦、肿硬、卷缩、芒刺者，属实热证,代表医家 / 徐荣斋 / 学术观点及诊治经验 / 诊法重细节,p01925,true,builtin-haiku+vocab,vocabulary_bridge
Pattern_50690fded5,Pattern_4071d8d382,subPatternOf,1,舌黑而白、黑而灰、黑而紫、湿润软滑者，属虚寒证,代表医家 / 徐荣斋 / 学术观点及诊治经验 / 诊法重细节,p01925,true,builtin-haiku+vocab,vocabulary_bridge
Pattern_7d898accfb,Pattern_da1148d0da,subPatternOf,1,一般急性热病都是热度愈高的时候头痛愈厉害，热度降低头痛也随之而减。凭着这个关系就可以知道此头痛是因为发热而起的,代表医家 / 徐荣斋 / 学术观点及诊治经验 / 诊法重细节,p01927,true,builtin-haiku+vocab,vocabulary_bridge
Pattern_a8dbe48d83,Pattern_95d6e85688,subPatternOf,1,风寒外束,代表医家 / 徐荣斋 / 医案选按 / 感冒寒郁化热,p01961,true,builtin-haiku+vocab,vocabulary_bridge
Pattern_90c2d074ef,Pattern_da1148d0da,subPatternOf,1,出痰黄厚，口干，脉起，苔薄黄。治与清疏,代表医家 / 徐荣斋 / 医案选按 / 感冒寒郁化热,p01964,true,builtin-haiku+vocab,vocabulary_bridge
Pattern_ebe79531e9,Pattern_4071d8d382,subPatternOf,1,从脉舌两方面可以清楚地看出,代表医家 / 徐荣斋 / 医案选按 / 感冒寒郁化热,p01967,true,builtin-haiku+vocab,vocabulary_bridge
Pattern_9d70a41bd7,Pattern_0d43806e92,subPatternOf,1,脉细滑而数,代表医家 / 徐荣斋 / 医案选按 / 痨咳胎气,p01991,true,builtin-haiku+vocab,vocabulary_bridge
Pattern_c92f4abf76,Pattern_95d6e85688,subPatternOf,1,苔薄黄,代表医家 / 徐荣斋 / 医案选按 / 痨咳胎气,p01991,true,builtin-haiku+vocab,vocabulary_bridge
Pattern_fd4a54f9f3,Pattern_0d43806e92,subPatternOf,1,内伤主虚损,代表医家 / 徐荣斋 / 医家学术 / 赵晴初,p02040,true,builtin-haiku+vocab,vocabulary_bridge
Pattern_23465d644b,Pattern_0d43806e92,subPatternOf,1,肾虚黑睛色淡而无光,代表医家 / 徐荣斋 / 医家学术 / 胡宝书,p02079,true,builtin-haiku+vocab,vocabulary_bridge
Pattern_870cd1e88b,Pattern_162310a07b,subPatternOf,1,白睛色黄为肺热或痰湿内蒸,代表医家 / 徐荣斋 / 医家学术 / 胡宝书,p02079,true,builtin-haiku+vocab,vocabulary_bridge
Pattern_586d7ccaba,Pattern_162310a07b,subPatternOf,1,眼胞肿胀为脾肾湿热壅滞,代表医家 / 徐荣斋 / 医家学术 / 胡宝书,p02079,true,builtin-haiku+vocab,vocabulary_bridge
Pattern_947442f7d9,Pattern_0d43806e92,subPatternOf,1,失视多为肝肾阴虚,代表医家 / 徐荣斋 / 医家学术 / 胡宝书,p02079,true,builtin-haiku+vocab,vocabulary_bridge
Pattern_f70b1e14bf,Pattern_4071d8d382,subPatternOf,1,曹氏详论不同暑病舌脉表现，治疗也各异,代表医家 / 徐荣斋 / 医家学术 / 曹炳章,p02097,true,builtin-haiku+vocab,vocabulary_bridge
Pattern_ee8f04df70,Pattern_da1148d0da,subPatternOf,1,通过唇舌来判断伏热与外感之病情,代表医家 / 徐荣斋 / 医家学术 / 曹炳章,p02100,true,builtin-haiku+vocab,vocabulary_bridge
Pattern_b962ff982e,Pattern_fb0b5a0115,subPatternOf,1,便溺断毒火上下,代表医家 / 徐荣斋 / 医家学术 / 曹炳章,p02100,true,builtin-haiku+vocab,vocabulary_bridge
Pattern_dcaed8966e,Pattern_4071d8d382,subPatternOf,1,迅速观患者之目以测精气存亡，辨其寒热虚实,代表医家 / 徐荣斋 / 诊法诊治 / 观目,p02110,true,builtin-haiku+vocab,vocabulary_bridge
Pattern_d5b469d908,Pattern_0d43806e92,subPatternOf,1,有无辨虚实,代表医家 / 徐荣斋 / 诊法诊治 / 舌诊,p02112,true,builtin-haiku+vocab,vocabulary_bridge
Pattern_0ce967c0bc,Pattern_0d43806e92,subPatternOf,1,偏全辨虚实部位,代表医家 / 徐荣斋 / 诊法诊治 / 舌诊,p02112,true,builtin-haiku+vocab,vocabulary_bridge
Pattern_47215348ab,Pattern_4071d8d382,subPatternOf,1,根据不同苔色辨表里寒热虚实,代表医家 / 徐荣斋 / 诊法诊治 / 舌诊,p02112,true,builtin-haiku+vocab,vocabulary_bridge
Pattern_3104539c59,Pattern_0d43806e92,subPatternOf,1,苔质分润燥、坚松，以定胃肠津液之虚实,代表医家 / 徐荣斋 / 诊法诊治 / 舌诊,p02112,true,builtin-haiku+vocab,vocabulary_bridge
Pattern_202e997c08,Pattern_0d43806e92,subPatternOf,1,舌体分老嫩、软硬、润燥和荣枯，以观虚实及预后,代表医家 / 徐荣斋 / 诊法诊治 / 舌诊,p02112,true,builtin-haiku+vocab,vocabulary_bridge
Pattern_13cf7290ed,Pattern_4071d8d382,subPatternOf,1,冲任辨真假寒热,代表医家 / 徐荣斋 / 诊法诊治 / 腹诊,p02116,true,builtin-haiku+vocab,vocabulary_bridge
Pattern_46b927da39,Pattern_0d43806e92,subPatternOf,1,冲任脉动、皆阴虚象,代表医家 / 徐荣斋 / 诊法诊治 / 腹诊,p02116,true,builtin-haiku+vocab,vocabulary_bridge
Pattern_64138d0891,Pattern_4071d8d382,subPatternOf,1,证情阴阳疑似，虚实难辨，寒热错杂之时，常能察舌诊腹，果断用药,代表医家 / 徐荣斋 / 诊法诊治 / 腹诊,p02117,true,builtin-haiku+vocab,vocabulary_bridge
Pattern_0eea8ebe41,Pattern_4071d8d382,subPatternOf,1,腹诊可以准确判断证情之寒热虚实,代表医家 / 徐荣斋 / 诊法诊治 / 腹诊,p02117,false,builtin-haiku+vocab,vocabulary_bridge
Pattern_b519a57e73,Pattern_e595f587ae,belongsToChannel,1,舌苔黄腻,代表医家 / 徐荣斋 / 特色方剂 / 蒿芩清胆汤,p02124,true,builtin-haiku+vocab,vocabulary_bridge
Pattern_b519a57e73,Pattern_162310a07b,subPatternOf,1,舌苔黄腻,代表医家 / 徐荣斋 / 特色方剂 / 蒿芩清胆汤,p02124,true,builtin-haiku+vocab,vocabulary_bridge
Pattern_5b2d9bb0ee,Pattern_da1148d0da,subPatternOf,1,口苦,代表医家 / 徐荣斋 / 特色方剂 / 蒿芩清胆汤,p02124,true,builtin-haiku+vocab,vocabulary_bridge
