:ID,name:string,aliases:string[],:LABEL,n_mentions:int,x:float,y:float,component:int,statement_zh:string,courtesy_name:string,birth_year:string,death_year:string,native_place:string,author:string,year:string,topic:string,proposed_by:string,modality:string,descriptor:string,channel:string,triple_burner:string,nature:string,note:string
DiagnosticSign_ff2bf4f086,脉象,,DiagnosticSign,36,0.83703,0.19466,1,,,,,,,,,,脉诊,弦滞大,,,,
DiagnosticSign_c336c4f53b,舌苔,,DiagnosticSign,29,1.2522,0.43142,1,,,,,,,,,,舌诊,退薄,,,,
DiagnosticSign_4ff2442daf,身热,,DiagnosticSign,18,0.5959,0.03139,1,,,,,,,,,,望诊,身热,,,,
DiagnosticSign_06c199caad,咳嗽,,DiagnosticSign,14,2.23056,0.34261,44,,,,,,,,,,问诊,咳嗽,,,,
DiagnosticSign_0099681210,舌象,,DiagnosticSign,12,2.02731,0.70931,3,,,,,,,,,,舌诊,舌苔薄而微白,,,,
DiagnosticSign_ea92f5d850,口渴,,DiagnosticSign,11,0.92069,-0.41413,1,,,,,,,,,,问诊,口渴,,,,
DiagnosticSign_f6a49ea5a3,发热,,DiagnosticSign,10,1.16052,0.38977,1,,,,,,,,,,望诊,发热,,,,
DiagnosticSign_88ea57b235,腹痛,,DiagnosticSign,10,0.85739,0.6712,1,,,,,,,,,,问诊,腹痛,,,,
DiagnosticSign_5e624053d3,谵语,,DiagnosticSign,8,0.07434,-0.41224,40,,,,,,,,,,问诊,亦少,,,,
DiagnosticSign_d14a327261,大便,,DiagnosticSign,8,1.26664,-0.7115,1,,,,,,,,,,问诊,数日不解,,,,
DiagnosticSign_66a1aa1e39,舌黄,,DiagnosticSign,7,1.38227,-0.21491,1,,,,,,,,,,舌诊,黄,,,,
DiagnosticSign_e3d13c2ecb,脉弦细,,DiagnosticSign,7,1.72349,-0.15434,1,,,,,,,,,,脉诊,弦细,,,,
DiagnosticSign_91247c2279,腹诊,,DiagnosticSign,6,0.85534,0.60617,1,,,,,,,,,,腹诊,擅长腹诊,,,,
DiagnosticSign_d584f4b3e1,小便,大小便,DiagnosticSign,6,1.85344,-0.77934,738,,,,,,,,,,问诊,通与不通,,,,
DiagnosticSign_d75ec55776,胸腹,,DiagnosticSign,6,1.81522,-0.03993,1,,,,,,,,,,腹诊,脏腑之郭，五脏六腑之宫城，阴阳气血之发源,,,,
DiagnosticSign_8ed73f1393,脉弦,,DiagnosticSign,5,1.33671,-0.4109,1,,,,,,,,,,脉诊,弦,,,,
DiagnosticSign_8bd6190777,冲任脉动,,DiagnosticSign,5,1.06582,0.28656,1,,,,,,,,,,腹诊,动而和缓有力，一息二至，绕脐充实,,,,
DiagnosticSign_852fcf56c3,便闭,,DiagnosticSign,5,0.74916,0.04609,1,,,,,,,,,,问诊,便闭,,,,
DiagnosticSign_c2bf1a4835,面色,,DiagnosticSign,5,0.99686,1.1657,815,,,,,,,,,,望诊,苍,,,,
DiagnosticSign_c3c4e2e6c7,饮食,,DiagnosticSign,5,0.26541,-0.62012,155,,,,,,,,,,问诊,不多,,,,
DiagnosticSign_8f59d687a4,脉弦数,,DiagnosticSign,5,0.53339,-0.10955,1,,,,,,,,,,脉诊,弦数,,,,
DiagnosticSign_0abbee24f0,脉数,,DiagnosticSign,5,1.06182,0.09431,1,,,,,,,,,,脉诊,数,,,,
DiagnosticSign_fe96d09190,烦躁,,DiagnosticSign,5,1.79298,-0.82774,1149,,,,,,,,,,问诊,热邪亢盛之象,,,,
DiagnosticSign_5b57a71b46,观目,,DiagnosticSign,4,0.07563,0.03743,703,,,,,,,,,,目诊,望诊重观目,,,,
DiagnosticSign_3b35d5dbfd,身痛,,DiagnosticSign,4,0.59846,-0.93959,727,,,,,,,,,,问诊,风寒外感初期症状,,,,
DiagnosticSign_ae51f0fcb0,两目,,DiagnosticSign,4,1.09047,-1.10138,14,,,,,,,,,,目诊,五脏六腑之精皆上注于目；目系上入于脑，脑为髓海，髓之精为瞳子；肝脉交颠入脑，由脑系而通于目；目于人之精神存亡息息相关；目色可知病之存亡,,,,
DiagnosticSign_4c09138114,大便不通,,DiagnosticSign,4,0.57337,-0.16302,1,,,,,,,,,,问诊,不通,,,,
DiagnosticSign_ffc048521f,神昏谵语,,DiagnosticSign,4,0.85581,-0.06123,1,,,,,,,,,,问诊,胃热冲心之兼证,,,,
DiagnosticSign_68180b6482,肢冷,,DiagnosticSign,4,2.10304,0.45706,804,,,,,,,,,,望诊,肢冷,,,,
DiagnosticSign_871cf7095e,腹满,,DiagnosticSign,4,0.1314,0.34852,154,,,,,,,,,,腹诊,肠痹则腹满,,,,
DiagnosticSign_307fad6fb5,呕吐,,DiagnosticSign,4,2.34479,0.18882,851,,,,,,,,,,问诊,呕吐战振,,,,
DiagnosticSign_b175b34fa7,头痛,,DiagnosticSign,4,1.52796,-1.12753,908,,,,,,,,,,问诊,不痛,,,,
DiagnosticSign_6fe3d98645,舌苔变化,,DiagnosticSign,4,1.08159,-0.37027,1,,,,,,,,,,舌诊,辨证犹重舌苔之变化,,,,
DiagnosticSign_074aa56ee6,恶寒,,DiagnosticSign,4,0.69428,-0.90828,169,,,,,,,,,,问诊,凛凛恶寒,,,,
DiagnosticSign_eb7df2be77,鼻衄,,DiagnosticSign,4,0.95162,-1.00436,190,,,,,,,,,,望诊,瘟疫解的途径,,,,
DiagnosticSign_90a218f536,左脉弦数,,DiagnosticSign,4,0.65901,-0.19682,1,,,,,,,,,,脉诊,弦数,,,,
DiagnosticSign_3178b513e6,潮热,,DiagnosticSign,4,0.28299,0.76666,1208,,,,,,,,,,问诊,潮热较差,,,,
DiagnosticSign_743264f9c3,脉浮,,DiagnosticSign,3,1.20069,0.52166,1,,,,,,,,,,脉诊,表证的脉象特征,,,,
DiagnosticSign_d8b7bc5564,脉洪大,,DiagnosticSign,3,0.93516,-0.42489,1,,,,,,,,,,脉诊,阳明证脉象,,,,
DiagnosticSign_8611dbede1,舌黑,,DiagnosticSign,3,0.95191,0.70297,1,,,,,,,,,,舌诊,芒刺干裂，焦黑如炭,,,,
DiagnosticSign_029a3309a2,便结,,DiagnosticSign,3,1.57183,-1.0332,730,,,,,,,,,,问诊,便结,,,,
DiagnosticSign_dde8ab3713,舌诊,,DiagnosticSign,3,0.82275,0.62669,1,,,,,,,,,,舌诊,重视舌诊，补充了《伤寒论》之不足,,,,
DiagnosticSign_c648d8fca6,舌苔白滑,,DiagnosticSign,3,1.61398,0.29349,1,,,,,,,,,,舌诊,少阳偏于半表,,,,
DiagnosticSign_0a8dffee28,舌色红,,DiagnosticSign,3,0.53373,-0.0986,1,,,,,,,,,,舌诊,少阴主热,,,,
DiagnosticSign_8430ebcfa5,咳血,,DiagnosticSign,3,1.84955,0.20787,1,,,,,,,,,,问诊,咳出血液,,,,
DiagnosticSign_909e7f9d1c,胸膈痞满,,DiagnosticSign,3,1.11989,-0.32149,1,,,,,,,,,,问诊,胸膈痞满而痛,,,,
DiagnosticSign_01af11fa3c,神昏,,DiagnosticSign,3,0.71135,-1.08295,153,,,,,,,,,,望诊,甚则神昏,,,,
DiagnosticSign_1f7ba39343,痉厥,,DiagnosticSign,3,1.99367,0.8546,812,,,,,,,,,,望诊,肝风上翔之甚者,,,,
DiagnosticSign_4d7b2c162f,体型,,DiagnosticSign,3,0.14347,0.56392,818,,,,,,,,,,望诊,丰,,,,
DiagnosticSign_f8fbb0be10,脉大,,DiagnosticSign,3,0.84653,-0.30096,1,,,,,,,,,,脉诊,大,,,,
DiagnosticSign_88dd76ca04,口干,,DiagnosticSign,3,1.04305,1.09648,904,,,,,,,,,,问诊,口干,,,,
DiagnosticSign_7c8b0fb818,食欲,,DiagnosticSign,3,0.88822,-1.06578,913,,,,,,,,,,问诊,不思食，略进稀粥,,,,
DiagnosticSign_e37568c382,左寸脉,,DiagnosticSign,3,2.28499,-0.00509,919,,,,,,,,,,脉诊,仍无,,,,
DiagnosticSign_b23b12491f,虚里,,DiagnosticSign,3,0.98584,1.08782,5,,,,,,,,,,腹诊,无动脉,,,,
DiagnosticSign_e3ee0aefb1,气逆,,DiagnosticSign,3,0.00354,0.09137,1025,,,,,,,,,,问诊,胸闷,,,,
DiagnosticSign_caaa92d640,舌质,,DiagnosticSign,3,1.16892,1.10494,1027,,,,,,,,,,舌诊,绛似干,,,,
DiagnosticSign_daf29df2e0,头重,,DiagnosticSign,3,0.11582,-0.29755,1033,,,,,,,,,,问诊,重,,,,
DiagnosticSign_df68a7f3e9,嗳气,,DiagnosticSign,3,0.19857,0.50779,16,,,,,,,,,,问诊,嗳气,,,,
DiagnosticSign_7fa88ce852,舌黄燥,,DiagnosticSign,3,0.51796,-0.11928,1,,,,,,,,,,舌诊,黄燥,,,,
DiagnosticSign_897647c7cd,舌黄滑,,DiagnosticSign,3,1.22641,-0.45839,1,,,,,,,,,,舌诊,黄滑,,,,
DiagnosticSign_32a0d09122,小便短赤,,DiagnosticSign,3,0.29812,0.78402,1064,,,,,,,,,,问诊,小便短赤,,,,
DiagnosticSign_83ad5080d0,舌干,,DiagnosticSign,3,1.97479,-0.76768,1081,,,,,,,,,,舌诊,舌体干燥,,,,
DiagnosticSign_d80cdc723d,舌绛,,DiagnosticSign,3,1.54794,0.24376,1,,,,,,,,,,舌诊,舌色绛红,,,,
DiagnosticSign_327f145df8,恶心,,DiagnosticSign,3,1.89788,-0.73861,1170,,,,,,,,,,问诊,恶心,,,,
DiagnosticSign_8884d7df59,脉虚,,DiagnosticSign,3,1.89221,0.13528,1,,,,,,,,,,脉诊,虚,,,,
DiagnosticSign_5816ed8408,脉濡,,DiagnosticSign,3,1.25674,-0.64621,1,,,,,,,,,,脉诊,濡,,,,
DiagnosticSign_638ac45b21,胃纳,,DiagnosticSign,3,1.00037,1.0903,1192,,,,,,,,,,问诊,胃纳不旺,,,,
DiagnosticSign_b99195b10f,头目不爽,,DiagnosticSign,3,2.08768,0.27552,1,,,,,,,,,,目诊,不爽,,,,
DiagnosticSign_3ce1460db9,呛咳,,DiagnosticSign,3,0.67409,0.89719,1200,,,,,,,,,,问诊,呛咳,,,,
DiagnosticSign_c4813e7aaa,口渴引饮,,DiagnosticSign,3,2.06758,-0.5226,1212,,,,,,,,,,问诊,皆口渴引饮,,,,
DiagnosticSign_4f90f05a64,脉微细,,DiagnosticSign,2,0.47836,-0.85365,706,,,,,,,,,,脉诊,脉象微细,,,,
DiagnosticSign_926306b798,发热恶寒,,DiagnosticSign,2,1.87152,0.32424,1,,,,,,,,,,望诊,邪气引动人体表面太阳经界面阳气并与之相搏，故发热恶寒,,,,
DiagnosticSign_17d7041613,脉沉,,DiagnosticSign,2,1.38338,1.16235,38,,,,,,,,,,脉诊,里证的脉象特征,,,,
DiagnosticSign_7e55f2fd73,四肢厥冷,,DiagnosticSign,2,2.20709,-0.07739,720,,,,,,,,,,望诊,三阴里证,,,,
DiagnosticSign_8d020bcbc9,脉无力,,DiagnosticSign,2,1.77251,0.23939,1,,,,,,,,,,脉诊,元气不足，失神之兆,,,,
DiagnosticSign_56ea13e42c,大渴喜冷,,DiagnosticSign,2,1.61675,1.0962,731,,,,,,,,,,问诊,大渴喜冷,,,,
DiagnosticSign_8c5aa04a7c,口齿,,DiagnosticSign,2,1.21204,1.10454,739,,,,,,,,,,望诊,,,,,
DiagnosticSign_02467d6462,目色,,DiagnosticSign,2,2.04472,0.80292,14,,,,,,,,,,目诊,可用于判断病之存亡,,,,
DiagnosticSign_371709695c,目开,,DiagnosticSign,2,2.10264,0.6081,119,,,,,,,,,,目诊,欲见人,,,,
DiagnosticSign_05c7a1bbf5,目闭,,DiagnosticSign,2,1.09719,0.41851,1,,,,,,,,,,目诊,不欲见人,,,,
DiagnosticSign_6c4d222ff5,胸痞,,DiagnosticSign,2,1.3125,-0.61706,1,,,,,,,,,,腹诊,湿阻气机或肝气上逆,,,,
DiagnosticSign_286b4d4c94,冲任脉动高低,,DiagnosticSign,2,1.46668,1.14465,752,,,,,,,,,,腹诊,动而低者热尚轻,,,,
DiagnosticSign_fdada05611,舌苔灰黑,,DiagnosticSign,2,0.56337,-0.16972,1,,,,,,,,,,舌诊,太阴主湿甚则,,,,
DiagnosticSign_b91607d3fc,脉洪数,,DiagnosticSign,2,0.15595,0.11073,147,,,,,,,,,,脉诊,洪数,,,,
DiagnosticSign_b7464e191b,面垢,,DiagnosticSign,2,0.75396,-1.10041,803,,,,,,,,,,望诊,面部垢浊,,,,
DiagnosticSign_b098d772b1,苔腻,,DiagnosticSign,2,0.1186,0.30734,805,,,,,,,,,,舌诊,舌苔厚腻,,,,
DiagnosticSign_202339afa0,耳聋,,DiagnosticSign,2,1.37889,1.01062,807,,,,,,,,,,问诊,听觉丧失,,,,
DiagnosticSign_6999fb1272,瘛疭,,DiagnosticSign,2,1.63482,0.2932,1,,,,,,,,,,望诊,肝风上翔之甚者,,,,
DiagnosticSign_6e8401daa5,肌肉,,DiagnosticSign,2,1.51465,-0.97412,819,,,,,,,,,,望诊,厚,,,,
DiagnosticSign_6bbe2f9562,皮肤,,DiagnosticSign,2,1.62119,1.0131,820,,,,,,,,,,望诊,粗,,,,
DiagnosticSign_a01eecdd28,神气,,DiagnosticSign,2,0.64444,0.96654,823,,,,,,,,,,望诊,清朗,,,,
DiagnosticSign_9a8f4d99a3,舌心黄,,DiagnosticSign,2,0.38563,-0.76811,829,,,,,,,,,,舌诊,舌心转为黄色,,,,
DiagnosticSign_3f78db6d73,厚腻舌苔,,DiagnosticSign,2,1.35477,-0.56272,1,,,,,,,,,,舌诊,舌苔厚腻,,,,
DiagnosticSign_e5f64fbe66,体盛色白,,DiagnosticSign,2,1.69801,0.08231,1,,,,,,,,,,望诊,体质盛而面色白,,,,
DiagnosticSign_a2ed3caf81,肌松,,DiagnosticSign,2,2.35957,0.03182,830,,,,,,,,,,望诊,肌肉松弛,,,,
DiagnosticSign_16d7464bfa,大便干,,DiagnosticSign,2,0.26689,-0.74741,863,,,,,,,,,,问诊,大便干，多日不解,,,,
DiagnosticSign_f6bf4879d5,脉微,,DiagnosticSign,2,0.09429,0.20558,163,,,,,,,,,,脉诊,脉微,,,,
DiagnosticSign_bb07e1b3d8,语声,,DiagnosticSign,2,0.2265,0.55845,907,,,,,,,,,,闻诊,低不能闻,,,,
DiagnosticSign_ca087defd6,身微热,,DiagnosticSign,2,2.28652,-0.40989,911,,,,,,,,,,望诊,微热,,,,
DiagnosticSign_19fd8b4f63,脉息,,DiagnosticSign,2,1.2004,-0.66509,1,,,,,,,,,,脉诊,模糊不清,,,,
DiagnosticSign_f9c1871d80,舌苔黄腻,,DiagnosticSign,2,1.3797,-0.48962,1,,,,,,,,,,舌诊,黄腻,,,,
DiagnosticSign_05e0a48804,大便泄泻,,DiagnosticSign,2,1.0784,0.36594,1,,,,,,,,,,问诊,气虚当补证候,,,,
DiagnosticSign_e01ddb00dc,舌苔有无,,DiagnosticSign,2,1.74937,0.02267,1,,,,,,,,,,舌诊,舌苔辨诊要点,,,,
DiagnosticSign_94d6ba29cf,舌苔厚薄,,DiagnosticSign,2,1.5234,1.05029,171,,,,,,,,,,舌诊,舌苔辨诊要点,,,,
DiagnosticSign_6a0227315a,舌苔偏全,,DiagnosticSign,2,1.76154,-0.02235,1,,,,,,,,,,舌诊,舌苔辨诊要点,,,,
DiagnosticSign_8c29df8d01,胸膈痞闷,,DiagnosticSign,2,0.5122,-0.88038,994,,,,,,,,,,问诊,胸膈痞闷,,,,
DiagnosticSign_90ee6d31ed,腹膨,,DiagnosticSign,2,1.27667,-0.64419,1,,,,,,,,,,腹诊,腹部膨胀,,,,
DiagnosticSign_a15df8f86d,冲任,,DiagnosticSign,2,0.92755,0.59363,1,,,,,,,,,,腹诊,脐间动气之源，与虚里同为生命活动的征兆之一，诊冲任预后与虚里同功，而辨寒热真假尤为可据,,,,
DiagnosticSign_99ef954595,有形实积,,DiagnosticSign,2,2.00632,-0.84237,174,,,,,,,,,,腹诊,察有形实积,,,,
DiagnosticSign_b814f8fc03,腹胀,,DiagnosticSign,2,0.67436,1.06618,1001,,,,,,,,,,腹诊,单腹胀,,,,
DiagnosticSign_f1c453f0e2,喉肿,,DiagnosticSign,2,1.77898,1.01667,177,,,,,,,,,,望诊,喉部肿胀,,,,
DiagnosticSign_51bb31bc09,大便水泻,,DiagnosticSign,2,0.39169,-0.87804,1028,,,,,,,,,,问诊,大便呈水样性腹泻,,,,
DiagnosticSign_3c9a4ad87b,溺短少,,DiagnosticSign,2,2.2051,0.10033,1029,,,,,,,,,,问诊,小便量少,,,,
DiagnosticSign_da691a37c6,头晕,,DiagnosticSign,2,1.72409,0.87457,1032,,,,,,,,,,问诊,晕,,,,
DiagnosticSign_a4fd26fbf2,胃钝,,DiagnosticSign,2,1.74362,-0.95045,1039,,,,,,,,,,问诊,胃钝,,,,
DiagnosticSign_d5976bcbc3,肢懈,,DiagnosticSign,2,1.95155,0.79103,1045,,,,,,,,,,望诊,肢懈,,,,
DiagnosticSign_3618f379f0,口淡,,DiagnosticSign,2,0.00187,-0.06632,1046,,,,,,,,,,问诊,口淡,,,,
DiagnosticSign_504fe25704,舌稍黄,,DiagnosticSign,2,0.23842,-0.71121,182,,,,,,,,,,舌诊,稍黄,,,,
DiagnosticSign_e6479a2f45,舌焦刺,,DiagnosticSign,2,0.98797,-1.16428,45,,,,,,,,,,舌诊,焦刺,,,,
DiagnosticSign_559eab7a9b,脉涩,,DiagnosticSign,2,0.43945,0.82013,183,,,,,,,,,,脉诊,涩,,,,
DiagnosticSign_015b46a132,咳痰,,DiagnosticSign,2,0.21579,0.53974,1051,,,,,,,,,,问诊,咳痰,,,,
DiagnosticSign_683ff86538,胁痛,,DiagnosticSign,2,1.5499,-1.12052,1052,,,,,,,,,,问诊,胁痛,,,,
DiagnosticSign_7815e1cc12,舌鲜红,,DiagnosticSign,2,2.14406,0.68045,46,,,,,,,,,,舌诊,鲜红,,,,
DiagnosticSign_d52f888524,脉细数,,DiagnosticSign,2,0.57052,0.00655,1,,,,,,,,,,脉诊,细数,,,,
DiagnosticSign_c219e128bc,喉痛,,DiagnosticSign,2,2.05721,-0.53981,1068,,,,,,,,,,问诊,喉痛,,,,
DiagnosticSign_83372b3c3a,口舌燥,,DiagnosticSign,2,0.87726,1.06272,1069,,,,,,,,,,问诊,口舌燥,,,,
DiagnosticSign_d8a5cf848d,排便困难,,DiagnosticSign,2,1.47358,0.98727,1074,,,,,,,,,,问诊,解出甚难,,,,
DiagnosticSign_0193d25c78,自汗,,DiagnosticSign,2,0.23231,-0.56825,1075,,,,,,,,,,望诊,里气通自能战汗而解,,,,
DiagnosticSign_18ec45d201,脉浮大,,DiagnosticSign,2,1.41223,-0.19537,1,,,,,,,,,,脉诊,脉象浮数有力,,,,
DiagnosticSign_3b5509daa2,痛在右腰肋,,DiagnosticSign,2,0.81832,0.73178,1,,,,,,,,,,问诊,右腰肋疼痛,,,,
DiagnosticSign_29b59a30f7,舌白,,DiagnosticSign,2,1.83811,-0.79234,191,,,,,,,,,,舌诊,舌白,,,,
DiagnosticSign_37696f7542,面部色泽,,DiagnosticSign,2,0.95152,1.15767,1103,,,,,,,,,,望诊,黄色光泽,,,,
DiagnosticSign_a38f3dc79e,舌尖,,DiagnosticSign,2,1.58133,1.02954,1108,,,,,,,,,,舌诊,属心,,,,
DiagnosticSign_613af933a9,舌根,,DiagnosticSign,2,0.12134,-0.52118,1109,,,,,,,,,,舌诊,属肾,,,,
DiagnosticSign_8da9f61018,角弓反张,,DiagnosticSign,2,1.66877,0.24831,1,,,,,,,,,,望诊,角弓反张,,,,
DiagnosticSign_9eedbe2d00,呓语,,DiagnosticSign,2,1.29494,1.09901,1150,,,,,,,,,,问诊,热邪亢盛之象,,,,
DiagnosticSign_aed2e75572,口燥,,DiagnosticSign,2,0.29674,-0.78247,1151,,,,,,,,,,问诊,气逆，阴液受灼之兆,,,,
DiagnosticSign_1f4c7fd0cb,下痢,,DiagnosticSign,2,0.61354,-0.15764,1,,,,,,,,,,问诊,清稀而不甚秽臭,,,,
DiagnosticSign_1f1dc3b884,干呕,,DiagnosticSign,2,0.65443,-0.97201,1159,,,,,,,,,,问诊,干呕,,,,
DiagnosticSign_7010bab736,腹痛后重,,DiagnosticSign,2,1.55187,1.11987,1163,,,,,,,,,,腹诊,腹痛后重,,,,
DiagnosticSign_f31a82bb09,里急后重,,DiagnosticSign,2,2.25512,-0.25522,1165,,,,,,,,,,问诊,里急后重,,,,
DiagnosticSign_ab0d0b5daa,苔白,,DiagnosticSign,2,1.67485,0.30892,1,,,,,,,,,,舌诊,苔白,,,,
DiagnosticSign_d57cfaadfb,中宫停积,,DiagnosticSign,2,0.40897,-0.89326,1172,,,,,,,,,,腹诊,停积不化,,,,
DiagnosticSign_554c6bdbf8,烦热,,DiagnosticSign,2,0.79825,0.95664,1179,,,,,,,,,,问诊,烦热,,,,
DiagnosticSign_8834ad6eda,带下,,DiagnosticSign,2,0.17454,0.22348,208,,,,,,,,,,问诊,带下,,,,
DiagnosticSign_ff0459aaf8,脘闷,,DiagnosticSign,2,2.17777,0.25565,1194,,,,,,,,,,问诊,闷,,,,
DiagnosticSign_9dc7302d2b,舌白滑,,DiagnosticSign,2,2.30167,-0.3664,1199,,,,,,,,,,舌诊,白滑,,,,
DiagnosticSign_480fa62ed5,肢楚,,DiagnosticSign,2,0.16017,0.1444,1203,,,,,,,,,,问诊,肢楚,,,,
DiagnosticSign_8e87950ce5,舌转微白,,DiagnosticSign,2,1.86978,-0.25942,1,,,,,,,,,,舌诊,转微白,,,,
DiagnosticSign_9229dbf280,舌苔黄燥,,DiagnosticSign,2,1.22521,-1.02901,211,,,,,,,,,,舌诊,苔多黄燥,,,,
DiagnosticSign_c338daa365,下利,大下利,DiagnosticSign,2,0.01018,-0.15466,212,,,,,,,,,,问诊,反成下利,,,,
DiagnosticSign_deeb893f25,脉沉数,,DiagnosticSign,2,0.53844,-0.13107,1,,,,,,,,,,脉诊,沉数,,,,
DiagnosticSign_3d110d3d8d,六脉沉迟,,DiagnosticSign,2,0.97733,0.67436,1,,,,,,,,,,脉诊,三阴寒证的指标,,,,
DiagnosticSign_bf4209757d,发热烦渴便闭,,DiagnosticSign,2,2.09529,-0.47238,223,,,,,,,,,,望诊,阳邪的脉证表现,,,,
DiagnosticSign_4d6aab0796,干咳,,DiagnosticSign,2,0.22553,0.38721,1305,,,,,,,,,,问诊,干性咳嗽,,,,
DiagnosticSign_c6c398d1fe,眼花,,DiagnosticSign,2,2.17549,0.47964,58,,,,,,,,,,目诊,房劳后出现,,,,
DiagnosticSign_1a249a9dcb,小腹急痛,,DiagnosticSign,2,0.13962,0.37238,48,,,,,,,,,,腹诊,连腰胯痛,,,,
DiagnosticSign_2846aa7744,泄泻,,DiagnosticSign,2,0.68251,-0.9019,1392,,,,,,,,,,问诊,日夜已减至四次,,,,
DiagnosticSign_483f9b33b0,咯血,,DiagnosticSign,2,0.52522,-0.0706,1,,,,,,,,,,望诊,紫红凝瘀成块,,,,
DiagnosticSign_a4f266ebcc,脉弦坚微数,,DiagnosticSign,2,0.80019,0.10413,1,,,,,,,,,,脉诊,弦、坚、微数,,,,
DiagnosticSign_ae812da197,微寒微热,,DiagnosticSign,2,2.35313,0.12725,1406,,,,,,,,,,问诊,寒热往来,,,,
DiagnosticSign_fb743c9800,舌苔薄黄,,DiagnosticSign,2,1.05959,0.12552,1,,,,,,,,,,舌诊,舌苔薄黄,,,,
DiagnosticSign_2bd26d4c64,辨苔,,DiagnosticSign,1,2.0226,-0.82609,704,,,,,,,,,,舌诊,辨苔划分六经,,,,
DiagnosticSign_01d2c4636d,紧脉,,DiagnosticSign,1,1.12476,1.02852,705,,,,,,,,,,脉诊,脉管紧缩绷直如绳，把脉指下有很紧的感觉,,,,
DiagnosticSign_1cc2d87d34,浮紧脉,,DiagnosticSign,1,0.90844,0.67117,1,,,,,,,,,,脉诊,浮取即得紧脉,,,,
DiagnosticSign_440810d901,沉紧脉,,DiagnosticSign,1,0.87819,0.62425,1,,,,,,,,,,脉诊,沉取得紧脉，往往为人体虚寒,,,,
DiagnosticSign_a4d8ef83d7,头项痛,,DiagnosticSign,1,2.34826,0.16606,707,,,,,,,,,,望诊,头项部疼痛,,,,
DiagnosticSign_ea9a6e5bca,腰脊强,,DiagnosticSign,1,0.33015,0.58195,708,,,,,,,,,,望诊,腰脊部僵强,,,,
DiagnosticSign_ec39b8672a,全身酸痛,,DiagnosticSign,1,0.92946,0.67804,1,,,,,,,,,,望诊,全身酸痛不已,,,,
DiagnosticSign_7f469fa93e,无汗,,DiagnosticSign,1,1.43056,-1.07622,709,,,,,,,,,,望诊,寒闭皮表孔窍，故无汗,,,,
DiagnosticSign_8168780f14,腹满而痛,,DiagnosticSign,1,1.75903,1.02817,710,,,,,,,,,,腹诊,腹部满胀而疼痛,,,,
DiagnosticSign_31673b9900,食不下,,DiagnosticSign,1,0.20109,-0.32036,711,,,,,,,,,,问诊,饮食不能下咽,,,,
DiagnosticSign_42c47464ce,自利腹痛,,DiagnosticSign,1,1.2541,-0.17861,1,,,,,,,,,,腹诊,自行腹泻而腹痛,,,,
DiagnosticSign_5c7a9d50d4,但欲寐,,DiagnosticSign,1,0.84401,-0.517,1,,,,,,,,,,问诊,但欲睡眠,,,,
DiagnosticSign_fd9dd37151,囊缩,,DiagnosticSign,1,2.18654,-0.45597,712,,,,,,,,,,望诊,阴囊收缩,,,,
DiagnosticSign_a3324df2a7,利不止,,DiagnosticSign,1,0.70154,0.29522,1,,,,,,,,,,问诊,腹泻不止,,,,
DiagnosticSign_dba6b0e18a,舌脉,,DiagnosticSign,1,0.95143,0.6584,1,,,,,,,,,,舌诊,用于分辨初感邪气性质,,,,
DiagnosticSign_fcbb5f3863,寒热往来,,DiagnosticSign,1,0.71635,1.08509,713,,,,,,,,,,望诊,少阳寒热参半,,,,
DiagnosticSign_2b0cb31864,不恶寒反发热,,DiagnosticSign,1,0.83863,-0.97178,714,,,,,,,,,,望诊,阳明化热奔腾,,,,
DiagnosticSign_5ae16dbf07,口渴便结,,DiagnosticSign,1,2.15428,0.52136,715,,,,,,,,,,问诊,阳明热证,,,,
DiagnosticSign_a8744f21d3,面赤烦躁,,DiagnosticSign,1,0.03677,0.29226,716,,,,,,,,,,望诊,三阳阳证,,,,
DiagnosticSign_6063a7ff36,唇口赤裂,,DiagnosticSign,1,1.7435,-0.86218,717,,,,,,,,,,望诊,三阳阳证,,,,
DiagnosticSign_2a10b807c0,揭去衣被,,DiagnosticSign,1,1.35904,1.0904,718,,,,,,,,,,望诊,三阳阳证,,,,
DiagnosticSign_1c612424b9,开目喜明,,DiagnosticSign,1,0.25248,-0.72945,719,,,,,,,,,,目诊,三阳阳证,,,,
DiagnosticSign_bd361cb3e7,欲见人、多谈,,DiagnosticSign,1,1.14493,-1.17949,112,,,,,,,,,,问诊,三阳阳证精神状态,,,,
DiagnosticSign_c8419377d2,脉浮紧,,DiagnosticSign,1,0.90781,0.75996,1,,,,,,,,,,脉诊,太阳证脉象,,,,
DiagnosticSign_40856a1c35,无热恶寒,,DiagnosticSign,1,1.28226,0.56324,1,,,,,,,,,,望诊,三阴阴证纲领，人体阳气本虚,,,,
DiagnosticSign_606efcb25e,腹痛泻利,,DiagnosticSign,1,0.42359,0.80553,721,,,,,,,,,,腹诊,三阴里证,,,,
DiagnosticSign_a9e52bc84d,面唇淡白,,DiagnosticSign,1,1.19455,-1.17991,722,,,,,,,,,,望诊,三阴里证,,,,
DiagnosticSign_ea66405f21,拥衣被取暖,,DiagnosticSign,1,1.86634,0.76801,723,,,,,,,,,,望诊,三阴阴证,,,,
DiagnosticSign_a597ad2d6e,闭目喜暗,,DiagnosticSign,1,0.08051,-0.11017,724,,,,,,,,,,目诊,三阴阴证,,,,
DiagnosticSign_6fd3ef2750,不欲见人、懒于言语,,DiagnosticSign,1,0.25147,-0.59907,49,,,,,,,,,,问诊,三阴阴证精神状态,,,,
DiagnosticSign_c1fb810f55,脉沉紧无力,,DiagnosticSign,1,0.54834,0.81359,49,,,,,,,,,,脉诊,三阴阴证脉象,,,,
DiagnosticSign_32c335fe00,脉紧而无力,,DiagnosticSign,1,1.0087,0.64539,1,,,,,,,,,,脉诊,寒邪伤人收引之脉，无力为元气不足,,,,
DiagnosticSign_b1093687d0,脉有力,,DiagnosticSign,1,1.8985,0.73802,113,,,,,,,,,,脉诊,脉体气血充盈，元气满满，和和缓缓，从从容容，如春风拂面,,,,
DiagnosticSign_3b3f66970e,目光精彩,,DiagnosticSign,1,1.03147,1.01925,114,,,,,,,,,,目诊,得神之象,,,,
DiagnosticSign_538cb763e1,目暗睛迷,,DiagnosticSign,1,2.32815,0.27234,115,,,,,,,,,,目诊,失神之象,,,,
DiagnosticSign_3186ada8aa,言语清亮,,DiagnosticSign,1,2.12523,-0.70636,725,,,,,,,,,,问诊,得神之象,,,,
DiagnosticSign_0f68bf5829,语无伦次,,DiagnosticSign,1,0.9881,1.01197,726,,,,,,,,,,问诊,失神之象,,,,
DiagnosticSign_f9577ae2f1,脉数不洪,,DiagnosticSign,1,1.58688,0.30827,1,,,,,,,,,,脉诊,风寒外感邪未入深时的脉象,,,,
DiagnosticSign_e1b6738a12,脉细恶寒,,DiagnosticSign,1,0.8882,0.75384,1,,,,,,,,,,脉诊,阴胜之时外感寒邪的脉象,,,,
DiagnosticSign_c3264f73ef,背畏寒,,DiagnosticSign,1,2.31568,0.32036,728,,,,,,,,,,问诊,太阳少阴证的症状,,,,
DiagnosticSign_f3a70f188e,腰腹有痛,,DiagnosticSign,1,1.78024,-0.02575,1,,,,,,,,,,腹诊,脾肾两虚的腹部症状,,,,
DiagnosticSign_cd35a41fbf,腹有胀滞疼痛,,DiagnosticSign,1,1.78067,-0.01025,1,,,,,,,,,,腹诊,腹部胀滞疼痛,,,,
DiagnosticSign_95a4d174ff,或呕或胀,,DiagnosticSign,1,1.94482,-0.28525,1,,,,,,,,,,问诊,脾肾两虚、水泛为痰的症状,,,,
DiagnosticSign_6a4ee6e467,泄泻不止,,DiagnosticSign,1,0.26014,0.46343,729,,,,,,,,,,问诊,脾肾虚弱的症状,,,,
DiagnosticSign_c07c24d611,神昏沉,,DiagnosticSign,1,0.25255,-0.44803,732,,,,,,,,,,望诊,,,,,
DiagnosticSign_d45531eda9,形气未脱,,DiagnosticSign,1,2.23835,-0.31768,733,,,,,,,,,,望诊,,,,,
DiagnosticSign_6dd88f3d3a,津液干燥,,DiagnosticSign,1,0.57579,1.01358,734,,,,,,,,,,问诊,,,,,
DiagnosticSign_e19358f598,舌苔炭黑,,DiagnosticSign,1,0.81512,-0.26197,1,,,,,,,,,,舌诊,舌苔炭黑,,,,
DiagnosticSign_87febd8e6e,舌焦裂起刺,,DiagnosticSign,1,0.97126,-1.00863,735,,,,,,,,,,舌诊,焦裂起刺,,,,
DiagnosticSign_34b5799705,脉则无力,,DiagnosticSign,1,2.07605,0.64662,736,,,,,,,,,,脉诊,脉则无力,,,,
DiagnosticSign_c6f0069b32,神则昏沉,,DiagnosticSign,1,0.28075,0.50228,116,,,,,,,,,,望诊,神则昏沉,,,,
DiagnosticSign_5df95b1cd7,胸脘至小腹,,DiagnosticSign,1,0.008,0.1372,737,,,,,,,,,,腹诊,有无痛处,,,,
DiagnosticSign_02f057c497,二便,,DiagnosticSign,1,0.23426,-0.40804,117,,,,,,,,,,问诊,,,,,
DiagnosticSign_3632a41a99,伤寒脉,,DiagnosticSign,1,0.61893,1.03809,118,,,,,,,,,,脉诊,,,,,
DiagnosticSign_ac5a37eba4,伤寒舌,,DiagnosticSign,1,0.35803,-0.84662,740,,,,,,,,,,舌诊,,,,,
DiagnosticSign_1b27e152ff,目有眵有泪,,DiagnosticSign,1,0.0148,0.18635,120,,,,,,,,,,目诊,精采内含,,,,
DiagnosticSign_4c47b9d3d6,无眵无泪,,DiagnosticSign,1,0.32316,-0.81132,121,,,,,,,,,,目诊,白珠色兰，乌珠色滞，精采内夺及浮光外露,,,,
DiagnosticSign_fb47ed3eae,目清能识人,,DiagnosticSign,1,2.20824,0.06026,741,,,,,,,,,,目诊,轻,,,,
DiagnosticSign_5431654cbe,睛昏不识人,,DiagnosticSign,1,0.32293,0.69747,742,,,,,,,,,,目诊,重,,,,
DiagnosticSign_82018397eb,目不了了,,DiagnosticSign,1,1.35176,-1.16743,743,,,,,,,,,,目诊,尚为可治之候,,,,
DiagnosticSign_118b0ba85a,两目直视,,DiagnosticSign,1,0.80255,-1.03855,13,,,,,,,,,,目诊,则为不治之疾,,,,
DiagnosticSign_8b92717e77,瞳神散大,,DiagnosticSign,1,1.73568,0.06884,1,,,,,,,,,,目诊,元神虚散,,,,
DiagnosticSign_a3bcfe53e6,瞳神缩小,,DiagnosticSign,1,0.35322,0.73314,122,,,,,,,,,,目诊,脑系枯竭,,,,
DiagnosticSign_9f80d3cdec,目暗,,DiagnosticSign,1,1.79332,0.82752,123,,,,,,,,,,目诊,肾将枯,,,,
DiagnosticSign_d380308c20,目睛不轮，舌强不语,,DiagnosticSign,1,1.7578,0.85267,744,,,,,,,,,,目诊,元神将脱,,,,
DiagnosticSign_23b6446b49,目睛正圆,,DiagnosticSign,1,0.10502,-0.2558,745,,,,,,,,,,目诊,神气已去，病必不治,,,,
DiagnosticSign_7089a01b51,目斜视上视,,DiagnosticSign,1,0.09514,-0.21006,124,,,,,,,,,,目诊,神气已去，病必不治,,,,
DiagnosticSign_3ee8ae0e2f,目瞪目陷,,DiagnosticSign,1,2.21098,-0.574,746,,,,,,,,,,目诊,神气已去，病必不治,,,,
DiagnosticSign_6452cce095,目睛微定，后移时即如常人,,DiagnosticSign,1,0.85487,0.97734,747,,,,,,,,,,目诊,属痰闭所致，不可竟作不治论,,,,
DiagnosticSign_3af1bbf308,目白发赤,,DiagnosticSign,1,0.61964,0.06094,1,,,,,,,,,,目诊,血热,,,,
DiagnosticSign_5b8818ce8f,目白发黄,,DiagnosticSign,1,1.26476,-0.6872,1,,,,,,,,,,目诊,湿热,,,,
DiagnosticSign_af46caaf68,目眵多结,,DiagnosticSign,1,0.96979,0.31743,1,,,,,,,,,,目诊,肝火上盛,,,,
DiagnosticSign_78e8738800,目光炯炯,,DiagnosticSign,1,0.36769,0.74913,6,,,,,,,,,,目诊,燥病,,,,
DiagnosticSign_0e5a881907,目无泪而干涩,,DiagnosticSign,1,2.28963,0.40143,6,,,,,,,,,,目诊,燥甚,,,,
DiagnosticSign_686373efda,目多昏蒙,,DiagnosticSign,1,1.12188,-0.62536,1,,,,,,,,,,目诊,湿病,,,,
DiagnosticSign_f98dfd3558,目珠黄而眦烂,,DiagnosticSign,1,1.14374,-0.62304,1,,,,,,,,,,目诊,湿甚,,,,
DiagnosticSign_eafc42ba2c,眼胞肿如卧蚕,,DiagnosticSign,1,0.55828,-0.82122,50,,,,,,,,,,目诊,水气,,,,
DiagnosticSign_e4392d0503,眼胞上下黑色,,DiagnosticSign,1,1.95187,-0.26576,1,,,,,,,,,,目诊,痰气,,,,
DiagnosticSign_ce5330d119,怒目而视,,DiagnosticSign,1,0.68663,-0.98876,125,,,,,,,,,,目诊,肝气盛,,,,
DiagnosticSign_5cc0834fb0,横目斜视,,DiagnosticSign,1,1.65697,0.27126,1,,,,,,,,,,目诊,肝风动,,,,
DiagnosticSign_46780dca31,胸腹坚软,,DiagnosticSign,1,0.72894,-1.00875,748,,,,,,,,,,腹诊,按摩察胸腹之坚软，拒按与否,,,,
DiagnosticSign_2a2e86365e,胸腹冷热,,DiagnosticSign,1,1.03102,0.65263,1,,,,,,,,,,腹诊,察胸腹之冷热，灼手与否,,,,
DiagnosticSign_edfe316154,皮肤润燥,,DiagnosticSign,1,0.88935,0.63666,1,,,,,,,,,,腹诊,轻手循抚自胸上而脐下，知皮肤之润燥,,,,
DiagnosticSign_afbdc94644,脏腑硬度,,DiagnosticSign,1,1.75535,0.06151,1,,,,,,,,,,腹诊,重手推按，察其硬否,,,,
DiagnosticSign_d3d3fb99be,腹部疼痛,,DiagnosticSign,1,2.28158,0.42301,126,,,,,,,,,,腹诊,中手寻扪，问其痛不痛,,,,
DiagnosticSign_bf08ad36df,虚里动脉应手,,DiagnosticSign,1,2.26282,0.46894,749,,,,,,,,,,腹诊,动而不紧，缓而不急,,,,
DiagnosticSign_1d76717135,虚里微动不应,,DiagnosticSign,1,1.69698,-0.14341,1,,,,,,,,,,腹诊,微动而不应,,,,
DiagnosticSign_15051734fd,虚里跃动应衣,,DiagnosticSign,1,1.66449,-0.99314,127,,,,,,,,,,腹诊,跃动而应衣,,,,
DiagnosticSign_bcd0e4b457,虚里弹手洪大搏,,DiagnosticSign,1,2.26294,-0.21977,128,,,,,,,,,,腹诊,弹手，洪大而搏,,,,
DiagnosticSign_5dff454f77,虚里绝而不应,,DiagnosticSign,1,0.20656,0.33663,750,,,,,,,,,,腹诊,绝而不应,,,,
DiagnosticSign_5f50ead276,虚里无动脉,,DiagnosticSign,1,2.26686,0.19946,39,,,,,,,,,,腹诊,无动脉,,,,
DiagnosticSign_2599ba7e4a,虚里搏动高,,DiagnosticSign,1,1.7061,-0.97172,751,,,,,,,,,,腹诊,搏动而高,,,,
DiagnosticSign_b034200d15,浅按便得深按不得,,DiagnosticSign,1,1.76315,0.01107,1,,,,,,,,,,腹诊,浅按便得，深按不得,,,,
DiagnosticSign_0688a74c5e,轻按洪大重按虚细,,DiagnosticSign,1,1.74515,0.04743,1,,,,,,,,,,腹诊,轻按洪大，重按虚细,,,,
DiagnosticSign_41f013c722,虚里有形三四至一止或五六至一止,,DiagnosticSign,1,0.48552,0.954,129,,,,,,,,,,腹诊,有形，或三四至一止，或五六至一止,,,,
DiagnosticSign_e335b66d85,胸痛,,DiagnosticSign,1,2.01331,0.7257,130,,,,,,,,,,腹诊,水结气分或肺气上壅,,,,
DiagnosticSign_fd38e6876f,胸前高起，按之气喘,,DiagnosticSign,1,1.1111,1.10286,131,,,,,,,,,,腹诊,肺胀,,,,
DiagnosticSign_b470bc0e55,两胁满实而有力,,DiagnosticSign,1,0.439,-0.91833,132,,,,,,,,,,腹诊,肝平,,,,
DiagnosticSign_7063ebb3a8,胁肋胀痛,,DiagnosticSign,1,0.67551,-0.25186,1,,,,,,,,,,腹诊,痰热与气互结或蓄饮与气相搏,,,,
DiagnosticSign_97e3d4c630,两胁下痛引小腹,,DiagnosticSign,1,1.45794,-1.14681,133,,,,,,,,,,腹诊,肝郁,,,,
DiagnosticSign_aad1829f97,男子积在左胁下,,DiagnosticSign,1,1.67749,0.90191,134,,,,,,,,,,腹诊,疝气,,,,
DiagnosticSign_548ce19ac9,女子块在右胁下,,DiagnosticSign,1,0.76694,0.94357,135,,,,,,,,,,腹诊,淤血,,,,
DiagnosticSign_e2260ada33,两胁胀痛，手不可按,,DiagnosticSign,1,2.21534,0.56612,136,,,,,,,,,,腹诊,肝痛,,,,
DiagnosticSign_df491e7f82,两胁空虚，按之无力,,DiagnosticSign,1,1.74539,-0.09951,1,,,,,,,,,,腹诊,肝虚,,,,
DiagnosticSign_ff1a92f10b,膈中气塞,,DiagnosticSign,1,1.21315,0.34782,1,,,,,,,,,,腹诊,胆火横窜包络或伏邪盘踞膜原,,,,
DiagnosticSign_85c885ceb4,上中下三脘平而无涩滞,,DiagnosticSign,1,0.17986,0.2463,137,,,,,,,,,,腹诊,胃中平和而无宿滞,,,,
DiagnosticSign_054e566f04,三脘痞硬,,DiagnosticSign,1,0.82468,-0.53711,1,,,,,,,,,,腹诊,胃家实,,,,
DiagnosticSign_842b5d1d66,疼痛,,DiagnosticSign,1,0.37602,-0.64386,138,,,,,,,,,,腹诊,按之疼痛,,,,
DiagnosticSign_aaaa9dcd26,漉漉,,DiagnosticSign,1,0.32057,-0.5677,753,,,,,,,,,,腹诊,推之漉漉,,,,
DiagnosticSign_3a5627ab32,满痛,,DiagnosticSign,1,2.27126,-0.17372,754,,,,,,,,,,腹诊,按之满痛,,,,
DiagnosticSign_c0306bdc45,嗳腐,,DiagnosticSign,1,0.36451,0.85288,139,,,,,,,,,,腹诊,摩之嗳腐,,,,
DiagnosticSign_7ba0b64fbc,痛不可按,,DiagnosticSign,1,1.20179,-1.02979,140,,,,,,,,,,腹诊,痛不可按,,,,
DiagnosticSign_a9b476d3ba,昏厥,,DiagnosticSign,1,0.44603,0.92395,755,,,,,,,,,,望诊,时或昏厥,,,,
DiagnosticSign_0e580e0d56,结痛拒按,,DiagnosticSign,1,1.10762,-1.02745,756,,,,,,,,,,腹诊,结痛拒按,,,,
DiagnosticSign_9f5ad18640,硬痛拒按,,DiagnosticSign,1,2.0105,-0.60927,141,,,,,,,,,,腹诊,硬痛拒按，按之则痛益甚,,,,
DiagnosticSign_4f72304508,块应手,,DiagnosticSign,1,1.69577,0.89158,19,,,,,,,,,,腹诊,按之则有块应手,,,,
DiagnosticSign_8281cf06df,腹痛牵引两胁,,DiagnosticSign,1,1.99958,-0.74117,50,,,,,,,,,,腹诊,腹痛牵引两胁，按之则软,,,,
DiagnosticSign_2550f9acfa,吐水则痛减,,DiagnosticSign,1,1.98183,0.76033,757,,,,,,,,,,问诊,吐水则痛减,,,,
DiagnosticSign_1af86fcc1a,腹有凝结如筋而硬,,DiagnosticSign,1,0.00027,-0.02256,758,,,,,,,,,,腹诊,腹有凝结如筋而硬者，无定处,,,,
DiagnosticSign_d5c6f814d7,物如蚯蚓蠢动,,DiagnosticSign,1,1.95135,-0.68258,759,,,,,,,,,,腹诊,有物如蚯蚓蠢动，隐然应手,,,,
DiagnosticSign_018e67f760,高低凹凸如畎亩状,,DiagnosticSign,1,0.96465,1.08382,142,,,,,,,,,,腹诊,高低凹凸如畎亩状，熟按之，起伏聚散，上下往来，浮沉出没,,,,
DiagnosticSign_cde4e41464,绕脐痛，按之磊磊,,DiagnosticSign,1,0.09125,-0.18885,6,,,,,,,,,,腹诊,绕脐痛，按之磊磊,,,,
DiagnosticSign_5b3e6be342,舌苔无苔而润,,DiagnosticSign,1,1.06447,1.09894,760,,,,,,,,,,舌诊,太阳表证初起,,,,
DiagnosticSign_9e81f6daf1,舌苔微白而薄,,DiagnosticSign,1,0.47826,-0.94867,761,,,,,,,,,,舌诊,太阳表证初起,,,,
DiagnosticSign_13a5156715,舌苔淡白,,DiagnosticSign,1,2.19102,0.19684,762,,,,,,,,,,舌诊,太阳表证初起,,,,
DiagnosticSign_21d45811f3,舌红苔白,,DiagnosticSign,1,0.23758,0.57695,763,,,,,,,,,,舌诊,少阳偏于半里,,,,
DiagnosticSign_764fbe7f56,舌苔正黄,,DiagnosticSign,1,0.88889,-0.41508,1,,,,,,,,,,舌诊,阳明居里,,,,
DiagnosticSign_fcf11485e2,舌苔灰苔,,DiagnosticSign,1,1.5059,-1.1341,764,,,,,,,,,,舌诊,太阴主湿,,,,
DiagnosticSign_1dac033be9,舌多焦紫,,DiagnosticSign,1,1.63893,0.92211,765,,,,,,,,,,舌诊,厥阴气化主风,,,,
DiagnosticSign_0c52bdc702,舌苔白滑，舌色淡红,,DiagnosticSign,1,0.14873,-0.39686,766,,,,,,,,,,舌诊,太阳病素多痰湿,,,,
DiagnosticSign_6957579182,舌苔微白，舌色反红,,DiagnosticSign,1,2.27831,-0.4314,767,,,,,,,,,,舌诊,太阳病素禀血热,,,,
DiagnosticSign_f2723926a2,舌苔纯白而浓，不干糙,,DiagnosticSign,1,0.72745,0.92526,768,,,,,,,,,,舌诊,膀胱蓄溺,,,,
DiagnosticSign_c00f3f125d,舌苔白兼微黄，薄而润滑,,DiagnosticSign,1,0.86748,-1.05989,769,,,,,,,,,,舌诊,膀胱蓄热,,,,
DiagnosticSign_ed10cf7687,舌苔白多而滑，黄灰苔少,,DiagnosticSign,1,1.63492,-0.32939,1,,,,,,,,,,舌诊,少阳病半表证,,,,
DiagnosticSign_6c414eab82,舌红多而白苔少，或杂黄色灰色,,DiagnosticSign,1,1.61845,-0.34748,1,,,,,,,,,,舌诊,少阳病半里证,,,,
DiagnosticSign_ebd79e3d6e,舌苔黄白相兼,,DiagnosticSign,1,0.9939,-0.40422,1,,,,,,,,,,舌诊,阳明邪犹在经,,,,
DiagnosticSign_e4d7774fcd,舌苔微黄而薄,,DiagnosticSign,1,1.43213,-0.22376,1,,,,,,,,,,舌诊,阳明邪浅中虚,,,,
DiagnosticSign_0de0600fdf,舌苔黄而糙涩,,DiagnosticSign,1,1.02203,-0.39854,1,,,,,,,,,,舌诊,阳明邪已入腑,,,,
DiagnosticSign_50a0958cf4,舌苔浅黄薄腻,,DiagnosticSign,1,2.19062,0.60914,770,,,,,,,,,,舌诊,阳明胃热尚微,,,,
DiagnosticSign_195aaaaca4,舌苔深黄浓腻,,DiagnosticSign,1,0.17037,0.20382,771,,,,,,,,,,舌诊,阳明胃热大盛,,,,
DiagnosticSign_1108132ad8,舌苔老黄焦黄，或夹灰黑，或起芒刺,,DiagnosticSign,1,1.83098,-0.89289,772,,,,,,,,,,舌诊,阳明胃热已极,,,,
DiagnosticSign_345ea2a9d0,舌苔灰而滑腻,,DiagnosticSign,1,0.96818,0.39764,1,,,,,,,,,,舌诊,太阴湿重兼寒,,,,
DiagnosticSign_1696e2c976,舌苔灰而淡白,,DiagnosticSign,1,1.50996,-0.04893,1,,,,,,,,,,舌诊,太阴脾阳大虚,,,,
DiagnosticSign_135331a588,舌苔灰而糙腻,,DiagnosticSign,1,1.31148,1.17265,773,,,,,,,,,,舌诊,太阴湿滞热结,,,,
DiagnosticSign_5192cf211c,舌苔灰而干燥,,DiagnosticSign,1,0.40395,-0.67724,774,,,,,,,,,,舌诊,太阴脾阴将涸,,,,
DiagnosticSign_0985133d52,舌淡红浅红,,DiagnosticSign,1,2.28468,-0.02665,775,,,,,,,,,,舌诊,少阴血亏本色,,,,
DiagnosticSign_29c7ac030a,舌深红紫红,,DiagnosticSign,1,0.32938,0.81783,776,,,,,,,,,,舌诊,少阴血热已极,,,,
DiagnosticSign_fc0c97757c,舌鲜红灼红,,DiagnosticSign,1,1.24528,-1.02793,777,,,,,,,,,,舌诊,少阴阴虚火剧,,,,
DiagnosticSign_5137bf04dd,舌嫩红干红,,DiagnosticSign,1,1.87328,0.86046,778,,,,,,,,,,舌诊,少阴阴虚水涸,,,,
DiagnosticSign_4785b02d94,舌多青滑,,DiagnosticSign,1,0.01342,-0.17745,779,,,,,,,,,,舌诊,厥阴寒化,,,,
DiagnosticSign_10fa0b0789,舌苔白粗如积粉，两边色红或紫,,DiagnosticSign,1,2.16883,0.28838,143,,,,,,,,,,舌诊,少阳病温疫伏于膜原,,,,
DiagnosticSign_9afad0866c,舌苔白如咸,,DiagnosticSign,1,1.60838,-1.09951,144,,,,,,,,,,舌诊,膜原伏有浊秽,,,,
DiagnosticSign_028ba73c6c,舌苔黄而垢腻,,DiagnosticSign,1,1.29127,-0.62697,1,,,,,,,,,,舌诊,阳明湿热食滞,,,,
DiagnosticSign_2c2858fe4d,舌苔黄起黑点,,DiagnosticSign,1,0.18924,-0.48933,145,,,,,,,,,,舌诊,阳明温毒夹秽,,,,
DiagnosticSign_11cab162dd,舌苔黄厚不燥，舌色青紫,,DiagnosticSign,1,0.6448,0.88006,146,,,,,,,,,,舌诊,阳明多夹冷酒或挟冷食,,,,
DiagnosticSign_b3e70151f2,舌苔黄而晦黯,,DiagnosticSign,1,0.96107,0.65052,1,,,,,,,,,,舌诊,阳明多夹痰饮或挟寒瘀,,,,
DiagnosticSign_efe0517c6a,舌苔或灰或黑，或灰黑相兼,,DiagnosticSign,1,1.3068,-0.0698,1,,,,,,,,,,舌诊,太阴病多危笃,,,,
DiagnosticSign_8b84d6b335,舌见青紫,,DiagnosticSign,1,0.68509,0.27731,1,,,,,,,,,,舌诊,厥阴病其病必凶,,,,
DiagnosticSign_a93da019d0,舌深紫而赤,,DiagnosticSign,1,0.58533,-0.08073,1,,,,,,,,,,舌诊,厥阴肝热络瘀或阳热酒毒,,,,
DiagnosticSign_c1553654cc,舌淡紫带青,,DiagnosticSign,1,1.01571,0.659,1,,,,,,,,,,舌诊,厥阴寒中肝肾或酒后伤冷,,,,
DiagnosticSign_3a646f5ea5,六经辨舌法,,DiagnosticSign,1,2.03548,-0.57363,780,,,,,,,,,,舌诊,,,,,
DiagnosticSign_6c77b3d013,热郁阳明，热极而发紫黑斑,,DiagnosticSign,1,0.91896,1.07372,781,,,,,,,,,,望诊,紫黑斑,,,,
DiagnosticSign_2a898216c4,恶露为热搏不下,,DiagnosticSign,1,0.61103,-1.03377,782,,,,,,,,,,问诊,恶露不下,,,,
DiagnosticSign_cf01aea22e,烦闷胀喘狂言,,DiagnosticSign,1,0.86052,0.62048,1,,,,,,,,,,问诊,烦闷胀喘狂言,,,,
DiagnosticSign_1293034cff,腹胀烦闷,,DiagnosticSign,1,0.90952,0.6444,1,,,,,,,,,,问诊,腹胀烦闷,,,,
DiagnosticSign_242fd25d13,咽干口苦,,DiagnosticSign,1,2.15574,0.32989,783,,,,,,,,,,问诊,上脘病尚浅时的症状,,,,
DiagnosticSign_f4a25020c8,气上冲喉,,DiagnosticSign,1,1.03854,-0.38926,1,,,,,,,,,,问诊,上脘病症,,,,
DiagnosticSign_5dcab79865,胸满而喘,,DiagnosticSign,1,0.16906,0.44613,784,,,,,,,,,,问诊,上脘病症,,,,
DiagnosticSign_6d29f6dea7,心中懊憹,,DiagnosticSign,1,1.65422,-1.08052,785,,,,,,,,,,问诊,上脘病症,,,,
DiagnosticSign_b9f80f6689,大烦大渴,,DiagnosticSign,1,1.51187,0.97507,786,,,,,,,,,,问诊,中脘病已重,,,,
DiagnosticSign_007455e419,胃实满,,DiagnosticSign,1,0.21086,-0.53084,787,,,,,,,,,,腹诊,中脘病症,,,,
DiagnosticSign_aa1dff0621,手足汗,,DiagnosticSign,1,2.32603,-0.28109,788,,,,,,,,,,望诊,中脘病症,,,,
DiagnosticSign_2723d8c574,发潮热,,DiagnosticSign,1,0.60811,0.85665,789,,,,,,,,,,问诊,中脘病症,,,,
DiagnosticSign_7f91515f54,不大便,,DiagnosticSign,1,1.01161,-1.09209,790,,,,,,,,,,问诊,中脘病症,,,,
DiagnosticSign_7a90f006b7,小便不利,,DiagnosticSign,1,0.94906,-0.44125,1,,,,,,,,,,问诊,中脘病症,,,,
DiagnosticSign_f8b069b133,日晡发热,,DiagnosticSign,1,2.10036,0.73847,791,,,,,,,,,,问诊,下脘病症，病尤深重,,,,
DiagnosticSign_65d2ee5f94,谵语发狂,,DiagnosticSign,1,0.15221,0.06736,792,,,,,,,,,,问诊,下脘病症,,,,
DiagnosticSign_4ba7a12591,目睛不知,,DiagnosticSign,1,1.94423,-0.79811,793,,,,,,,,,,目诊,下脘病症，绍派特色观目,,,,
DiagnosticSign_3142aeffb9,腹胀满,,DiagnosticSign,1,1.15394,1.17971,794,,,,,,,,,,腹诊,下脘病症，绍派特色腹诊,,,,
DiagnosticSign_3c1892a041,绕脐痛,,DiagnosticSign,1,0.50119,-0.77467,795,,,,,,,,,,腹诊,下脘病症，绍派特色腹诊,,,,
DiagnosticSign_e3ca352350,喘冒不得卧,,DiagnosticSign,1,2.27837,0.12089,796,,,,,,,,,,问诊,下脘病症,,,,
DiagnosticSign_38a8064986,腹中转矢气,,DiagnosticSign,1,0.22792,0.6971,797,,,,,,,,,,腹诊,下脘病症，绍派特色腹诊,,,,
DiagnosticSign_77a29842c7,大便胶闭,,DiagnosticSign,1,1.38176,-1.01005,798,,,,,,,,,,问诊,下脘病症,,,,
DiagnosticSign_0607f1b4cd,自利纯清水,,DiagnosticSign,1,1.75235,0.94522,799,,,,,,,,,,问诊,下脘病症，变证,,,,
DiagnosticSign_85bcabe3fe,昏不识人,,DiagnosticSign,1,0.0475,-0.33143,800,,,,,,,,,,问诊,下脘病症,,,,
DiagnosticSign_69c5490bc6,循衣摸床,,DiagnosticSign,1,2.10433,-0.45443,801,,,,,,,,,,望诊,下脘病症，极重,,,,
DiagnosticSign_5710cbc1fd,撮空理气,,DiagnosticSign,1,0.77811,1.02932,802,,,,,,,,,,望诊,下脘病症，极重,,,,
DiagnosticSign_cf4d29c5df,咳逆痰多,,DiagnosticSign,1,0.58219,-0.0343,1,,,,,,,,,,问诊,胃热冲肺之兼证,,,,
DiagnosticSign_3ebacc2782,神昏发厥,,DiagnosticSign,1,0.57934,-0.05833,1,,,,,,,,,,问诊,胃热冲心包络之兼证,,,,
DiagnosticSign_41b6fd1d37,但笑而不语,,DiagnosticSign,1,0.62668,-0.20643,1,,,,,,,,,,问诊,胃热冲心之兼变证,,,,
DiagnosticSign_2cf6656d54,风动发痉,,DiagnosticSign,1,0.62681,-0.18571,1,,,,,,,,,,问诊,胃热下烁肝肾之兼证,,,,
DiagnosticSign_6b8d30ae29,内郁成斑,,DiagnosticSign,1,1.38049,-0.57317,1,,,,,,,,,,望诊,热重而湿轻之变证,,,,
DiagnosticSign_6b89ea04a5,头项背腰变化,,DiagnosticSign,1,1.21739,0.51878,1,,,,,,,,,,望诊,表证指标,,,,
DiagnosticSign_f8d0aecf40,面目九窍变化,,DiagnosticSign,1,2.28093,-0.0949,38,,,,,,,,,,目诊,里证指标,,,,
DiagnosticSign_a14fe62611,血脉睛舌变化,,DiagnosticSign,1,1.20356,1.17978,148,,,,,,,,,,脉诊,病势安危、病机吉凶指标,,,,
DiagnosticSign_2ed7912870,脉滑而厥,,DiagnosticSign,1,0.95365,-0.00888,1,,,,,,,,,,脉诊,脉滑，厥深热亦深,,,,
DiagnosticSign_34ea8eb345,气闭闷毙,,DiagnosticSign,1,0.85446,0.28036,1,,,,,,,,,,望诊,气闭闷毙，顷刻云亡,,,,
DiagnosticSign_ef2ff9dd45,发黄,,DiagnosticSign,1,1.44674,-0.19305,1,,,,,,,,,,望诊,瘀热在里，热不得越而成阳黄,,,,
DiagnosticSign_99962ce3dd,舌净无苔,,DiagnosticSign,1,2.28251,0.07428,149,,,,,,,,,,舌诊,舌净无苔,,,,
DiagnosticSign_53f21e34ca,舌苔渐净,,DiagnosticSign,1,0.25806,0.73652,150,,,,,,,,,,舌诊,舌苔逐渐变净,,,,
DiagnosticSign_e2455b943b,面容,,DiagnosticSign,1,1.79186,0.92015,151,,,,,,,,,,望诊,光泽,,,,
DiagnosticSign_2a2d54d8eb,神识昏厥,,DiagnosticSign,1,2.07369,0.28731,1,,,,,,,,,,问诊,神志昏迷,,,,
DiagnosticSign_45017a9aae,肢软,,DiagnosticSign,1,1.67142,0.22402,1,,,,,,,,,,望诊,四肢无力,,,,
DiagnosticSign_13d504523e,晕厥,,DiagnosticSign,1,2.06882,0.2968,1,,,,,,,,,,问诊,晕倒昏迷,,,,
DiagnosticSign_d239dd2f01,闷乱烦躁,,DiagnosticSign,1,2.07817,0.23477,1,,,,,,,,,,问诊,胸闷、心烦、躁动,,,,
DiagnosticSign_7e833ace9f,呕恶,,DiagnosticSign,1,1.79407,-1.00763,806,,,,,,,,,,问诊,呕吐恶心,,,,
DiagnosticSign_5543cfc6dd,吐泻不得,,DiagnosticSign,1,0.2903,-0.65533,808,,,,,,,,,,问诊,既不能吐，也不能泻,,,,
DiagnosticSign_f562db2a81,腹痛昏闷,,DiagnosticSign,1,2.0859,-0.49015,152,,,,,,,,,,问诊,腹部疼痛，神识昏蒙,,,,
DiagnosticSign_6d00db1aed,目瞑,,DiagnosticSign,1,1.24895,0.5655,1,,,,,,,,,,目诊,阴证特征,,,,
DiagnosticSign_6861be75ed,嗜卧,,DiagnosticSign,1,1.26649,0.56754,1,,,,,,,,,,望诊,阴证特征,,,,
DiagnosticSign_aab13dbb96,声低息短,,DiagnosticSign,1,1.26096,0.55862,1,,,,,,,,,,闻诊,阴证特征,,,,
DiagnosticSign_cc1fa096af,少气懒言,,DiagnosticSign,1,1.27734,0.55397,1,,,,,,,,,,问诊,阴证特征,,,,
DiagnosticSign_c4fc626e1f,身重恶寒,,DiagnosticSign,1,1.2931,0.5533,1,,,,,,,,,,问诊,阴证特征,,,,
DiagnosticSign_7910cfd399,张目不眠,,DiagnosticSign,1,1.87778,0.30073,1,,,,,,,,,,目诊,阳证特征,,,,
DiagnosticSign_650a294e4a,声音响亮,,DiagnosticSign,1,1.86805,0.31433,1,,,,,,,,,,闻诊,阳证特征,,,,
DiagnosticSign_cde14637cc,口臭气粗,,DiagnosticSign,1,1.86242,0.32947,1,,,,,,,,,,闻诊,阳证特征,,,,
DiagnosticSign_0000182bb8,身轻恶热,,DiagnosticSign,1,1.87808,0.31122,1,,,,,,,,,,问诊,阳证特征,,,,
DiagnosticSign_0e6a8d96b9,脉细,,DiagnosticSign,1,1.65684,-0.05106,1,,,,,,,,,,脉诊,虚证特征,,,,
DiagnosticSign_6dedcdcaa8,皮寒,,DiagnosticSign,1,1.67487,-0.01687,1,,,,,,,,,,望诊,虚证特征,,,,
DiagnosticSign_afcfa0b91d,气少,,DiagnosticSign,1,1.66881,-0.03996,1,,,,,,,,,,问诊,虚证特征,,,,
DiagnosticSign_349909fb33,泄利前后,,DiagnosticSign,1,1.6581,0.0306,1,,,,,,,,,,问诊,虚证特征,,,,
DiagnosticSign_ebc1ff760d,饮食不入,,DiagnosticSign,1,1.671,0.00835,1,,,,,,,,,,问诊,虚证特征,,,,
DiagnosticSign_672041af5d,脉盛,,DiagnosticSign,1,0.86783,-0.4961,1,,,,,,,,,,脉诊,实证特征,,,,
DiagnosticSign_12f358030b,皮热,,DiagnosticSign,1,0.85441,-0.48894,1,,,,,,,,,,望诊,实证特征,,,,
DiagnosticSign_fdc8b9fd2c,腹胀闷瀀,,DiagnosticSign,1,0.83091,-0.47142,1,,,,,,,,,,腹诊,实证特征,,,,
DiagnosticSign_9d3848cb54,前后不通,,DiagnosticSign,1,0.84071,-0.48029,1,,,,,,,,,,问诊,实证特征,,,,
DiagnosticSign_3de2678e46,吐泻,,DiagnosticSign,1,2.35328,-0.12576,809,,,,,,,,,,问诊,陡然吐泻,,,,
DiagnosticSign_3cbf3afb6a,头晕胀痛,,DiagnosticSign,1,0.49899,0.77274,810,,,,,,,,,,问诊,肝风上翔时出现,,,,
DiagnosticSign_35533a8389,耳鸣心悸,,DiagnosticSign,1,1.15874,-1.1048,811,,,,,,,,,,问诊,肝风上翔时出现,,,,
DiagnosticSign_244eb53090,手足躁扰,,DiagnosticSign,1,1.59492,0.32125,1,,,,,,,,,,问诊,肝风上翔时出现,,,,
DiagnosticSign_37b751f876,狂乱,,DiagnosticSign,1,1.6879,0.20456,1,,,,,,,,,,望诊,肝风上翔之甚者,,,,
DiagnosticSign_a1a596985f,便通,,DiagnosticSign,1,0.1524,-0.07029,813,,,,,,,,,,问诊,用药奏效的条件,,,,
DiagnosticSign_53c6a13408,形体,,DiagnosticSign,1,2.04383,-0.68907,814,,,,,,,,,,望诊,瘦,,,,
DiagnosticSign_12539c647d,中气,,DiagnosticSign,1,0.61055,-0.85827,816,,,,,,,,,,问诊,足,,,,
DiagnosticSign_3d71490083,劳作耐受,,DiagnosticSign,1,2.25244,0.26628,817,,,,,,,,,,问诊,能任劳,,,,
DiagnosticSign_451702c473,痰涎,,DiagnosticSign,1,0.10181,-0.47948,821,,,,,,,,,,问诊,每生,,,,
DiagnosticSign_8f09d94b23,耳轮,,DiagnosticSign,1,2.15668,-0.32711,822,,,,,,,,,,望诊,肉厚端正,,,,
DiagnosticSign_8b2c4626bd,发热而微恶寒,,DiagnosticSign,1,2.34748,-0.17144,156,,,,,,,,,,问诊,邪在卫分,,,,
DiagnosticSign_f262a7525d,不恶寒而恶热,,DiagnosticSign,1,0.70522,0.99781,51,,,,,,,,,,问诊,已入气分,,,,
DiagnosticSign_a9300ba36e,小便色黄,,DiagnosticSign,1,0.83443,-1.12828,51,,,,,,,,,,问诊,已入气分,,,,
DiagnosticSign_f7ac61df20,脉数舌绛,,DiagnosticSign,1,1.11565,-1.10312,157,,,,,,,,,,舌诊,邪入营分,,,,
DiagnosticSign_7ef8a28d31,舌深绛,,DiagnosticSign,1,0.3813,0.86862,15,,,,,,,,,,舌诊,已入血分,,,,
DiagnosticSign_191beeaee8,烦扰不寐,,DiagnosticSign,1,1.92516,0.81596,15,,,,,,,,,,问诊,已入血分,,,,
DiagnosticSign_2a56e5cd50,夜有谵语,,DiagnosticSign,1,1.18079,-1.03001,15,,,,,,,,,,问诊,已入血分,,,,
DiagnosticSign_970a99e7e8,脉缓急滑涩,,DiagnosticSign,1,0.9045,-1.14739,824,,,,,,,,,,脉诊,缓急滑涩,,,,
DiagnosticSign_f32371d163,脉小,,DiagnosticSign,1,2.01629,-0.72225,158,,,,,,,,,,脉诊,小,,,,
DiagnosticSign_05a5901550,尺肤,,DiagnosticSign,1,2.03385,0.57606,825,,,,,,,,,,腹诊,卫气所行，缓急滑涩与脉相应,,,,
DiagnosticSign_bfcc6e95e6,尺肤减瘦,,DiagnosticSign,1,0.0871,0.16306,826,,,,,,,,,,腹诊,减瘦,,,,
DiagnosticSign_4ad68c9578,尺肤贲起,,DiagnosticSign,1,1.92295,-0.91675,827,,,,,,,,,,腹诊,贲起、隆厚,,,,
DiagnosticSign_eb62c3cfad,色脉与尺肤,,DiagnosticSign,1,1.24235,1.02811,828,,,,,,,,,,脉诊,相应或不相应,,,,
DiagnosticSign_82706e2a60,舌边黄，舌中白滑,,DiagnosticSign,1,0.99881,0.66232,1,,,,,,,,,,舌诊,舌边黄而舌中白滑,,,,
DiagnosticSign_fd33445664,胃竟不开,,DiagnosticSign,1,0.40203,0.67502,831,,,,,,,,,,问诊,胃纳不开，进食困难,,,,
DiagnosticSign_74684f080a,形瘦色苍,,DiagnosticSign,1,1.30625,-1.09776,832,,,,,,,,,,望诊,形体瘦，面色苍白,,,,
DiagnosticSign_e2ea4a24ce,中气足,,DiagnosticSign,1,1.87245,0.95547,833,,,,,,,,,,望诊,中气充足,,,,
DiagnosticSign_e8ad6e3d2a,脉多弦,,DiagnosticSign,1,0.17095,-0.20669,834,,,,,,,,,,脉诊,脉象多呈弦细,,,,
DiagnosticSign_dc35a224b7,目有精彩,,DiagnosticSign,1,1.50365,0.13398,1,,,,,,,,,,目诊,目光炯炯，有神采,,,,
DiagnosticSign_957166d995,饮食不多,,DiagnosticSign,1,2.128,-0.56773,835,,,,,,,,,,问诊,食量少,,,,
DiagnosticSign_f9810737a0,能任劳,,DiagnosticSign,1,0.84305,1.13087,836,,,,,,,,,,问诊,能够承受劳作,,,,
DiagnosticSign_e248a36764,体丰肌厚,,DiagnosticSign,1,1.86514,-0.96073,12,,,,,,,,,,望诊,形体丰满，肌肉厚实,,,,
DiagnosticSign_09ee678516,脉盛皮粗,,DiagnosticSign,1,0.73008,-0.92654,837,,,,,,,,,,脉诊,脉象充盛，皮肤粗糙,,,,
DiagnosticSign_2661168139,食啖倍多,,DiagnosticSign,1,2.20735,0.40691,838,,,,,,,,,,问诊,食量特别大,,,,
DiagnosticSign_b073fd396a,体丰色白,,DiagnosticSign,1,0.07753,0.42066,839,,,,,,,,,,望诊,形体丰满，面色白,,,,
DiagnosticSign_986634352e,皮嫩肌松,,DiagnosticSign,1,1.64156,-0.9208,840,,,,,,,,,,望诊,皮肤细嫩，肌肉松软,,,,
DiagnosticSign_6323b776fb,脉大而软,,DiagnosticSign,1,1.67263,-0.14408,1,,,,,,,,,,脉诊,脉象宽大而软弱,,,,
DiagnosticSign_7680bc8004,每生痰涎,,DiagnosticSign,1,1.48216,1.06289,841,,,,,,,,,,问诊,经常产生痰液涎沫,,,,
DiagnosticSign_b1f7562c5f,无精彩,,DiagnosticSign,1,0.17538,-0.61897,842,,,,,,,,,,目诊,目光呆滞，无神采,,,,
DiagnosticSign_1aa9650a6d,形瘦脉弱,,DiagnosticSign,1,1.04248,1.17196,41,,,,,,,,,,脉诊,形体瘦弱，脉象细弱,,,,
DiagnosticSign_4090dc96f3,食饮不多,,DiagnosticSign,1,2.19157,-0.19396,843,,,,,,,,,,问诊,饮食摄入量少,,,,
DiagnosticSign_94f09512e5,耳轮肉厚端正,,DiagnosticSign,1,0.44549,0.7221,42,,,,,,,,,,望诊,耳轮肌肉厚实，形态端正,,,,
DiagnosticSign_fe03274022,神清智朗,,DiagnosticSign,1,0.52034,0.88649,844,,,,,,,,,,望诊,精神清晰，思维敏捷,,,,
DiagnosticSign_68eaf2e864,神气昏庸,,DiagnosticSign,1,0.16004,-0.14356,43,,,,,,,,,,望诊,精神昏沉，思维迟钝,,,,
DiagnosticSign_892b703faa,舌苔黄滑,,DiagnosticSign,1,1.11607,-0.61317,1,,,,,,,,,,舌诊,黄而必滑,,,,
DiagnosticSign_be03746539,二便不利,,DiagnosticSign,1,1.36105,-0.59927,1,,,,,,,,,,问诊,大便不解,,,,
DiagnosticSign_99db5b2b87,胃闭不食,,DiagnosticSign,1,1.05997,-1.17388,845,,,,,,,,,,问诊,闭塞不食,,,,
DiagnosticSign_18425e2647,滑利不休,,DiagnosticSign,1,1.9494,0.68478,846,,,,,,,,,,问诊,下利不止,,,,
DiagnosticSign_72edd7330d,昏沉不省人事,,DiagnosticSign,1,0.07511,0.01587,847,,,,,,,,,,望诊,神志昏沉,,,,
DiagnosticSign_d167617d49,晡时发冷,,DiagnosticSign,1,2.03856,-0.80949,848,,,,,,,,,,问诊,晡时发冷，黄昏发热，直至天明方休，彻夜不寐,,,,
DiagnosticSign_963d2d4b7b,进食,,DiagnosticSign,1,1.1047,1.02724,849,,,,,,,,,,问诊,粒米不进，稍饮米汤，口即作酸,,,,
DiagnosticSign_ae023b0c7a,便下,,DiagnosticSign,1,0.49515,-0.86718,850,,,,,,,,,,问诊,溏粪如胶浆,,,,
DiagnosticSign_878eb74986,夜热,,DiagnosticSign,1,0.16626,0.60393,159,,,,,,,,,,问诊,夜热如故，冷则无矣,,,,
DiagnosticSign_8eb0264cdf,筋脉,,DiagnosticSign,1,1.47639,-0.98644,160,,,,,,,,,,望诊,掣痛,,,,
DiagnosticSign_747342d4f8,大便干而少,,DiagnosticSign,1,0.31896,0.56525,852,,,,,,,,,,问诊,干而少,,,,
DiagnosticSign_36f4cf5345,脉沉而迟,,DiagnosticSign,1,1.45151,-1.07113,853,,,,,,,,,,脉诊,沉而迟,,,,
DiagnosticSign_360a2c56c0,身体重,,DiagnosticSign,1,1.73885,1.03927,854,,,,,,,,,,问诊,身体重,,,,
DiagnosticSign_b4dc04c0aa,脉虚涩,,DiagnosticSign,1,2.14317,-0.36497,161,,,,,,,,,,脉诊,虚涩,,,,
DiagnosticSign_a098d5c356,不思食,,DiagnosticSign,1,0.20752,-0.3394,855,,,,,,,,,,问诊,不思食,,,,
DiagnosticSign_c507ab1120,舌苔厚腻,,DiagnosticSign,1,2.0911,-0.62526,52,,,,,,,,,,舌诊,厚腻,,,,
DiagnosticSign_43c58df6d7,舌苔白腐,,DiagnosticSign,1,0.97825,0.473,1,,,,,,,,,,舌诊,白腐,,,,
DiagnosticSign_5569847be8,面有红光,,DiagnosticSign,1,0.60378,0.01624,1,,,,,,,,,,望诊,面有红光,,,,
DiagnosticSign_6a1b46d68b,口中并不酸苦,,DiagnosticSign,1,2.19524,-0.43625,856,,,,,,,,,,问诊,不酸苦,,,,
DiagnosticSign_b388741d41,畏寒发战,,DiagnosticSign,1,0.69526,1.07584,857,,,,,,,,,,问诊,畏寒发战,,,,
DiagnosticSign_29c825c91f,大便反溏,,DiagnosticSign,1,0.85765,-0.97826,858,,,,,,,,,,问诊,反溏,,,,
DiagnosticSign_36e762950f,小便反清,,DiagnosticSign,1,2.14392,0.54027,859,,,,,,,,,,问诊,反清,,,,
DiagnosticSign_82eefa7d9f,舌苔厚白如积粉,,DiagnosticSign,1,0.61747,0.03543,1,,,,,,,,,,舌诊,厚白如积粉,,,,
DiagnosticSign_d4fcd1c60c,舌本红赤,,DiagnosticSign,1,0.85723,0.31152,1,,,,,,,,,,舌诊,红赤,,,,
DiagnosticSign_ae2b7d2b66,舌淡白,,DiagnosticSign,1,0.03128,0.2699,860,,,,,,,,,,舌诊,淡白,,,,
DiagnosticSign_314df835b8,昏愦发热,,DiagnosticSign,1,1.76022,-0.85103,861,,,,,,,,,,望诊,昏愦，发热,,,,
DiagnosticSign_0615cafab5,舌红而光,,DiagnosticSign,1,1.33773,1.09368,862,,,,,,,,,,舌诊,舌红而光无苔,,,,
DiagnosticSign_5b52b340f6,小便淡黄,,DiagnosticSign,1,0.68256,0.9867,162,,,,,,,,,,望诊,小便淡黄,,,,
DiagnosticSign_6a62951022,胸腹无胀闷,,DiagnosticSign,1,2.2084,-0.05733,864,,,,,,,,,,腹诊,胸腹无胀闷,,,,
DiagnosticSign_b3399d2092,面色如常,,DiagnosticSign,1,0.40802,0.79061,865,,,,,,,,,,望诊,面色如常,,,,
DiagnosticSign_8fb923d1fa,不喜汤饮,,DiagnosticSign,1,0.91327,1.14947,52,,,,,,,,,,问诊,不喜汤饮,,,,
DiagnosticSign_03888bf626,脉浮中皆无,,DiagnosticSign,1,1.18979,0.37396,1,,,,,,,,,,脉诊,脉浮中皆无，按之至骨，萦萦如蛛丝,,,,
DiagnosticSign_5cf0c5f7a0,脉似成条,,DiagnosticSign,1,1.21757,-1.1794,866,,,,,,,,,,脉诊,脉似成条，沉细如发,,,,
DiagnosticSign_db44dc82fa,脉形稍粗,,DiagnosticSign,1,1.85122,0.78126,867,,,,,,,,,,脉诊,脉形稍粗,,,,
DiagnosticSign_9f8bae2149,脉渐充,,DiagnosticSign,1,0.08286,-0.1316,868,,,,,,,,,,脉诊,脉亦渐充,,,,
DiagnosticSign_1dc7c22fa1,胃不开,,DiagnosticSign,1,2.13883,-0.68778,869,,,,,,,,,,问诊,胃不开，每日强饮薄粥一二钟，甚无味,,,,
DiagnosticSign_82429e9f18,行动自如,,DiagnosticSign,1,0.96839,1.00803,870,,,,,,,,,,望诊,行动自如,,,,
DiagnosticSign_7a1f9d2432,大便坚固,,DiagnosticSign,1,0.6169,-0.95076,871,,,,,,,,,,问诊,大便坚固,,,,
DiagnosticSign_558332b6c8,舌边黄,,DiagnosticSign,1,0.8275,0.57283,1,,,,,,,,,,舌诊,舌头边缘黄色,,,,
DiagnosticSign_fc42f07a84,舌中白滑,,DiagnosticSign,1,2.30921,0.34246,872,,,,,,,,,,舌诊,舌中心白腻滑润,,,,
DiagnosticSign_589d33f0a6,面白体盛,,DiagnosticSign,1,0.25128,0.44539,873,,,,,,,,,,望诊,面色白，体格壮实,,,,
DiagnosticSign_61faeb47d2,脉空数无根,,DiagnosticSign,1,1.28242,1.0249,164,,,,,,,,,,脉诊,脉象空虚、数急、无根气,,,,
DiagnosticSign_38ce20adf0,脉象稍转,,DiagnosticSign,1,1.59191,-1.02535,874,,,,,,,,,,脉诊,脉象有所改善,,,,
DiagnosticSign_55d9a48aed,尺部甚空,,DiagnosticSign,1,1.59528,1.10451,875,,,,,,,,,,脉诊,尺部脉象虚弱,,,,
DiagnosticSign_c81d60a6c1,身热不退,,DiagnosticSign,1,0.26147,-0.46604,876,,,,,,,,,,问诊,身体发热持续不消,,,,
DiagnosticSign_5f00420ae4,夜则谵语，天明即清,,DiagnosticSign,1,0.73626,-0.04509,1,,,,,,,,,,问诊,夜间说胡话，天亮即清醒,,,,
DiagnosticSign_89d8f2cc00,舌有薄苔，边淡黄，中白滑,,DiagnosticSign,1,2.24435,-0.29697,877,,,,,,,,,,舌诊,舌苔薄，边缘淡黄色，中间白腻,,,,
DiagnosticSign_143c3aca50,口开，眼闭,,DiagnosticSign,1,0.55613,1.00159,878,,,,,,,,,,望诊,口张开，眼睛闭合,,,,
DiagnosticSign_0e7df80082,脉稍有神而加数,,DiagnosticSign,1,0.99098,-1.01251,879,,,,,,,,,,脉诊,脉象略有精神，但速度加快,,,,
DiagnosticSign_2c798f5505,舌苔中心亦黄,,DiagnosticSign,1,2.06327,0.66398,880,,,,,,,,,,舌诊,舌苔中央呈黄色,,,,
DiagnosticSign_2a116ee200,胸腹仍宽,,DiagnosticSign,1,0.00555,0.11431,881,,,,,,,,,,腹诊,胸腹部无胀满,,,,
DiagnosticSign_fa1a3aac8f,左关独滞且沉,,DiagnosticSign,1,0.67861,0.12877,1,,,,,,,,,,脉诊,左手关部脉象滞涩且沉细,,,,
DiagnosticSign_cb59ade913,昼清夜昏,,DiagnosticSign,1,1.86852,-0.76605,882,,,,,,,,,,问诊,白天神志清醒，夜间意识昏沉,,,,
DiagnosticSign_41fe0eccff,小便甚长，色深碧，稠如胶浆,,DiagnosticSign,1,1.19048,1.10495,883,,,,,,,,,,问诊,小便量多，颜色深碧绿，质地稠厚如胶浆,,,,
DiagnosticSign_339ad3cf15,昏愦不省人事,,DiagnosticSign,1,0.3747,-0.8625,884,,,,,,,,,,望诊,神志昏迷,,,,
DiagnosticSign_1651fd4e71,大便流粪水不止,,DiagnosticSign,1,2.20686,0.08031,885,,,,,,,,,,问诊,泄利不止,,,,
DiagnosticSign_d4995b81bb,脉寸关散漫不应,,DiagnosticSign,1,0.30949,0.68061,886,,,,,,,,,,脉诊,寸关脉散漫无力,,,,
DiagnosticSign_2c91b5150d,脉尺部摆荡下垂,,DiagnosticSign,1,1.3745,-1.16386,887,,,,,,,,,,脉诊,尺脉沉细无力,,,,
DiagnosticSign_7d833b4c5f,轻按皮肤则凉,,DiagnosticSign,1,1.74105,0.86379,888,,,,,,,,,,腹诊,体表凉,,,,
DiagnosticSign_30285629bc,重按肌肉热如火,,DiagnosticSign,1,0.8193,-0.07481,1,,,,,,,,,,腹诊,深层热,,,,
DiagnosticSign_844e906f0d,发热畏寒而口渴,,DiagnosticSign,1,0.11021,-0.27673,889,,,,,,,,,,问诊,病初起时发热畏寒口渴,,,,
DiagnosticSign_20d20126e1,口即不渴,,DiagnosticSign,1,2.35991,-0.01423,165,,,,,,,,,,问诊,泄利后口不渴,,,,
DiagnosticSign_5968e36229,身热汗出,,DiagnosticSign,1,0.42896,0.70486,166,,,,,,,,,,望诊,发热出汗,,,,
DiagnosticSign_d59d1bbfb2,口大渴,,DiagnosticSign,1,2.22198,-0.55378,890,,,,,,,,,,问诊,口渴,,,,
DiagnosticSign_3f08ff0ca7,大汗淋漓,,DiagnosticSign,1,0.83586,0.97081,891,,,,,,,,,,望诊,汗出量多,,,,
DiagnosticSign_305b1825eb,下利止,,DiagnosticSign,1,0.74871,-1.01736,892,,,,,,,,,,问诊,泄利停止,,,,
DiagnosticSign_0e502be671,神渐清,,DiagnosticSign,1,2.25346,0.48998,893,,,,,,,,,,望诊,神志逐渐清晰,,,,
DiagnosticSign_91f915322e,左尺甚微,,DiagnosticSign,1,0.20018,0.31757,894,,,,,,,,,,脉诊,左尺甚微,,,,
DiagnosticSign_08418fca95,右尺独大,,DiagnosticSign,1,0.75464,-0.3377,1,,,,,,,,,,脉诊,右尺独大，数如沸汤,,,,
DiagnosticSign_3539ab94dc,畏寒发热,,DiagnosticSign,1,1.64242,0.26958,1,,,,,,,,,,望诊,初起畏寒发热,,,,
DiagnosticSign_41f5ae36f4,大便不解,,DiagnosticSign,1,1.72496,-0.96127,895,,,,,,,,,,问诊,大便不解,,,,
DiagnosticSign_3562b7fade,脉象变化,,DiagnosticSign,1,1.44429,1.15002,896,,,,,,,,,,脉诊,脉仍弱涩,,,,
DiagnosticSign_0b0b37924a,脉象改善,,DiagnosticSign,1,0.33182,-0.58436,897,,,,,,,,,,脉诊,脉较前已好，脉亦较好,,,,
DiagnosticSign_224889332c,腹部体征,,DiagnosticSign,1,2.27444,-0.15239,898,,,,,,,,,,腹诊,腹中鸣响，胀满,,,,
DiagnosticSign_126e7c46bd,望诊综合,,DiagnosticSign,1,0.42814,0.90946,899,,,,,,,,,,望诊,状甚委顿，不能起坐,,,,
DiagnosticSign_f0b69c7406,闻诊,,DiagnosticSign,1,1.12768,-1.02867,900,,,,,,,,,,闻诊,语声低不能闻,,,,
DiagnosticSign_d2dba51e69,问诊症状,,DiagnosticSign,1,1.96684,0.77583,901,,,,,,,,,,问诊,初起发热头痛而畏寒，口干难忍，胸腹满闷，大便四五日不解,,,,
DiagnosticSign_db8bb80171,问诊症状变化,,DiagnosticSign,1,0.00127,-0.04541,902,,,,,,,,,,问诊,头即不痛，身亦不热，但觉畏寒而已；多日不进粥食；略觉安舒；渐有微汗，随解大便些须，即思粥食,,,,
DiagnosticSign_c59d567455,神气脉象,,DiagnosticSign,1,1.96452,-0.6674,903,,,,,,,,,,望诊,神气脉象均好,,,,
DiagnosticSign_06a124f479,胸腹满闷,,DiagnosticSign,1,0.49691,-0.96218,905,,,,,,,,,,问诊,,,,,
DiagnosticSign_23725c56df,状态,,DiagnosticSign,1,2.18698,0.21652,906,,,,,,,,,,望诊,甚委顿，不能起坐,,,,
DiagnosticSign_b78ceacdae,畏寒,,DiagnosticSign,1,1.62085,0.93089,909,,,,,,,,,,问诊,,,,,
DiagnosticSign_84ac2b5b2d,右寸关脉,,DiagnosticSign,1,0.15667,-0.41691,910,,,,,,,,,,脉诊,沉弦而涩,,,,
DiagnosticSign_023cce98dd,头疼,,DiagnosticSign,1,0.70948,0.91625,912,,,,,,,,,,问诊,不甚,,,,
DiagnosticSign_ce1d9714f7,神色,,DiagnosticSign,1,2.17854,0.62875,914,,,,,,,,,,目诊,不爽,,,,
DiagnosticSign_f43aafff12,右手脉,,DiagnosticSign,1,0.16658,0.18408,915,,,,,,,,,,脉诊,弦软而迟,,,,
DiagnosticSign_6728f904fe,左手寸关脉,,DiagnosticSign,1,1.84828,-0.88002,916,,,,,,,,,,脉诊,全无,,,,
DiagnosticSign_2d0c9c84d2,左手尺脉,,DiagnosticSign,1,1.28858,1.17499,917,,,,,,,,,,脉诊,略见,,,,
DiagnosticSign_23842639f9,左关脉,,DiagnosticSign,1,0.41731,-0.69225,918,,,,,,,,,,脉诊,稍出,,,,
DiagnosticSign_107e90c224,阴中掣痛,,DiagnosticSign,1,0.31359,0.80108,920,,,,,,,,,,问诊,小便时掣痛,,,,
DiagnosticSign_e11788d58a,左手脉,,DiagnosticSign,1,1.26532,-1.02646,921,,,,,,,,,,脉诊,调达,,,,
DiagnosticSign_1899ecb217,寸脉,,DiagnosticSign,1,1.85636,0.87382,922,,,,,,,,,,脉诊,洪象本脉,,,,
DiagnosticSign_9b5bdf0ba6,面红赤,,DiagnosticSign,1,0.0171,-0.20018,923,,,,,,,,,,望诊,面部红赤,,,,
DiagnosticSign_65a261f6a4,汗出津津,,DiagnosticSign,1,2.04651,-0.55683,924,,,,,,,,,,望诊,汗液分泌充盈,,,,
DiagnosticSign_9ef52d0936,口燥大渴,,DiagnosticSign,1,0.89806,1.06843,925,,,,,,,,,,问诊,口腔干燥，渴欲饮水明显,,,,
DiagnosticSign_3d7d8092c3,热盛胸闷,,DiagnosticSign,1,0.63131,-1.04467,926,,,,,,,,,,问诊,热邪盛，胸部闷胀感,,,,
DiagnosticSign_99fe0dd36b,斑纯红深红,,DiagnosticSign,1,0.58874,-0.01558,1,,,,,,,,,,望诊,皮肤斑疹呈纯红、深红色,,,,
DiagnosticSign_131f241c17,忽然吐衄,,DiagnosticSign,1,0.16366,-0.16716,167,,,,,,,,,,问诊,突然呕吐鼻衄,,,,
DiagnosticSign_3622b267b3,上下出血,,DiagnosticSign,1,2.14912,0.34887,927,,,,,,,,,,望诊,身体上下部位出血,,,,
DiagnosticSign_ffa21c981b,烦热燥渴,,DiagnosticSign,1,0.16055,0.42632,928,,,,,,,,,,问诊,烦躁、热感、口燥、口渴,,,,
DiagnosticSign_99724659f5,舌甚灰黑,,DiagnosticSign,1,2.10513,-0.60429,168,,,,,,,,,,舌诊,舌质呈灰黑色，程度甚,,,,
DiagnosticSign_53b54c547f,神识不清,,DiagnosticSign,1,1.67521,-1.07106,929,,,,,,,,,,问诊,神志意识不清,,,,
DiagnosticSign_4038797faa,脉似沉缓,,DiagnosticSign,1,1.49279,0.98136,930,,,,,,,,,,脉诊,脉象呈沉缓状,,,,
DiagnosticSign_52db73b2a3,足冷,,DiagnosticSign,1,0.2214,-0.54965,931,,,,,,,,,,问诊,足冷,,,,
DiagnosticSign_abc85cc15b,头目,,DiagnosticSign,1,1.33712,-0.59965,1,,,,,,,,,,目诊,头目胀痛昏重，如裹如蒙,,,,
DiagnosticSign_4890a874d4,肢节肌肉,,DiagnosticSign,1,2.3313,-0.25868,932,,,,,,,,,,问诊,疼而且烦,,,,
DiagnosticSign_123e45efc2,腿足痛,,DiagnosticSign,1,0.5915,0.84532,933,,,,,,,,,,问诊,痛而且酸,,,,
DiagnosticSign_a4b23bfeb5,胸膈,,DiagnosticSign,1,1.03295,-1.09517,934,,,,,,,,,,问诊,痞闷,,,,
DiagnosticSign_aaeb109af2,午后寒热,,DiagnosticSign,1,2.08578,0.75628,935,,,,,,,,,,问诊,午后寒热，状若阴虚,,,,
DiagnosticSign_98e8001e06,神烦而昏,,DiagnosticSign,1,1.22428,-0.63696,1,,,,,,,,,,望诊,神烦而昏,,,,
DiagnosticSign_60b385341e,舌边尖红紫,,DiagnosticSign,1,0.15109,0.0473,936,,,,,,,,,,舌诊,红紫欠津,,,,
DiagnosticSign_8f81047af2,舌底白罩白混浊,,DiagnosticSign,1,1.95966,-0.78304,937,,,,,,,,,,舌诊,底白罩白、混浊不清,,,,
DiagnosticSign_45e9e375b5,舌苔纯黄少白,,DiagnosticSign,1,1.13092,1.17898,938,,,,,,,,,,舌诊,纯黄少白,,,,
DiagnosticSign_b67d8bd750,舌苔黄色燥刺,,DiagnosticSign,1,0.51643,-0.78777,939,,,,,,,,,,舌诊,黄色燥刺,,,,
DiagnosticSign_80923f57bb,舌苔白底绛,,DiagnosticSign,1,2.2758,0.1423,940,,,,,,,,,,舌诊,白苔底绛,,,,
DiagnosticSign_5bf8621f66,舌苔黄中带黑浮滑粘腻,,DiagnosticSign,1,0.2145,0.67839,941,,,,,,,,,,舌诊,黄中带黑、浮滑粘腻,,,,
DiagnosticSign_1efa507731,舌苔白渐黄灰黑,,DiagnosticSign,1,1.40143,-1.00592,942,,,,,,,,,,舌诊,白苔渐黄而灰黑,,,,
DiagnosticSign_fbbaa6d5ce,舌苔厚满板贴不松,,DiagnosticSign,1,1.7338,0.95621,943,,,,,,,,,,舌诊,厚而且满，板贴不松,,,,
DiagnosticSign_1f091bf9e6,脉息数滞不调,,DiagnosticSign,1,1.60528,-0.9381,170,,,,,,,,,,脉诊,数滞不调,,,,
DiagnosticSign_80730eec59,神烦口渴,,DiagnosticSign,1,0.05418,-0.35346,944,,,,,,,,,,问诊,神烦口渴,,,,
DiagnosticSign_4b27ddbe3f,渴不引饮,,DiagnosticSign,1,2.11302,-0.43631,945,,,,,,,,,,问诊,渴不引饮,,,,
DiagnosticSign_9c9c92c353,耳聋干呕,,DiagnosticSign,1,0.7581,1.02129,946,,,,,,,,,,问诊,耳聋干呕,,,,
DiagnosticSign_6c1a327a26,面色红黄黑混,,DiagnosticSign,1,0.59097,-0.05345,1,,,,,,,,,,望诊,红黄黑混,,,,
DiagnosticSign_f8d6412b2e,口气秽浊,,DiagnosticSign,1,0.77552,-1.10851,947,,,,,,,,,,闻诊,秽浊,,,,
DiagnosticSign_11a54b98a0,胸腹热满,,DiagnosticSign,1,0.6422,-0.22932,1,,,,,,,,,,腹诊,热满,,,,
DiagnosticSign_1387c81c03,按之灼手,,DiagnosticSign,1,2.09394,0.47498,948,,,,,,,,,,腹诊,灼手,,,,
DiagnosticSign_c97bddb67b,按之作痛,,DiagnosticSign,1,0.11281,0.28657,949,,,,,,,,,,腹诊,作痛,,,,
DiagnosticSign_29fd461f59,渴甚脉大,,DiagnosticSign,1,1.81361,-0.99546,950,,,,,,,,,,脉诊,大,,,,
DiagnosticSign_70bbf2c957,气粗而逆,,DiagnosticSign,1,1.35913,1.0143,951,,,,,,,,,,问诊,粗而逆,,,,
DiagnosticSign_23f71e2701,面色痿白,,DiagnosticSign,1,0.30325,-0.67256,952,,,,,,,,,,望诊,气虚当补证候,,,,
DiagnosticSign_f4a308591c,言语轻微,,DiagnosticSign,1,2.35551,-0.10284,953,,,,,,,,,,问诊,气虚当补证候,,,,
DiagnosticSign_ca74582048,四肢无力,,DiagnosticSign,1,0.48404,0.7593,954,,,,,,,,,,问诊,气虚当补证候,,,,
DiagnosticSign_9e113d18d6,动则气高而喘,,DiagnosticSign,1,1.1803,-1.105,955,,,,,,,,,,问诊,气虚当补证候,,,,
DiagnosticSign_f950eee5e3,痞满痰多,,DiagnosticSign,1,1.97684,0.87031,956,,,,,,,,,,问诊,气虚当补证候,,,,
DiagnosticSign_5e28faf17a,饮食难化作酸,,DiagnosticSign,1,0.15397,-0.09033,957,,,,,,,,,,问诊,气虚当补证候,,,,
DiagnosticSign_27c48da098,头晕自汗,,DiagnosticSign,1,2.05711,-0.67209,958,,,,,,,,,,问诊,气虚当补证候,,,,
DiagnosticSign_6f98c7369b,咳嗽气促,,DiagnosticSign,1,0.97415,1.16191,959,,,,,,,,,,问诊,气虚当补证候,,,,
DiagnosticSign_c39e1beae7,舌苔白嫩或淡红而润,,DiagnosticSign,1,0.62741,-0.86922,960,,,,,,,,,,舌诊,气虚当补证候,,,,
DiagnosticSign_0c54f0b638,面白唇淡,,DiagnosticSign,1,2.24704,0.28715,961,,,,,,,,,,望诊,血虚当补证候,,,,
DiagnosticSign_d52bdad203,头晕目眩,,DiagnosticSign,1,0.13266,0.54359,962,,,,,,,,,,问诊,血虚当补证候,,,,
DiagnosticSign_3f636b8ef5,睡眠不安,,DiagnosticSign,1,1.53359,-0.9674,963,,,,,,,,,,问诊,血虚当补证候,,,,
DiagnosticSign_aab8b233d6,五心烦热作渴,,DiagnosticSign,1,1.60134,1.02152,964,,,,,,,,,,问诊,血虚当补证候,,,,
DiagnosticSign_02fa48e3a3,津液枯竭,,DiagnosticSign,1,0.11137,-0.50043,965,,,,,,,,,,问诊,血虚当补证候,,,,
DiagnosticSign_4db9509e52,健忘怔忡,,DiagnosticSign,1,2.16287,-0.308,966,,,,,,,,,,问诊,血虚当补证候,,,,
DiagnosticSign_caf29781a3,肠燥便坚,,DiagnosticSign,1,0.62568,0.95591,967,,,,,,,,,,问诊,血虚当补证候,,,,
DiagnosticSign_58621a2d73,口干舌燥,,DiagnosticSign,1,0.92694,-1.15255,968,,,,,,,,,,望诊,血虚当补证候,,,,
DiagnosticSign_fb2c11e4cb,口舌生疮,,DiagnosticSign,1,2.02244,0.59261,969,,,,,,,,,,望诊,血虚当补证候,,,,
DiagnosticSign_e90c139599,舌嫩红而干,,DiagnosticSign,1,0.08412,0.14171,970,,,,,,,,,,舌诊,血虚当补证候,,,,
DiagnosticSign_71b42f88c9,舌绛底浮白,,DiagnosticSign,1,1.94069,-0.90208,971,,,,,,,,,,舌诊,血虚当补证候,,,,
DiagnosticSign_dcfb02c019,舌绛而燥,,DiagnosticSign,1,1.22228,1.02913,972,,,,,,,,,,舌诊,血虚当补证候,,,,
DiagnosticSign_f1d40e07d0,舌质老嫩,,DiagnosticSign,1,0.40077,-0.78347,973,,,,,,,,,,舌诊,舌诊要点,,,,
DiagnosticSign_d443e7ee91,舌质干润,,DiagnosticSign,1,2.35873,0.05483,974,,,,,,,,,,舌诊,舌诊要点,,,,
DiagnosticSign_09f5d48c46,舌质荣枯,,DiagnosticSign,1,0.389,0.65972,975,,,,,,,,,,舌诊,舌诊要点,,,,
DiagnosticSign_d8122fac90,舌质胀瘪,,DiagnosticSign,1,1.32765,-1.09509,976,,,,,,,,,,舌诊,舌诊要点,,,,
DiagnosticSign_560575fcf8,舌质软硬,,DiagnosticSign,1,1.85367,0.9688,977,,,,,,,,,,舌诊,舌诊要点,,,,
DiagnosticSign_fee365e115,舌质歪碎,,DiagnosticSign,1,0.17518,-0.22634,978,,,,,,,,,,舌诊,舌诊要点,,,,
DiagnosticSign_f4ac07f6ef,舌质舒缩,,DiagnosticSign,1,2.1389,-0.54912,979,,,,,,,,,,舌诊,舌诊要点,,,,
DiagnosticSign_7232e313d5,舌质战痿,,DiagnosticSign,1,0.82105,1.12408,980,,,,,,,,,,舌诊,舌诊要点,,,,
DiagnosticSign_b52f6070b5,舌质凸凹,,DiagnosticSign,1,0.74825,-0.93514,981,,,,,,,,,,舌诊,舌诊要点,,,,
DiagnosticSign_d31abc1812,舌质深淡,,DiagnosticSign,1,2.19922,0.42687,982,,,,,,,,,,舌诊,舌诊要点,,,,
DiagnosticSign_0f56b652c9,舌苔松腻,,DiagnosticSign,1,0.06953,0.39907,983,,,,,,,,,,舌诊,舌苔辨诊要点,,,,
DiagnosticSign_25a4a68351,舌苔糙黏,,DiagnosticSign,1,1.65944,-0.91161,984,,,,,,,,,,舌诊,舌苔辨诊要点,,,,
DiagnosticSign_b850ded110,舌苔纹点,,DiagnosticSign,1,1.46136,1.06858,985,,,,,,,,,,舌诊,舌苔辨诊要点,,,,
DiagnosticSign_5c52052277,舌苔瓣晕,,DiagnosticSign,1,0.18764,-0.63846,986,,,,,,,,,,舌诊,舌苔辨诊要点,,,,
DiagnosticSign_4bec9e0dd2,舌苔真假,,DiagnosticSign,1,2.19517,-0.17418,987,,,,,,,,,,舌诊,舌苔辨诊要点,,,,
DiagnosticSign_84cf5ac2b8,舌苔常变,,DiagnosticSign,1,0.50317,0.87345,988,,,,,,,,,,舌诊,舌苔辨诊要点,,,,
DiagnosticSign_6117155343,舌苔色,,DiagnosticSign,1,0.84082,0.58991,1,,,,,,,,,,舌诊,舌苔辨诊要点,,,,
DiagnosticSign_6052f908ec,身热多汗,,DiagnosticSign,1,1.16785,0.35392,1,,,,,,,,,,问诊,火为实证,,,,
DiagnosticSign_cad60411c4,肌肤干燥,,DiagnosticSign,1,1.81006,0.81484,6,,,,,,,,,,望诊,燥为虚证,,,,
DiagnosticSign_4b48ea938e,目大小赤,,DiagnosticSign,1,1.08289,-1.176,989,,,,,,,,,,目诊,目大小赤,,,,
DiagnosticSign_1559b7a9ee,舌苔黄黑燥,,DiagnosticSign,1,1.9359,0.69966,990,,,,,,,,,,舌诊,舌苔黄黑燥,,,,
DiagnosticSign_645711c8f3,小便黄赤涩痛,,DiagnosticSign,1,0.07501,-0.00569,991,,,,,,,,,,问诊,小便黄赤涩痛,,,,
DiagnosticSign_7b798887aa,大便稀黄极臭,,DiagnosticSign,1,2.05419,-0.79259,992,,,,,,,,,,问诊,大便稀黄极臭,,,,
DiagnosticSign_87c9743d0f,下利鲜血,,DiagnosticSign,1,1.08467,1.02558,993,,,,,,,,,,问诊,下利鲜血,,,,
DiagnosticSign_abe85dc7d5,舌苔白厚,,DiagnosticSign,1,0.55543,0.91156,172,,,,,,,,,,舌诊,舌苔白厚,,,,
DiagnosticSign_e085897c81,身冷肢厥,,DiagnosticSign,1,2.34089,0.21152,995,,,,,,,,,,望诊,身冷肢厥,,,,
DiagnosticSign_28798e2aa6,恶寒胸痞,,DiagnosticSign,1,0.3081,0.54835,996,,,,,,,,,,问诊,恶寒胸痞,,,,
DiagnosticSign_a1321870cf,烦渴昏谵,,DiagnosticSign,1,1.47235,-1.06562,997,,,,,,,,,,问诊,烦渴昏谵,,,,
DiagnosticSign_6f38449189,尿涩,,DiagnosticSign,1,1.28324,-0.65799,1,,,,,,,,,,问诊,小便不畅,,,,
DiagnosticSign_2fde9d0460,虚里动脉,,DiagnosticSign,1,1.97554,0.65423,173,,,,,,,,,,腹诊,动而应衣,,,,
DiagnosticSign_fb3efd3815,冲脉,,DiagnosticSign,1,1.71847,1.04998,998,,,,,,,,,,腹诊,起于少腹之内胞中，夹脐左右上行,,,,
DiagnosticSign_aaab789ad0,任脉,,DiagnosticSign,1,0.21433,-0.35831,999,,,,,,,,,,腹诊,起于少腹之内胞室之下，循脐中央,,,,
DiagnosticSign_e2fb54a246,面色白,,DiagnosticSign,1,0.46184,-0.8398,175,,,,,,,,,,望诊,体肥而面色白,,,,
DiagnosticSign_1e88c509c1,面色苍,,DiagnosticSign,1,0.34167,0.59842,176,,,,,,,,,,望诊,体瘦而面色苍,,,,
DiagnosticSign_d389b5656a,脘痞,,DiagnosticSign,1,2.20356,-0.41635,1000,,,,,,,,,,腹诊,脘痞便溏,,,,
DiagnosticSign_8f3ccd46bf,腹胀肢肿,,DiagnosticSign,1,0.8768,-0.98436,1002,,,,,,,,,,腹诊,腹胀肢肿，二便不爽,,,,
DiagnosticSign_451d447dd7,舌上白腐,,DiagnosticSign,1,2.13319,0.55897,1003,,,,,,,,,,舌诊,舌上白腐,,,,
DiagnosticSign_bac64d3439,舌白身痛,,DiagnosticSign,1,0.02623,0.24743,1004,,,,,,,,,,舌诊,舌白身痛，足跗浮肿,,,,
DiagnosticSign_be4ef711c1,舌色带白,,DiagnosticSign,1,1.77671,-0.83954,1005,,,,,,,,,,舌诊,舌色带白,,,,
DiagnosticSign_f31449ce60,舌苔白腻,,DiagnosticSign,1,1.21411,-0.66518,1,,,,,,,,,,舌诊,舌苔白腻,,,,
DiagnosticSign_eef7363baf,目黄,,DiagnosticSign,1,1.31636,1.09655,1006,,,,,,,,,,目诊,舌白目黄,,,,
DiagnosticSign_7d2931a1a7,足跗浮肿,,DiagnosticSign,1,0.28164,-0.76508,1007,,,,,,,,,,望诊,足跗浮肿,,,,
DiagnosticSign_dbc5384c9d,太溪穴水流如注,,DiagnosticSign,1,1.02491,-0.54943,1,,,,,,,,,,腹诊,太溪穴水流如注,,,,
DiagnosticSign_454b595819,发热不退,,DiagnosticSign,1,0.61643,0.00912,1,,,,,,,,,,望诊,持续性发热,,,,
DiagnosticSign_4356ed20cc,昏蒙,,DiagnosticSign,1,2.20933,-0.03726,1008,,,,,,,,,,望诊,意识模糊,,,,
DiagnosticSign_b2476c96c5,发晕,,DiagnosticSign,1,0.39274,0.7754,1009,,,,,,,,,,问诊,无端而发晕,,,,
DiagnosticSign_21d3512b84,狂言,,DiagnosticSign,1,1.24058,-1.17844,1010,,,,,,,,,,望诊,神清而忽间以狂言,,,,
DiagnosticSign_61b58ecea2,咳嗽息鼾,,DiagnosticSign,1,0.92661,-0.36168,1,,,,,,,,,,望诊,风温之咳嗽息鼾,,,,
DiagnosticSign_1004093dc5,溏泻黏垢,,DiagnosticSign,1,1.83585,0.79421,1011,,,,,,,,,,问诊,大便溏泻带黏垢,,,,
DiagnosticSign_a4b9834963,肢掣,,DiagnosticSign,1,0.08564,-0.15299,1012,,,,,,,,,,望诊,肢体抽动,,,,
DiagnosticSign_bb6bc5d8a7,昏蒙如醉,,DiagnosticSign,1,2.17745,-0.47553,178,,,,,,,,,,望诊,昏蒙程度如醉酒状,,,,
DiagnosticSign_f1115b2f55,躁扰不宁,,DiagnosticSign,1,2.15207,-0.66894,1013,,,,,,,,,,望诊,躁动不安,,,,
DiagnosticSign_19e3c4a69e,齿焦舌燥,,DiagnosticSign,1,0.94876,1.00371,1014,,,,,,,,,,舌诊,齿焦舌燥,,,,
DiagnosticSign_008aaa0546,发癍,,DiagnosticSign,1,0.63556,-0.96157,1015,,,,,,,,,,望诊,皮肤发出斑疹,,,,
DiagnosticSign_a80e53ab2f,发颐,,DiagnosticSign,1,2.30232,0.36443,1016,,,,,,,,,,望诊,腮部肿胀,,,,
DiagnosticSign_e512d4659b,头身皆痛,,DiagnosticSign,1,0.24276,0.42718,1017,,,,,,,,,,问诊,初起多见,,,,
DiagnosticSign_d1e5c60d10,寒热无汗,,DiagnosticSign,1,1.61184,-1.01712,1018,,,,,,,,,,问诊,初起症状,,,,
DiagnosticSign_79835e94c6,舌苔浮白,,DiagnosticSign,1,1.57365,1.1124,1019,,,,,,,,,,舌诊,初起,,,,
DiagnosticSign_1ef8519377,脉息举之有余,,DiagnosticSign,1,0.27073,-0.48388,1020,,,,,,,,,,脉诊,初起,,,,
DiagnosticSign_4a36641b05,脉弦或紧,,DiagnosticSign,1,2.24994,-0.27615,1021,,,,,,,,,,脉诊,举诊,,,,
DiagnosticSign_ff91edfde9,脉滑或数,,DiagnosticSign,1,0.53671,0.98923,1022,,,,,,,,,,脉诊,寻诊,,,,
DiagnosticSign_be618c08ba,舌苔化燥,,DiagnosticSign,1,0.64239,-0.21094,1,,,,,,,,,,舌诊,变化征象,,,,
DiagnosticSign_f4c94986de,舌苔黄或焦,,DiagnosticSign,1,1.01077,-1.016,1023,,,,,,,,,,舌诊,变化征象,,,,
DiagnosticSign_46001263c1,舌绛齿燥,,DiagnosticSign,1,0.77401,-0.20697,1,,,,,,,,,,舌诊,进展征象,,,,
DiagnosticSign_8709ebcb2b,手足瘈疭,,DiagnosticSign,1,1.61477,0.31261,1,,,,,,,,,,望诊,变证征象,,,,
DiagnosticSign_f65df1e43d,昏瞆不知人,,DiagnosticSign,1,2.05014,0.68109,1024,,,,,,,,,,望诊,危重征象,,,,
DiagnosticSign_b8b4ebd89d,不语如尸厥,,DiagnosticSign,1,0.81973,-0.96494,179,,,,,,,,,,望诊,危重征象,,,,
DiagnosticSign_332664467e,舌苔滑白厚腻,,DiagnosticSign,1,1.22295,-0.64822,1,,,,,,,,,,舌诊,滑白厚腻,,,,
DiagnosticSign_72d5ae8c4f,口有秽气,,DiagnosticSign,1,1.15424,-0.65893,1,,,,,,,,,,闻诊,秽气,,,,
DiagnosticSign_4a49bc4e17,四肢,,DiagnosticSign,1,1.88334,-0.75247,1026,,,,,,,,,,望诊,倦懈,,,,
DiagnosticSign_494de0d6b9,胸脘痞塞,,DiagnosticSign,1,1.35715,-0.58491,1,,,,,,,,,,问诊,胸脘部位感觉堵塞,,,,
DiagnosticSign_7e027a934e,舌红润,,DiagnosticSign,1,0.29637,0.6635,1030,,,,,,,,,,舌诊,舌质红，舌苔润,,,,
DiagnosticSign_e35d2b5a9b,脉软滞,,DiagnosticSign,1,1.39718,-1.15984,1031,,,,,,,,,,脉诊,脉象软而迟滞,,,,
DiagnosticSign_c42685d2a9,嘶哑,,DiagnosticSign,1,2.23259,-0.53334,1034,,,,,,,,,,望诊,嘶哑,,,,
DiagnosticSign_5e4e32784b,胸脘痞满,,DiagnosticSign,1,0.81699,0.96391,1035,,,,,,,,,,问诊,胸脘痞满,,,,
DiagnosticSign_c9e904fae5,夜不安寐,,DiagnosticSign,1,0.76864,-1.02558,1036,,,,,,,,,,问诊,夜不安寐,,,,
DiagnosticSign_df2143ab68,便不爽,,DiagnosticSign,1,2.2437,0.51083,1037,,,,,,,,,,问诊,便不爽,,,,
DiagnosticSign_0bd22c0bbc,口腻,,DiagnosticSign,1,0.19417,0.29839,1038,,,,,,,,,,问诊,口腻,,,,
DiagnosticSign_98b9f4ef04,舌红苔腻,,DiagnosticSign,1,1.25335,-0.68889,1,,,,,,,,,,舌诊,舌红苔腻,,,,
DiagnosticSign_3f041946ff,脉弦滞,,DiagnosticSign,1,1.24817,-0.57968,1,,,,,,,,,,脉诊,脉弦滞,,,,
DiagnosticSign_6cd9106291,心跳,,DiagnosticSign,1,1.4218,1.15496,1040,,,,,,,,,,问诊,,,,,
DiagnosticSign_63cc5b9184,音亮,,DiagnosticSign,1,0.34338,-0.6008,1041,,,,,,,,,,望诊,,,,,
DiagnosticSign_dc4c97bc1d,胸宽,,DiagnosticSign,1,2.27721,-0.13101,1042,,,,,,,,,,望诊,,,,,
DiagnosticSign_4328fcb1fb,微寒,,DiagnosticSign,1,0.41054,0.89461,1043,,,,,,,,,,问诊,微寒,,,,
DiagnosticSign_62060f1e6c,遍身筋痛,,DiagnosticSign,1,1.14777,-1.0295,1044,,,,,,,,,,问诊,遍身筋痛,,,,
DiagnosticSign_0acd0c03ca,舌苔薄腻,,DiagnosticSign,1,2.09002,0.23669,1,,,,,,,,,,舌诊,薄腻,,,,
DiagnosticSign_dc95cf3709,脉右滞左弦,,DiagnosticSign,1,2.09144,0.22587,1,,,,,,,,,,脉诊,右滞左弦,,,,
DiagnosticSign_054b3ae0df,心泛,,DiagnosticSign,1,1.9774,-0.65197,1047,,,,,,,,,,问诊,心泛,,,,
DiagnosticSign_cad24e9bf2,脉滞,,DiagnosticSign,1,1.02168,1.0936,1048,,,,,,,,,,脉诊,脉尚滞,,,,
DiagnosticSign_1cedeca3d3,临床主要症状,,DiagnosticSign,1,0.51581,-0.97532,1049,,,,,,,,,,问诊,,,,,
DiagnosticSign_434232dcd1,舌苔红,,DiagnosticSign,1,2.17757,-0.25648,53,,,,,,,,,,舌诊,红,,,,
DiagnosticSign_bdea612e7d,舌苔白薄,,DiagnosticSign,1,0.13919,-0.556,53,,,,,,,,,,舌诊,白薄,,,,
DiagnosticSign_eab39a91f8,舌苔如积粉,,DiagnosticSign,1,2.16426,0.50225,180,,,,,,,,,,舌诊,如积粉,,,,
DiagnosticSign_7604e87c84,舌苔白燥,,DiagnosticSign,1,1.38028,1.0867,181,,,,,,,,,,舌诊,白燥,,,,
DiagnosticSign_11d40d7785,脉浮弦大,,DiagnosticSign,1,2.18257,0.23613,1050,,,,,,,,,,脉诊,浮弦大,,,,
DiagnosticSign_17749a0624,脉平,,DiagnosticSign,1,1.68532,0.22876,1,,,,,,,,,,脉诊,平,,,,
DiagnosticSign_0acf9014de,舌白胖,,DiagnosticSign,1,1.34017,-0.63859,1,,,,,,,,,,舌诊,白胖,,,,
DiagnosticSign_e54a1c4725,脉短涩,,DiagnosticSign,1,1.32832,-0.64433,1,,,,,,,,,,脉诊,短涩,,,,
DiagnosticSign_f2edabd212,舌白苔滑,,DiagnosticSign,1,1.21442,-0.42746,1,,,,,,,,,,舌诊,白苔滑,,,,
DiagnosticSign_a6be397b7a,口燥不能饮,,DiagnosticSign,1,1.24992,-0.41421,1,,,,,,,,,,问诊,口燥不能饮,,,,
DiagnosticSign_48be5d186d,饮后呕黄水,,DiagnosticSign,1,1.26444,-0.39992,1,,,,,,,,,,问诊,呕黄水,,,,
DiagnosticSign_585f760015,脉皆滞缓,,DiagnosticSign,1,1.23679,-0.42497,1,,,,,,,,,,脉诊,滞缓,,,,
DiagnosticSign_d345cd91b8,舌白燥,,DiagnosticSign,1,1.57228,0.95239,16,,,,,,,,,,舌诊,白燥,,,,
DiagnosticSign_d232915e03,脉沉涩,,DiagnosticSign,1,1.58684,-1.10766,16,,,,,,,,,,脉诊,沉涩,,,,
DiagnosticSign_21a54732d3,气急,,DiagnosticSign,1,1.60261,0.93931,1053,,,,,,,,,,问诊,气急,,,,
DiagnosticSign_67c5a685b2,舌苔尚黄浓,,DiagnosticSign,1,1.68803,0.26201,1,,,,,,,,,,舌诊,黄浓,,,,
DiagnosticSign_d398897207,六脉弦小数,,DiagnosticSign,1,1.67924,0.27472,1,,,,,,,,,,脉诊,弦小数,,,,
DiagnosticSign_b94bd26c81,舌净,,DiagnosticSign,1,1.76682,-0.09878,1,,,,,,,,,,舌诊,净,,,,
DiagnosticSign_582273b0d9,脉弦小,,DiagnosticSign,1,1.76193,-0.11314,1,,,,,,,,,,脉诊,弦小,,,,
DiagnosticSign_01f8e79de4,咳嗽有痰,,DiagnosticSign,1,0.165,-0.4368,1054,,,,,,,,,,问诊,咳嗽有痰,,,,
DiagnosticSign_044ff00526,脉弦小数,,DiagnosticSign,1,2.30658,-0.35107,46,,,,,,,,,,脉诊,弦小数,,,,
DiagnosticSign_150403f8f4,右关少带滞象,,DiagnosticSign,1,2.29431,-0.38822,1055,,,,,,,,,,脉诊,滞象,,,,
DiagnosticSign_7e6f6d8fc0,舌黑苔已浮起,,DiagnosticSign,1,0.56781,-0.00705,1,,,,,,,,,,舌诊,黑苔浮起,,,,
DiagnosticSign_c532878373,舌苔两边黄去而微白滑,,DiagnosticSign,1,0.69169,0.90689,1056,,,,,,,,,,舌诊,微白滑,,,,
DiagnosticSign_80857678ec,舌苔前半已去,,DiagnosticSign,1,2.07199,0.26471,1,,,,,,,,,,舌诊,前半已去,,,,
DiagnosticSign_277f87ab56,舌根尚有黄色,,DiagnosticSign,1,1.88119,0.75447,184,,,,,,,,,,舌诊,根黄色,,,,
DiagnosticSign_a0755d9464,口苦且腻,,DiagnosticSign,1,0.90908,-1.07127,1057,,,,,,,,,,问诊,苦腻,,,,
DiagnosticSign_fee3be8609,掌心尚热,,DiagnosticSign,1,2.16608,0.64811,1058,,,,,,,,,,望诊,掌心热,,,,
DiagnosticSign_7a13c54121,小溲赤,,DiagnosticSign,1,0.16318,0.16427,1059,,,,,,,,,,问诊,赤,,,,
DiagnosticSign_487c11d81a,左手脉已小,,DiagnosticSign,1,1.86532,-0.86681,1060,,,,,,,,,,脉诊,小,,,,
DiagnosticSign_6df23ca799,右手脉稍有滞象,,DiagnosticSign,1,1.26563,1.17689,1061,,,,,,,,,,脉诊,滞象,,,,
DiagnosticSign_7bb5d950fb,脉皆数,,DiagnosticSign,1,0.43097,-0.707,1062,,,,,,,,,,脉诊,数,,,,
DiagnosticSign_68d5af7acc,舌黄而滑,,DiagnosticSign,1,2.28488,0.01647,1063,,,,,,,,,,舌诊,黄滑,,,,
DiagnosticSign_0995442e67,脉未滑利,,DiagnosticSign,1,1.24465,-0.698,1,,,,,,,,,,脉诊,未滑利,,,,
DiagnosticSign_c041619ff1,大便如水样,,DiagnosticSign,1,1.28533,-1.0246,1065,,,,,,,,,,问诊,大便如水样,,,,
DiagnosticSign_3252186058,舌中间灰色,,DiagnosticSign,1,2.11127,-0.72466,185,,,,,,,,,,舌诊,舌中间灰色,,,,
DiagnosticSign_35deebf2aa,舌两边白滑,,DiagnosticSign,1,1.83918,0.88685,1066,,,,,,,,,,舌诊,舌两边白滑,,,,
DiagnosticSign_1f4b7c361f,大便作泻,,DiagnosticSign,1,0.02123,-0.22283,1067,,,,,,,,,,问诊,大便作泻,,,,
DiagnosticSign_537c35161a,头面上有热疮,,DiagnosticSign,1,0.6518,-1.05518,1070,,,,,,,,,,望诊,头面上有热疮,,,,
DiagnosticSign_396a17cbf1,痢疾色泽,,DiagnosticSign,1,2.14213,0.36771,1071,,,,,,,,,,望诊,如酱色紫,,,,
DiagnosticSign_cc79bc9157,休时粪便性状,,DiagnosticSign,1,0.15243,0.40635,1072,,,,,,,,,,望诊,粪如笔管,,,,
DiagnosticSign_5bb8b0fdbb,矢气频繁,,DiagnosticSign,1,0.58024,-0.92807,186,,,,,,,,,,问诊,多转矢气,,,,
DiagnosticSign_562788714b,痢行频率,,DiagnosticSign,1,1.69601,-1.06119,1073,,,,,,,,,,问诊,日四五行,,,,
DiagnosticSign_4a9647a896,苔如积粉,,DiagnosticSign,1,1.16706,-0.66155,1,,,,,,,,,,舌诊,湿温之盛行,,,,
DiagnosticSign_4f350333e3,舌皆红,,DiagnosticSign,1,1.55159,-1.04065,187,,,,,,,,,,舌诊,叶氏案中用张喻法者,,,,
DiagnosticSign_d5bbfc076d,白燥苔,,DiagnosticSign,1,0.24398,-0.42985,188,,,,,,,,,,舌诊,瘟疫征象,,,,
DiagnosticSign_f4052427f4,多汗,,DiagnosticSign,1,0.59569,1.02517,189,,,,,,,,,,望诊,瘟疫尤多汗，北方谓之汗症,,,,
DiagnosticSign_ef2bc80158,盗汗,,DiagnosticSign,1,2.33613,-0.23616,1076,,,,,,,,,,望诊,里气通自能战汗而解,,,,
DiagnosticSign_a3dc2d0846,小便如注,,DiagnosticSign,1,0.57512,0.83368,1077,,,,,,,,,,问诊,瘟疫解的途径,,,,
DiagnosticSign_5943b2ce44,圊血,,DiagnosticSign,1,1.05435,-1.09783,1078,,,,,,,,,,望诊,瘟疫解的途径,,,,
DiagnosticSign_d7088c2704,舌白薄,,DiagnosticSign,1,0.39926,-0.06272,1,,,,,,,,,,舌诊,白薄,,,,
DiagnosticSign_7cac4ea7b6,脉浮数,,DiagnosticSign,1,0.39924,-0.07398,1,,,,,,,,,,脉诊,浮数,,,,
DiagnosticSign_0638457580,战汗,,DiagnosticSign,1,0.40242,-0.10472,1,,,,,,,,,,望诊,体冷如冰,,,,
DiagnosticSign_72676b844a,脉静小,,DiagnosticSign,1,0.40055,-0.09354,1,,,,,,,,,,脉诊,静小,,,,
DiagnosticSign_bced92bfed,体厥,,DiagnosticSign,1,2.07085,0.77381,1079,,,,,,,,,,望诊,,,,,
DiagnosticSign_1ca1f63b3f,身热无汗,,DiagnosticSign,1,1.49597,-0.34663,1,,,,,,,,,,望诊,身体发热，无汗液分泌,,,,
DiagnosticSign_1b215c9c2d,口齿燥甚,,DiagnosticSign,1,0.9551,0.7866,1,,,,,,,,,,问诊,口腔和牙齿干燥程度严重,,,,
DiagnosticSign_c6110c3243,喉干,,DiagnosticSign,1,0.15036,0.02721,1080,,,,,,,,,,问诊,咽喉干燥,,,,
DiagnosticSign_9f1ba36068,齿浮,,DiagnosticSign,1,1.10793,1.1778,1082,,,,,,,,,,望诊,牙齿浮起,,,,
DiagnosticSign_8128394027,呃逆,,DiagnosticSign,1,0.53193,-0.80057,1083,,,,,,,,,,问诊,呃逆,,,,
DiagnosticSign_c6a60ca87d,脉沉小弦数,,DiagnosticSign,1,2.27281,0.16366,1084,,,,,,,,,,脉诊,沉小弦数,,,,
DiagnosticSign_3f1d20a0f8,不饮水,,DiagnosticSign,1,0.20145,0.65942,1085,,,,,,,,,,问诊,不饮水,,,,
DiagnosticSign_3c0c05ce84,痢疾频数,,DiagnosticSign,1,1.42102,-1.0014,1086,,,,,,,,,,问诊,日四五行,,,,
DiagnosticSign_f2af301dae,矢气频多,,DiagnosticSign,1,1.71503,0.96683,1087,,,,,,,,,,问诊,多转矢气，痢即随出,,,,
DiagnosticSign_ae5610190c,痢液色泽,,DiagnosticSign,1,0.06129,-0.37536,1088,,,,,,,,,,望诊,如酱色紫,,,,
DiagnosticSign_ab20ba77c7,休息时粪便,,DiagnosticSign,1,2.12136,-0.41802,1089,,,,,,,,,,望诊,粪如笔管,,,,
DiagnosticSign_4ad855d540,舌黄薄,,DiagnosticSign,1,0.73826,1.01286,1090,,,,,,,,,,舌诊,黄薄,,,,
DiagnosticSign_e9aac6c37f,气息奄奄,,DiagnosticSign,1,0.79722,-1.11619,1091,,,,,,,,,,望诊,气息微弱,,,,
DiagnosticSign_7569ed61cc,脉沉虚小,,DiagnosticSign,1,1.16871,1.02995,54,,,,,,,,,,脉诊,沉、虚、小,,,,
DiagnosticSign_a7f95b6ce2,侧卧不敢动,,DiagnosticSign,1,2.0845,0.49273,1092,,,,,,,,,,问诊,体位受限,,,,
DiagnosticSign_69a08c29bc,一动则肛门稀水即出,,DiagnosticSign,1,0.10742,0.2657,1093,,,,,,,,,,问诊,运动诱发肛门稀水排出,,,,
DiagnosticSign_077183bfb6,舌鲜红光洁,,DiagnosticSign,1,0.0782,0.08415,54,,,,,,,,,,舌诊,舌色鲜红、舌面光洁,,,,
DiagnosticSign_b29041d7d9,肋背抽痛,,DiagnosticSign,1,1.83291,-0.98291,1094,,,,,,,,,,问诊,肋背抽痛,,,,
DiagnosticSign_ccfee394bc,痰中带血,,DiagnosticSign,1,1.76855,0.21134,1,,,,,,,,,,问诊,痰中带血,,,,
DiagnosticSign_647425c385,有寒热,,DiagnosticSign,1,1.33931,1.01761,1095,,,,,,,,,,问诊,有寒热,,,,
DiagnosticSign_917b718375,胃中梗塞,,DiagnosticSign,1,0.31654,-0.68954,1096,,,,,,,,,,问诊,胃中梗塞,,,,
DiagnosticSign_ed5647186b,或酸或苦,,DiagnosticSign,1,1.23358,1.1037,192,,,,,,,,,,问诊,或酸或苦,,,,
DiagnosticSign_7bbb741544,无物不呕,,DiagnosticSign,1,2.35729,-0.07989,1097,,,,,,,,,,问诊,无物不呕,,,,
DiagnosticSign_c4870ccc72,舌黄浓,,DiagnosticSign,1,0.46936,0.74558,1098,,,,,,,,,,舌诊,舌黄浓,,,,
DiagnosticSign_44cee47483,胃中满闷,,DiagnosticSign,1,1.22215,0.32227,1,,,,,,,,,,问诊,胃部胀满闷塞感,,,,
DiagnosticSign_9cfa2dae39,吐酸,,DiagnosticSign,1,1.20186,-1.10478,1099,,,,,,,,,,问诊,呕吐酸性物质,,,,
DiagnosticSign_22127ccb4d,呕苦,,DiagnosticSign,1,1.95971,0.88569,1100,,,,,,,,,,问诊,呕吐苦味,,,,
DiagnosticSign_e933fc6212,经期如崩,,DiagnosticSign,1,0.60765,-0.21446,1,,,,,,,,,,问诊,曾经期至如崩，现尚早而如崩,,,,
DiagnosticSign_234b39b36f,腹中痛而胀,,DiagnosticSign,1,0.61451,-0.22528,1,,,,,,,,,,腹诊,痛而胀,,,,
DiagnosticSign_c382ccdaff,月经来潮量多如崩,,DiagnosticSign,1,2.20922,0.04019,193,,,,,,,,,,问诊,量多如崩,,,,
DiagnosticSign_f5238e3ba7,鼻塞,,DiagnosticSign,1,0.15593,-0.11033,1101,,,,,,,,,,望诊,内药鼻中两条,,,,
DiagnosticSign_db6b1c2581,脉如蛇,,DiagnosticSign,1,1.29426,-0.64338,1,,,,,,,,,,脉诊,,,,,
DiagnosticSign_2f09e7fa06,足寒,,DiagnosticSign,1,2.07006,-0.65484,1102,,,,,,,,,,问诊,,,,,
DiagnosticSign_40222cbdcc,眼胞上下,,DiagnosticSign,1,0.82547,0.5902,1,,,,,,,,,,目诊,如烟煤色,,,,
DiagnosticSign_a4227c5ab9,眼黑,,DiagnosticSign,1,0.6335,0.06676,1,,,,,,,,,,目诊,烦赤,,,,
DiagnosticSign_dde9b07e6b,五色,,DiagnosticSign,1,1.77432,0.84124,194,,,,,,,,,,望诊,青黑黯惨,,,,
DiagnosticSign_2baa8b818e,目睛,,DiagnosticSign,1,0.18509,0.26663,13,,,,,,,,,,目诊,黄,,,,
DiagnosticSign_978175b7c8,暴感客邪之色,,DiagnosticSign,1,0.64447,-0.87983,1104,,,,,,,,,,望诊,昏浊壅滞,,,,
DiagnosticSign_4be980b5e2,病久体虚之色,,DiagnosticSign,1,2.24123,0.30792,1105,,,,,,,,,,望诊,瘦削消癯,,,,
DiagnosticSign_3f200f1dac,病邪方锐之色,,DiagnosticSign,1,0.12226,0.52305,1106,,,,,,,,,,望诊,清白少神,,,,
DiagnosticSign_fd4d2085f8,虚羸久困之色,,DiagnosticSign,1,1.5524,-0.96032,1107,,,,,,,,,,望诊,妩媚鲜泽,,,,
DiagnosticSign_b3c9306dce,舌旁,,DiagnosticSign,1,2.1687,-0.28876,1110,,,,,,,,,,舌诊,属肝胆,,,,
DiagnosticSign_1e1a2b25b9,舌四畔,,DiagnosticSign,1,0.60714,0.94491,1111,,,,,,,,,,舌诊,属脾,,,,
DiagnosticSign_32782d71eb,声音清轻重浊,,DiagnosticSign,1,0.94948,-1.15726,1112,,,,,,,,,,闻诊,清轻重浊,,,,
DiagnosticSign_0e2faba7ea,言浊,,DiagnosticSign,1,2.19958,-0.59401,195,,,,,,,,,,闻诊,言语浊,,,,
DiagnosticSign_f0a58fd9dc,语声不续,,DiagnosticSign,1,1.71424,-0.12653,1,,,,,,,,,,闻诊,语声断续不连贯,,,,
DiagnosticSign_50e9ccc328,言迟,,DiagnosticSign,1,2.01072,0.60894,1113,,,,,,,,,,闻诊,言语迟缓,,,,
DiagnosticSign_e7f8692d03,多言,,DiagnosticSign,1,1.00719,0.34086,1,,,,,,,,,,闻诊,言语繁多,,,,
DiagnosticSign_ae406daf9d,吁气,,DiagnosticSign,1,0.70935,-0.99976,196,,,,,,,,,,闻诊,诊时吁气,,,,
DiagnosticSign_53d276cd08,言而微,,DiagnosticSign,1,2.27176,0.44772,197,,,,,,,,,,闻诊,言语微弱,,,,
DiagnosticSign_54b7b69502,言语善恶不避亲疏,,DiagnosticSign,1,1.68704,-0.9818,198,,,,,,,,,,闻诊,言语不慎、分别心乱,,,,
DiagnosticSign_212faf50eb,脉之上、下、来、去、至、止六态,,DiagnosticSign,1,0.08157,0.1203,1114,,,,,,,,,,脉诊,需先明,,,,
DiagnosticSign_6e6e56c8d3,脉沉细无力,,DiagnosticSign,1,1.75437,-0.07404,1,,,,,,,,,,脉诊,按之不鼓，沉细无力,,,,
DiagnosticSign_f68fe9fee1,脉细涩,,DiagnosticSign,1,1.7186,0.19657,1,,,,,,,,,,脉诊,脉多细涩，甚而数涩,,,,
DiagnosticSign_5895137e55,脉浮弦搏指,,DiagnosticSign,1,1.74915,-0.04831,1,,,,,,,,,,脉诊,或浮弦搏指,,,,
DiagnosticSign_03140f1b56,咽干,,DiagnosticSign,1,1.55722,0.38922,1,,,,,,,,,,望诊,咽部干燥,,,,
DiagnosticSign_39a4341a24,烦渴,,DiagnosticSign,1,1.95815,-0.88706,1115,,,,,,,,,,问诊,烦躁口渴,,,,
DiagnosticSign_7105280b0e,不寐,,DiagnosticSign,1,1.89343,-0.84384,17,,,,,,,,,,问诊,失眠,,,,
DiagnosticSign_246827a744,肌燥熇热,,DiagnosticSign,1,0.45401,-0.73066,17,,,,,,,,,,望诊,肌肤干燥灼热,,,,
DiagnosticSign_17fdb3524e,便不通爽,,DiagnosticSign,1,0.15843,0.13158,17,,,,,,,,,,问诊,大便不通畅,,,,
DiagnosticSign_2cdd81c230,虛痞不食,,DiagnosticSign,1,1.20219,1.02976,1116,,,,,,,,,,问诊,虚弱、腹部痞满、不思食,,,,
DiagnosticSign_09608b617b,头面手足肿,,DiagnosticSign,1,1.8097,0.90804,18,,,,,,,,,,望诊,如烂瓜之状,,,,
DiagnosticSign_ed1253a6c6,按而塌陷,,DiagnosticSign,1,2.28375,0.05275,18,,,,,,,,,,腹诊,按压后凹陷不起,,,,
DiagnosticSign_71926145e1,胸腹喘满,,DiagnosticSign,1,0.4162,-0.79852,1117,,,,,,,,,,望诊,喘息，腹部膨满,,,,
DiagnosticSign_aa05a243d2,不能转侧安睡,,DiagnosticSign,1,2.35743,0.07782,1118,,,,,,,,,,问诊,活动受限，睡眠困难,,,,
DiagnosticSign_c36dc61ad5,饮食不下,,DiagnosticSign,1,0.37628,0.64416,1119,,,,,,,,,,问诊,纳食困难,,,,
DiagnosticSign_79bb4da49d,小便闭涩,,DiagnosticSign,1,1.31813,-1.02071,18,,,,,,,,,,问诊,尿少，排尿困难,,,,
DiagnosticSign_1ccefef9ca,溺出如割,,DiagnosticSign,1,1.34899,-1.092,1120,,,,,,,,,,问诊,排尿时有刺痛感,,,,
DiagnosticSign_6d18ed8940,溺出如豆汁而绝少,,DiagnosticSign,1,1.83464,0.98176,1121,,,,,,,,,,问诊,尿色如豆汁，量极少,,,,
DiagnosticSign_d3c08a6de8,腹痛欲绝,,DiagnosticSign,1,1.63516,0.32165,1,,,,,,,,,,问诊,腹痛欲绝,,,,
DiagnosticSign_cd714c3385,脉浮而弦,,DiagnosticSign,1,1.64635,0.31161,1,,,,,,,,,,脉诊,浮而弦,,,,
DiagnosticSign_64e7f5ffc3,苔黑,,DiagnosticSign,1,0.17978,-0.2459,1122,,,,,,,,,,望诊,黑,,,,
DiagnosticSign_8ddf626a16,脉沉数促涩,,DiagnosticSign,1,0.77231,-0.18175,1,,,,,,,,,,脉诊,沉数促涩，模糊不清,,,,
DiagnosticSign_fb4df52c68,目瞪,,DiagnosticSign,1,2.14943,-0.53031,1123,,,,,,,,,,目诊,瞪,,,,
DiagnosticSign_065770f413,脉数滑,,DiagnosticSign,1,0.30966,-0.55083,199,,,,,,,,,,脉诊,数滑，至数分明,,,,
DiagnosticSign_35a70bfd3e,大渴大汗,,DiagnosticSign,1,1.08759,-1.02585,200,,,,,,,,,,问诊,大渴，大汗，汗至床席皆淋湿,,,,
DiagnosticSign_b9394f7b6e,胸腹硬痛,,DiagnosticSign,1,0.79919,1.11686,1124,,,,,,,,,,问诊,硬痛,,,,
DiagnosticSign_bb4953061c,小便自利,,DiagnosticSign,1,0.76658,-0.94339,1125,,,,,,,,,,问诊,自利,,,,
DiagnosticSign_124f54a440,便坚黑粪,,DiagnosticSign,1,2.19069,0.44668,1126,,,,,,,,,,问诊,坚黑，累累,,,,
DiagnosticSign_39e4544c73,身重,,DiagnosticSign,1,0.06196,0.37733,1127,,,,,,,,,,望诊,重,,,,
DiagnosticSign_ff7b2fa156,肢厥,,DiagnosticSign,1,1.67713,-0.90209,1128,,,,,,,,,,望诊,厥，僵卧,,,,
DiagnosticSign_53d07eab38,遍身发疼,,DiagnosticSign,1,1.44046,1.07386,1129,,,,,,,,,,问诊,疼,,,,
DiagnosticSign_5c8db2b65a,如狂见鬼,,DiagnosticSign,1,0.20029,-0.6577,1130,,,,,,,,,,问诊,如狂见鬼,,,,
DiagnosticSign_eddfd85227,脉涩数,,DiagnosticSign,1,0.48994,-0.21611,1,,,,,,,,,,脉诊,涩数,,,,
DiagnosticSign_40ab6e44f3,面色黄白,,DiagnosticSign,1,2.19837,-0.15434,1131,,,,,,,,,,望诊,黄白,,,,
DiagnosticSign_eb64fc2679,胸腹柔软,,DiagnosticSign,1,0.48625,0.86008,1132,,,,,,,,,,腹诊,柔软,,,,
DiagnosticSign_4db11cdc45,脐下坚硬,,DiagnosticSign,1,0.48542,-0.20402,1,,,,,,,,,,腹诊,坚硬,,,,
DiagnosticSign_abbbd72501,晡时发热,,DiagnosticSign,1,1.10586,-1.17767,1133,,,,,,,,,,问诊,晡时发热,,,,
DiagnosticSign_d12103b09e,夜半退热,,DiagnosticSign,1,1.9221,0.71427,1134,,,,,,,,,,问诊,夜半退,,,,
DiagnosticSign_f19fbe03a7,小水自利,,DiagnosticSign,1,0.07534,-0.02725,1135,,,,,,,,,,问诊,自利,,,,
DiagnosticSign_35326e27ab,面青,,DiagnosticSign,1,2.06949,-0.77538,1136,,,,,,,,,,望诊,面部青色,,,,
DiagnosticSign_29fbd8800c,唇淡,,DiagnosticSign,1,1.06468,1.02352,1137,,,,,,,,,,望诊,唇色淡,,,,
DiagnosticSign_61a65ad564,脉右弦缓,,DiagnosticSign,1,0.52951,-0.89324,1138,,,,,,,,,,脉诊,右寸关尺脉弦缓,,,,
DiagnosticSign_eed2f67e06,脉左沉涩,,DiagnosticSign,1,0.98808,0.64968,1,,,,,,,,,,脉诊,左寸关尺脉沉涩,,,,
DiagnosticSign_e37cea7e67,左小腹有块如拳大,,DiagnosticSign,1,2.20137,0.13315,19,,,,,,,,,,腹诊,左小腹触及块状物，大如拳头,,,,
DiagnosticSign_3b7296c92b,望色,,DiagnosticSign,1,2.33654,0.23413,1139,,,,,,,,,,望诊,一睹病容，旋决生死,,,,
DiagnosticSign_4e5d136c69,切脉,,DiagnosticSign,1,0.29756,0.53123,1140,,,,,,,,,,脉诊,搭患者之脉，即能口还病证，句句中的,,,,
DiagnosticSign_bb8b112e04,病容,,DiagnosticSign,1,1.49309,-1.05972,1141,,,,,,,,,,望诊,背负来诊，二手下垂,,,,
DiagnosticSign_430828907c,面赤,,DiagnosticSign,1,1.69788,1.06028,1142,,,,,,,,,,望诊,面赤如敷朱,,,,
DiagnosticSign_cf57685bfa,牙关紧闭,,DiagnosticSign,1,0.22151,-0.37708,1143,,,,,,,,,,望诊,牙关紧闭,,,,
DiagnosticSign_43dffd2acd,斑疹,,DiagnosticSign,1,2.21149,-0.3963,1144,,,,,,,,,,望诊,斑疹出,,,,
DiagnosticSign_acbd734416,身热不扬,,DiagnosticSign,1,0.65366,1.05611,1145,,,,,,,,,,望诊,身热但不明显显现,,,,
DiagnosticSign_ef61694005,胸膈痞塞,,DiagnosticSign,1,1.19563,-0.63526,1,,,,,,,,,,问诊,胸膈部位堵塞感,,,,
DiagnosticSign_4ce6e0ffcc,心烦不寐,,DiagnosticSign,1,0.89607,-0.99009,1146,,,,,,,,,,问诊,心烦且不能入睡,,,,
DiagnosticSign_8dd0b14bde,身热夜甚,,DiagnosticSign,1,0.60246,-0.00963,1,,,,,,,,,,望诊,身体发热，夜间加重,,,,
DiagnosticSign_9ca56edf70,身热自溺,,DiagnosticSign,1,-2e-05,-0.00157,201,,,,,,,,,,望诊,身体发热自行排尿,,,,
DiagnosticSign_314da2e122,㾦疹隐隐,,DiagnosticSign,1,1.20046,-0.64693,1,,,,,,,,,,望诊,疹子隐约不显,,,,
DiagnosticSign_390216b66a,高热持续不退,,DiagnosticSign,1,2.1221,0.57746,1147,,,,,,,,,,望诊,高度发热持续存在,,,,
DiagnosticSign_ee0712d2fa,身躁热,,DiagnosticSign,1,0.02162,0.22487,1148,,,,,,,,,,望诊,身尚躁热,,,,
DiagnosticSign_50690ba849,神呆目定,,DiagnosticSign,1,0.68706,-1.07212,47,,,,,,,,,,目诊,神呆目定,,,,
DiagnosticSign_7601ee582e,烦躁呓语,,DiagnosticSign,1,0.59153,-0.12861,1,,,,,,,,,,问诊,烦躁呓语,,,,
DiagnosticSign_5e74cdbef5,口燥气逆,,DiagnosticSign,1,0.84252,1.05221,47,,,,,,,,,,问诊,口燥气逆,,,,
DiagnosticSign_2eb65e2aac,苔黄,,DiagnosticSign,1,0.79828,-0.26008,1,,,,,,,,,,舌诊,躁热,,,,
DiagnosticSign_91d451098e,腹中不舒,,DiagnosticSign,1,2.20986,-0.01717,1152,,,,,,,,,,腹诊,不舒,,,,
DiagnosticSign_6637391b09,胃口不开,,DiagnosticSign,1,0.37776,0.75989,1153,,,,,,,,,,问诊,胃口不开,,,,
DiagnosticSign_9300415fe4,厌食,,DiagnosticSign,1,1.26356,-1.17704,1154,,,,,,,,,,问诊,厌食,,,,
DiagnosticSign_d51d3adb41,手心热,,DiagnosticSign,1,1.82023,0.80685,1155,,,,,,,,,,望诊,手心热,,,,
DiagnosticSign_b65bf6eb65,夜不寐,,DiagnosticSign,1,0.08884,-0.17431,1156,,,,,,,,,,问诊,夜不寐,,,,
DiagnosticSign_2b7d38e63e,苔光剥,,DiagnosticSign,1,2.16494,-0.64984,1157,,,,,,,,,,舌诊,光剥,,,,
DiagnosticSign_95ed1ef14e,腹中胀满,,DiagnosticSign,1,1.08593,1.10099,202,,,,,,,,,,腹诊,少舒,,,,
DiagnosticSign_3159f396e6,脉濡小,,DiagnosticSign,1,0.97637,0.36692,1,,,,,,,,,,脉诊,濡小,,,,
DiagnosticSign_25e019a02e,小便清长,,DiagnosticSign,1,1.31299,-0.63475,1,,,,,,,,,,问诊,清长,,,,
DiagnosticSign_87467dd33e,哕逆,,DiagnosticSign,1,0.93135,0.65232,1,,,,,,,,,,问诊,,,,,
DiagnosticSign_3debbca095,苔灰色,,DiagnosticSign,1,0.92922,0.999,1158,,,,,,,,,,舌诊,二边白,,,,
DiagnosticSign_6429c2e6f0,纳食,,DiagnosticSign,1,2.29499,0.38626,1160,,,,,,,,,,问诊,不能纳食,,,,
DiagnosticSign_b3a3a50b9e,渴饮,,DiagnosticSign,1,0.23461,0.40882,1161,,,,,,,,,,问诊,渴不欲饮,,,,
DiagnosticSign_dc7ddd8ba2,胸部感觉,,DiagnosticSign,1,1.63161,-1.0085,1162,,,,,,,,,,问诊,胸次不舒,,,,
DiagnosticSign_8bc5246336,大便性状,,DiagnosticSign,1,0.28035,-0.50153,1164,,,,,,,,,,问诊,便不肯爽,,,,
DiagnosticSign_625e9a291b,便脓,,DiagnosticSign,1,0.51753,0.97649,1166,,,,,,,,,,问诊,便脓,,,,
DiagnosticSign_bcfc1134a9,闭塞不爽,,DiagnosticSign,1,0.45989,-0.93479,203,,,,,,,,,,问诊,闭塞不爽,,,,
DiagnosticSign_870bbde6e1,脉弦迟,,DiagnosticSign,1,1.22494,-0.40165,1,,,,,,,,,,脉诊,弦迟,,,,
DiagnosticSign_b74a8d6cd1,肛门热痛,,DiagnosticSign,1,1.48371,-1.14025,204,,,,,,,,,,问诊,热痛,,,,
DiagnosticSign_6e22906e72,至圊不能便,,DiagnosticSign,1,1.03063,-1.01911,1167,,,,,,,,,,问诊,排便困难,,,,
DiagnosticSign_6263af5967,下白,,DiagnosticSign,1,0.14118,-0.37667,205,,,,,,,,,,问诊,白色分泌物下注,,,,
DiagnosticSign_cc1fae5af8,下赤,,DiagnosticSign,1,0.74559,0.93391,206,,,,,,,,,,问诊,赤色分泌物下注,,,,
DiagnosticSign_0c9860bb39,赤白兼下,,DiagnosticSign,1,2.03669,0.69793,1168,,,,,,,,,,问诊,赤白混合下注,,,,
DiagnosticSign_ab701cab9a,痰多,,DiagnosticSign,1,0.00198,0.0684,1169,,,,,,,,,,问诊,多,,,,
DiagnosticSign_ddfedc6a54,苔象,,DiagnosticSign,1,1.14736,1.10452,1171,,,,,,,,,,舌诊,黄燥而厚,,,,
DiagnosticSign_efcb5d7fa4,身燥热,,DiagnosticSign,1,2.20295,0.12032,1173,,,,,,,,,,望诊,燥热,,,,
DiagnosticSign_ee00b922b5,苔色,,DiagnosticSign,1,0.78853,-0.30186,1,,,,,,,,,,舌诊,黄厚而燥,,,,
DiagnosticSign_093ae9ebb6,大便欲解不爽,,DiagnosticSign,1,0.2836,0.64613,1174,,,,,,,,,,问诊,欲解不爽,,,,
DiagnosticSign_edfad9024c,脉滑数,,DiagnosticSign,1,0.95062,-0.38787,1,,,,,,,,,,脉诊,滑数,,,,
DiagnosticSign_bb0eabf964,苔黄燥,,DiagnosticSign,1,1.41977,-1.15538,1175,,,,,,,,,,舌诊,黄燥,,,,
DiagnosticSign_b9f5634b50,身热口燥,,DiagnosticSign,1,1.14638,-0.59388,1,,,,,,,,,,望诊,身热口燥,,,,
DiagnosticSign_e71449e683,脉象与前略有转机,,DiagnosticSign,1,0.84686,-1.05359,207,,,,,,,,,,脉诊,与前略有转机,,,,
DiagnosticSign_1805020546,高热昏迷,,DiagnosticSign,1,1.70692,0.88502,1176,,,,,,,,,,望诊,高热昏迷,,,,
DiagnosticSign_5375ad7a61,神识模糊,,DiagnosticSign,1,0.12182,-0.31826,1177,,,,,,,,,,望诊,神识模糊,,,,
DiagnosticSign_2af528bd44,左尺脉,,DiagnosticSign,1,2.2428,-0.5127,1178,,,,,,,,,,脉诊,兼迟,,,,
DiagnosticSign_4dc68ce8b3,脉数右大,,DiagnosticSign,1,1.10286,-0.48018,1,,,,,,,,,,脉诊,数，右大,,,,
DiagnosticSign_ff4fc9c226,舌红,,DiagnosticSign,1,0.78873,-1.03341,1180,,,,,,,,,,舌诊,红,,,,
DiagnosticSign_a2fae3c168,苔燥干结,,DiagnosticSign,1,0.61218,-0.17945,1,,,,,,,,,,舌诊,燥干结,,,,
DiagnosticSign_6963d14e3d,寒热如疟,,DiagnosticSign,1,2.23353,0.53149,1181,,,,,,,,,,问诊,或微寒或微热，不能如疟分清,,,,
DiagnosticSign_00268a4596,苔燥,,DiagnosticSign,1,0.18853,0.2791,1182,,,,,,,,,,舌诊,苔燥,,,,
DiagnosticSign_354c1ea46d,质红,,DiagnosticSign,1,1.76205,-0.93928,1183,,,,,,,,,,舌诊,舌质红,,,,
DiagnosticSign_0c1e20966f,大便干结,,DiagnosticSign,1,0.82906,-0.25237,1,,,,,,,,,,问诊,大便干结,,,,
DiagnosticSign_badd8dcca6,舌燥,,DiagnosticSign,1,1.39922,1.15946,1184,,,,,,,,,,舌诊,燥,,,,
DiagnosticSign_c28d4875e2,舌滑嫩黄,,DiagnosticSign,1,1.24056,-0.68833,1,,,,,,,,,,舌诊,舌质滑嫩，舌色黄,,,,
DiagnosticSign_419d373042,腰坠,,DiagnosticSign,1,1.36838,-0.46024,1,,,,,,,,,,问诊,腰部坠胀感,,,,
DiagnosticSign_893d068c6d,胃气稍振,,DiagnosticSign,1,0.35526,-0.61701,1185,,,,,,,,,,望诊,胃气渐有恢复,,,,
DiagnosticSign_4f8295be39,气口滑,,DiagnosticSign,1,2.27955,-0.10957,1186,,,,,,,,,,脉诊,滑,,,,
DiagnosticSign_5324d14cb9,舌根黄,,DiagnosticSign,1,0.39323,0.87943,1187,,,,,,,,,,舌诊,黄,,,,
DiagnosticSign_16e397b435,小便涩痛,,DiagnosticSign,1,1.17817,-0.64458,1,,,,,,,,,,问诊,涩痛,,,,
DiagnosticSign_5e0e4cb6b5,浊流未除,,DiagnosticSign,1,1.16786,-1.02993,1188,,,,,,,,,,问诊,浊,,,,
DiagnosticSign_d66101125b,咳逆,,DiagnosticSign,1,1.93597,0.80594,1189,,,,,,,,,,问诊,咳逆,,,,
DiagnosticSign_7d96edf0cd,腰疼,,DiagnosticSign,1,1.33434,1.16986,209,,,,,,,,,,问诊,腰疼,,,,
DiagnosticSign_4919e06627,腹部瘕块,,DiagnosticSign,1,0.00338,-0.0893,1190,,,,,,,,,,腹诊,左侧有瘕,,,,
DiagnosticSign_442d37e30f,腰酸,,DiagnosticSign,1,1.98996,-0.63628,1191,,,,,,,,,,问诊,腰酸,,,,
DiagnosticSign_a2bf8c00a5,癸期,,DiagnosticSign,1,0.53497,-0.9881,1193,,,,,,,,,,问诊,癸涩后期,,,,
DiagnosticSign_5753ce321e,右弦细,,DiagnosticSign,1,0.20544,0.52083,1195,,,,,,,,,,脉诊,弦细,,,,
DiagnosticSign_bf68cb0d22,舌滑白,,DiagnosticSign,1,1.99942,0.20182,1,,,,,,,,,,舌诊,滑白,,,,
DiagnosticSign_657b086704,溺数,,DiagnosticSign,1,1.57169,-1.11309,1196,,,,,,,,,,问诊,数,,,,
DiagnosticSign_49826eec20,舌灰黄,,DiagnosticSign,1,2.00227,0.18807,1,,,,,,,,,,舌诊,灰黄,,,,
DiagnosticSign_937ae4ad3f,汗出,,DiagnosticSign,1,2.01445,0.18716,1,,,,,,,,,,望诊,汗出,,,,
DiagnosticSign_71a0221c39,右濡,,DiagnosticSign,1,0.60034,-0.15127,1,,,,,,,,,,脉诊,濡,,,,
DiagnosticSign_6043993028,溲数,,DiagnosticSign,1,1.5842,0.94738,1197,,,,,,,,,,问诊,数,,,,
DiagnosticSign_5cdaf6eaab,自汗发热,,DiagnosticSign,1,2.09401,0.25572,1,,,,,,,,,,望诊,肺气被郁所致,,,,
DiagnosticSign_851985f3f9,脉虚右濡,,DiagnosticSign,1,2.09228,0.26608,1,,,,,,,,,,脉诊,伤暑夹湿之征,,,,
DiagnosticSign_2de0c308f1,脉弦濡,,DiagnosticSign,1,0.17371,-0.45652,1198,,,,,,,,,,脉诊,弦濡,,,,
DiagnosticSign_3e30571dec,足跗冷彻骨中,,DiagnosticSign,1,1.0321,0.64076,1,,,,,,,,,,望诊,冷彻骨中,,,,
DiagnosticSign_16b7c0209b,午后肌热,,DiagnosticSign,1,2.28395,-0.0482,210,,,,,,,,,,望诊,午后出现,,,,
DiagnosticSign_54b35216fb,面浮,,DiagnosticSign,1,0.93003,-1.07635,1201,,,,,,,,,,望诊,浮,,,,
DiagnosticSign_d4d48ce95d,大便溏薄,,DiagnosticSign,1,2.15325,0.66723,1202,,,,,,,,,,问诊,溏薄,,,,
DiagnosticSign_83b68e2dbf,舌微黄,,DiagnosticSign,1,0.79879,0.00507,1,,,,,,,,,,舌诊,微黄,,,,
DiagnosticSign_104745886f,咳嗽痰迷,,DiagnosticSign,1,1.8821,-0.85327,1204,,,,,,,,,,问诊,痰迷,,,,
DiagnosticSign_775a552658,咯不易出,,DiagnosticSign,1,1.24265,1.17834,1205,,,,,,,,,,问诊,咯不易出,,,,
DiagnosticSign_b8e9f332ad,周身骨骱痛,,DiagnosticSign,1,0.4449,-0.72148,1206,,,,,,,,,,问诊,周身骨骱痛,,,,
DiagnosticSign_2ec528807d,喉中贮痰,,DiagnosticSign,1,2.28435,0.03803,1207,,,,,,,,,,问诊,不爽,,,,
DiagnosticSign_97e206ad47,喉痒,,DiagnosticSign,1,1.85429,-0.23776,1,,,,,,,,,,问诊,喉痒,,,,
DiagnosticSign_ab018aa979,食入恶心,,DiagnosticSign,1,1.3053,-1.02235,1209,,,,,,,,,,问诊,食入恶心,,,,
DiagnosticSign_0c307e27da,溲溺变赤,,DiagnosticSign,1,1.92821,-0.31031,1,,,,,,,,,,问诊,变赤,,,,
DiagnosticSign_6213380ad6,喉毒,,DiagnosticSign,1,1.82175,0.89955,1210,,,,,,,,,,望诊,,,,,
DiagnosticSign_afcec253c9,痧泡,,DiagnosticSign,1,0.0258,-0.2454,1211,,,,,,,,,,望诊,,,,,
DiagnosticSign_23c90f8367,吐利臭秽,,DiagnosticSign,1,0.58992,0.00781,1,,,,,,,,,,望诊,吐利臭秽,,,,
DiagnosticSign_6531079817,肛热如火,,DiagnosticSign,1,0.85658,1.05661,1213,,,,,,,,,,问诊,肛热如火,,,,
DiagnosticSign_c22aee566f,脉伏,,DiagnosticSign,1,0.83572,0.60747,1,,,,,,,,,,脉诊,脉伏,,,,
DiagnosticSign_4ee3f12cd5,腹痛吐泻交作,,DiagnosticSign,1,0.67249,-1.06529,1214,,,,,,,,,,问诊,腹痛吐泻交作,,,,
DiagnosticSign_262b44efbb,心中不畅,,DiagnosticSign,1,2.13477,0.38642,1215,,,,,,,,,,问诊,心中不畅,,,,
DiagnosticSign_cd99ad17da,厥冷已久,,DiagnosticSign,1,0.14469,0.38622,1216,,,,,,,,,,望诊,厥冷已久,,,,
DiagnosticSign_b43e833694,转筋,,DiagnosticSign,1,1.71662,-1.05092,1217,,,,,,,,,,望诊,转筋,,,,
DiagnosticSign_4b1981da12,胸闷腹痛,,DiagnosticSign,1,1.45426,0.99282,1218,,,,,,,,,,问诊,胸闷腹痛,,,,
DiagnosticSign_18b65662c8,水泄,,DiagnosticSign,1,0.24357,-0.58663,1219,,,,,,,,,,问诊,水泄,,,,
DiagnosticSign_fb76592da1,五内烦躁,,DiagnosticSign,1,2.34051,-0.21356,1220,,,,,,,,,,问诊,喉痧将发之先必五内烦躁,,,,
DiagnosticSign_ad2c6ef0fa,手掌心热,,DiagnosticSign,1,0.55897,0.82172,1221,,,,,,,,,,望诊,手掌心热,,,,
DiagnosticSign_e4c7daaf61,憎寒发热,,DiagnosticSign,1,1.07579,-1.10008,1222,,,,,,,,,,问诊,憎寒发热,,,,
DiagnosticSign_4482ec18f2,烦闷口渴,,DiagnosticSign,1,2.05558,0.79105,1223,,,,,,,,,,问诊,烦闷口渴,,,,
DiagnosticSign_695247d1a8,咽痛,,DiagnosticSign,1,0.15002,0.00712,1224,,,,,,,,,,问诊,渐渐咽痛,,,,
DiagnosticSign_c1f09bfdd4,痧点,,DiagnosticSign,1,0.44284,-0.82319,55,,,,,,,,,,目诊,见有痧点隐隐及周身肤腠通红,,,,
DiagnosticSign_cbd2451eb1,晒痧红肿腐烂,,DiagnosticSign,1,1.98962,-0.75203,1225,,,,,,,,,,目诊,晒痧红肿腐烂,,,,
DiagnosticSign_596987f503,懔懔恶寒,,DiagnosticSign,1,1.08496,1.17617,1226,,,,,,,,,,问诊,二候始则懔懔恶寒,,,,
DiagnosticSign_3327140c97,乍寒乍热,,DiagnosticSign,1,0.54767,-0.81306,1227,,,,,,,,,,问诊,或乍寒乍热,,,,
DiagnosticSign_fa7df60467,无汗烦渴,,DiagnosticSign,1,2.26941,0.18495,1228,,,,,,,,,,问诊,无汗烦渴,,,,
DiagnosticSign_f194965728,咽喉肿痛,,DiagnosticSign,1,0.18877,0.6402,1229,,,,,,,,,,望诊,咽喉肿痛,,,,
DiagnosticSign_e78fded347,痧红晕成片,,DiagnosticSign,1,1.80174,1.00293,56,,,,,,,,,,目诊,痧则红晕成片，突起如云而无点粒,,,,
DiagnosticSign_cb3cdac0f5,肌红如涂朱,,DiagnosticSign,1,1.44051,-0.99651,1230,,,,,,,,,,目诊,肌红如涂朱,,,,
DiagnosticSign_2eba051dc1,红点如尘沙,,DiagnosticSign,1,0.18829,-0.27828,56,,,,,,,,,,目诊,痧则红点如尘沙，摸之有点，其形似痘,,,,
DiagnosticSign_1ab8718dae,视之无津,,DiagnosticSign,1,1.69607,0.97709,1231,,,,,,,,,,目诊,视之无津,,,,
DiagnosticSign_21a61e15cf,身发壮热,,DiagnosticSign,1,0.06883,-0.39712,1232,,,,,,,,,,问诊,三候身发壮热,,,,
DiagnosticSign_c2210be250,食不能下,,DiagnosticSign,1,2.12934,-0.39957,1233,,,,,,,,,,问诊,食不能下,,,,
DiagnosticSign_1ab0cb8f37,喉赤肿痛,,DiagnosticSign,1,0.71858,1.00405,1234,,,,,,,,,,望诊,喉赤肿痛,,,,
DiagnosticSign_608dc0e9fc,痧郁不达,,DiagnosticSign,1,0.81907,-1.12345,1235,,,,,,,,,,望诊,痧郁不达,,,,
DiagnosticSign_823605aad5,疙瘩块,,DiagnosticSign,1,2.07471,0.51028,1236,,,,,,,,,,目诊,或痧透后有如疙瘩块者,,,,
DiagnosticSign_d26d450227,痒而麻木,,DiagnosticSign,1,1.13628,-0.63564,1,,,,,,,,,,问诊,发则多痒而麻木,,,,
DiagnosticSign_954677e0c4,溲赤便闭,,DiagnosticSign,1,0.10244,0.24472,1237,,,,,,,,,,问诊,溲赤便闭,,,,
DiagnosticSign_2a3ee827d8,身热如灼,,DiagnosticSign,1,1.85197,-0.96998,1238,,,,,,,,,,问诊,四候身热如灼,,,,
DiagnosticSign_dd64feec2e,丹痧隐伏,,DiagnosticSign,1,1.31942,1.02052,1239,,,,,,,,,,目诊,丹痧隐伏,,,,
DiagnosticSign_01d03e11ef,喉肿而烂,,DiagnosticSign,1,0.33016,-0.70626,1240,,,,,,,,,,望诊,喉肿而烂,,,,
DiagnosticSign_8a91a7a945,神识昏闭,,DiagnosticSign,1,2.35863,-0.0569,1241,,,,,,,,,,问诊,神识昏闭,,,,
DiagnosticSign_853fd23183,耳前后肿,,DiagnosticSign,1,0.45494,0.73157,1242,,,,,,,,,,望诊,耳前后肿,,,,
DiagnosticSign_59106d9ee1,颊车不开,,DiagnosticSign,1,1.22341,-1.10415,1243,,,,,,,,,,望诊,颊车不开,,,,
DiagnosticSign_f09216d5c4,唇紧肤黑,,DiagnosticSign,1,1.94228,0.90074,1244,,,,,,,,,,望诊,唇紧肤黑,,,,
DiagnosticSign_6f4179ebc8,溺涩便闭,,DiagnosticSign,1,0.15827,-0.13029,1245,,,,,,,,,,问诊,溺涩便闭,,,,
DiagnosticSign_e9f48919db,毒焰内陷,,DiagnosticSign,1,2.08267,-0.63735,1246,,,,,,,,,,望诊,五候毒焰内陷,,,,
DiagnosticSign_816fa055b5,喉烂臭黑,,DiagnosticSign,1,0.92897,1.15299,1247,,,,,,,,,,望诊,喉烂臭黑,,,,
DiagnosticSign_175b8e1f68,风火交煽,,DiagnosticSign,1,0.66174,-0.89012,1248,,,,,,,,,,问诊,风火交煽,,,,
DiagnosticSign_68c7a2b2e1,神昏痉厥,,DiagnosticSign,1,2.23502,0.32857,1249,,,,,,,,,,问诊,神昏痉厥,,,,
DiagnosticSign_3230002522,丹痧内陷,,DiagnosticSign,1,0.11225,0.50231,1250,,,,,,,,,,望诊,丹痧内陷,,,,
DiagnosticSign_1b6cd4b811,气喘,,DiagnosticSign,1,1.57107,-0.95287,1251,,,,,,,,,,问诊,气喘,,,,
DiagnosticSign_9179d53876,音哑,,DiagnosticSign,1,1.56117,1.03718,1252,,,,,,,,,,问诊,音哑,,,,
DiagnosticSign_9903bfda4c,鼻煽,,DiagnosticSign,1,0.13171,-0.54174,1253,,,,,,,,,,望诊,鼻煽,,,,
DiagnosticSign_35c80c2e67,鼻煤,,DiagnosticSign,1,2.17414,-0.26941,1254,,,,,,,,,,望诊,鼻煤,,,,
DiagnosticSign_d685867521,舌苔焦黑,,DiagnosticSign,1,0.58881,0.93355,1255,,,,,,,,,,舌诊,舌苔焦黑,,,,
DiagnosticSign_13e5be9e1a,舌卷囊缩,,DiagnosticSign,1,0.97211,-1.16154,1256,,,,,,,,,,舌诊,舌卷囊缩,,,,
DiagnosticSign_8ca01f8312,骨节痛,,DiagnosticSign,1,1.99868,0.62503,1257,,,,,,,,,,问诊,头部、遍身骨节俱痛,,,,
DiagnosticSign_b5dd2b5ae6,喉内微硬闭塞,,DiagnosticSign,1,0.07943,0.09884,1258,,,,,,,,,,望诊,喉内微硬且闭,,,,
DiagnosticSign_7c84ee77c2,喉白点,,DiagnosticSign,1,1.97531,-0.87171,1259,,,,,,,,,,望诊,白点随现,,,,
DiagnosticSign_7abb41813e,喉白片,,DiagnosticSign,1,1.18209,1.03,1260,,,,,,,,,,望诊,白条白块粘连成片，密布喉际，或满口皆白,,,,
DiagnosticSign_b60d2f60e3,目赤,,DiagnosticSign,1,0.43193,-0.81327,1261,,,,,,,,,,目诊,眼红,,,,
DiagnosticSign_01c9fc0336,声哑,,DiagnosticSign,1,2.35569,0.10077,1262,,,,,,,,,,闻诊,声哑,,,,
DiagnosticSign_f3f112f08f,口气臭秽,,DiagnosticSign,1,0.36387,0.62835,1263,,,,,,,,,,闻诊,口喷臭秽之气,,,,
DiagnosticSign_fd33db1b73,灼热无汗,,DiagnosticSign,1,1.72571,-0.13547,1,,,,,,,,,,望诊,正气虚脱的表现,,,,
DiagnosticSign_a49f7c2d3e,脉极细软,,DiagnosticSign,1,1.37026,-1.0885,1264,,,,,,,,,,脉诊,正气虚脱的脉象,,,,
DiagnosticSign_0b26519e99,面色㿠白,,DiagnosticSign,1,1.81536,0.99434,1265,,,,,,,,,,目诊,正气虚脱的面色,,,,
DiagnosticSign_dc2fb616d7,淡红微燥,,DiagnosticSign,1,0.18477,-0.26537,1266,,,,,,,,,,目诊,正气虚脱的另一面色表现,,,,
DiagnosticSign_a6716dddd5,舌绛且光,,DiagnosticSign,1,2.15959,-0.51129,1267,,,,,,,,,,舌诊,阴虚的舌象,,,,
DiagnosticSign_a7db780bd7,脉丝细数,,DiagnosticSign,1,0.93996,1.07861,213,,,,,,,,,,脉诊,阴虚的脉象,,,,
DiagnosticSign_e6e0344d59,脉象浮之濡涩,,DiagnosticSign,1,0.79745,-0.95634,57,,,,,,,,,,脉诊,初起浮之濡涩,,,,
DiagnosticSign_b7754e12fe,脉象按之沉滑,,DiagnosticSign,1,0.77747,1.10922,1268,,,,,,,,,,脉诊,按之沉滑,,,,
DiagnosticSign_e7635c1768,左脉弦紧,,DiagnosticSign,1,0.78506,-0.95128,1269,,,,,,,,,,脉诊,左弦紧,,,,
DiagnosticSign_4d8eab8910,右脉沉,,DiagnosticSign,1,2.18179,0.46632,1270,,,,,,,,,,脉诊,右反沉,,,,
DiagnosticSign_7ba884ab22,脉形郁伏,,DiagnosticSign,1,2.16199,0.31079,214,,,,,,,,,,脉诊,脉形郁伏,,,,
DiagnosticSign_9e042c7296,右寸伏,,DiagnosticSign,1,0.97781,0.66021,1,,,,,,,,,,脉诊,右寸伏,,,,
DiagnosticSign_2f376055d5,左寸伏,,DiagnosticSign,1,0.05481,0.35544,1271,,,,,,,,,,脉诊,左寸亦伏,,,,
DiagnosticSign_02e4adbfe7,左关独弦,,DiagnosticSign,1,1.76116,-0.04907,1,,,,,,,,,,脉诊,左关独弦,,,,
DiagnosticSign_99892b77bb,脉沉弦,,DiagnosticSign,1,1.69464,-0.89221,1272,,,,,,,,,,脉诊,沉弦,,,,
DiagnosticSign_1a32cd8a24,右寸独大,,DiagnosticSign,1,1.41946,1.07874,1273,,,,,,,,,,脉诊,右寸独大,,,,
DiagnosticSign_2deee9d031,两寸并沉,,DiagnosticSign,1,1.63304,-1.08956,215,,,,,,,,,,脉诊,两寸并沉,,,,
DiagnosticSign_0d2dbc6616,左部兼紧,,DiagnosticSign,1,0.21331,-0.67669,1274,,,,,,,,,,脉诊,左部兼紧,,,,
DiagnosticSign_b6b3876105,脉数大空虚,,DiagnosticSign,1,2.20119,-0.13444,1275,,,,,,,,,,脉诊,数大空虚,,,,
DiagnosticSign_081a9190a4,脉沉细软弱,,DiagnosticSign,1,0.4696,0.84638,1276,,,,,,,,,,脉诊,沉细软弱,,,,
DiagnosticSign_c0aca66284,脉似浮非浮似洪非洪似数非数,,DiagnosticSign,1,1.12885,-1.17889,1277,,,,,,,,,,脉诊,似浮非浮，似洪非洪，似数非数,,,,
DiagnosticSign_1224e4d61a,脉模糊不清,,DiagnosticSign,1,1.90802,0.72862,1278,,,,,,,,,,脉诊,脉既模糊不清,,,,
DiagnosticSign_464d33ab8a,白喉之脉初起浮紧,,DiagnosticSign,1,0.07608,-0.0488,1279,,,,,,,,,,脉诊,初起浮紧,,,,
DiagnosticSign_aac569b1cb,白喉之脉势甚时必洪数,,DiagnosticSign,1,2.08445,-0.75788,1280,,,,,,,,,,脉诊,势甚时必洪数,,,,
DiagnosticSign_196459bef7,舌白不渴,,DiagnosticSign,1,0.20068,-0.51183,216,,,,,,,,,,舌诊,或伴滑腻,,,,
DiagnosticSign_e425900a6f,舌苔白滑兼渴甚,,DiagnosticSign,1,1.0978,0.38321,1,,,,,,,,,,舌诊,邪火束表,,,,
DiagnosticSign_5bdc3b644d,白喉苔白燥,,DiagnosticSign,1,2.35422,0.1168,55,,,,,,,,,,舌诊,舌质红，无滑涎,,,,
DiagnosticSign_03472abddc,舌苔微黄,,DiagnosticSign,1,0.6621,-0.22981,1,,,,,,,,,,舌诊,邪在胃经气分,,,,
DiagnosticSign_0203e621bd,舌尖绛,,DiagnosticSign,1,0.68499,-0.24149,1,,,,,,,,,,舌诊,热邪逼心,,,,
DiagnosticSign_807401b34e,舌纯绛色鲜泽边尖起刺,,DiagnosticSign,1,0.63187,0.03812,1,,,,,,,,,,舌诊,痧已透，营热外泄,,,,
DiagnosticSign_d2780a3019,舌紫绛干根边黄白厚膩,,DiagnosticSign,1,0.62493,0.86764,217,,,,,,,,,,舌诊,痧未透，表邪未达，痧毒渐及营分，为难治,,,,
DiagnosticSign_41924c4c67,舌绛中心焦黑,,DiagnosticSign,1,0.15372,0.08741,218,,,,,,,,,,舌诊,血液枯涸,,,,
DiagnosticSign_8d0a3d1398,舌黑起刺,,DiagnosticSign,1,1.17696,1.18,219,,,,,,,,,,舌诊,血枯液涸,,,,
DiagnosticSign_03aa64ee09,舌干绛硬中心焦神昏,,DiagnosticSign,1,0.4862,-0.76128,220,,,,,,,,,,舌诊,痧毒攻心，不治,,,,
DiagnosticSign_da0aa7dfb1,舌短缩,,DiagnosticSign,1,1.04473,1.02108,1281,,,,,,,,,,舌诊,肾肝气绝，不治,,,,
DiagnosticSign_d724841912,喉内白点白块,,DiagnosticSign,1,0.24171,0.71554,221,,,,,,,,,,目诊,喉内有白点白块,,,,
DiagnosticSign_fda23ce0cc,气上逆,,DiagnosticSign,1,0.54706,-0.90576,1282,,,,,,,,,,问诊,卧则气必上逆,,,,
DiagnosticSign_8ccc827fbd,毒气上壅,,DiagnosticSign,1,2.33175,0.25665,1283,,,,,,,,,,望诊,毒气上壅,,,,
DiagnosticSign_eb414e9874,躁闷烦闷,,DiagnosticSign,1,0.28737,0.51391,1284,,,,,,,,,,问诊,阴虚之人感风寒伴随症状,,,,
DiagnosticSign_970009f8fd,恶寒蜷卧,,DiagnosticSign,1,1.77068,0.93387,222,,,,,,,,,,望诊,三阴直入的征象,,,,
DiagnosticSign_57b665aa21,厥冷喜热,,DiagnosticSign,1,1.51371,-1.05341,1285,,,,,,,,,,望诊,三阴直入的征象,,,,
DiagnosticSign_b23b6f3209,厥逆,,DiagnosticSign,1,1.67709,1.07019,1286,,,,,,,,,,望诊,厥逆,,,,
DiagnosticSign_cc2003d90f,鼻干,,DiagnosticSign,1,0.22905,-0.39571,1287,,,,,,,,,,望诊,鼻干,,,,
DiagnosticSign_499c0795c3,唇青,,DiagnosticSign,1,2.21902,-0.3761,1288,,,,,,,,,,望诊,唇青,,,,
DiagnosticSign_5f8c47ea9c,面白,,DiagnosticSign,1,0.63315,1.04564,1289,,,,,,,,,,望诊,面白,,,,
DiagnosticSign_48aa491a4a,遍体冷汗,,DiagnosticSign,1,2.11178,0.43896,224,,,,,,,,,,望诊,遍体冷汗,,,,
DiagnosticSign_cf18e3317d,便利,,DiagnosticSign,1,0.91544,-0.99544,1290,,,,,,,,,,问诊,便利不渴,,,,
DiagnosticSign_10aa55fb22,身倦,,DiagnosticSign,1,2.11066,0.59574,1291,,,,,,,,,,问诊,身倦多睡,,,,
DiagnosticSign_c60eee16bd,人事了了,,DiagnosticSign,1,0.8088,0.57602,1,,,,,,,,,,问诊,人事了了,,,,
DiagnosticSign_2f236a662b,面黧,,DiagnosticSign,1,0.01746,0.20223,1292,,,,,,,,,,望诊,面黧,,,,
DiagnosticSign_98bab9f81c,身如枯柴,,DiagnosticSign,1,1.77429,-1.01942,225,,,,,,,,,,望诊,身如枯柴,,,,
DiagnosticSign_129cc3c14c,舌黑生芒,,DiagnosticSign,1,1.39857,1.00654,226,,,,,,,,,,舌诊,舌黑生芒,,,,
DiagnosticSign_b25bcddf91,发烦躁,,DiagnosticSign,1,1.80902,-0.81562,1293,,,,,,,,,,问诊,发烦躁,,,,
DiagnosticSign_64327da3ca,言语底微,,DiagnosticSign,1,1.27347,1.10104,1294,,,,,,,,,,问诊,言语底微,,,,
DiagnosticSign_229b9006b3,饮食不化,,DiagnosticSign,1,0.31218,-0.79955,1295,,,,,,,,,,问诊,饮食不化,,,,
DiagnosticSign_5d0e7f6d48,四肢痿厥,,DiagnosticSign,1,2.21,0.00627,1296,,,,,,,,,,望诊,四肢痿厥,,,,
DiagnosticSign_b5006fe35a,腰以下冷,,DiagnosticSign,1,1.69073,-0.16834,1,,,,,,,,,,问诊,腰以下冷,,,,
DiagnosticSign_ee10f27bd5,前阴不举,,DiagnosticSign,1,0.36061,0.74138,1297,,,,,,,,,,问诊,前阴不举,,,,
DiagnosticSign_120e8c7f04,小便清白,,DiagnosticSign,1,1.29006,-1.17487,1298,,,,,,,,,,问诊,小便清白,,,,
DiagnosticSign_d5ee3b6c1f,下身沉重疼痛,,DiagnosticSign,1,0.05005,0.34006,58,,,,,,,,,,问诊,下身沉重疼痛,,,,
DiagnosticSign_dbe05b1445,谷食暴绝,,DiagnosticSign,1,1.80172,0.82122,1299,,,,,,,,,,问诊,食物摄入突然停止,,,,
DiagnosticSign_bbf49549fb,身疼,,DiagnosticSign,1,0.09309,-0.19919,1300,,,,,,,,,,问诊,全身疼痛,,,,
DiagnosticSign_f4873b31b9,彻夜不寐,,DiagnosticSign,1,2.17934,-0.62749,1301,,,,,,,,,,问诊,夜间无法睡眠,,,,
DiagnosticSign_b7682cccdb,肢体时疼,,DiagnosticSign,1,2.3506,-0.14863,227,,,,,,,,,,问诊,四肢间歇性疼痛,,,,
DiagnosticSign_16db4fb691,胸胁锥痛,,DiagnosticSign,1,0.90656,0.99306,1302,,,,,,,,,,问诊,胸部两侧出现尖锐疼痛,,,,
DiagnosticSign_d8c6acd467,脉数身热不去,,DiagnosticSign,1,1.04496,0.36789,1,,,,,,,,,,脉诊,脉搏仍然频数，身体仍有热象,,,,
DiagnosticSign_e0c344dfab,肌肉消烁,,DiagnosticSign,1,0.67676,-0.98377,1303,,,,,,,,,,望诊,肌肉消瘦枯萎,,,,
DiagnosticSign_0a6349484b,咽干作痒,,DiagnosticSign,1,2.28601,0.41129,1304,,,,,,,,,,问诊,咽喉干燥伴有瘙痒感,,,,
DiagnosticSign_901586d6de,作泻,,DiagnosticSign,1,1.65453,-0.99794,1306,,,,,,,,,,问诊,腹泻,,,,
DiagnosticSign_10598e050c,胸部症状,,DiagnosticSign,1,1.52654,1.12798,1307,,,,,,,,,,问诊,胸痞,,,,
DiagnosticSign_5a83e5d0cc,小溲,,DiagnosticSign,1,1.36106,-0.61387,1,,,,,,,,,,问诊,小溲短涩,,,,
DiagnosticSign_24b1469c5a,神志,,DiagnosticSign,1,0.29197,-0.52187,1308,,,,,,,,,,问诊,神昏谵语,,,,
DiagnosticSign_43ee2370ae,脉势,,DiagnosticSign,1,2.26068,-0.2306,1309,,,,,,,,,,脉诊,脉势已平,,,,
DiagnosticSign_2fd90067d3,项背反张,,DiagnosticSign,1,0.49568,0.96132,1310,,,,,,,,,,望诊,气虚不固肢体的表现,,,,
DiagnosticSign_d77488b842,两目天吊,,DiagnosticSign,1,1.7451,0.08279,1,,,,,,,,,,目诊,气虚不上升的表现,,,,
DiagnosticSign_dcf33a20d4,口流涎沫,,DiagnosticSign,1,1.70783,-0.15824,1,,,,,,,,,,望诊,气虚不归原的表现,,,,
DiagnosticSign_7ec0c27dd5,咽喉痰声,,DiagnosticSign,1,1.05385,-1.02226,1311,,,,,,,,,,闻诊,痰液阻塞咽喉,,,,
DiagnosticSign_18907d74bc,四肢抽搐,,DiagnosticSign,1,1.72736,0.09359,1,,,,,,,,,,望诊,气虚不固肢体,,,,
DiagnosticSign_9a2f6d594e,昏睡露睛,,DiagnosticSign,1,2.02053,0.71732,1312,,,,,,,,,,望诊,抽风先兆,,,,
DiagnosticSign_ef780b0fd0,口中摇舌,,DiagnosticSign,1,0.00185,0.04345,1313,,,,,,,,,,望诊,抽风先兆,,,,
DiagnosticSign_ab88a38750,不能啼哭,,DiagnosticSign,1,1.91451,-0.7221,1314,,,,,,,,,,问诊,抽风先兆,,,,
DiagnosticSign_9bd4eedd3c,哭无眼泪,,DiagnosticSign,1,1.12214,1.1035,1315,,,,,,,,,,望诊,抽风先兆,,,,
DiagnosticSign_f4a51f98cf,鼻孔煽动,,DiagnosticSign,1,0.42929,-0.91042,1316,,,,,,,,,,望诊,抽风先兆,,,,
DiagnosticSign_ba4f05add2,头低不抬,,DiagnosticSign,1,2.19997,0.14356,1317,,,,,,,,,,望诊,抽风先兆,,,,
DiagnosticSign_8fcd215cb0,口噤无声,,DiagnosticSign,1,0.26906,0.62549,1318,,,,,,,,,,望诊,抽风先兆,,,,
DiagnosticSign_a975f9a9c1,四肢冰冷,,DiagnosticSign,1,1.44575,-1.1497,1319,,,,,,,,,,望诊,抽风先兆,,,,
DiagnosticSign_d375674a17,口吐白沫,,DiagnosticSign,1,1.68666,0.89679,1320,,,,,,,,,,望诊,抽风先兆,,,,
DiagnosticSign_7c97cbf0d0,胸高如碗,,DiagnosticSign,1,0.12936,-0.34235,1321,,,,,,,,,,望诊,抽风先兆,,,,
DiagnosticSign_30ca85b831,喘息气促,,DiagnosticSign,1,2.25409,-0.48862,1322,,,,,,,,,,闻诊,抽风先兆,,,,
DiagnosticSign_612499f0ab,面色青白,,DiagnosticSign,1,0.77658,0.94773,1323,,,,,,,,,,望诊,抽风先兆,,,,
DiagnosticSign_edb6303ef0,汗出如水,,DiagnosticSign,1,0.81243,-1.04209,1324,,,,,,,,,,望诊,抽风先兆,,,,
DiagnosticSign_339896088e,不能裹乳,,DiagnosticSign,1,2.22129,0.5551,1325,,,,,,,,,,问诊,抽风先兆,,,,
DiagnosticSign_b2ff2d1b80,大便绿色,,DiagnosticSign,1,0.18242,0.25648,1326,,,,,,,,,,望诊,抽风先兆,,,,
DiagnosticSign_8d634b6420,腹内空鸣,,DiagnosticSign,1,1.78336,-0.92575,1327,,,,,,,,,,腹诊,抽风先兆,,,,
DiagnosticSign_afa6cc4873,下泻上嗽,,DiagnosticSign,1,1.37303,1.16411,1328,,,,,,,,,,望诊,抽风先兆,,,,
DiagnosticSign_8c87e77bf2,肌肉跳动,,DiagnosticSign,1,0.36949,-0.63563,1329,,,,,,,,,,望诊,抽风先兆,,,,
DiagnosticSign_4f42dd20e3,露睛天吊,,DiagnosticSign,1,2.28178,-0.08443,1330,,,,,,,,,,目诊,可治之证,,,,
DiagnosticSign_a2c3a6aec6,不食不哭,,DiagnosticSign,1,2.01019,0.83856,228,,,,,,,,,,问诊,可治之证,,,,
DiagnosticSign_6e088f89d5,痰鸣气喘,,DiagnosticSign,1,0.37361,0.86148,1331,,,,,,,,,,闻诊,可治之证,,,,
DiagnosticSign_b9bb59c5f4,天庭灰黑,,DiagnosticSign,1,0.15123,-0.05023,229,,,,,,,,,,望诊,不治之症,,,,
DiagnosticSign_edca0529f6,肾子收缩,,DiagnosticSign,1,1.19129,-1.02996,1332,,,,,,,,,,目诊,不治之症,,,,
DiagnosticSign_ae93600bfe,脉全无,,DiagnosticSign,1,1.91737,0.823,1333,,,,,,,,,,脉诊,不治之症,,,,
DiagnosticSign_e751ec2053,左臂上伸,,DiagnosticSign,1,0.00569,-0.11588,1334,,,,,,,,,,望诊,马氏小儿痉病表现,,,,
DiagnosticSign_bedf53c67c,右臂下垂,,DiagnosticSign,1,2.00424,-0.61771,1335,,,,,,,,,,望诊,马氏小儿痉病表现,,,,
DiagnosticSign_bde9f45178,手固握,,DiagnosticSign,1,0.97551,1.08593,1336,,,,,,,,,,望诊,马氏小儿痉病表现,,,,
DiagnosticSign_1a2f07f424,目斜视,,DiagnosticSign,1,0.5574,-1.00239,1337,,,,,,,,,,目诊,马氏小儿痉病表现,,,,
DiagnosticSign_2b99374e66,口流涎,,DiagnosticSign,1,2.17171,0.27828,1338,,,,,,,,,,望诊,马氏小儿痉病表现,,,,
DiagnosticSign_eb0623dd4b,肢搐搦,,DiagnosticSign,1,0.19379,0.49844,1339,,,,,,,,,,望诊,马氏小儿痉病表现,,,,
DiagnosticSign_afe71b36eb,顶门下陷,,DiagnosticSign,1,1.59668,-1.10399,1340,,,,,,,,,,望诊,抽风先兆,,,,
DiagnosticSign_b40b985910,烦闷,,DiagnosticSign,1,1.56255,0.95634,1341,,,,,,,,,,问诊,伤寒食复后出现,,,,
DiagnosticSign_215b95e305,口燥不纳,,DiagnosticSign,1,0.59975,-0.07305,1,,,,,,,,,,问诊,伤寒食复后出现,,,,
DiagnosticSign_7cf81dae99,下利不止,,DiagnosticSign,1,0.18439,-0.47939,1342,,,,,,,,,,问诊,食生鱼鲊后出现,,,,
DiagnosticSign_1a7a80e0fa,颜色终身不复,,DiagnosticSign,1,2.30966,-0.34103,1343,,,,,,,,,,望诊,食生菜及瓜后的后遗症,,,,
DiagnosticSign_258d3b2b4c,膈上作热蒸,,DiagnosticSign,1,0.6538,0.88547,1344,,,,,,,,,,问诊,食生枣、羊肉后出现,,,,
DiagnosticSign_e677fca48f,骨蒸,,DiagnosticSign,1,0.95468,-1.08179,1345,,,,,,,,,,问诊,食犬羊等肉后出现,,,,
DiagnosticSign_77d6ad0d20,手足肿,,DiagnosticSign,1,2.13797,0.689,1346,,,,,,,,,,望诊,时病新瘥后食生菜出现,,,,
DiagnosticSign_31b3fb61d5,小腹绞痛,,DiagnosticSign,1,2.20286,-0.12116,59,,,,,,,,,,腹诊,房劳后出现,,,,
DiagnosticSign_6f689c8c08,腹中绞痛,,DiagnosticSign,1,0.22262,-0.68982,59,,,,,,,,,,腹诊,女劳复时出现，伴有热,,,,
DiagnosticSign_6a995f0de8,小腹里急,,DiagnosticSign,1,0.15713,0.12116,1347,,,,,,,,,,腹诊,伴脉沉逆冷,,,,
DiagnosticSign_7c8f7266d7,脉沉逆冷,,DiagnosticSign,1,0.59391,-0.847,230,,,,,,,,,,脉诊,小腹里急时伴见,,,,
DiagnosticSign_751e767d94,四肢不仁,,DiagnosticSign,1,0.6796,-0.07165,1,,,,,,,,,,望诊,无热,,,,
DiagnosticSign_d91c917dc0,胸中烦闷,,DiagnosticSign,1,1.90142,-0.83702,1348,,,,,,,,,,问诊,热气上冲,,,,
DiagnosticSign_351e34229f,手足挛拳,,DiagnosticSign,1,2.25743,0.2453,231,,,,,,,,,,望诊,搐搦如风状,,,,
DiagnosticSign_ec08ba9829,搐搦,,DiagnosticSign,1,1.21608,1.17946,1349,,,,,,,,,,望诊,如风状,,,,
DiagnosticSign_6383cd648c,昏乱,,DiagnosticSign,1,0.46149,-0.73803,1350,,,,,,,,,,问诊,大便不通时出现,,,,
DiagnosticSign_5a94f9909a,惊惕,,DiagnosticSign,1,2.2832,0.06324,1351,,,,,,,,,,问诊,大便不通时出现,,,,
DiagnosticSign_9966cabf27,阴脉,,DiagnosticSign,1,0.26593,0.74626,1352,,,,,,,,,,脉诊,阴阳房劳时可见,,,,
DiagnosticSign_8830a5237d,脉在厥阴,,DiagnosticSign,1,1.32853,-1.01925,1353,,,,,,,,,,脉诊,肝经伤,,,,
DiagnosticSign_3f64a6736a,脉在少阴,,DiagnosticSign,1,1.80104,0.91398,1354,,,,,,,,,,脉诊,肾经伤,,,,
DiagnosticSign_7f33fe607d,脉在太阴,,DiagnosticSign,1,0.03161,-0.27135,1355,,,,,,,,,,脉诊,脾经伤,,,,
DiagnosticSign_fee7b2018a,腰背痛,,DiagnosticSign,1,2.07947,-0.50188,1356,,,,,,,,,,问诊,腰背部疼痛,,,,
DiagnosticSign_cba1d0b80b,小腹里急绞痛,,DiagnosticSign,1,0.83253,1.04896,1357,,,,,,,,,,腹诊,小腹部急切绞痛,,,,
DiagnosticSign_0d915893d9,串胯筋挛,,DiagnosticSign,1,0.69662,-1.07646,1358,,,,,,,,,,腹诊,胯部筋脉挛急,,,,
DiagnosticSign_e65ca52546,心胸烦闷,,DiagnosticSign,1,2.12556,0.40845,1359,,,,,,,,,,问诊,心胸部烦躁闷塞,,,,
DiagnosticSign_799a81e0ff,溲短,,DiagnosticSign,1,0.13613,0.36248,1360,,,,,,,,,,问诊,小便短少,,,,
DiagnosticSign_9e700e897e,口噤,,DiagnosticSign,1,1.74017,-1.03857,1361,,,,,,,,,,望诊,口部紧闭,,,,
DiagnosticSign_103a9f3ea8,舌出数寸,,DiagnosticSign,1,1.49558,-0.98046,232,,,,,,,,,,舌诊,舌体伸出数寸,,,,
DiagnosticSign_8710f385ae,手足拘挛,,DiagnosticSign,1,1.43117,0.99892,1362,,,,,,,,,,望诊,手足筋脉拘急挛缩,,,,
DiagnosticSign_c116e39110,吐涎,,DiagnosticSign,1,1.73091,-1.04351,48,,,,,,,,,,望诊,流涎液,,,,
DiagnosticSign_caec50ab40,上吐,,DiagnosticSign,1,0.25721,-0.60787,1363,,,,,,,,,,问诊,吐,,,,
DiagnosticSign_a657434882,下泻,,DiagnosticSign,1,2.34504,-0.18735,1364,,,,,,,,,,问诊,泻,,,,
DiagnosticSign_217bb58334,寒热,,DiagnosticSign,1,0.54008,0.80711,1365,,,,,,,,,,问诊,寒热,,,,
DiagnosticSign_b0f1bc187d,口不渴,,DiagnosticSign,1,1.37669,-0.58788,1,,,,,,,,,,问诊,不渴,,,,
DiagnosticSign_5c2dbda5ee,舌灰腻,,DiagnosticSign,1,0.53627,-0.11979,1,,,,,,,,,,舌诊,灰腻,,,,
DiagnosticSign_7169770ee4,舌边尖红,,DiagnosticSign,1,1.10094,-1.10218,1366,,,,,,,,,,舌诊,边尖红,,,,
DiagnosticSign_08c69de726,舌中薄白,,DiagnosticSign,1,2.03754,0.81059,1367,,,,,,,,,,舌诊,中薄白,,,,
DiagnosticSign_be4ec87f39,呕吐酸腐食物,,DiagnosticSign,1,0.15012,-0.01676,1368,,,,,,,,,,问诊,酸腐食物,,,,
DiagnosticSign_fefe1c6937,心胸燠热,,DiagnosticSign,1,2.00659,-0.73335,1369,,,,,,,,,,问诊,燠热,,,,
DiagnosticSign_d13b534c1b,肛门热,,DiagnosticSign,1,1.05848,1.17374,1370,,,,,,,,,,问诊,热,,,,
DiagnosticSign_cac2b06a1c,下利黄臭粪水,,DiagnosticSign,1,0.56669,-0.82751,1371,,,,,,,,,,问诊,黄臭粪水,,,,
DiagnosticSign_36b046bad3,呕吐清水,,DiagnosticSign,1,2.26492,0.20978,1372,,,,,,,,,,问诊,清水,,,,
DiagnosticSign_7cc7a80cf4,泻下,,DiagnosticSign,1,0.17458,0.61771,1373,,,,,,,,,,问诊,清水,,,,
DiagnosticSign_6edd9103b1,喜饮热汤,,DiagnosticSign,1,1.46355,-0.99021,1374,,,,,,,,,,问诊,热,,,,
DiagnosticSign_1fdc2abadb,头胀,,DiagnosticSign,1,1.67362,0.98863,1375,,,,,,,,,,问诊,头部胀感,,,,
DiagnosticSign_6f6d8695a8,肌肤灼热,,DiagnosticSign,1,0.07805,-0.42206,1376,,,,,,,,,,望诊,肌肤灼热感,,,,
DiagnosticSign_97fae479db,微恶风寒,,DiagnosticSign,1,2.13836,-0.37746,1377,,,,,,,,,,问诊,轻微恶风寒,,,,
DiagnosticSign_ade9d1c46e,汗少,,DiagnosticSign,1,0.69576,0.99326,1378,,,,,,,,,,问诊,出汗量少,,,,
DiagnosticSign_65a1c3380c,舌薄白燥腻,,DiagnosticSign,1,2.0587,0.28916,1,,,,,,,,,,舌诊,舌薄白，质燥腻,,,,
DiagnosticSign_d453969c9d,脉浮滑,,DiagnosticSign,1,0.84448,-1.13131,1379,,,,,,,,,,脉诊,脉象浮滑,,,,
DiagnosticSign_d9a51e4a38,唇上焦黑干燥,,DiagnosticSign,1,2.06265,0.53089,1380,,,,,,,,,,望诊,焦黑干燥,,,,
DiagnosticSign_4c75bc7539,舌绛燥干硬,,DiagnosticSign,1,0.58993,-0.10337,1,,,,,,,,,,舌诊,绛色，燥干硬，苔焦黑无津,,,,
DiagnosticSign_ed2a1fe17b,舌苔焦黑无津,,DiagnosticSign,1,0.09712,0.22004,1381,,,,,,,,,,舌诊,焦黑无津,,,,
DiagnosticSign_dce2fbf004,口腔极燥,,DiagnosticSign,1,1.87366,-0.9546,1382,,,,,,,,,,望诊,极燥,,,,
DiagnosticSign_e6e80bddc5,干呕灼热,,DiagnosticSign,1,1.29572,1.02349,1383,,,,,,,,,,问诊,干呕，灼热,,,,
DiagnosticSign_95881d5455,循衣撮空,,DiagnosticSign,1,1.56778,-0.11002,1,,,,,,,,,,望诊,循衣撮空,,,,
DiagnosticSign_9a44ac9220,目赤而红,,DiagnosticSign,1,0.34651,-0.72549,1384,,,,,,,,,,目诊,赤而红,,,,
DiagnosticSign_4eefb89019,时欲起床,,DiagnosticSign,1,2.35962,-0.03032,1385,,,,,,,,,,望诊,躁动,,,,
DiagnosticSign_e9d014ad65,小便短赤痛濇,,DiagnosticSign,1,0.43817,0.71457,1386,,,,,,,,,,问诊,赤而滴濇痛，点滴疼痛,,,,
DiagnosticSign_95632a8cdf,脉左弦劲而数，溢出鱼际,,DiagnosticSign,1,1.24862,-1.10288,1387,,,,,,,,,,脉诊,弦劲而数，溢出鱼际,,,,
DiagnosticSign_56d9a08f2d,脉右洪数，溢出寸口，尺部不起,,DiagnosticSign,1,1.92179,0.9177,1388,,,,,,,,,,脉诊,洪数，溢出寸口，尺部不起,,,,
DiagnosticSign_f17b5a8056,左手弦劲,,DiagnosticSign,1,2.15011,-0.34611,233,,,,,,,,,,脉诊,较减其半,,,,
DiagnosticSign_b743d81057,左手数脉,,DiagnosticSign,1,0.16156,-0.15395,1389,,,,,,,,,,脉诊,仍数,,,,
DiagnosticSign_360b92cefe,右三部数脉,,DiagnosticSign,1,2.097,-0.61658,1390,,,,,,,,,,脉诊,数,,,,
DiagnosticSign_f9032a5ab7,干呕撮空循衣,,DiagnosticSign,1,0.90305,1.14705,1391,,,,,,,,,,问诊,已除,,,,
DiagnosticSign_4aae96a03a,败象,,DiagnosticSign,1,2.22725,0.35258,1393,,,,,,,,,,望诊,已减其半,,,,
DiagnosticSign_7a8d12cb66,左手脉弦,,DiagnosticSign,1,0.6634,0.97681,234,,,,,,,,,,脉诊,已平过半,,,,
DiagnosticSign_b015bd0a1d,肝阳,,DiagnosticSign,1,1.73008,0.13412,1,,,,,,,,,,脉诊,亦平,,,,
DiagnosticSign_ce5481a7d3,舌绛燥,,DiagnosticSign,1,0.09049,0.18436,235,,,,,,,,,,舌诊,较前已软，渐能伸长,,,,
DiagnosticSign_6f796ebaa8,少寐,,DiagnosticSign,1,0.10119,0.47812,1394,,,,,,,,,,问诊,,,,,
DiagnosticSign_010e8464ea,右脉弦滑,,DiagnosticSign,1,1.59306,-0.94356,1395,,,,,,,,,,脉诊,弦滑,,,,
DiagnosticSign_047b35995e,夜能多寐,,DiagnosticSign,1,1.53738,1.04562,1396,,,,,,,,,,问诊,多寐,,,,
DiagnosticSign_69c9a05810,右脉浮芤而数,,DiagnosticSign,1,0.14417,-0.56523,1397,,,,,,,,,,脉诊,浮芤而数,,,,
DiagnosticSign_6845da54dd,舌红渐淡,,DiagnosticSign,1,2.18013,-0.24629,1398,,,,,,,,,,舌诊,红渐淡,,,,
DiagnosticSign_93103874f8,咳嗽粘痰不爽,,DiagnosticSign,1,0.56764,0.91982,1399,,,,,,,,,,问诊,粘痰不爽,,,,
DiagnosticSign_17794f32b4,弦数、浮芤之脉,,DiagnosticSign,1,0.99833,-1.16594,1400,,,,,,,,,,脉诊,均已渐平,,,,
DiagnosticSign_42967753cc,舌红润少津,,DiagnosticSign,1,0.60206,-0.0993,1,,,,,,,,,,舌诊,红润少津,,,,
DiagnosticSign_f6a8eb42cf,津液,,DiagnosticSign,1,1.64502,-1.0024,6,,,,,,,,,,问诊,渐充,,,,
DiagnosticSign_1a0139d38c,细白㾦,,DiagnosticSign,1,0.79466,-0.23714,1,,,,,,,,,,望诊,自胸口至腹部密布，摸之刺手，四肢甚少，背部则无,,,,
DiagnosticSign_a79c81dbc2,舌转红软,,DiagnosticSign,1,0.64599,0.05776,1,,,,,,,,,,舌诊,红软,,,,
DiagnosticSign_5f5babbdf5,大便下血,,DiagnosticSign,1,0.97761,-0.23968,1,,,,,,,,,,望诊,紫红成块,,,,
DiagnosticSign_8b64c35deb,腹中疼痛,,DiagnosticSign,1,1.98398,0.64385,1401,,,,,,,,,,腹诊,,,,,
DiagnosticSign_e3da2b0bdc,大便欲解不解,,DiagnosticSign,1,0.07745,0.07368,1402,,,,,,,,,,问诊,便秘,,,,
DiagnosticSign_36bd6b8b74,小便濇痛,,DiagnosticSign,1,1.99476,-0.85357,1403,,,,,,,,,,问诊,尿频尿痛,,,,
DiagnosticSign_8837619c68,舌淡红微胖,,DiagnosticSign,1,1.15821,1.02978,1404,,,,,,,,,,舌诊,淡红色、微胖大,,,,
DiagnosticSign_d8a6767308,尖中浮垢已退,,DiagnosticSign,1,0.45069,-0.83016,1405,,,,,,,,,,舌诊,舌尖中部浮垢退去,,,,
DiagnosticSign_f6dccb5114,苔根微白黄腻,,DiagnosticSign,1,1.22873,-0.69115,1,,,,,,,,,,舌诊,舌苔根部微白黄腻,,,,
DiagnosticSign_9451828fda,咳嗽稠痰,,DiagnosticSign,1,0.69709,0.07037,1,,,,,,,,,,问诊,咳嗽、痰稠,,,,
DiagnosticSign_24db0df74d,舌红苔微白,,DiagnosticSign,1,0.6577,-0.24501,1,,,,,,,,,,舌诊,舌红，苔微白,,,,
DiagnosticSign_ea343011f1,脉左沉弦,,DiagnosticSign,1,0.34951,0.60927,1407,,,,,,,,,,脉诊,左寸关尺沉弦,,,,
DiagnosticSign_75a6c11f41,脉右濡缓,,DiagnosticSign,1,1.39507,-1.08388,1408,,,,,,,,,,脉诊,右寸关尺濡缓,,,,
DiagnosticSign_6220569a60,咳嗽粘痰,,DiagnosticSign,1,1.16739,-0.63108,1,,,,,,,,,,问诊,咳嗽，痰质粘稠,,,,
DiagnosticSign_36beee9f04,大便下溏酱,,DiagnosticSign,1,1.79279,1.00842,1409,,,,,,,,,,问诊,大便溏软，色如酱黑,,,,
DiagnosticSign_2f88618e75,小溲渐长,,DiagnosticSign,1,0.19118,-0.28838,1410,,,,,,,,,,问诊,小便量增多,,,,
DiagnosticSign_b5dbff220d,元神,,DiagnosticSign,1,2.17103,-0.48879,1411,,,,,,,,,,望诊,未复,,,,
DiagnosticSign_6283605c5e,脉和缓,,DiagnosticSign,1,1.2624,1.0267,236,,,,,,,,,,脉诊,仍和缓，两手均平,,,,
DiagnosticSign_c9e144c8b4,舌淡红,,DiagnosticSign,1,2.35997,0.00879,237,,,,,,,,,,舌诊,淡红,,,,
DiagnosticSign_d5d994b2db,舌尖苔微白,,DiagnosticSign,1,0.75257,1.09988,1412,,,,,,,,,,舌诊,尖苔微白,,,,
DiagnosticSign_f7fb95d9eb,咳嗽痰少,,DiagnosticSign,1,0.80722,-0.96019,1413,,,,,,,,,,问诊,咳嗽痰少,,,,
DiagnosticSign_9d981bcabc,大便二日不解,,DiagnosticSign,1,2.17088,0.48908,1414,,,,,,,,,,问诊,二日不解,,,,
DiagnosticSign_00a400ef36,胃纳动而不多进,,DiagnosticSign,1,0.04707,0.33,1415,,,,,,,,,,问诊,胃纳虽动，尚不多进,,,,
DiagnosticSign_52bd906474,舌心红润,,DiagnosticSign,1,0.59037,-0.17974,1,,,,,,,,,,舌诊,心部红润,,,,
DiagnosticSign_809d9754e9,舌两畔滑腻,,DiagnosticSign,1,0.59524,-0.19239,1,,,,,,,,,,舌诊,两畔滑腻,,,,
DiagnosticSign_36e54665b9,舌尖白燥,,DiagnosticSign,1,0.68751,0.18362,1,,,,,,,,,,舌诊,尖部白燥,,,,
DiagnosticSign_735fd8718e,咳嗽已稀,,DiagnosticSign,1,1.71519,-0.88005,1416,,,,,,,,,,问诊,咳嗽频次减少,,,,
DiagnosticSign_93052cf9b2,小溲黄,,DiagnosticSign,1,1.39476,1.08394,1417,,,,,,,,,,问诊,尿液色黄,,,,
DiagnosticSign_40b4899c6d,大便自十六日解后尚未下,,DiagnosticSign,1,0.2288,-0.69831,1418,,,,,,,,,,问诊,大便未解,,,,
DiagnosticSign_a42f63de44,精神,,DiagnosticSign,1,2.20404,-0.11073,1419,,,,,,,,,,望诊,渐强,,,,
DiagnosticSign_b72281a9db,起坐,,DiagnosticSign,1,1.02201,0.51494,1,,,,,,,,,,望诊,自如,,,,
DiagnosticSign_edbe9bc0a6,肚腹热痛,,DiagnosticSign,1,0.45045,0.82995,1420,,,,,,,,,,腹诊,下时肚腹热痛,,,,
DiagnosticSign_82816cd9e3,燥矢,,DiagnosticSign,1,1.15543,-1.17975,1421,,,,,,,,,,问诊,成坚颗,,,,
DiagnosticSign_74c2a4e8ab,腹部,,DiagnosticSign,1,1.89094,0.74531,1422,,,,,,,,,,腹诊,甚爽快,,,,
DiagnosticSign_a3f7533dfb,步行,,DiagnosticSign,1,0.07747,-0.074,1423,,,,,,,,,,望诊,能步行数武,,,,
DiagnosticSign_93e02faf72,语言,,DiagnosticSign,1,1.28481,-1.10002,238,,,,,,,,,,闻诊,爽亮,,,,
DiagnosticSign_dbfcb37a0b,肢体力量,,DiagnosticSign,1,2.10131,-0.73731,1424,,,,,,,,,,望诊,无力,,,,
DiagnosticSign_425ecee91e,耳鼻征象,,DiagnosticSign,1,1.02109,1.01768,1425,,,,,,,,,,望诊,察耳鼻,,,,
DiagnosticSign_a7aa3870c0,呼吸征象,,DiagnosticSign,1,0.5679,-0.91999,1426,,,,,,,,,,望诊,气粗、气微、气短、气喘、鼻扇、肩息、息高、气息岔涌,,,,
DiagnosticSign_50043ad350,大便征象,,DiagnosticSign,1,2.32568,0.28254,1427,,,,,,,,,,问诊,硬度、数量、颜色、有没有血或黏液,,,,
DiagnosticSign_44e526f3c4,腹诊（按胸腹,,DiagnosticSign,1,0.27568,0.49308,1428,,,,,,,,,,腹诊,绍派诊法中最为精要的内容,,,,
DiagnosticSign_61363f8339,四诊,,DiagnosticSign,1,1.53768,-1.04552,1429,,,,,,,,,,望诊,勘病四诊合参,,,,
DiagnosticSign_19894e4fa1,呼吸次数增加,,DiagnosticSign,1,0.6069,0.04804,1,,,,,,,,,,望诊,每分钟约16至18次为常人呼吸，运动、进食、精神兴奋时增加；病证时呈显著变化,,,,
DiagnosticSign_88c7d1b40e,呼吸减少,,DiagnosticSign,1,1.65285,1.08113,1430,,,,,,,,,,望诊,一般属于虚弱或衰脱疾患,,,,
DiagnosticSign_0bef1fb841,气粗,,DiagnosticSign,1,0.77741,-0.23163,1,,,,,,,,,,望诊,呼吸有力而不和平,,,,
DiagnosticSign_299dbcd178,气微,,DiagnosticSign,1,1.79484,0.01708,1,,,,,,,,,,望诊,呼吸低微，不足以息；静而无声；自然状态,,,,
DiagnosticSign_ecfa4964ba,气短,,DiagnosticSign,1,0.16711,-0.18696,239,,,,,,,,,,望诊,呼吸短促而不相接续；躁而带粗；很勉强状态,,,,
DiagnosticSign_db29bd6ed0,实喘,,DiagnosticSign,1,0.23847,-0.41766,1431,,,,,,,,,,望诊,呼吸气粗，声高息涌，以呼出为快,,,,
DiagnosticSign_acea1de009,虚喘,,DiagnosticSign,1,2.22735,-0.35228,1432,,,,,,,,,,望诊,声低息短，吸气困难，张口抬肩,,,,
DiagnosticSign_538ad20e55,舌尖红而起刺,,DiagnosticSign,1,0.60399,-0.12694,1,,,,,,,,,,舌诊,心热则舌尖红而起刺,,,,
DiagnosticSign_b64f1d386d,舌中腻,,DiagnosticSign,1,0.86518,1.13723,240,,,,,,,,,,舌诊,胃有积滞则中腻,,,,
DiagnosticSign_5fac4b871d,舌根滑而白,,DiagnosticSign,1,0.81354,0.55855,1,,,,,,,,,,舌诊,脾肾虚寒则根滑而白,,,,
DiagnosticSign_e860e6c76c,舌旁黄腻,,DiagnosticSign,1,1.32977,-0.62283,1,,,,,,,,,,舌诊,肝胆湿热则舌旁黄腻,,,,
DiagnosticSign_8c111edc8d,苔白舌边红绛,,DiagnosticSign,1,1.26839,-0.63379,1,,,,,,,,,,舌诊,三焦蕴火或湿温伏邪，则苔虽白而舌边必红绛,,,,
DiagnosticSign_672d8f7496,舌滑,,DiagnosticSign,1,0.60972,1.03306,1433,,,,,,,,,,舌诊,阳虚阴盛者，舌必滑,,,,
DiagnosticSign_4128fa81b3,舌干而燥,,DiagnosticSign,1,0.93859,-1.00132,1434,,,,,,,,,,舌诊,阴虚阳盛而火旺者，其舌必干而燥,,,,
DiagnosticSign_afbb0d5c0d,舌滑而湿,,DiagnosticSign,1,2.09682,0.61684,1435,,,,,,,,,,舌诊,阳虚阴盛而火衰者，其舌必滑而湿,,,,
DiagnosticSign_5a7793b469,舌黑而干焦、肿硬、卷缩、芒刺,,DiagnosticSign,1,0.66554,0.16468,1,,,,,,,,,,舌诊,属实热证,,,,
DiagnosticSign_84726f44c5,舌黑而白、黑而灰、黑而紫、湿润软滑,,DiagnosticSign,1,0.79792,0.47275,1,,,,,,,,,,舌诊,属虚寒证,,,,
DiagnosticSign_8ce3412c41,舌质底里隐隐犹见红活,,DiagnosticSign,1,0.01319,0.17598,1436,,,,,,,,,,舌诊,活者；气血之有阻滞，非脏气之败坏也,,,,
DiagnosticSign_74a2906371,舌质底里全变干晦枯萎,,DiagnosticSign,1,1.82777,-0.80083,1437,,,,,,,,,,舌诊,死者；脏气不至矣,,,,
DiagnosticSign_fe66e7da14,热型,,DiagnosticSign,1,1.2483,1.1029,1438,,,,,,,,,,问诊,伤寒病人吃过退热药，正常热型（稽留热）就要改变,,,,
DiagnosticSign_058af4d654,痛感,,DiagnosticSign,1,0.33041,-0.81891,1439,,,,,,,,,,问诊,有痛感的病人吃过止痛药，他的痛感会临时减轻,,,,
DiagnosticSign_2532ac92a7,大便硬度,,DiagnosticSign,1,0.7544,0.30862,1,,,,,,,,,,问诊,虚寒证大便多溏泻，实热证大便多燥结,,,,
DiagnosticSign_dff5a83fb0,大便颜色,,DiagnosticSign,1,0.71209,-0.91758,241,,,,,,,,,,问诊,霍乱病人的大便好像淘米水,,,,
DiagnosticSign_93c2151745,大便量与性状,,DiagnosticSign,1,2.20965,0.02726,1440,,,,,,,,,,问诊,普通腹泻的大便是水样，数量很多，但无粘液；痢疾的大便量很少，且带有血、黏液或脓,,,,
DiagnosticSign_eaa2c141c5,脉濡滞不扬,,DiagnosticSign,1,1.44131,0.37154,1,,,,,,,,,,脉诊,脉濡滞不扬,,,,
DiagnosticSign_64ec4d8ef7,舌苔薄白,,DiagnosticSign,1,1.42717,0.37256,1,,,,,,,,,,舌诊,舌苔薄白,,,,
DiagnosticSign_dec3ae24af,微汗出,,DiagnosticSign,1,0.3463,0.72525,1441,,,,,,,,,,望诊,微汗出,,,,
DiagnosticSign_98b06630dc,咳痰不爽,,DiagnosticSign,1,1.45262,0.35912,1,,,,,,,,,,问诊,咳痰不爽,,,,
DiagnosticSign_cd562c3dea,痰黄厚,,DiagnosticSign,1,0.78899,0.0359,1,,,,,,,,,,望诊,出痰黄厚,,,,
DiagnosticSign_cabff16d32,脉起,,DiagnosticSign,1,1.31297,-1.17249,1442,,,,,,,,,,脉诊,脉起,,,,
DiagnosticSign_cb5342a9a0,苔薄黄,,DiagnosticSign,1,0.80082,0.04961,1,,,,,,,,,,舌诊,苔薄黄,,,,
DiagnosticSign_1928c95ffa,疟热多寒少,,DiagnosticSign,1,1.78485,0.83372,1443,,,,,,,,,,问诊,间日疟，热多寒少，发两次,,,,
DiagnosticSign_12749f030d,恶心呕吐,,DiagnosticSign,1,0.09718,-0.22036,1444,,,,,,,,,,问诊,因多次服奎宁类丸药而恶心呕吐，吐已二日,,,,
DiagnosticSign_6f860679a9,食欲不思,,DiagnosticSign,1,2.1914,-0.60787,1445,,,,,,,,,,问诊,食欲不思,,,,
DiagnosticSign_1959961888,脘腹胀,,DiagnosticSign,1,0.88637,0.98727,1446,,,,,,,,,,腹诊,稍食即脘腹胀,,,,
DiagnosticSign_142eb79114,脉弦滑,,DiagnosticSign,1,0.69605,-0.9934,1447,,,,,,,,,,脉诊,脉弦滑,,,,
DiagnosticSign_b85e413d71,脘胀,,DiagnosticSign,1,2.27778,0.43279,1448,,,,,,,,,,问诊,好转,,,,
DiagnosticSign_d639a9965a,疟作,,DiagnosticSign,1,0.21784,0.36767,1449,,,,,,,,,,问诊,一次，热多寒少,,,,
DiagnosticSign_c924e5bc1b,咽中硬物,,DiagnosticSign,1,1.6235,-0.92963,242,,,,,,,,,,问诊,如有硬物，咯之不出，咽之不下,,,,
DiagnosticSign_feafce2d71,呕痰涎,,DiagnosticSign,1,1.67391,-0.98849,1450,,,,,,,,,,问诊,努力咯之则呕痰涎,,,,
DiagnosticSign_237b6dbc0d,脉舌,,DiagnosticSign,1,0.88106,0.66242,1,,,,,,,,,,舌诊,无特征,,,,
DiagnosticSign_3ab3cc4070,脉细滑而数,,DiagnosticSign,1,1.74022,-0.07791,1,,,,,,,,,,脉诊,细滑而数,,,,
DiagnosticSign_b5282bbbe8,舌边红,,DiagnosticSign,1,1.50284,1.05679,243,,,,,,,,,,舌诊,边红,,,,
DiagnosticSign_77b97da41a,火升,,DiagnosticSign,1,1.50446,1.13453,1451,,,,,,,,,,问诊,火升,,,,
DiagnosticSign_b90352f6e8,痰黄色,,DiagnosticSign,1,0.3028,-0.53986,1452,,,,,,,,,,问诊,痰带黄色,,,,
DiagnosticSign_385a047fa1,胎动不安,,DiagnosticSign,1,2.26498,-0.20947,1453,,,,,,,,,,问诊,胎动不安,,,,
DiagnosticSign_495bae0833,目诊,,DiagnosticSign,1,0.47706,0.94778,1454,,,,,,,,,,目诊,,,,,
DiagnosticSign_7e89e7afa2,望诊,,DiagnosticSign,1,1.78856,-0.07474,1,,,,,,,,,,望诊,四诊重望诊,,,,
DiagnosticSign_fe4a13397d,久病目失所视,,DiagnosticSign,1,2.1876,-0.21366,244,,,,,,,,,,目诊,精气将夺，死在旦夕,,,,
DiagnosticSign_6eb2e0c7f3,肾虚黑睛色淡而无光,,DiagnosticSign,1,1.72872,-0.10517,1,,,,,,,,,,目诊,黑睛色淡而无光,,,,
DiagnosticSign_0212dd1134,白睛色黄,,DiagnosticSign,1,1.33877,-0.61109,1,,,,,,,,,,目诊,白睛色黄,,,,
DiagnosticSign_89b371faf7,眼胞肿胀,,DiagnosticSign,1,1.15609,-0.64078,1,,,,,,,,,,目诊,眼胞肿胀,,,,
DiagnosticSign_65da16fc26,失视,,DiagnosticSign,1,1.75294,-0.00565,1,,,,,,,,,,目诊,失视,,,,
DiagnosticSign_27edae54de,唇舌,,DiagnosticSign,1,0.54959,-0.02891,1,,,,,,,,,,舌诊,判断伏热与外感之病情,,,,
DiagnosticSign_e268ca1fda,便溺,,DiagnosticSign,1,1.13286,0.37273,1,,,,,,,,,,问诊,断毒火上下,,,,
DiagnosticSign_ca3eba16de,患者之目,,DiagnosticSign,1,0.84768,0.64463,1,,,,,,,,,,目诊,迅速观患者之目以测精气存亡，辨其寒热虚实,,,,
DiagnosticSign_cf272a865a,舌苔色白,,DiagnosticSign,1,1.07471,-1.02462,1455,,,,,,,,,,舌诊,白苔,,,,
DiagnosticSign_50524db081,舌苔色黄,,DiagnosticSign,1,2.00638,0.73359,1456,,,,,,,,,,舌诊,黄苔,,,,
DiagnosticSign_8c69f539e8,舌苔色灰,,DiagnosticSign,1,-0.00215,0.01908,1457,,,,,,,,,,舌诊,灰苔,,,,
DiagnosticSign_1e82c9aaff,舌苔色黑,,DiagnosticSign,1,1.92908,-0.70697,1458,,,,,,,,,,舌诊,黑苔,,,,
DiagnosticSign_78dda02fef,舌苔润,,DiagnosticSign,1,1.76109,0.03681,1,,,,,,,,,,舌诊,苔质润，定胃肠津液之虚实,,,,
DiagnosticSign_35bc42f8f7,舌苔燥,,DiagnosticSign,1,1.10062,1.10216,1459,,,,,,,,,,舌诊,苔质燥，定胃肠津液之虚实,,,,
DiagnosticSign_11f091a829,舌苔坚,,DiagnosticSign,1,0.4472,-0.92489,1460,,,,,,,,,,舌诊,苔质坚，定胃肠津液之虚实,,,,
DiagnosticSign_135defbe8a,舌苔松,,DiagnosticSign,1,0.27505,0.63412,19,,,,,,,,,,舌诊,苔质松，定胃肠津液之虚实,,,,
DiagnosticSign_a3c4a422c5,舌苔真退,,DiagnosticSign,1,2.19682,0.16432,1461,,,,,,,,,,舌诊,真退之苔势,,,,
DiagnosticSign_7714b7b656,舌苔假退,,DiagnosticSign,1,0.25703,0.6076,1462,,,,,,,,,,舌诊,假退之苔势,,,,
DiagnosticSign_2d8de5e2a2,舌体胀,,DiagnosticSign,1,1.46813,-1.14429,1463,,,,,,,,,,舌诊,体形胀，辨虚实,,,,
DiagnosticSign_e55b1d4bce,舌体瘪,,DiagnosticSign,1,1.66827,0.90693,1464,,,,,,,,,,舌诊,体形瘪，辨虚实,,,,
DiagnosticSign_9e3d9ca513,舌体凸,,DiagnosticSign,1,0.13624,-0.36278,1465,,,,,,,,,,舌诊,体形凸，辨虚实,,,,
DiagnosticSign_b6461c9ba1,舌体凹,,DiagnosticSign,1,2.26342,-0.46757,1466,,,,,,,,,,舌诊,体形凹，辨虚实,,,,
DiagnosticSign_dc3a8cdf80,舌体歪,,DiagnosticSign,1,0.75734,0.9393,1467,,,,,,,,,,舌诊,体形歪，辨虚实,,,,
DiagnosticSign_a345b62d45,舌体碎,,DiagnosticSign,1,0.83284,-1.04906,1468,,,,,,,,,,舌诊,体形碎，辨虚实,,,,
DiagnosticSign_4ee769b750,舌体痿,,DiagnosticSign,1,2.21026,0.57531,1469,,,,,,,,,,舌诊,体形痿，辨虚实,,,,
DiagnosticSign_e09191a073,舌体战,,DiagnosticSign,1,0.17741,0.23609,1470,,,,,,,,,,舌诊,体形战，辨虚实,,,,
DiagnosticSign_9bcef1a67c,舌色绛,,DiagnosticSign,1,1.80131,-0.9138,1471,,,,,,,,,,舌诊,体色绛，察表里寒热虚实和传变,,,,
DiagnosticSign_6ed8e1fa41,舌色青,,DiagnosticSign,1,1.35028,1.16766,1472,,,,,,,,,,舌诊,体色青，察表里寒热虚实和传变,,,,
DiagnosticSign_8cd3c56c85,舌色紫,,DiagnosticSign,1,0.38262,-0.65201,1473,,,,,,,,,,舌诊,体色紫，察表里寒热虚实和传变,,,,
DiagnosticSign_78a6bb3fee,舌体老,,DiagnosticSign,1,1.73817,-0.12253,1,,,,,,,,,,舌诊,分老嫩，观虚实及预后,,,,
DiagnosticSign_be0ab049c0,舌体嫩,,DiagnosticSign,1,2.28322,-0.06292,1474,,,,,,,,,,舌诊,分老嫩，观虚实及预后,,,,
DiagnosticSign_f7de9076dd,舌体软,,DiagnosticSign,1,0.35695,0.84559,1475,,,,,,,,,,舌诊,分软硬，观虚实及预后,,,,
DiagnosticSign_60a294d544,舌体硬,,DiagnosticSign,1,1.21229,-1.02951,1476,,,,,,,,,,舌诊,分软硬，观虚实及预后,,,,
DiagnosticSign_f69b4f2a8d,舌体润,,DiagnosticSign,1,1.90117,0.83723,1477,,,,,,,,,,舌诊,分润燥，观虚实及预后,,,,
DiagnosticSign_3d078d24cd,舌体燥,,DiagnosticSign,1,0.00817,-0.13869,1478,,,,,,,,,,舌诊,分润燥，观虚实及预后,,,,
DiagnosticSign_21c2ffe9e1,舌体荣,,DiagnosticSign,1,2.01666,-0.60077,1479,,,,,,,,,,舌诊,分荣枯，观虚实及预后,,,,
DiagnosticSign_ab3841f6c6,舌体枯,,DiagnosticSign,1,0.95436,1.08173,1480,,,,,,,,,,舌诊,分荣枯，观虚实及预后,,,,
DiagnosticSign_6924ba2a51,舌中间,,DiagnosticSign,1,0.57707,-1.01435,1481,,,,,,,,,,舌诊,属脾胃,,,,
DiagnosticSign_40befadf5e,舌两边,,DiagnosticSign,1,2.16583,0.29844,1482,,,,,,,,,,舌诊,候肝胆,,,,
DiagnosticSign_4bcebf40ab,舌浓淡,,DiagnosticSign,1,0.18425,0.4791,1483,,,,,,,,,,舌诊,以察病之轻重,,,,
DiagnosticSign_200db28cd3,舌深浅,,DiagnosticSign,1,1.61814,-1.09565,1484,,,,,,,,,,舌诊,以审病之表里,,,,
DiagnosticSign_e01b2662c6,舌荣枯,,DiagnosticSign,1,1.54297,0.96394,1485,,,,,,,,,,舌诊,以断病之吉凶,,,,
DiagnosticSign_2b2f9dfeb0,舌老嫩,,DiagnosticSign,1,0.19393,-0.49872,1486,,,,,,,,,,舌诊,以析病之虚实,,,,
DiagnosticSign_de61034e8b,脏腑状况,,DiagnosticSign,1,2.31609,-0.31893,1487,,,,,,,,,,腹诊,可通过按胸腹判断,,,,
DiagnosticSign_ac1ca1fe08,胸腹部,,DiagnosticSign,1,0.63586,0.87455,1488,,,,,,,,,,腹诊,软硬、寒热、润燥、疼痛与否,,,,
DiagnosticSign_1f4b092319,胸胁重虚里,,DiagnosticSign,1,0.97583,-1.08598,1489,,,,,,,,,,腹诊,,,,,
DiagnosticSign_721aab0ccd,腹部重冲任,,DiagnosticSign,1,2.12434,0.70756,1490,,,,,,,,,,腹诊,,,,,
DiagnosticSign_c93b13d411,胃家实,,DiagnosticSign,1,0.15488,0.10029,1491,,,,,,,,,,腹诊,善诊,,,,
DiagnosticSign_d44b7dde24,虫病三候,,DiagnosticSign,1,1.91761,-0.82279,1492,,,,,,,,,,腹诊,,,,,
DiagnosticSign_3e64be4587,腹象,,DiagnosticSign,1,1.19306,1.17994,1493,,,,,,,,,,腹诊,,,,,
DiagnosticSign_7cb76b1aae,脐腹状态,,DiagnosticSign,1,0.47669,-0.75252,1494,,,,,,,,,,腹诊,用以识别体质强弱,,,,
DiagnosticSign_3dbbb0cd77,口苦,,DiagnosticSign,1,0.59945,-0.03651,1,,,,,,,,,,问诊,,,,,
DiagnosticSign_77c51b9297,反酸,,DiagnosticSign,1,2.28176,0.08475,1495,,,,,,,,,,问诊,,,,,
DiagnosticSign_ee529e0963,胁胀,,DiagnosticSign,1,1.03708,-1.17131,245,,,,,,,,,,腹诊,,,,,
DiagnosticSign_76d966933f,小便黄,,DiagnosticSign,1,0.25154,0.72828,1496,,,,,,,,,,问诊,,,,,
DiagnosticSign_bf80a289f4,反复汗出不解,,DiagnosticSign,1,1.34928,-1.01601,1497,,,,,,,,,,望诊,,,,,
DiagnosticSign_9f006559f8,脉滑,,DiagnosticSign,1,1.78309,0.92592,1498,,,,,,,,,,脉诊,滑,,,,
Doctrine_2dae923077,以六经钤百病，为确定之总诀；以三焦赅疫证，为变通之捷诀,,Doctrine,3,-0.79303,0.29819,0,以六经钤百病，为确定之总诀；以三焦赅疫证，为变通之捷诀,,,,,,,外感理论,俞根初,,,,,,
Doctrine_a4e87cc8a1,阴平阳秘，精神乃治,,Doctrine,3,-1.79776,-0.91619,78,阴平阳秘，精神乃治,,,,,,,阴阳平衡,经,,,,,,
Doctrine_6bd6d09c64,读书无眼，病人无命,,Doctrine,2,-1.49198,0.33879,0,读书无眼，病人无命,,,,,,,读书与临证,俞嘉言,,,,,,
Doctrine_beca5eb640,太阳经主皮毛，阳明经主肌肉，少阳经主腠理，太阴经主肢末，少阴经主血脉，厥阴经主筋膜,,Doctrine,2,-0.7071,0.1671,0,太阳经主皮毛，阳明经主肌肉，少阳经主腠理，太阴经主肢末，少阴经主血脉，厥阴经主筋膜,,,,,,,六经形层,俞根初,,,,,,
Doctrine_f23b40a4f1,太阳内部主胸中，少阳内部主膈中，阳明内部主脘中，太阴内部主大腹，少阴内部主小腹，厥阴内部主少腹,,Doctrine,2,-0.69306,0.23219,0,太阳内部主胸中，少阳内部主膈中，阳明内部主脘中，太阴内部主大腹，少阴内部主小腹，厥阴内部主少腹,,,,,,,上下形层,俞根初,,,,,,
Doctrine_7ba40e8422,伤寒，外感百病之总名也,,Doctrine,2,-0.71323,0.23775,0,伤寒，外感百病之总名也,,,,,,,病名,俞根初,,,,,,
Doctrine_c74920e39e,五脏六腑之精皆上注于目,,Doctrine,2,-1.30885,-0.41537,0,五脏六腑之精皆上注于目,,,,,,,目与脏腑,内经,,,,,,
Doctrine_d507706564,若欲知其脏腑何如，则莫如按胸腹，名曰腹诊,,Doctrine,2,-0.72813,0.15411,0,若欲知其脏腑何如，则莫如按胸腹，名曰腹诊,,,,,,,腹诊,俞根初,,,,,,
Doctrine_1260cae37d,凡伤寒病，均以开郁为先,,Doctrine,2,-0.84462,0.33556,0,凡伤寒病，均以开郁为先,,,,,,,治法,俞根初,,,,,,
Doctrine_ebef68e58f,如表郁而汗，里郁而下，寒湿而温，火燥而清，皆所以通其气之郁也,,Doctrine,2,-0.76953,0.32147,0,如表郁而汗，里郁而下，寒湿而温，火燥而清，皆所以通其气之郁也,,,,,,,治法,俞根初,,,,,,
Doctrine_09afd804a6,伤寒证治，全藉阳明,,Doctrine,2,-0.84167,0.32182,0,伤寒证治，全藉阳明,,,,,,,治伤寒独重阳明,俞根初,,,,,,
Doctrine_f88e324f8b,阳常有余，阴常不足,,Doctrine,2,-0.92113,-0.66354,0,阳常有余，阴常不足,,,,,,,阴阳关系,朱丹溪,,,,,,
Doctrine_da8c4ef005,阳常不足，阴常有余,,Doctrine,2,-1.74004,0.10256,0,阳常不足，阴常有余,,,,,,,阴阳关系,张景岳,,,,,,
Doctrine_7144cb7090,六气皆从火化,,Doctrine,2,-1.9044,0.83443,75,六气皆从火化,,,,,,,六气,河间,,,,,,
Doctrine_07a77dbf75,有胃气则生，无胃气则死,,Doctrine,2,-0.95894,-0.6191,0,有胃气则生，无胃气则死,,,,,,,脾胃为本,章虚谷,,,,,,
Doctrine_2b0da245d8,风寒暑湿，悉能化火，气血郁蒸，无不生火,,Doctrine,2,-1.27383,0.38176,0,风寒暑湿，悉能化火，气血郁蒸，无不生火,,,,,,,伏寒化火融通说,何廉臣,,,,,,
Doctrine_8dcd75e385,须春分前后治之,,Doctrine,2,-1.23992,-0.50082,0,须春分前后治之,,,,,,,休息痢治法,张畹香,,,,,,
Doctrine_0dad327f0c,湿热未净，伤及气分,,Doctrine,2,-1.17623,-0.50085,0,湿热未净，伤及气分,,,,,,,休息痢病机,张畹香,,,,,,
Doctrine_59f9050ffd,以六经钤百病,,Doctrine,2,-0.68948,0.22232,0,以六经钤百病,,,,,,,六经辨证,绍派,,,,,,
Doctrine_96237164c6,吾绍伤寒有专科，名曰绍派,,Doctrine,1,-0.86997,0.48821,0,吾绍伤寒有专科，名曰绍派,,,,,,,绍派伤寒,何秀山,,,,,,
Doctrine_0313431ca8,论伤寒之汗法、下法、补法、慎用苦寒的学术观点,,Doctrine,1,-1.62567,0.17158,0,论伤寒之汗法、下法、补法、慎用苦寒的学术观点,,,,,,,伤寒治法,张景岳,,,,,,
Doctrine_2e032357f2,强调勘病、辨证、论治的统一,,Doctrine,1,-1.64353,0.05863,0,强调勘病、辨证、论治的统一,,,,,,,辨证论治,张景岳,,,,,,
Doctrine_5002c263d7,认为伤寒为外感百病之总名，将“温病”“暑病”专篇，隶于伤寒名下,,Doctrine,1,-1.65872,0.04317,0,认为伤寒为外感百病之总名，将“温病”“暑病”专篇，隶于伤寒名下,,,,,,,伤寒总名,张景岳,,,,,,
Doctrine_c36a1887eb,先分病类后辨病症，详析伤寒、温热,,Doctrine,1,-0.97455,-0.56743,0,先分病类后辨病症，详析伤寒、温热,,,,,,,伤寒温热辨析,章虚谷,,,,,,
Doctrine_031a6ad17b,外感之证，不出风寒暑湿燥火六气，曰伤寒者，对杂病而言之；若对内伤而言，则伤寒亦同为外感。伤寒之方，多可施于六气，六气之病,,Doctrine,1,-1.76092,-0.6963,0,外感之证，不出风寒暑湿燥火六气，曰伤寒者，对杂病而言之；若对内伤而言，则伤寒亦同为外感。伤寒之方，多可施于六气，六气之病，亦可统于伤寒。是故欲明伤寒，当先详六气，六气者，伤寒之先河也,,,,,,,伤寒与六气之关系,周伯度,,,,,,
Doctrine_c66857205f,本书之出版，使浙派医学再放光彩,,Doctrine,1,-1.137,1.17922,22,本书之出版，使浙派医学再放光彩,,,,,,,对《三订通俗伤寒论》的评价,邓铁涛,,,,,,
Doctrine_4cb68c439c,辨苔划分六经，补充了《伤寒论》舌诊的不足,,Doctrine,1,-1.54142,1.04422,254,辨苔划分六经，补充了《伤寒论》舌诊的不足,,,,,,,舌诊,绍派伤寒,,,,,,
Doctrine_5dced9efc9,望诊重目，擅长腹诊，丰富了中医“四诊”的内容,,Doctrine,1,-1.33533,-0.40831,0,望诊重目，擅长腹诊，丰富了中医“四诊”的内容,,,,,,,四诊,绍派伤寒,,,,,,
Doctrine_b7c7cca86b,辨证重湿，施治主化，喜用质地轻清的芳香药、鲜药、药汁等,,Doctrine,1,-1.64865,-1.08295,255,辨证重湿，施治主化，喜用质地轻清的芳香药、鲜药、药汁等,,,,,,,辨证施治,绍派伤寒,,,,,,
Doctrine_1e9a060659,绍派于仲景伤寒学说，一是有创新之处，二是通俗实用。,,Doctrine,1,-1.13254,-0.37396,0,绍派于仲景伤寒学说，一是有创新之处，二是通俗实用。,,,,,,,绍派学术特点,,,,,,,
Doctrine_2df154bb70,且言虽浅近，而取之无尽，用之不竭。智者见智，仁者见仁，老医宿学，得此而且以扩充见闻，即在后生小子，又何往而不一览了然，心,,Doctrine,1,-1.47287,0.32852,0,且言虽浅近，而取之无尽，用之不竭。智者见智，仁者见仁，老医宿学，得此而且以扩充见闻，即在后生小子，又何往而不一览了然，心领神会,,,,,,,通俗伤寒论评价,张山雷,,,,,,
Doctrine_cf5b9f258a,把《素问》、《灵枢》合为一书，以《灵枢》启《素问》之微，《素问》发《灵枢》之秘，相为表里，互通精义,,Doctrine,1,-1.65816,0.08396,0,把《素问》、《灵枢》合为一书，以《灵枢》启《素问》之微，《素问》发《灵枢》之秘，相为表里，互通精义,,,,,,,内经编纂体例,张景岳,,,,,,
Doctrine_9c9799d721,按摄生、阴阳、藏象、脉色、经络、标本、气味、论治、疾病、针刺、运气、会通十二类重新分类编著,,Doctrine,1,-1.63398,0.14439,0,按摄生、阴阳、藏象、脉色、经络、标本、气味、论治、疾病、针刺、运气、会通十二类重新分类编著,,,,,,,类经分类体例,张景岳,,,,,,
Doctrine_36aa414175,全书编写敢于突破旧制，理论上多有创见，发隐就明，转晦难之句为易懂之语,,Doctrine,1,-1.63593,0.17568,0,全书编写敢于突破旧制，理论上多有创见，发隐就明，转晦难之句为易懂之语,,,,,,,类经学术特色,张景岳,,,,,,
Doctrine_a9ebdc73e0,统论四时外感病的诊治，将《内经》、《伤寒论》及后世诸家伤寒病新知融会一起，颇有新义，为绍派伤寒之理论薮渊,,Doctrine,1,-0.96732,0.48154,0,统论四时外感病的诊治，将《内经》、《伤寒论》及后世诸家伤寒病新知融会一起，颇有新义，为绍派伤寒之理论薮渊,,,,,,,伤寒典,张景岳,,,,,,
Doctrine_ecfe46e09d,多为质疑正误立新之文,,Doctrine,1,-0.94183,1.00209,259,多为质疑正误立新之文,,,,,,,,,,,,,,
Doctrine_c73670afcb,凡诊病施治，必须要审阴阳，乃为医道之纲领。阴阳无谬，治焉有差？医道虽繁，而可以一言蔽之者，曰阴阳而已,,Doctrine,1,-1.63403,0.02329,0,凡诊病施治，必须要审阴阳，乃为医道之纲领。阴阳无谬，治焉有差？医道虽繁，而可以一言蔽之者，曰阴阳而已,,,,,,,阴阳,张景岳,,,,,,
Doctrine_b10a5a3504,阴阳既明，则表于里对，虚于实对，寒与热对。明此六变，明此阴阳，则天下之病固不能出此八者,,Doctrine,1,-1.63683,0.03873,0,阴阳既明，则表于里对，虚于实对，寒与热对。明此六变，明此阴阳，则天下之病固不能出此八者,,,,,,,两纲六变,张景岳,,,,,,
Doctrine_39c54ee893,万事不能外乎理，而医之理为尤切；散之则理为万象，会之则理归一心,,Doctrine,1,-1.65083,0.02364,0,万事不能外乎理，而医之理为尤切；散之则理为万象，会之则理归一心,,,,,,,医理,张景岳,,,,,,
Doctrine_580f946fc1,道产阴阳，原同一气。火为水之主，水即火之源，水火原不相离也,,Doctrine,1,-1.68468,0.101,0,道产阴阳，原同一气。火为水之主，水即火之源，水火原不相离也,,,,,,,阴阳水火互根,张景岳,,,,,,
Doctrine_1b07ddbc4c,火性本热，使火中无水，其热必极，热极则亡阴，而万物焦枯矣；水性本寒，使水中无火，其寒必极，寒极则亡阳，而万物寂灭矣,,Doctrine,1,-1.6266,0.13677,0,火性本热，使火中无水，其热必极，热极则亡阴，而万物焦枯矣；水性本寒，使水中无火，其寒必极，寒极则亡阳，而万物寂灭矣,,,,,,,阴阳水火互根,张景岳,,,,,,
Doctrine_bb17b85671,火水得其正则为精与气，水火失其和则为寒为热,,Doctrine,1,-1.69054,0.07784,0,火水得其正则为精与气，水火失其和则为寒为热,,,,,,,阴阳水火失调致病,张景岳,,,,,,
Doctrine_2527da3d67,天之大宝只此一丸红日，人之大宝只此一息真阳,,Doctrine,1,-2.28206,0.08049,66,天之大宝只此一丸红日，人之大宝只此一息真阳,,,,,,,真阳为人身之大宝,张景岳,,,,,,
Doctrine_6a64c6f36e,善补阳者，必于阴中求阳，则阳得阴助而生化无穷；善补阴者，必于阳中求阴，则阴得阳生而泉源不竭,,Doctrine,1,-1.61681,0.18308,0,善补阳者，必于阴中求阳，则阳得阴助而生化无穷；善补阴者，必于阳中求阴，则阴得阳生而泉源不竭,,,,,,,阴阳相济治法,张景岳,,,,,,
Doctrine_c4f2e16fbc,善治精者，能使精中生气；善治气者，能使气中生精,,Doctrine,1,-1.68191,0.13214,0,善治精者，能使精中生气；善治气者，能使气中生精,,,,,,,精气互生,张景岳,,,,,,
Doctrine_c7f08ebf07,对于阴阳虚损疾病能详辨阴阳水火精气之情而用左归、右归化裁施治,,Doctrine,1,-1.65621,0.0598,0,对于阴阳虚损疾病能详辨阴阳水火精气之情而用左归、右归化裁施治,,,,,,,临证施治,张景岳,,,,,,
Doctrine_91d6f75ba5,凡治伤寒，如时寒火衰，内无热邪而表不解者，宜辛温热剂散之;时热火盛而表不解者，宜辛温热剂散之，时热火盛而表不解者，宜以辛,,Doctrine,1,-1.64853,0.15911,0,凡治伤寒，如时寒火衰，内无热邪而表不解者，宜辛温热剂散之;时热火盛而表不解者，宜辛温热剂散之，时热火盛而表不解者，宜以辛甘凉剂散之,,,,,,,伤寒表证之治,张景岳,,,,,,
Doctrine_b263747a23,见热宜寒，见寒宜热,,Doctrine,1,-1.63516,0.13069,0,见热宜寒，见寒宜热,,,,,,,治病总则,张景岳,,,,,,
Doctrine_95cd315e62,首开伤寒之辛凉解表（凉散法）、辛温解表（温散法）的先河,,Doctrine,1,-1.64807,0.14104,0,首开伤寒之辛凉解表（凉散法）、辛温解表（温散法）的先河,,,,,,,表证治法分类,张景岳,,,,,,
Doctrine_400541ab2f,仲景治伤寒表证，惟麻黄、桂枝而已,,Doctrine,1,-1.20369,-0.30739,0,仲景治伤寒表证，惟麻黄、桂枝而已,,,,,,,伤寒表证之治,仲景,,,,,,
Doctrine_70ddb813d0,温散类方如麻黄汤、桂枝汤、麻桂饮、葛根汤、五积散等，凉散类方如柴胡饮、九味羌活汤、归葛饮等，分别载入新方八阵与古方八阵中,,Doctrine,1,-1.64565,0.13082,0,温散类方如麻黄汤、桂枝汤、麻桂饮、葛根汤、五积散等，凉散类方如柴胡饮、九味羌活汤、归葛饮等，分别载入新方八阵与古方八阵中,,,,,,,温散凉散方剂分类,张景岳,,,,,,
Doctrine_ea118ea30c,治伤寒之法，惟汗为主,,Doctrine,1,-1.66907,0.1116,0,治伤寒之法，惟汗为主,,,,,,,汗法,张景岳,,,,,,
Doctrine_cdc98d67d0,伤寒之愈，未有不从汗解者,,Doctrine,1,-1.6511,0.05063,0,伤寒之愈，未有不从汗解者,,,,,,,汗法,张景岳,,,,,,
Doctrine_e88f90c6bf,把汗法提高到伤寒证治的首要地位,,Doctrine,1,-1.64737,0.0407,0,把汗法提高到伤寒证治的首要地位,,,,,,,汗法,张景岳,,,,,,
Doctrine_ca17014bee,伤寒证治法虽有六，汗实统之，汗外五法亦无非取汗之法也,,Doctrine,1,-1.6491,0.06753,0,伤寒证治法虽有六，汗实统之，汗外五法亦无非取汗之法也,,,,,,,汗法,张景岳,,,,,,
Doctrine_b6fd0776e7,寒邪外盛而内无热证，及元气无亏而气清受寒者，皆可从温直散之,,Doctrine,1,-1.71928,0.13579,0,寒邪外盛而内无热证，及元气无亏而气清受寒者，皆可从温直散之,,,,,,,辛温汗散法,张氏,,,,,,
Doctrine_8406b7601b,外热里亦热，脉证俱阳而烦渴喜冷饮者，乃可兼凉兼散,,Doctrine,1,-1.72148,0.12553,0,外热里亦热，脉证俱阳而烦渴喜冷饮者，乃可兼凉兼散,,,,,,,辛凉汗散法,张景岳,,,,,,
Doctrine_ed196ddeaa,俞根初的葱豉桔梗汤、七味葱白汤及《温病条辨》中的桑菊饮等属此凉散法之类方,,Doctrine,1,-0.85865,0.42497,0,俞根初的葱豉桔梗汤、七味葱白汤及《温病条辨》中的桑菊饮等属此凉散法之类方,,,,,,,辛凉汗散法,,,,,,,
Doctrine_3383f6c3e6,伤寒千态万状， 只虚实二字尽之,,Doctrine,1,-1.66369,0.05243,0,伤寒千态万状， 只虚实二字尽之,,,,,,,伤寒辨证,张景岳,,,,,,
Doctrine_187b3328c6,故凡(伤寒)气实而病者，但去其邪，攻之无难。所可虑者，惟伤寒挟虚为难耳,,Doctrine,1,-1.66884,0.08531,0,故凡(伤寒)气实而病者，但去其邪，攻之无难。所可虑者，惟伤寒挟虚为难耳,,,,,,,伤寒治法,张景岳,,,,,,
Doctrine_a439f35c9e,最可恨者，有曰‘伤寒无补法’，惑乱人心，莫此为甚,,Doctrine,1,-1.63252,0.10236,0,最可恨者，有曰‘伤寒无补法’，惑乱人心，莫此为甚,,,,,,,驳斥伤寒无补法,张景岳,,,,,,
Doctrine_df480419ac,故力辩之，欲以救时弊，非好补也,,Doctrine,1,-1.65341,0.12374,0,故力辩之，欲以救时弊，非好补也,,,,,,,驳斥伤寒无补法,张景岳,,,,,,
Doctrine_544af71784,伤寒兼虚者，宜补宜散,,Doctrine,1,-0.01252,-0.17144,261,伤寒兼虚者，宜补宜散,,,,,,,伤寒兼虚治法,,,,,,,
Doctrine_d8c05e4421,不知补者所以补中，是即托里之意。亦以寒邪如盗其来在外，元气如民其守在中，足民正所以强中，强中正所以御外，保命玄机惟此一着,,Doctrine,1,-1.65608,0.13389,0,不知补者所以补中，是即托里之意。亦以寒邪如盗其来在外，元气如民其守在中，足民正所以强中，强中正所以御外，保命玄机惟此一着，何为补住邪气,,,,,,,伤寒补法,张景岳,,,,,,
Doctrine_b1d4b53e28,伤寒精血素弱或阴中阳气不足，脉细弱而恶寒者，必须大助真阴，则阳从阴出，而表邪自可速解,,Doctrine,1,-1.6423,0.02976,0,伤寒精血素弱或阴中阳气不足，脉细弱而恶寒者，必须大助真阴，则阳从阴出，而表邪自可速解,,,,,,,伤寒治虚,张景岳,,,,,,
Doctrine_c3be009632,若寒邪陷入阴分，血虚不能外达而当升散者，宜补阴益气煎,,Doctrine,1,-1.64786,0.08848,0,若寒邪陷入阴分，血虚不能外达而当升散者，宜补阴益气煎,,,,,,,伤寒治虚,张景岳,,,,,,
Doctrine_ed75717f80,凡患伤寒有阴阳大虚、元气将败而邪不能解者非六味回阳饮不可,,Doctrine,1,-1.66337,0.12042,0,凡患伤寒有阴阳大虚、元气将败而邪不能解者非六味回阳饮不可,,,,,,,伤寒治虚,张景岳,,,,,,
Doctrine_3050a3a06a,伤寒下药宜迟，温病下不厌早,,Doctrine,1,-1.83035,0.79872,262,伤寒下药宜迟，温病下不厌早,,,,,,,伤寒下法,绍派伤寒,,,,,,
Doctrine_263e4553cb,风寒之邪传入于里，必阳明邪实于腑而秘结、腹满者，乃可下之,,Doctrine,1,-1.62778,0.03341,0,风寒之邪传入于里，必阳明邪实于腑而秘结、腹满者，乃可下之,,,,,,,伤寒下法,张景岳,,,,,,
Doctrine_5978704580,若阳明胃腑本无实邪，切不可妄下、妄导，以泄中气,,Doctrine,1,-1.62237,0.16022,0,若阳明胃腑本无实邪，切不可妄下、妄导，以泄中气,,,,,,,伤寒下法,张景岳,,,,,,
Doctrine_3d004f39ab,(伤寒)攻下，必须在正阳明之腑,,Doctrine,1,-1.63957,0.07209,0,(伤寒)攻下，必须在正阳明之腑,,,,,,,伤寒下法,张景岳,,,,,,
Doctrine_aa639949fc,病发于阳而反下之，热入因作结胸;病发于阴而反下之，内虚因作痞气,,Doctrine,1,-1.1845,-0.31463,0,病发于阳而反下之，热入因作结胸;病发于阴而反下之，内虚因作痞气,,,,,,,伤寒下法,仲景,,,,,,
Doctrine_59aff86b78,阳证下之早者，为结胸；阴证下之早者，为痞气,,Doctrine,1,-1.60961,0.17544,0,阳证下之早者，为结胸；阴证下之早者，为痞气,,,,,,,伤寒下法,张景岳,,,,,,
Doctrine_9e36b84bbe,夫结胸、 痞气，因早下而成，固人人能明之。独阴阳二字，未有能确辨之者,,Doctrine,1,-1.66107,0.10481,0,夫结胸、 痞气，因早下而成，固人人能明之。独阴阳二字，未有能确辨之者,,,,,,,伤寒下法,张景岳,,,,,,
Doctrine_26ea6488a3,伤寒之邪，自三阳经足太阳膀胱为始，膀胱为三阳经之首，其邪在三阳经则可汗，而反下之，故成结胸。三阴足太阴脾之经，则可汗而不,,Doctrine,1,-1.66551,0.06467,0,伤寒之邪，自三阳经足太阳膀胱为始，膀胱为三阳经之首，其邪在三阳经则可汗，而反下之，故成结胸。三阴足太阴脾之经，则可汗而不可下，反下之则成痞气,,,,,,,伤寒下法,张景岳,,,,,,
Doctrine_9c88ea0d99,近或有以温病热病谓非真伤寒者，在未达其义耳,,Doctrine,1,-1.66144,0.14292,0,近或有以温病热病谓非真伤寒者，在未达其义耳,,,,,,,温病与伤寒之辨,张景岳,,,,,,
Doctrine_341a3fa99d,凡病温热病而因于外感者，皆本于寒，即今医家皆谓之为伤寒,,Doctrine,1,-1.63738,0.08913,0,凡病温热病而因于外感者，皆本于寒，即今医家皆谓之为伤寒,,,,,,,温热病病因,张景岳,,,,,,
Doctrine_d32961d94e,温病暑病之作，都是由于冬时寒毒内藏，伏寒化热，至春发为温病，至春夏发为暑病，寒毒所化，总谓“伤寒”,,Doctrine,1,-1.63568,0.16518,0,温病暑病之作，都是由于冬时寒毒内藏，伏寒化热，至春发为温病，至春夏发为暑病，寒毒所化，总谓“伤寒”,,,,,,,温病暑病病因,张景岳,,,,,,
Doctrine_305830b996,今夫热病者，皆伤寒之类也,,Doctrine,1,-1.33176,-0.39836,0,今夫热病者，皆伤寒之类也,,,,,,,热病与伤寒关系,内经,,,,,,
Doctrine_9271a2cfab,人伤于寒传为热，夫寒盛则生热也,,Doctrine,1,-1.31201,-0.40536,0,人伤于寒传为热，夫寒盛则生热也,,,,,,,寒热转化,内经,,,,,,
Doctrine_19273c720b,瘟疫本即伤寒，无非外邪之病，但染时气而病无少长率相似者，是即瘟疫之谓,,Doctrine,1,-1.9021,0.1043,0,瘟疫本即伤寒，无非外邪之病，但染时气而病无少长率相似者，是即瘟疫之谓,,,,,,,瘟疫与伤寒之关系,景岳,,,,,,
Doctrine_2ec96b7437,凡欲察表邪者，不宜单据浮沉，只当于紧数与否为辨，方为的确,,Doctrine,1,-1.66475,0.09497,0,凡欲察表邪者，不宜单据浮沉，只当于紧数与否为辨，方为的确,,,,,,,表邪脉诊辨别,张景岳,,,,,,
Doctrine_d0b7d6d108,以紧数脉而兼见表证者，其为外感无疑，即当从解散,,Doctrine,1,-1.65775,0.07347,0,以紧数脉而兼见表证者，其为外感无疑，即当从解散,,,,,,,外感伤寒辨治,张景岳,,,,,,
Doctrine_c312704b2d,伤寒传变，不可以日数为拘，亦不可以次数为拘,,Doctrine,1,-1.65497,0.11335,0,伤寒传变，不可以日数为拘，亦不可以次数为拘,,,,,,,伤寒传变,张景岳,,,,,,
Doctrine_4650b4f840,真知其表邪未解，则当汗之，真知其胃邪已实，方可下之；真知其阴寒邪胜，自宜温之；真知其邪实虚，客主不敌，必需补之,,Doctrine,1,-1.64826,0.07799,0,真知其表邪未解，则当汗之，真知其胃邪已实，方可下之；真知其阴寒邪胜，自宜温之；真知其邪实虚，客主不敌，必需补之,,,,,,,辨证施治,张景岳,,,,,,
Doctrine_9e78009cfe,但能因机察变，原始要终，而纤悉无遗者，方是活人高手,,Doctrine,1,-1.63611,0.11223,0,但能因机察变，原始要终，而纤悉无遗者，方是活人高手,,,,,,,因机察变,张景岳,,,,,,
Doctrine_ca4e06d50d,仲景的六经辨证与叶氏卫气营血理论并不矛盾，可以整合在一起,,Doctrine,1,-0.91925,-0.251,0,仲景的六经辨证与叶氏卫气营血理论并不矛盾，可以整合在一起,,,,,,,六经辨证与卫气营血理论整合,绍派伤寒诸贤,,,,,,
Doctrine_88174ef1df,伤寒纲领，惟阴阳为最，此而有误，必致杀人,,Doctrine,1,-1.64296,0.15021,0,伤寒纲领，惟阴阳为最，此而有误，必致杀人,,,,,,,伤寒纲领·阴阳,张景岳,,,,,,
Doctrine_f0aa8401e3,发热恶寒为阳证纲领，寒邪在三阳经必见，无热恶寒为阴证纲领，寒邪入三阴经必见,,Doctrine,1,-1.24435,-1.10312,263,发热恶寒为阳证纲领，寒邪在三阳经必见，无热恶寒为阴证纲领，寒邪入三阴经必见,,,,,,,阳证阴证辨别,,,,,,,
Doctrine_edf90dbced,胃本属土，为万物所归，邪入于胃，则无所复传,,Doctrine,1,-1.63356,0.1549,0,胃本属土，为万物所归，邪入于胃，则无所复传,,,,,,,邪入于胃，无所复传,张景岳,,,,,,
Doctrine_828238259d,力者，元气也,,Doctrine,1,-1.62137,0.14588,0,力者，元气也,,,,,,,脉力与元气,张景岳,,,,,,
Doctrine_406c6ad681,有力者，非强健之谓，谓中和之力也,,Doctrine,1,-1.632,0.0794,0,有力者，非强健之谓，谓中和之力也,,,,,,,有力之义,张景岳,,,,,,
Doctrine_781a9947d0,大抵有力中不失和缓，柔软中不失有力，此方是脉中之神,,Doctrine,1,-1.63405,0.06315,0,大抵有力中不失和缓，柔软中不失有力，此方是脉中之神,,,,,,,脉中之神,张景岳,,,,,,
Doctrine_a29cd2490f,若其不及，即微弱脱绝之无力也,,Doctrine,1,-1.63049,0.05193,0,若其不及，即微弱脱绝之无力也,,,,,,,无力之脉,张景岳,,,,,,
Doctrine_7a6a881cb3,但见一证便是，不必悉具,,Doctrine,1,-1.10374,-0.37618,0,但见一证便是，不必悉具,,,,,,,抓主证,仲景,,,,,,
Doctrine_c96a22efb5,少阳层面病机错综，邪气到此可以出表入里、上蹿下跳，肌腠三焦、筋膜脏腑无处不到，变证蜂起,,Doctrine,1,-0.3336,0.8222,264,少阳层面病机错综，邪气到此可以出表入里、上蹿下跳，肌腠三焦、筋膜脏腑无处不到，变证蜂起,,,,,,,少阳病机,,,,,,,
Doctrine_667846ae56,风寒入于少阳，使皮腠肌肉间津液遇寒化湿凝结成痰，得陈、夏、苓自然燥湿化痰于无形，但传入少阳之邪非用柴胡从来路透出不可,,Doctrine,1,-1.89366,0.08928,0,风寒入于少阳，使皮腠肌肉间津液遇寒化湿凝结成痰，得陈、夏、苓自然燥湿化痰于无形，但传入少阳之邪非用柴胡从来路透出不可,,,,,,,柴陈煎方义,景岳,,,,,,
Doctrine_6998b5530d,柴芩煎则为伤寒邪在半表半里未解，从少阳界面化热侵袭小肠、膀胱，膀胱热盛使小便短黄，小肠火亢使水液不渗于前阴，后走大肠成痢,,Doctrine,1,-1.90311,0.09384,0,柴芩煎则为伤寒邪在半表半里未解，从少阳界面化热侵袭小肠、膀胱，膀胱热盛使小便短黄，小肠火亢使水液不渗于前阴，后走大肠成痢，津液脱去，烦渴不已，景岳用柴胡、黄芩清透少阳之邪，并以栀子、泽泻、木通导小肠火于尿液，利小便而实大便，泻痢自然而去,,,,,,,柴芩煎方义,景岳,,,,,,
Doctrine_01ae42f5af,邪入少阳化热传及气分，故用石膏清阳明气分实热，热邪炽盛，必致阴液耗伤，麦冬养阴生津在所必用，少阳界面余热未尽，柴、芩疏达,,Doctrine,1,-2.20956,-0.03014,265,邪入少阳化热传及气分，故用石膏清阳明气分实热，热邪炽盛，必致阴液耗伤，麦冬养阴生津在所必用，少阳界面余热未尽，柴、芩疏达邪气外散，并加竹叶若干引热从小便导下，二者一宣一引，均为给邪以出路,,,,,,,柴胡白虎煎方义,景岳先生,,,,,,
Doctrine_5b4ef532d7,邪到少阳层面化热，既可到气伤津，亦可入营伤血,,Doctrine,1,-0.34371,-0.72225,266,邪到少阳层面化热，既可到气伤津，亦可入营伤血,,,,,,,少阳传变,,,,,,,
Doctrine_b194f78ed6,邪动营血，必致皮肤痘疹四起，故用芍药（应以赤芍药为好）、葛根凉血透疹，柴胡、黄芩疏解少阳余热，连翘一味，既可助芍、葛透毒,,Doctrine,1,-1.8991,0.0803,0,邪动营血，必致皮肤痘疹四起，故用芍药（应以赤芍药为好）、葛根凉血透疹，柴胡、黄芩疏解少阳余热，连翘一味，既可助芍、葛透毒，又可帮柴、芩宣邪，生甘草调和诸药，又有解毒之能,,,,,,,柴葛煎方义,景岳,,,,,,
Doctrine_dc5572b085,汗之出与汗之收，皆元气为之枢机耳,,Doctrine,1,-1.65364,0.14994,0,汗之出与汗之收，皆元气为之枢机耳,,,,,,,战汗,张景岳,,,,,,
Doctrine_009b1d3258,合辟之权，不在乎能放能收，而在乎所以主之者,,Doctrine,1,-1.6437,0.11948,0,合辟之权，不在乎能放能收，而在乎所以主之者,,,,,,,战汗,张景岳,,,,,,
Doctrine_fc4c221d51,水为天一之精，凉能解热，甘可助阴，非若苦寒伤气者之比,,Doctrine,1,-1.62659,0.12462,0,水为天一之精，凉能解热，甘可助阴，非若苦寒伤气者之比,,,,,,,水药并投之理,张景岳,,,,,,
Doctrine_51ae0ab4cf,察其形气未脱，遂以甘温壮水等药，大剂进之以救其本，仍间用凉水以滋其标,,Doctrine,1,-1.66817,0.07483,0,察其形气未脱，遂以甘温壮水等药，大剂进之以救其本，仍间用凉水以滋其标,,,,,,,阴虚伤寒治法,张景岳,,,,,,
Doctrine_d0380ce298,于津液干燥，阴虚便结，而热渴火盛之证，亦所不忌,,Doctrine,1,-1.64541,0.16914,0,于津液干燥，阴虚便结，而热渴火盛之证，亦所不忌,,,,,,,凉水滋阴之运用,张景岳,,,,,,
Doctrine_c7d8b6b33d,其断病，若者七日愈，若者十四愈，若者二十一日愈，十有九验,,Doctrine,1,-0.70108,0.26333,0,其断病，若者七日愈，若者十四愈，若者二十一日愈，十有九验,,,,,,,断病愈期,俞根初,,,,,,
Doctrine_9ad41ea3f0,其学识折衷仲景，参用朱氏南阳、方氏中行、陶氏节庵、吴氏又可、张氏景岳,,Doctrine,1,-0.8648,0.47907,0,其学识折衷仲景，参用朱氏南阳、方氏中行、陶氏节庵、吴氏又可、张氏景岳,,,,,,,学术渊源,何秀山,,,,,,
Doctrine_792f40d0a7,谚云，熟读王叔和，不如临证多，非谓临证多者不必读书也，亦谓临证多者乃为读书耳,,Doctrine,1,-1.32587,-0.06243,0,谚云，熟读王叔和，不如临证多，非谓临证多者不必读书也，亦谓临证多者乃为读书耳,,,,,,,读书与临证,俞氏,,,,,,
Doctrine_5b65862873,书宜活读，方宜活用,,Doctrine,1,-1.06711,0.00847,0,书宜活读，方宜活用,,,,,,,读书方法,俞氏,,,,,,
Doctrine_3982b07efe,其诊病，必先观目察舌，用两手按其胸脘至小腹，有无痛处，再问其口渴与否，大小便通与不通，服过何药，然后切脉辨症，查明其病源,,Doctrine,1,-0.77447,0.29025,0,其诊病，必先观目察舌，用两手按其胸脘至小腹，有无痛处，再问其口渴与否，大小便通与不通，服过何药，然后切脉辨症，查明其病源，审定其现象，心中了了，毫无疑似，方始处方,,,,,,,诊断次序,俞根初,,,,,,
Doctrine_4be31b010a,慎毋相对斯须，便处方药,,Doctrine,1,-0.69453,0.27154,0,慎毋相对斯须，便处方药,,,,,,,处方谨慎,俞根初,,,,,,
Doctrine_a4ab67daf1,若不将病源症候，一一明辨在先，遽为舌苔之征实，不比脉象之蹈虚。而以探试幸中之药品，妄事表彰，断定草药可治某舌，亦多误人之,,Doctrine,1,-0.75347,0.27671,0,若不将病源症候，一一明辨在先，遽为舌苔之征实，不比脉象之蹈虚。而以探试幸中之药品，妄事表彰，断定草药可治某舌，亦多误人之弊。后之学者，必小心谨慎之,,,,,,,舌苔辨证用药谨慎,俞根初,,,,,,
Doctrine_cc5219778e,故前哲善治伤寒者，其致力虽在杂病未研之先，而得心转在杂病悉通之后，不亲历者不知也，临证不博者更不知也,,Doctrine,1,-0.77803,0.25577,0,故前哲善治伤寒者，其致力虽在杂病未研之先，而得心转在杂病悉通之后，不亲历者不知也，临证不博者更不知也,,,,,,,治伤寒须先精杂病,俞根初,,,,,,
Doctrine_b3bbb67249,专设瘥后调理法一节，示病家以调理方法，亦为医家治伤寒多一条思格,,Doctrine,1,-0.91527,0.34052,0,专设瘥后调理法一节，示病家以调理方法，亦为医家治伤寒多一条思格,,,,,,,瘥后调理法,俞根初,,,,,,
Doctrine_85380190a4,勘伤寒症，全凭胆识。望形察色，辨舌诊脉，在乎识；选药制方，定量减味，在乎胆。必先有定识于平时，乃能有定见于俄顷。然临证断,,Doctrine,1,-0.75744,0.28642,0,勘伤寒症，全凭胆识。望形察色，辨舌诊脉，在乎识；选药制方，定量减味，在乎胆。必先有定识于平时，乃能有定见于俄顷。然临证断病，必须眼到、手到、心到，三者俱到，活泼泼地，而治病始能无误，熟能生巧，非笨伯所能模仿也,,,,,,,辨证识病,俞根初,,,,,,
Doctrine_7810f600d1,中风自是中风，伤寒自是伤寒，湿温自是湿温，温热自是温热，然皆列入伤寒门中,,Doctrine,1,-0.77228,0.1881,0,中风自是中风，伤寒自是伤寒，湿温自是湿温，温热自是温热，然皆列入伤寒门中,,,,,,,感证分类辨析,俞根初,,,,,,
Doctrine_a1a6e87a9e,从此一切感证，通称伤寒，从古亦从俗，俞氏亦从俗，故是书名曰《通俗伤寒论》,,Doctrine,1,-0.74717,0.54432,0,从此一切感证，通称伤寒，从古亦从俗，俞氏亦从俗，故是书名曰《通俗伤寒论》,,,,,,,书名命名依据,俞根初,,,,,,
Doctrine_4da359c235,直截了当，简明朴实,,Doctrine,1,-0.8331,0.45582,0,直截了当，简明朴实,,,,,,,对《通俗伤寒论》之评价,何秀山,,,,,,
Doctrine_1c748222c1,古方不能尽中后人之病，后人不得尽泥古人之法，全在一片灵机，对证发药,,Doctrine,1,-0.73953,0.21687,0,古方不能尽中后人之病，后人不得尽泥古人之法，全在一片灵机，对证发药,,,,,,,用药对证,俞根初,,,,,,
Doctrine_9bf0198e0e,温寒互用，补泻兼施，亦无偏主一格之弊,,Doctrine,1,-0.747,0.20949,0,温寒互用，补泻兼施，亦无偏主一格之弊,,,,,,,治法,俞根初,,,,,,
Doctrine_d06ba40e25,方法美备，学理新颖，不但四季时病无一不备而，而重要杂证，亦无遗漏矣,,Doctrine,1,-1.43483,0.5003,0,方法美备，学理新颖，不但四季时病无一不备而，而重要杂证，亦无遗漏矣,,,,,,,通俗伤寒论评价,曹炳章,,,,,,
Doctrine_e2699d33af,得俞、何及末学三人之经验，成伤寒独一无二之大观,,Doctrine,1,-1.40702,0.59133,0,得俞、何及末学三人之经验，成伤寒独一无二之大观,,,,,,,通俗伤寒论学术价值,曹炳章,,,,,,
Doctrine_8d06fcacb2,为当今改进国医之先锋，可为后学登堂入室之锁钥，亦无不可,,Doctrine,1,-1.32835,0.54988,0,为当今改进国医之先锋，可为后学登堂入室之锁钥，亦无不可,,,,,,,通俗伤寒论历史地位,曹炳章,,,,,,
Doctrine_ed9946fa3e,医学界公认为四时感证之诊疗全书,,Doctrine,1,-1.43075,0.5786,0,医学界公认为四时感证之诊疗全书,,,,,,,通俗伤寒论评价,曹炳章,,,,,,
Doctrine_b89ba950eb,言虽浅近，而取之不尽，用之不竭，智者见智，仁者见仁，老医宿学，得此而且以扩充见闻，即在后生小子，又何往而不一览了解，心领,,Doctrine,1,-1.4805,0.3158,0,言虽浅近，而取之不尽，用之不竭，智者见智，仁者见仁，老医宿学，得此而且以扩充见闻，即在后生小子，又何往而不一览了解，心领神会。,,,,,,,增订通俗伤寒论》评价,张山雷,,,,,,
Doctrine_6586eb3991,此书是一本从实践中来又能指导临床实践之专著,,Doctrine,1,-2.20209,0.12738,22,此书是一本从实践中来又能指导临床实践之专著,,,,,,,临床实践,邓铁涛,,,,,,
Doctrine_e428c7ca3f,俞根初先生可以说是先行者,,Doctrine,1,-0.74308,0.23946,0,俞根初先生可以说是先行者,,,,,,,寒温统一论,俞根初,,,,,,
Doctrine_23b144e78f,重视舌诊，补充了《伤寒论》之不足,,Doctrine,1,-0.69988,0.17781,0,重视舌诊，补充了《伤寒论》之不足,,,,,,,舌诊,俞根初,,,,,,
Doctrine_47b9a791f3,对表、里、寒、热、虚、实、真、假及气血辨证加以详论，则在诊断上发挥了仲景之论，为“八纲”辨证论添砖加瓦,,Doctrine,1,-0.71353,0.19783,0,对表、里、寒、热、虚、实、真、假及气血辨证加以详论，则在诊断上发挥了仲景之论，为“八纲”辨证论添砖加瓦,,,,,,,八纲辨证,俞根初,,,,,,
Doctrine_f3112d199f,如何在继承的基础上创新,,Doctrine,1,-0.73609,0.32061,0,如何在继承的基础上创新,,,,,,,继承与创新,俞根初,,,,,,
Doctrine_fed7732617,以六经统摄三焦、气血辨证，从表里寒热论治外感病,,Doctrine,1,-0.76747,0.24291,0,以六经统摄三焦、气血辨证，从表里寒热论治外感病,,,,,,,外感病辨证,俞根初,,,,,,
Doctrine_b47e5480df,既不同于伤寒学派，又异于温病学派，探微索奥，自成一家,,Doctrine,1,-0.75008,0.24737,0,既不同于伤寒学派，又异于温病学派，探微索奥，自成一家,,,,,,,外感病辨证,俞根初,,,,,,
Doctrine_413239e4b0,专为伤寒而设，未尝遍及于六淫也,,Doctrine,1,-0.25487,-0.60429,287,专为伤寒而设，未尝遍及于六淫也,,,,,,,伤寒论适用范围,吴中叶、吴温病学派,,,,,,
Doctrine_7e0849e045,仲景之书专论伤寒，此六气中之一气耳……其余五气，拟未及之,,Doctrine,1,-1.47257,1.14316,288,仲景之书专论伤寒，此六气中之一气耳……其余五气，拟未及之,,,,,,,伤寒论适用范围,,,,,,,
Doctrine_8ac14c632c,若真知确见其为伤寒，无论何时，自当仍宗仲景；若真知六气中为何气，非伤寒者，则于本论中求之,,Doctrine,1,-0.85807,0.08116,0,若真知确见其为伤寒，无论何时，自当仍宗仲景；若真知六气中为何气，非伤寒者，则于本论中求之,,,,,,,伤寒温病鉴别,吴鞠通,,,,,,
Doctrine_0b9e95fe3f,创卫气营血辨证,,Doctrine,1,-1.06813,-0.25896,0,创卫气营血辨证,,,,,,,辨证方法,叶天士,,,,,,
Doctrine_710d7b32e8,倡三焦辨证,,Doctrine,1,-0.86059,0.13516,0,倡三焦辨证,,,,,,,辨证方法,吴鞠通,,,,,,
Doctrine_b892a4086f,首先应该对《伤寒论》中提出的“六经”实质有清晰的认识,,Doctrine,1,-0.69657,0.2145,0,首先应该对《伤寒论》中提出的“六经”实质有清晰的认识,,,,,,,六经实质,俞根初,,,,,,
Doctrine_872da1df0c,以形层说解六经理论,,Doctrine,1,-0.74698,0.2857,0,以形层说解六经理论,,,,,,,六经辨证,俞根初,,,,,,
Doctrine_3346ec2522,此即六经分主三焦之部分也,,Doctrine,1,-0.84993,0.48018,0,此即六经分主三焦之部分也,,,,,,,六经三焦关系,何秀山,,,,,,
Doctrine_c50cc7a06e,六经为感证传变之路径，三焦为感证传变之归宿也,,Doctrine,1,-0.8603,0.46959,0,六经为感证传变之路径，三焦为感证传变之归宿也,,,,,,,六经三焦关系,何秀山,,,,,,
Doctrine_05d4231ed6,张长沙治伤寒法，虽分六经，亦不外三焦,,Doctrine,1,-1.14182,0.38214,0,张长沙治伤寒法，虽分六经，亦不外三焦,,,,,,,六经三焦辨证,何廉臣,,,,,,
Doctrine_fa080b6e2f,病在躯壳，当分六经形层；病入内脏，当辨三焦部分，详审其所夹何邪，分际清晰，庶免颟顸之弊,,Doctrine,1,-1.26984,0.39781,0,病在躯壳，当分六经形层；病入内脏，当辨三焦部分，详审其所夹何邪，分际清晰，庶免颟顸之弊,,,,,,,六经三焦辨证,何廉臣,,,,,,
Doctrine_c9408ae922,俞氏形层说解六经理论，为阐发仲景六经学说精蕴，另辟蹊径，亦为其寒温一统理论奠定了基础,,Doctrine,1,-0.75772,0.157,0,俞氏形层说解六经理论，为阐发仲景六经学说精蕴，另辟蹊径，亦为其寒温一统理论奠定了基础,,,,,,,形层说的学术意义,俞根初,,,,,,
Doctrine_3f3a2c81ee,凡勘伤寒，必先明表里寒热。有表寒，有里寒，有表里皆寒；有表热，有里热，有表里皆热；有表寒里热，有表热里寒，有里真热而表假,,Doctrine,1,-0.68281,0.30027,0,凡勘伤寒，必先明表里寒热。有表寒，有里寒，有表里皆寒；有表热，有里热，有表里皆热；有表寒里热，有表热里寒，有里真热而表假寒，有里真寒而表假热,,,,,,,表里寒热,俞根初,,,,,,
Doctrine_05dfee7b04,发现于表者易明，隐伏于里者难辨；真寒真热者易明，假寒假热者难辨,,Doctrine,1,-0.78262,0.29687,0,发现于表者易明，隐伏于里者难辨；真寒真热者易明，假寒假热者难辨,,,,,,,表里寒热辨析难易,俞根初,,,,,,
Doctrine_d5320d280b,凡勘伤寒，既明病所之表里，病状之寒热，尤必明病人之气血，病体之虚实,,Doctrine,1,-0.70009,0.22439,0,凡勘伤寒，既明病所之表里，病状之寒热，尤必明病人之气血，病体之虚实,,,,,,,气血虚实,俞根初,,,,,,
Doctrine_5d67d7fb22,吾四十余年阅历以来，凡病之属阳明、少阳、厥阴而宜凉泻清滋者，十有七八；如太阳、太阴、少阴之宜温散温补者，十仅三四，表里双,,Doctrine,1,-0.72034,0.21943,0,吾四十余年阅历以来，凡病之属阳明、少阳、厥阴而宜凉泻清滋者，十有七八；如太阳、太阴、少阴之宜温散温补者，十仅三四，表里双解，三焦并治，温凉合用，通补兼施者，最居多数,,,,,,,六经治法,俞根初,,,,,,
Doctrine_d7df824040,六经实热，总清阳明；六经虚寒，总温太阴；六经实寒，总散太阳；六经虚热，总滋厥阴,,Doctrine,1,-0.72345,0.24018,0,六经实热，总清阳明；六经虚寒，总温太阴；六经实寒，总散太阳；六经虚热，总滋厥阴,,,,,,,六经总诀,俞根初,,,,,,
Doctrine_c385db1ecb,俞氏除以形层说解六经外，还以八纲结合六经加以辨析,,Doctrine,1,-0.73188,0.19747,0,俞氏除以形层说解六经外，还以八纲结合六经加以辨析,,,,,,,六经辨析方法,俞根初,,,,,,
Doctrine_5b1232d615,俞氏以八纲学说析六经，立足临床，不囿于《伤寒论》条文,,Doctrine,1,-0.7786,0.348,0,俞氏以八纲学说析六经，立足临床，不囿于《伤寒论》条文,,,,,,,八纲析六经的临床特色,俞根初,,,,,,
Doctrine_e4e328325d,以伤寒二字统括四时六气之外感证,,Doctrine,1,-0.91204,-0.25863,0,以伤寒二字统括四时六气之外感证,,,,,,,病名,张仲景,,,,,,
Doctrine_23977c4b9b,俞氏在病名上统称伤寒温热，如风温伤寒、湿温伤寒、秋燥伤寒、冬温伤寒等,,Doctrine,1,-0.71541,0.21015,0,俞氏在病名上统称伤寒温热，如风温伤寒、湿温伤寒、秋燥伤寒、冬温伤寒等,,,,,,,病名分类,俞根初,,,,,,
Doctrine_171fa99d33,《伤寒论》虽为诊疗外感时病之全书，但毕竟详于伤寒而略于温热,,Doctrine,1,-0.76305,0.3044,0,《伤寒论》虽为诊疗外感时病之全书，但毕竟详于伤寒而略于温热,,,,,,,对《伤寒论》之评价,俞根初,,,,,,
Doctrine_88808d84fb,根据温热病致病的特点，在六经辨证大纲指导下，参以六淫、新感伏邪致病说（其中对六淫中湿之为病辨之尤详）,,Doctrine,1,-0.71049,0.17704,0,根据温热病致病的特点，在六经辨证大纲指导下，参以六淫、新感伏邪致病说（其中对六淫中湿之为病辨之尤详）,,,,,,,六经辨证与温热病结合,俞根初,,,,,,
Doctrine_8a3f724254,使三焦辨证、八纲辨证与之有机结合，既丰富了仲景六经辨证理论，又补温病学派之未备,,Doctrine,1,-0.76811,0.34754,0,使三焦辨证、八纲辨证与之有机结合，既丰富了仲景六经辨证理论，又补温病学派之未备,,,,,,,六经三焦八纲结合,俞根初,,,,,,
Doctrine_6736768b3f,廉臣细参吴氏《条辨》峙立三焦，远不逮俞氏发明六经之精详，包括三焦而一无遗憾,,Doctrine,1,-1.16821,0.26696,0,廉臣细参吴氏《条辨》峙立三焦，远不逮俞氏发明六经之精详，包括三焦而一无遗憾,,,,,,,评俞氏六经三焦之说,何廉臣,,,,,,
Doctrine_8f8fdaaec7,风寒风温，治在太阳；风温风火，治在少阳；暑热燥火，治在阳明；寒湿湿温，治在太阴；中寒治在少阴，风热治在厥阴,,Doctrine,1,-0.77758,0.28022,0,风寒风温，治在太阳；风温风火，治在少阳；暑热燥火，治在阳明；寒湿湿温，治在太阴；中寒治在少阴，风热治在厥阴,,,,,,,六经治法,俞根初,,,,,,
Doctrine_72cac1a98a,阳道实，故风寒实邪从太阳汗之，燥热实邪从阳明下之，邪之微者，从少阳和之；阴道虚，故寒湿虚邪从太阴温之，风热虚邪，从厥阴清,,Doctrine,1,-0.69651,0.1679,0,阳道实，故风寒实邪从太阳汗之，燥热实邪从阳明下之，邪之微者，从少阳和之；阴道虚，故寒湿虚邪从太阴温之，风热虚邪，从厥阴清之，虚之甚者，从少阴补之；阳道虽实，而少阳为邪之微，故和而兼补；阴道本虚，而少阴尤虚之极，故补之须峻,,,,,,,六经治法,俞根初,,,,,,
Doctrine_321b38c0a8,外寒宜汗，宜用太阳汗剂药；里寒宜温，宜用太阴温剂药，固已，惟上焦可佐生姜、蔻仁；中焦可佐以朴、草果，或佐丁香、花椒；下焦,,Doctrine,1,-0.69273,0.18816,0,外寒宜汗，宜用太阳汗剂药；里寒宜温，宜用太阴温剂药，固已，惟上焦可佐生姜、蔻仁；中焦可佐以朴、草果，或佐丁香、花椒；下焦可佐小茴、沉香，或佐吴萸、乌药，随证均可酌入,,,,,,,三焦用药法,俞根初,,,,,,
Doctrine_274ebdd74c,遵经而参众家之长,,Doctrine,1,-0.74456,0.30176,0,遵经而参众家之长,,,,,,,,俞根初,,,,,,
Doctrine_f217cbea5d,总结了特别适宜于江浙温湿之地、喜饮酒果之人的伤寒诊法及辨脉舌法,,Doctrine,1,-0.73827,0.15685,0,总结了特别适宜于江浙温湿之地、喜饮酒果之人的伤寒诊法及辨脉舌法,,,,,,,,俞根初,,,,,,
Doctrine_4115241724,凡诊伤寒时病，须先观病人两目,,Doctrine,1,-0.80834,0.41338,0,凡诊伤寒时病，须先观病人两目,,,,,,,观目诊法,俞根初,,,,,,
Doctrine_92802f6e18,凡病至危，必察两目，视其目色以知病之存亡也,,Doctrine,1,-0.79974,0.40735,0,凡病至危，必察两目，视其目色以知病之存亡也,,,,,,,观目诊法,俞根初,,,,,,
Doctrine_aa2507d822,故观目为诊法之首要,,Doctrine,1,-0.71534,0.24799,0,故观目为诊法之首要,,,,,,,观目诊法,俞根初,,,,,,
Doctrine_b87dce9684,肝脉交颠入脑，由脑系而通于目，故肝开窍于目，目则受灵机于脑，脑为元神之府,,Doctrine,1,-1.66572,-0.90828,289,肝脉交颠入脑，由脑系而通于目，故肝开窍于目，目则受灵机于脑，脑为元神之府,,,,,,,目与脑之关系,,,,,,,
Doctrine_4d07f0b234,神以心为宅，以芦为门，而其所出入之窍，得以外见者惟目,,Doctrine,1,-0.13755,0.36651,290,神以心为宅，以芦为门，而其所出入之窍，得以外见者惟目,,,,,,,心神与目,,,,,,,
Doctrine_38dc3d1883,俞氏以观目为诊法之首要，洵得诊断学的主脑,,Doctrine,1,-1.1935,0.26725,0,俞氏以观目为诊法之首要，洵得诊断学的主脑,,,,,,,观目法,何廉臣,,,,,,
Doctrine_e827dac643,俞氏发明之观目法，使医者能在纷繁的症候中抓住主要矛盾，有提纲掣领的作用，于重危病人尤为重要,,Doctrine,1,-0.74002,0.18038,0,俞氏发明之观目法，使医者能在纷繁的症候中抓住主要矛盾，有提纲掣领的作用，于重危病人尤为重要,,,,,,,观目法,俞根初,,,,,,
Doctrine_20f8f4f4c2,胸腹者，脏腑之郭也,,Doctrine,1,-2.26522,0.46336,291,胸腹者，脏腑之郭也,,,,,,,胸腹,,,,,,,
Doctrine_dc72529bbe,腹诊源于《内经》,,Doctrine,1,-0.75472,-0.9381,292,腹诊源于《内经》,,,,,,,腹诊起源,,,,,,,
Doctrine_b80b52018c,推腹诊为“诊法上第四要诀”,,Doctrine,1,-0.81705,0.34179,0,推腹诊为“诊法上第四要诀”,,,,,,,腹诊地位,俞根初,,,,,,
Doctrine_15168e7aa7,宜按摩数次，或轻或重，或击或抑，以察胸腹之坚软，拒按与否，并察胸腹之冷热，灼手与否，以定其病之寒热虚实,,Doctrine,1,-0.83022,0.31541,0,宜按摩数次，或轻或重，或击或抑，以察胸腹之坚软，拒按与否，并察胸腹之冷热，灼手与否，以定其病之寒热虚实,,,,,,,腹诊手法,俞根初,,,,,,
Doctrine_d9bb106cce,若欲诊肌表之病变，则宜轻手循抚，自胸上而脐下，知皮肤之润燥，可以辨寒热,,Doctrine,1,-0.79124,0.30911,0,若欲诊肌表之病变，则宜轻手循抚，自胸上而脐下，知皮肤之润燥，可以辨寒热,,,,,,,轻手诊法,俞根初,,,,,,
Doctrine_21f49d4256,若欲诊深部之病变，则宜重手推按，察其硬否，以辨脏腑之虚实，沉积之何如,,Doctrine,1,-0.73199,0.28528,0,若欲诊深部之病变，则宜重手推按，察其硬否，以辨脏腑之虚实，沉积之何如,,,,,,,重手诊法,俞根初,,,,,,
Doctrine_1c267ae840,介于二者之间，宜中手寻扪，问其痛不痛，以察邪气之有无,,Doctrine,1,-0.77106,0.33674,0,介于二者之间，宜中手寻扪，问其痛不痛，以察邪气之有无,,,,,,,中手诊法,俞根初,,,,,,
Doctrine_fb55d1c732,其轻、中、重手法，犹如诊脉之浮、中、沉手法也,,Doctrine,1,-0.70809,0.15665,0,其轻、中、重手法，犹如诊脉之浮、中、沉手法也,,,,,,,腹诊手法与脉诊类比,俞根初,,,,,,
Doctrine_d609195aa7,冲任为脐间动气之源，与虚里同为生命活动的征兆之一，诊冲任预后与虚里同功，而辨寒热真假尤为可据,,Doctrine,1,-0.78592,0.28674,0,冲任为脐间动气之源，与虚里同为生命活动的征兆之一，诊冲任预后与虚里同功，而辨寒热真假尤为可据,,,,,,,冲任辨真假寒热,俞根初,,,,,,
Doctrine_71584c843f,按冲任脉动而热，热能灼手者，症虽寒战咬牙，肢厥不利，是为真热而假寒。若按腹两旁虽热，于冲任脉久按之，无热而冷，症虽面红口,,Doctrine,1,-0.75913,0.22612,0,按冲任脉动而热，热能灼手者，症虽寒战咬牙，肢厥不利，是为真热而假寒。若按腹两旁虽热，于冲任脉久按之，无热而冷，症虽面红口渴，脉数舌赤，是为真寒而假热,,,,,,,寒热真假辨证,俞根初,,,,,,
Doctrine_c80793b05d,以冲任脉动之高低来推断热势轻重。动而低者热尚轻，动而高者热甚重，经治疗积热渐下，冲任脉动渐微,,Doctrine,1,-0.72541,0.25086,0,以冲任脉动之高低来推断热势轻重。动而低者热尚轻，动而高者热甚重，经治疗积热渐下，冲任脉动渐微,,,,,,,热势轻重判断,俞根初,,,,,,
Doctrine_43e42c325b,水积胸者，按之疼痛，推之漉漉,,Doctrine,1,-0.67496,0.28494,0,水积胸者，按之疼痛，推之漉漉,,,,,,,察有形实积,俞根初,,,,,,
Doctrine_e1d8b28581,食结胸者，按之满痛，摩之嗳腐,,Doctrine,1,-0.55717,0.31464,0,食结胸者，按之满痛，摩之嗳腐,,,,,,,察有形实积,俞根初,,,,,,
Doctrine_20cee5a71c,血结胸者，痛不可按，时或昏厥,,Doctrine,1,-0.56169,0.32412,0,血结胸者，痛不可按，时或昏厥,,,,,,,察有形实积,俞根初,,,,,,
Doctrine_02e71bf69e,因虽不同，而其结痛拒按则同,,Doctrine,1,-0.8366,1.05029,293,因虽不同，而其结痛拒按则同,,,,,,,察有形实积,,,,,,,
Doctrine_e2d2abcfa2,痛不可忍者为内痈,,Doctrine,1,-2.20801,-0.57931,294,痛不可忍者为内痈,,,,,,,察有形实积,,,,,,,
Doctrine_7d337454a6,痛在心下脐上，硬痛拒按，按之则痛益甚者为食积,,Doctrine,1,-0.17676,-0.23328,295,痛在心下脐上，硬痛拒按，按之则痛益甚者为食积,,,,,,,察有形实积,,,,,,,
Doctrine_0ff525c65e,痛在脐旁小腹，按之则有块应手者为血瘀,,Doctrine,1,-1.80457,0.91156,296,痛在脐旁小腹，按之则有块应手者为血瘀,,,,,,,察有形实积,,,,,,,
Doctrine_d1257157a5,腹痛牵引两胁，按之则软，吐水则痛减者为水气,,Doctrine,1,-1.34574,-1.1683,297,腹痛牵引两胁，按之则软，吐水则痛减者为水气,,,,,,,察有形实积,,,,,,,
Doctrine_27257099e3,腹有凝结如筋而硬者，无定处；有物如蚯蚓蠢动，隐然应手；高低凹凸如畎亩状，熟按之，起伏聚散，上下往来，浮沉出没,,Doctrine,1,-0.38446,0.65423,298,腹有凝结如筋而硬者，无定处；有物如蚯蚓蠢动，隐然应手；高低凹凸如畎亩状，熟按之，起伏聚散，上下往来，浮沉出没,,,,,,,虫积特点,,,,,,,
Doctrine_5abbd5d270,若绕脐痛，按之磊磊者，乃燥屎结于肠中,,Doctrine,1,-2.28343,0.05897,299,若绕脐痛，按之磊磊者，乃燥屎结于肠中,,,,,,,察有形实积,,,,,,,
Doctrine_4fb9c28953,俞氏的观目法、腹诊、六经辨舌法，丰富了温热病诊断学,,Doctrine,1,-0.72757,0.27575,0,俞氏的观目法、腹诊、六经辨舌法，丰富了温热病诊断学,,,,,,,温热病诊断学,,,,,,,
Doctrine_c97d487e91,俞氏按胸以诊虚里，按腹以诊冲任，较诊太溪、趺阳，尤为可据,,Doctrine,1,-1.34061,0.3528,0,俞氏按胸以诊虚里，按腹以诊冲任，较诊太溪、趺阳，尤为可据,,,,,,,腹诊,何廉臣,,,,,,
Doctrine_890dd7ada6,腹诊之法，亦诊断上之必要,,Doctrine,1,-1.3245,0.24869,0,腹诊之法，亦诊断上之必要,,,,,,,腹诊,何廉臣,,,,,,
Doctrine_4f0d360b75,俞氏之腹诊法，能补中医诊法之未逮，可法可传,,Doctrine,1,-1.17701,0.59181,0,俞氏之腹诊法，能补中医诊法之未逮，可法可传,,,,,,,腹诊,徐荣斋,,,,,,
Doctrine_0f7af5d514,医必求其所伤何邪先去其病。病去则虚者亦生，病留则实者亦死。,,Doctrine,1,-0.78647,0.26202,0,医必求其所伤何邪先去其病。病去则虚者亦生，病留则实者亦死。,,,,,,,祛邪先病,俞根初,,,,,,
Doctrine_f17c40cf6f,虽在气血素虚者，既受邪气，如酷暑严寒，即为虚中挟实，但清其暑，散其寒以去邪，邪去则正自安。,,Doctrine,1,-0.73525,0.26862,0,虽在气血素虚者，既受邪气，如酷暑严寒，即为虚中挟实，但清其暑，散其寒以去邪，邪去则正自安。,,,,,,,虚中挟实治法,俞根初,,,,,,
Doctrine_0428946da9,俞氏治感证总以祛邪为首务,,Doctrine,1,-0.78828,0.3299,0,俞氏治感证总以祛邪为首务,,,,,,,治感证大法,俞根初,,,,,,
Doctrine_379d080f11,这与伤寒派之重视扶阳、温病派之重视救阴，强调的侧重点有所不同,,Doctrine,1,-0.35368,-0.84237,300,这与伤寒派之重视扶阳、温病派之重视救阴，强调的侧重点有所不同,,,,,,,俞氏与伤寒派温病派之比较,,,,,,,
Doctrine_ca1a40744a,伤寒为病虽千变万化，但究其因不过是一气之通塞耳，塞则病，通则安,,Doctrine,1,-0.73068,0.22252,0,伤寒为病虽千变万化，但究其因不过是一气之通塞耳，塞则病，通则安,,,,,,,病机,俞根初,,,,,,
Doctrine_a5e4f127a9,浙绍卑湿，凡伤寒恒多夹湿,,Doctrine,1,-0.91302,0.36613,0,浙绍卑湿，凡伤寒恒多夹湿,,,,,,,湿邪辨治,俞根初,,,,,,
Doctrine_39b645ee0e,风能胜湿,,Doctrine,1,-0.78051,0.20274,0,风能胜湿,,,,,,,治风湿,俞根初,,,,,,
Doctrine_89c3248f95,俞氏以为达郁宣气则一,,Doctrine,1,-0.77787,0.32805,0,俞氏以为达郁宣气则一,,,,,,,燥邪治法,俞根初,,,,,,
Doctrine_6be2abfa94,暑病首用辛凉，继用甘寒，终用酸泄敛津,,Doctrine,1,-1.90297,-0.73363,24,暑病首用辛凉，继用甘寒，终用酸泄敛津,,,,,,,暑病治法,张凤逵,,,,,,
Doctrine_c0b2ebca91,邪去正乃安，故逐邪以发表、攻里为先,,Doctrine,1,-0.7624,0.40283,0,邪去正乃安，故逐邪以发表、攻里为先,,,,,,,祛邪出路,俞根初,,,,,,
Doctrine_896d53daca,发表不但一汗法，凡发疹、发斑、发瘄、发痘，使邪从表而出者，皆谓之发表；攻里亦不仅一下法，凡导痰、蠲饮、消食、去积、通瘀、,,Doctrine,1,-0.79943,0.31568,0,发表不但一汗法，凡发疹、发斑、发瘄、发痘，使邪从表而出者，皆谓之发表；攻里亦不仅一下法，凡导痰、蠲饮、消食、去积、通瘀、杀虫、利小便、逐败精，使邪从里而出者，皆谓之攻里,,,,,,,发表攻里含义,俞根初,,,,,,
Doctrine_9564473286,邪留气分，每易疏透，轻则自汗而解，重而解以战汗、狂汗；邪留血分，恒多胶滞，轻则发疹而解，重则解以发斑发疮,,Doctrine,1,-0.8074,0.32605,0,邪留气分，每易疏透，轻则自汗而解，重而解以战汗、狂汗；邪留血分，恒多胶滞，轻则发疹而解，重则解以发斑发疮,,,,,,,气分血分辨治,俞根初,,,,,,
Doctrine_0b124f0c5b,外风宜散，内风宜熄，表寒宜汗，里寒宜温，伤暑宜清，中暑宜开，伏暑宜下，风湿寒湿，宜汗宜温，暑湿芳淡，湿火苦泄，寒燥温润，,,Doctrine,1,-0.73866,0.31042,0,外风宜散，内风宜熄，表寒宜汗，里寒宜温，伤暑宜清，中暑宜开，伏暑宜下，风湿寒湿，宜汗宜温，暑湿芳淡，湿火苦泄，寒燥温润，热燥凉润，郁火宜发，实火宜泻，阴火宣引,,,,,,,具体治法分类,俞根初,,,,,,
Doctrine_29a129f642,凡邪从外来，必从外去，发表固为外解，攻里亦为外解，总之使邪有出路而已，使邪早有出路而已,,Doctrine,1,-0.8498,0.46968,0,凡邪从外来，必从外去，发表固为外解，攻里亦为外解，总之使邪有出路而已，使邪早有出路而已,,,,,,,给邪出路总诀,何秀山,,,,,,
Doctrine_5b63ba0d54,下水结则甘遂、大戟，下瘀结则醋炒生军，下寒结则巴豆霜，下热结则主生军,,Doctrine,1,-0.81825,0.35225,0,下水结则甘遂、大戟，下瘀结则醋炒生军，下寒结则巴豆霜，下热结则主生军,,,,,,,下法用药,俞根初,,,,,,
Doctrine_7418dde8d3,应用则用，别无他药可代，切忽以稳药塞责，药稳定而病反不稳定也,,Doctrine,1,-0.70535,0.24468,0,应用则用，别无他药可代，切忽以稳药塞责，药稳定而病反不稳定也,,,,,,,用药原则,俞根初,,,,,,
Doctrine_31d3d68aa3,故俞氏治吐泻不得、腹痛昏闷、病势险急之干霍乱，急用涌吐法，川椒五七粒和食盐拌炒微黄，开水泡汤，调入飞马金丹十四五粒，作速,,Doctrine,1,-0.70475,0.20792,0,故俞氏治吐泻不得、腹痛昏闷、病势险急之干霍乱，急用涌吐法，川椒五七粒和食盐拌炒微黄，开水泡汤，调入飞马金丹十四五粒，作速灌肠，使其上吐下泻，祛其邪以安正,,,,,,,干霍乱救治,俞根初,,,,,,
Doctrine_466b71bbd4,人皆谓百病莫难于伤寒，予谓治伤寒何难？治伤寒兼证稍难，治伤寒夹证较难，治伤寒变证更难，治伤寒坏证最难,,Doctrine,1,-0.75639,0.16742,0,人皆谓百病莫难于伤寒，予谓治伤寒何难？治伤寒兼证稍难，治伤寒夹证较难，治伤寒变证更难，治伤寒坏证最难,,,,,,,伤寒证治难易层次,俞根初,,,,,,
Doctrine_abbfcafdcd,盖期间寒热杂感，燥湿互见，虚实混淆，阴阳疑似，非富于经验而手敏心灵，随即应变者，决不足当此重任,,Doctrine,1,-0.75806,0.21511,0,盖期间寒热杂感，燥湿互见，虚实混淆，阴阳疑似，非富于经验而手敏心灵，随即应变者，决不足当此重任,,,,,,,临证应变要求,俞根初,,,,,,
Doctrine_7bd930e156,切不可一见暑病，不审其有无兼证夹证，擅用清凉也,,Doctrine,1,-0.77954,0.26991,0,切不可一见暑病，不审其有无兼证夹证，擅用清凉也,,,,,,,暑病治疗禁忌,俞根初,,,,,,
Doctrine_61069f76ef,暑湿乃浊热粘腻之邪，最难愈，治之初用芳淡，继用苦辛通降方能收功,,Doctrine,1,-0.73727,0.1673,0,暑湿乃浊热粘腻之邪，最难愈，治之初用芳淡，继用苦辛通降方能收功,,,,,,,暑湿治法,俞根初,,,,,,
Doctrine_5699811958,伤寒兼寒湿者，先与苏羌达表汤加苍术、川朴，使其微汗以开胃,,Doctrine,1,-0.99735,0.42347,0,伤寒兼寒湿者，先与苏羌达表汤加苍术、川朴，使其微汗以开胃,,,,,,,伤寒兼寒湿证治,俞根初,,,,,,
Doctrine_11707c57bf,兼湿热者，先与藿香正气汤加冬瓜皮仁、丝通草芳淡化湿以双解表里，继与增减黄连泻心汤，苦辛通降以肃清湿热，终与白术和中汤，加,,Doctrine,1,-1.00719,0.42712,0,兼湿热者，先与藿香正气汤加冬瓜皮仁、丝通草芳淡化湿以双解表里，继与增减黄连泻心汤，苦辛通降以肃清湿热，终与白术和中汤，加川斛、谷芽，温和中气以开胃,,,,,,,伤寒兼湿热证治,俞根初,,,,,,
Doctrine_f9df431de9,内伤血郁、外感风寒之夹血伤寒，当活血解表为先，轻则香苏葱豉汤加减，重则桂枝桃仁汤出入；次下瘀血，轻则五仁橘皮汤合抵挡丸，,,Doctrine,1,-0.76569,0.19627,0,内伤血郁、外感风寒之夹血伤寒，当活血解表为先，轻则香苏葱豉汤加减，重则桂枝桃仁汤出入；次下瘀血，轻则五仁橘皮汤合抵挡丸，重则桃仁承气汤，俟瘀降便黑，痛势轻减者，可用四物绛覆汤，滋血活络以善后，或用新加酒沥汤滋阴调气以芟根,,,,,,,夹血伤寒证治,俞根初,,,,,,
Doctrine_20f36e3f24,以通为补,,Doctrine,1,-1.23521,-0.10487,0,以通为补,,,,,,,祛邪,俞氏,,,,,,
Doctrine_650e921006,疏邪解表，以治其标；扶元托散，以培其本,,Doctrine,1,-1.15984,-0.06132,0,疏邪解表，以治其标；扶元托散，以培其本,,,,,,,妊娠伤寒治则,俞氏,,,,,,
Doctrine_f0106e1505,营虚者，养血为先；卫虚者，补气为亟；营卫两虚，温补兼施,,Doctrine,1,-1.34896,0.02956,0,营虚者，养血为先；卫虚者，补气为亟；营卫两虚，温补兼施,,,,,,,妊娠伤寒治则,俞氏,,,,,,
Doctrine_5e002e4a40,若孕妇见里热壅闭，大便不通，脉洪数者，俞氏主张治以三黄解毒汤,,Doctrine,1,-1.32247,-0.03637,0,若孕妇见里热壅闭，大便不通，脉洪数者，俞氏主张治以三黄解毒汤,,,,,,,妊娠伤寒治法,俞氏,,,,,,
Doctrine_ec8f9a08c1,若妊娠而见热郁阳明，热极而发紫黑斑，脉洪数者，主以青黛石膏汤,,Doctrine,1,-1.32799,0.00546,0,若妊娠而见热郁阳明，热极而发紫黑斑，脉洪数者，主以青黛石膏汤,,,,,,,妊娠伤寒治法,俞氏,,,,,,
Doctrine_f73c2b4137,如用血分滋腻之药不效，又当审察应下则下，惟中病则止，不可固执成法,,Doctrine,1,-1.1516,-0.09509,0,如用血分滋腻之药不效，又当审察应下则下，惟中病则止，不可固执成法,,,,,,,用药原则,俞氏,,,,,,
Doctrine_d093256411,治产后伤寒身热，恶露为热搏不下，烦闷胀喘狂言者，抵挡汤及桃仁承气汤主之,,Doctrine,1,-1.34606,-0.00943,0,治产后伤寒身热，恶露为热搏不下，烦闷胀喘狂言者，抵挡汤及桃仁承气汤主之,,,,,,,产后伤寒治法,俞氏,,,,,,
Doctrine_29e5d39e42,伤寒小产，恶露下行，腹胀烦闷欲死，大黄桃仁汤主之,,Doctrine,1,-1.29101,-0.06377,0,伤寒小产，恶露下行，腹胀烦闷欲死，大黄桃仁汤主之,,,,,,,产后伤寒治法,俞氏,,,,,,
Doctrine_dd6c202ff1,以通为补，此皆庞安常之法也,,Doctrine,1,-1.36656,0.03037,0,以通为补，此皆庞安常之法也,,,,,,,治法渊源,俞氏,,,,,,
Doctrine_4f6e4d4763,俞氏之祛邪法纯由伤寒出发，更切于时病之治，亦更灵活实用,,Doctrine,1,-0.68791,0.20856,0,俞氏之祛邪法纯由伤寒出发，更切于时病之治，亦更灵活实用,,,,,,,祛邪法,俞根初,,,,,,
Doctrine_ff18e27757,俞氏注重祛邪，强调透达的经验，是张子和祛邪理论在时病治疗中的活用，也为张子和攻邪理论增添了新内容,,Doctrine,1,-0.80993,0.31586,0,俞氏注重祛邪，强调透达的经验，是张子和祛邪理论在时病治疗中的活用，也为张子和攻邪理论增添了新内容,,,,,,,祛邪、透达,俞根初,,,,,,
Doctrine_ecba2379f4,凡勘伤寒病，必先能治阳明,,Doctrine,1,-0.73229,0.23318,0,凡勘伤寒病，必先能治阳明,,,,,,,治伤寒独重阳明,俞根初,,,,,,
Doctrine_53eb23fb15,阳明为成温之薮,,Doctrine,1,-0.55333,0.91012,25,阳明为成温之薮,,,,,,,,陆九芝,,,,,,
Doctrine_5b2f50dc0d,邪在太阳，须藉胃汁以汗之；邪结阳明，须藉胃汁以下之；邪郁少阳，须藉胃汁以和之；太阴以温为主，救胃阳也；厥阴以清为主，救胃,,Doctrine,1,-0.7077,0.25519,0,邪在太阳，须藉胃汁以汗之；邪结阳明，须藉胃汁以下之；邪郁少阳，须藉胃汁以和之；太阴以温为主，救胃阳也；厥阴以清为主，救胃阴也；由太阴湿胜而伤及肾阳者，救胃阳以护肾阳；由厥阴风胜而伤及肾阴者，救胃阴以滋肾阴，皆不离阳明治也,,,,,,,六经治法皆本阳明,俞根初,,,,,,
Doctrine_5f68b027fc,伤寒多伤阳，故末路以扶阳为急务；温热多伤阴，故末路以滋阴为要法。扶阳滋阴，均宜侧重阳明,,Doctrine,1,-0.69089,0.1985,0,伤寒多伤阳，故末路以扶阳为急务；温热多伤阴，故末路以滋阴为要法。扶阳滋阴，均宜侧重阳明,,,,,,,末路治法侧重阳明,俞根初,,,,,,
Doctrine_21120fa59d,阳明固三阴之外护，亦三阳之同赖也,,Doctrine,1,-0.8436,0.46121,0,阳明固三阴之外护，亦三阳之同赖也,,,,,,,阳明为三阳三阴之根本,何秀山,,,,,,
Doctrine_3070dd64fc,未有胃阳不虚而见太阴证者，亦未有胃阴不虚而见厥阴证者,,Doctrine,1,-0.8748,0.47588,0,未有胃阳不虚而见太阴证者，亦未有胃阴不虚而见厥阴证者,,,,,,,胃阳胃阴与三阴病之关系,何秀山,,,,,,
Doctrine_9bf73b45cb,惟阳明告竭，方致少阴底板外露，若阳明充盛，必无病及少阴之理,,Doctrine,1,-0.87998,0.48502,0,惟阳明告竭，方致少阴底板外露，若阳明充盛，必无病及少阴之理,,,,,,,阳明与少阴病之关系,何秀山,,,,,,
Doctrine_b58d694e0a,治法虽千变万化，但健脾胃必须时时放在首位，脾胃若不健，药又岂能收功,,Doctrine,1,-0.71958,0.14766,0,治法虽千变万化，但健脾胃必须时时放在首位，脾胃若不健，药又岂能收功,,,,,,,治法首重脾胃,俞根初,,,,,,
Doctrine_20e2e9be61,瘥后遗症的药物调理，当分补虚、清热两项,,Doctrine,1,-0.76319,0.32982,0,瘥后遗症的药物调理，当分补虚、清热两项,,,,,,,瘥后调理,俞根初,,,,,,
Doctrine_ec944cf1bf,补虚有两法，一补脾，一补胃,,Doctrine,1,-0.80075,0.34529,0,补虚有两法，一补脾，一补胃,,,,,,,补虚法,俞根初,,,,,,
Doctrine_fb01a18b4f,初病时之热为实热，宜苦寒药清之，大病后之热为虚热，宜用甘寒药清之，二者有霄壤之殊,,Doctrine,1,-0.75032,0.19953,0,初病时之热为实热，宜苦寒药清之，大病后之热为虚热，宜用甘寒药清之，二者有霄壤之殊,,,,,,,清热法,俞根初,,,,,,
Doctrine_b51c95fd6e,凡人身天真之气，全在胃口，津液不足，即是虚，生津液即是补虚,,Doctrine,1,-1.21517,1.0294,301,凡人身天真之气，全在胃口，津液不足，即是虚，生津液即是补虚,,,,,,,胃气与补虚,,,,,,,
Doctrine_d452235b65,阳明之为病，实证多属火,,Doctrine,1,-0.80779,0.35308,0,阳明之为病，实证多属火,,,,,,,阳明病机,俞根初,,,,,,
Doctrine_c97f73a180,六经实热，总清阳明,,Doctrine,1,-0.79764,0.35576,0,六经实热，总清阳明,,,,,,,治法,俞根初,,,,,,
Doctrine_5a246d0de9,阳明本证，在上脘病尚浅，咽干口苦，气上冲喉，胸满而喘，心中懊憹；在中脘病已重，大烦大渴，胃实满，手足汗，发潮热，不大便，,,Doctrine,1,-0.75564,0.26569,0,阳明本证，在上脘病尚浅，咽干口苦，气上冲喉，胸满而喘，心中懊憹；在中脘病已重，大烦大渴，胃实满，手足汗，发潮热，不大便，小便不利；在下脘，由幽门直逼小肠，且于大肠相表里，病尤深重。日晡发热，谵语发狂，目睛不知，腹胀满，绕脐痛，喘冒不得卧，腹中转矢气，大便胶闭，或自利纯清水，昏不识人，甚则循衣摸床，撮空理气,,,,,,,阳明分证,俞根初,,,,,,
Doctrine_e5b014cdc9,俞氏治阳明之法虽多，然总以健运胃气，或清或下为主,,Doctrine,1,-0.80102,0.30528,0,俞氏治阳明之法虽多，然总以健运胃气，或清或下为主,,,,,,,治法,俞根初,,,,,,
Doctrine_6407a5de9c,俞氏善用凉泻，故能善治阳明，而名医之名亦由此得,,Doctrine,1,-0.82054,0.42041,0,俞氏善用凉泻，故能善治阳明，而名医之名亦由此得,,,,,,,医家评价,何秀山,,,,,,
Doctrine_7a303df544,俞氏治感证，宗仲景六经理论，旁参三焦学说、六淫致病说,,Doctrine,1,-0.71781,0.16951,0,俞氏治感证，宗仲景六经理论，旁参三焦学说、六淫致病说,,,,,,,学术渊源,俞根初,,,,,,
Doctrine_df0d623e5b,综观俞氏用药，以轻灵见长，所制汤方，每出新意,,Doctrine,1,-0.71782,0.25812,0,综观俞氏用药，以轻灵见长，所制汤方，每出新意,,,,,,,用药特点,俞根初,,,,,,
Doctrine_193cffd509,方方切用，法法通灵,,Doctrine,1,-1.32332,0.33575,0,方方切用，法法通灵,,,,,,,何廉臣评价,何廉臣,,,,,,
Doctrine_677af7891b,太阳宜汗，轻则杏、苏、橘红，重则麻、桂、薄荷，而葱头尤为发汗之通用。,,Doctrine,1,-1.26307,-0.06069,0,太阳宜汗，轻则杏、苏、橘红，重则麻、桂、薄荷，而葱头尤为发汗之通用。,,,,,,,太阳病用药法,俞氏,,,,,,
Doctrine_cdabd91862,少阳宜和，轻则生姜、绿茶，重则柴胡、黄芩，浅则木贼、青皮，深则青蒿、鳖甲。,,Doctrine,1,-1.34631,-0.04065,0,少阳宜和，轻则生姜、绿茶，重则柴胡、黄芩，浅则木贼、青皮，深则青蒿、鳖甲。,,,,,,,少阳病用药法,俞氏,,,,,,
Doctrine_9b45ece6f2,阳明宜下，轻则枳实、槟榔，重则大黄、芒硝，滑则桃、杏、五仁，润则当归、苁蓉。,,Doctrine,1,-1.30197,-0.08616,0,阳明宜下，轻则枳实、槟榔，重则大黄、芒硝，滑则桃、杏、五仁，润则当归、苁蓉。,,,,,,,阳明病用药法,俞氏,,,,,,
Doctrine_c27cb23bb1,太阴宜温，轻则藿、朴、橘、半，重则附、桂、姜、萸，而香、砂尤为温运之和药。,,Doctrine,1,-1.1992,-0.10199,0,太阴宜温，轻则藿、朴、橘、半，重则附、桂、姜、萸，而香、砂尤为温运之和药。,,,,,,,太阴病用药法,俞氏,,,,,,
Doctrine_2456b8f90e,少阴宜补，滋阴轻则归、芍、生地，重则阿胶、鸡黄，而石斛、麦冬尤为生津之良药；补阳刚则附子、肉桂，柔则鹿胶、虎骨，而黄连、,,Doctrine,1,-1.0908,-0.01959,0,少阴宜补，滋阴轻则归、芍、生地，重则阿胶、鸡黄，而石斛、麦冬尤为生津之良药；补阳刚则附子、肉桂，柔则鹿胶、虎骨，而黄连、官桂为交阴阳之良品。,,,,,,,少阴病用药法,俞氏,,,,,,
Doctrine_378a589e35,厥阴宜清，清宣心包，轻则栀、翘、菖蒲，重则犀、羚、牛黄，而竹叶、灯芯尤为清宣包络之轻品；清泄肝阳，轻则桑、菊、丹皮，重则,,Doctrine,1,-1.23027,-0.05573,0,厥阴宜清，清宣心包，轻则栀、翘、菖蒲，重则犀、羚、牛黄，而竹叶、灯芯尤为清宣包络之轻品；清泄肝阳，轻则桑、菊、丹皮，重则龙胆、芦荟，而条芩、竹茹，尤为清泄肝阳之轻品。,,,,,,,厥阴病用药法,俞氏,,,,,,
Doctrine_3c54bc7fc7,俞氏治感证，并非只着眼于外来之邪，十分重视患者之气血盛衰,,Doctrine,1,-0.78092,0.30729,0,俞氏治感证，并非只着眼于外来之邪，十分重视患者之气血盛衰,,,,,,,治感证辨治思想,俞根初,,,,,,
Doctrine_dc857d3a70,设加减葳蕤汤以滋阴发汗,,Doctrine,1,-0.75438,0.3241,0,设加减葳蕤汤以滋阴发汗,,,,,,,汗法运用,俞根初,,,,,,
Doctrine_7c9bf6d817,若纯用表药全然无汗，而得此阴气外溢则汗自出，病亦随之而解，可谓是活用汗法能自出新意者,,Doctrine,1,-0.71218,0.22748,0,若纯用表药全然无汗，而得此阴气外溢则汗自出，病亦随之而解，可谓是活用汗法能自出新意者,,,,,,,汗法运用,俞根初,,,,,,
Doctrine_810c16a5e8,俞氏还善于化裁古方,,Doctrine,1,-0.74739,0.25921,0,俞氏还善于化裁古方,,,,,,,化裁古方,俞根初,,,,,,
Doctrine_4fad8d48b7,屡用达药，善于化裁者矣,,Doctrine,1,-0.84058,0.47472,0,屡用达药，善于化裁者矣,,,,,,,化裁古方,何秀山,,,,,,
Doctrine_7ffb5d2d9c,较之吴又可之原方又有新意,,Doctrine,1,-0.75709,0.25519,0,较之吴又可之原方又有新意,,,,,,,柴胡达原饮化裁,俞根初,,,,,,
Doctrine_ee0ff47365,于临床运用颇为合拍，足堪师法,,Doctrine,1,-0.74095,0.22726,0,于临床运用颇为合拍，足堪师法,,,,,,,承气汤类方临床运用,俞根初,,,,,,
Doctrine_96c1a30355,伤寒一证传变颇多，然不越乎火化、水化、水火合化三端,,Doctrine,1,-0.77113,0.31109,0,伤寒一证传变颇多，然不越乎火化、水化、水火合化三端,,,,,,,伤寒传变,俞根初,,,,,,
Doctrine_bd08267223,从火化者，多少阳相火证、阳明燥实证、厥阴风热证；从水化者，多阳明水结证、太阴寒湿证、少阴虚寒证；从水火合化者，多太阴湿热,,Doctrine,1,-0.79481,0.28105,0,从火化者，多少阳相火证、阳明燥实证、厥阴风热证；从水化者，多阳明水结证、太阴寒湿证、少阴虚寒证；从水火合化者，多太阴湿热证、少阴厥阴寒热错杂证,,,,,,,三化辨证分类,俞根初,,,,,,
Doctrine_6c6c909a81,大抵吾绍患伤寒者，火化证多于水化，水火合化者亦不鲜,,Doctrine,1,-0.77164,0.21011,0,大抵吾绍患伤寒者，火化证多于水化，水火合化者亦不鲜,,,,,,,绍兴地区伤寒证候分布,俞根初,,,,,,
Doctrine_5dc2644924,太阳伤寒，其邪有但传少阳阳明而止者；有不传少阳阳明越传三阴者，各随其人之体质阴阳，脏腑寒热。从火化者为热证，从水化者为寒,,Doctrine,1,-0.71847,0.15822,0,太阳伤寒，其邪有但传少阳阳明而止者；有不传少阳阳明越传三阴者，各随其人之体质阴阳，脏腑寒热。从火化者为热证，从水化者为寒证，从水火合化者，则为寒热错杂之证,,,,,,,伤寒传变机理,俞根初,,,,,,
Doctrine_dc391772c1,俞氏特立火化、水化、水火合化三端，已握传变之主脑,,Doctrine,1,-1.21346,0.4124,0,俞氏特立火化、水化、水火合化三端，已握传变之主脑,,,,,,,三化传变主脑,何廉臣,,,,,,
Doctrine_11ff2a0f3d,以头、项、背、腰之变化察表，以面目、九窍之变化察里，以血脉、睛、舌之变化察其病势之安危，断其病机之吉凶,,Doctrine,1,-1.31952,0.38899,0,以头、项、背、腰之变化察表，以面目、九窍之变化察里，以血脉、睛、舌之变化察其病势之安危，断其病机之吉凶,,,,,,,诊察之法,何廉臣,,,,,,
Doctrine_d5e924af64,太少两阳与阳明合病，仲景已有明文,,Doctrine,1,-0.77014,0.26499,0,太少两阳与阳明合病，仲景已有明文,,,,,,,三阳合病,俞根初,,,,,,
Doctrine_a137aaa791,三阴与阳明合病，仲景《伤寒论》虽未指出，而细阅其书，亦未尝无是证，及临证实验，尤为数见不鲜,,Doctrine,1,-0.70333,0.23438,0,三阴与阳明合病，仲景《伤寒论》虽未指出，而细阅其书，亦未尝无是证，及临证实验，尤为数见不鲜,,,,,,,三阴阳明合病,俞根初,,,,,,
Doctrine_b6bc3cbe78,从岐伯中阴溜腑之义，悟出三阴实而邪不能容，邪正互争，还而并入胃腑以成下证也,,Doctrine,1,-0.76077,0.34004,0,从岐伯中阴溜腑之义，悟出三阴实而邪不能容，邪正互争，还而并入胃腑以成下证也,,,,,,,三阴传变入腑,俞根初,,,,,,
Doctrine_baf94b9c3e,发黄、蓄血，本阳明常见之变证,,Doctrine,1,-0.74432,0.32712,0,发黄、蓄血，本阳明常见之变证,,,,,,,阳明变证,俞根初,,,,,,
Doctrine_7061d4b8f2,最难治者，阳明病应下失下，邪盛正虚之坏病,,Doctrine,1,-0.76687,0.16667,0,最难治者，阳明病应下失下，邪盛正虚之坏病,,,,,,,阳明坏病,俞根初,,,,,,
Doctrine_1e4751dcb9,若见发黄，为瘀热在里，热不得越而成阳黄也,,Doctrine,1,-0.72707,0.16457,0,若见发黄，为瘀热在里，热不得越而成阳黄也,,,,,,,阳黄病机,俞根初,,,,,,
Doctrine_4c470d78f8,轻则清利小便为君，荡涤黄液佐之，茵陈蒿汤调下矾硫丸，使黄从小便去,,Doctrine,1,-0.72136,0.28446,0,轻则清利小便为君，荡涤黄液佐之，茵陈蒿汤调下矾硫丸，使黄从小便去,,,,,,,阳黄轻证治法,俞根初,,,,,,
Doctrine_1fd38f1dfb,重则荡涤黄液为君，清利小便佐之，栀子大黄汤调下矾硫丸，使黄从大便去,,Doctrine,1,-0.75918,0.18804,0,重则荡涤黄液为君，清利小便佐之，栀子大黄汤调下矾硫丸，使黄从大便去,,,,,,,阳黄重证治法,俞根初,,,,,,
Doctrine_4ab1016fa8,若见蓄血，此为瘀热在里,,Doctrine,1,-0.73072,0.17551,0,若见蓄血，此为瘀热在里,,,,,,,蓄血病机,俞根初,,,,,,
Doctrine_45bb740b1c,轻则凉血化瘀，犀角地黄汤加光桃仁、广郁金、白薇、归须、青糖拌炒活虫等清消之,,Doctrine,1,-0.70323,0.18777,0,轻则凉血化瘀，犀角地黄汤加光桃仁、广郁金、白薇、归须、青糖拌炒活虫等清消之,,,,,,,蓄血轻证治法,俞根初,,,,,,
Doctrine_3558d27d41,重则破血逐瘀，桃仁承气汤急攻之,,Doctrine,1,-0.74755,0.16176,0,重则破血逐瘀，桃仁承气汤急攻之,,,,,,,蓄血重证治法,俞根初,,,,,,
Doctrine_0330e857d2,极重用抵当汤去虻虫（光桃仁二十颗、酒醋炒生川军二钱、盐炒水蛭三支研细）加夜明砂（三钱包煎）、蜜炙延胡（钱半）、炒穿甲（一,,Doctrine,1,-0.77932,0.31766,0,极重用抵当汤去虻虫（光桃仁二十颗、酒醋炒生川军二钱、盐炒水蛭三支研细）加夜明砂（三钱包煎）、蜜炙延胡（钱半）、炒穿甲（一钱）、杜牛膝（四钱）、麝香（五厘冲）等峻攻之,,,,,,,蓄血极重证治法,俞根初,,,,,,
Doctrine_c2fd6879f8,伤寒温热，大邪退后，余热未尽，元气已虚，胃虚少纳，脾弱不运,,Doctrine,1,-0.77797,0.24328,0,伤寒温热，大邪退后，余热未尽，元气已虚，胃虚少纳，脾弱不运,,,,,,,病后调理,俞根初,,,,,,
Doctrine_ff307d127e,当以清余邪、调脾胃为法,,Doctrine,1,-0.72834,0.31229,0,当以清余邪、调脾胃为法,,,,,,,病后调理,俞根初,,,,,,
Doctrine_a9e4e6a2d2,不欲食者病在胃，宜养以甘凉，《金匮》麦门冬汤或叶氏养胃汤主之,,Doctrine,1,-0.74887,0.18602,0,不欲食者病在胃，宜养以甘凉，《金匮》麦门冬汤或叶氏养胃汤主之,,,,,,,病位与治法,俞根初,,,,,,
Doctrine_1e259119ca,食不化者病在脾，治当温运，香砂理中汤、六君子汤主之,,Doctrine,1,-0.69508,0.24249,0,食不化者病在脾，治当温运，香砂理中汤、六君子汤主之,,,,,,,病位与治法,俞根初,,,,,,
Doctrine_839f047781,伤食者饮食自倍，肠胃乃伤，病在不及消化；停食指不论食之多少，或当食而怒，或当食时病在气结而不能化,,Doctrine,1,-0.72509,0.26569,0,伤食者饮食自倍，肠胃乃伤，病在不及消化；停食指不论食之多少，或当食而怒，或当食时病在气结而不能化,,,,,,,病因病机辨析,俞根初,,,,,,
Doctrine_da01a511e3,治伤食重在食，或吐或下或消；治停食重在气，惟理气兼之以消，吐下之法不任,,Doctrine,1,-0.75743,0.23987,0,治伤食重在食，或吐或下或消；治停食重在气，惟理气兼之以消，吐下之法不任,,,,,,,治法辨析,俞根初,,,,,,
Doctrine_4645f2fd3e,伤寒有五：一曰中风，二曰伤寒，三曰湿温，四曰热病，五曰温病,,Doctrine,1,-2.17067,-0.28192,70,伤寒有五：一曰中风，二曰伤寒，三曰湿温，四曰热病，五曰温病,,,,,,,伤寒分类,扁鹊,,,,,,
Doctrine_919fe53bd1,治伤寒兼证稍难，治伤寒夹证较难，治伤寒复证更难，治伤寒坏证最难,,Doctrine,1,-0.00873,0.14323,303,治伤寒兼证稍难，治伤寒夹证较难，治伤寒复证更难，治伤寒坏证最难,,,,,,,伤寒证治难易,,,,,,,
Doctrine_d11b1b3757,熟读王叔和，不如临证多,,Doctrine,1,-2.01833,0.59842,304,熟读王叔和，不如临证多,,,,,,,读书与临证,,,,,,,
Doctrine_b63b70039f,以“从俗”名《通俗伤寒论》，不违经旨，又宜于临床,,Doctrine,1,-0.95049,-1.0809,305,以“从俗”名《通俗伤寒论》，不违经旨，又宜于临床,,,,,,,命名依据,,,,,,,
Doctrine_e0bdaa1f24,将变化无穷的伤寒病简要概括为伤寒本证、伤寒兼证、伤寒夹证、伤寒复证、伤寒坏证,,Doctrine,1,-0.58102,1.01667,306,将变化无穷的伤寒病简要概括为伤寒本证、伤寒兼证、伤寒夹证、伤寒复证、伤寒坏证,,,,,,,伤寒分类,绍派医家,,,,,,
Doctrine_db52f6c20c,邪在太阳，须藉胃汁以汗之,,Doctrine,1,-0.7137,0.18703,0,邪在太阳，须藉胃汁以汗之,,,,,,,太阳证治,俞根初,,,,,,
Doctrine_3190275287,邪结阳明，须藉胃汁以下之,,Doctrine,1,-0.70138,0.19807,0,邪结阳明，须藉胃汁以下之,,,,,,,阳明证治,俞根初,,,,,,
Doctrine_865259907b,邪郁少阳，须藉胃汁以和之,,Doctrine,1,-0.83258,0.32814,0,邪郁少阳，须藉胃汁以和之,,,,,,,少阳证治,俞根初,,,,,,
Doctrine_2ba65eaad8,太阴以温为主，救胃阳也,,Doctrine,1,-0.7851,0.1933,0,太阴以温为主，救胃阳也,,,,,,,太阴证治,俞根初,,,,,,
Doctrine_7693b637e4,厥阴以清为主，救胃阴也,,Doctrine,1,-0.7171,0.27487,0,厥阴以清为主，救胃阴也,,,,,,,厥阴证治,俞根初,,,,,,
Doctrine_b2d4afa310,由太阴湿胜而伤及肾阳者，救胃阳以护肾阳,,Doctrine,1,-0.76326,0.27292,0,由太阴湿胜而伤及肾阳者，救胃阳以护肾阳,,,,,,,太阴与肾阳,俞根初,,,,,,
Doctrine_c35a3966db,由厥阴风胜而伤及肾阴者，救胃阴以滋肾阴,,Doctrine,1,-0.77282,0.30062,0,由厥阴风胜而伤及肾阴者，救胃阴以滋肾阴,,,,,,,厥阴与肾阴,俞根初,,,,,,
Doctrine_a1d0c6a50b,皆不离阳明治也,,Doctrine,1,-0.72776,0.212,0,皆不离阳明治也,,,,,,,总归阳明,俞根初,,,,,,
Doctrine_1fb6738c4b,病变不同，一气之通塞耳。塞则病，通则安，无所谓补益也,,Doctrine,1,-0.75196,0.33433,0,病变不同，一气之通塞耳。塞则病，通则安，无所谓补益也,,,,,,,病机通塞,俞根初,,,,,,
Doctrine_774436f7e9,补益乃服食法，非治病法，然间有因虚不能托邪者，亦须略佐补托,,Doctrine,1,-0.76748,0.21975,0,补益乃服食法，非治病法，然间有因虚不能托邪者，亦须略佐补托,,,,,,,补益与治病之别,俞根初,,,,,,
Doctrine_ff314dd29b,厥阴宜清,,Doctrine,1,-0.73921,0.29275,0,厥阴宜清,,,,,,,厥阴用药法,俞根初,,,,,,
Doctrine_e740bb1fa8,清宣心包，轻则栀、翘、菖蒲，重则犀、羚、牛黄，而竹叶、灯芯尤为清宣包络之轻品,,Doctrine,1,-0.73959,0.14644,0,清宣心包，轻则栀、翘、菖蒲，重则犀、羚、牛黄，而竹叶、灯芯尤为清宣包络之轻品,,,,,,,清宣心包,俞根初,,,,,,
Doctrine_d30a998143,清泄肝阳，轻则桑、菊、丹皮，重则龙胆、芦荟，而条芩、竹茹尤为清泄肝阳之轻品,,Doctrine,1,-0.74723,0.31648,0,清泄肝阳，轻则桑、菊、丹皮，重则龙胆、芦荟，而条芩、竹茹尤为清泄肝阳之轻品,,,,,,,清泄肝阳,俞根初,,,,,,
Doctrine_bf3550bcf0,上焦主胸中、膈中。橘红、蔻仁是宣畅胸中主药;枳壳、桔梗是宣畅膈中主药。,,Doctrine,1,-0.81486,0.30301,0,上焦主胸中、膈中。橘红、蔻仁是宣畅胸中主药;枳壳、桔梗是宣畅膈中主药。,,,,,,,三焦用药法,俞根初,,,,,,
Doctrine_00dbaa2ef3,中焦主脘中、大腹，半夏、陈皮是疏畅脘中主药;川朴、腹皮是疏畅大腹主药。,,Doctrine,1,-0.79861,0.3318,0,中焦主脘中、大腹，半夏、陈皮是疏畅脘中主药;川朴、腹皮是疏畅大腹主药。,,,,,,,三焦用药法,俞根初,,,,,,
Doctrine_0bb83c8ce8,下焦主小腹、少腹，乌药、官桂是温运小腹主药;小茴、橘核是辛通少腹主药。,,Doctrine,1,-0.78148,0.33791,0,下焦主小腹、少腹，乌药、官桂是温运小腹主药;小茴、橘核是辛通少腹主药。,,,,,,,三焦用药法,俞根初,,,,,,
Doctrine_e52c9f225e,而绵芪皮为疏达三焦外膜之主药，焦山栀为清宣三焦内膜之主药，制香附为疏达三焦气分之主药，全当归为辛润三焦络脉之主药。,,Doctrine,1,-0.71117,0.26621,0,而绵芪皮为疏达三焦外膜之主药，焦山栀为清宣三焦内膜之主药，制香附为疏达三焦气分之主药，全当归为辛润三焦络脉之主药。,,,,,,,三焦用药法,俞根初,,,,,,
Doctrine_48a977c1ef,郁火宜发。发则火散而热泄,,Doctrine,1,-2.16498,-0.3012,307,郁火宜发。发则火散而热泄,,,,,,,郁火,,,,,,,
Doctrine_f13ca6810a,实火宜泻,,Doctrine,1,-0.18255,-0.47553,308,实火宜泻,,,,,,,实火,,,,,,,
Doctrine_8441b0bfcf,虚火宜补,,Doctrine,1,-1.62239,1.09393,309,虚火宜补,,,,,,,虚火,,,,,,,
Doctrine_9f21982a7c,惟阴火宜引，破阴回阳为君,,Doctrine,1,-1.54027,-0.96494,310,惟阴火宜引，破阴回阳为君,,,,,,,阴火,,,,,,,
Doctrine_a9f7e612c9,甘温能除大热,,Doctrine,1,-0.19202,-0.4949,71,甘温能除大热,,,,,,,阳虚发热,李氏,,,,,,
Doctrine_9d8d5a03c0,解表已，复热；攻里热已，复热；利小便愈后，复热；养阴滋清，热亦不除；元气无所归着，保元、归脾以除虚热,,Doctrine,1,-0.18612,0.48295,72,解表已，复热；攻里热已，复热；利小便愈后，复热；养阴滋清，热亦不除；元气无所归着，保元、归脾以除虚热,,,,,,,阳浮倏热,张氏,,,,,,
Doctrine_ad9a69acfd,身如燔炭，汗出而散,,Doctrine,1,-1.29793,-0.41298,0,身如燔炭，汗出而散,,,,,,,郁火透散,,,,,,,
Doctrine_d6e0d8c35c,引火归源，导龙入海之要药,,Doctrine,1,-0.19574,0.50225,311,引火归源，导龙入海之要药,,,,,,,阴火治法,前哲,,,,,,
Doctrine_71a45d9849,麻黄配桂枝，重剂发汗,,Doctrine,1,-2.31731,0.31451,312,麻黄配桂枝，重剂发汗,,,,,,,重剂发汗,,,,,,,
Doctrine_f8f95ade36,苏叶合葱豉，轻剂发汗,,Doctrine,1,-0.63343,-0.87302,313,苏叶合葱豉，轻剂发汗,,,,,,,轻剂发汗,,,,,,,
Doctrine_380fa77e23,柴胡配黄芩，固为和解,,Doctrine,1,-0.97972,1.0867,314,柴胡配黄芩，固为和解,,,,,,,和解,,,,,,,
Doctrine_a8730c0a82,麻黄合石膏，亦为和解,,Doctrine,1,-2.12158,-0.71121,315,麻黄合石膏，亦为和解,,,,,,,和解,,,,,,,
Doctrine_e06657a7b4,蝉、蚕配生军，为升降和解,,Doctrine,1,-0.15462,-0.09741,316,蝉、蚕配生军，为升降和解,,,,,,,升降和解,,,,,,,
Doctrine_15a1c7cc5c,茹、橘合苏枝，是旁达和解,,Doctrine,1,-1.92055,0.82013,317,茹、橘合苏枝，是旁达和解,,,,,,,旁达和解,,,,,,,
Doctrine_83fefa31f9,元明粉配白蜜，急性润下,,Doctrine,1,-1.18847,-1.17997,318,元明粉配白蜜，急性润下,,,,,,,急性润下,,,,,,,
Doctrine_cb1d97e243,陈海蜇合地栗，慢性润下,,Doctrine,1,-0.47881,0.75447,319,陈海蜇合地栗，慢性润下,,,,,,,慢性润下,,,,,,,
Doctrine_bf1e01eff3,查、曲配制军，是下食滞,,Doctrine,1,-2.28143,-0.0887,320,查、曲配制军，是下食滞,,,,,,,下食滞,,,,,,,
Doctrine_156a5c4a3d,桃、红合醋军，是下瘀积,,Doctrine,1,-0.24873,-0.72466,321,桃、红合醋军，是下瘀积,,,,,,,下瘀积,,,,,,,
Doctrine_5611b2caa6,礞、沉配制军，是下痰火,,Doctrine,1,-1.35212,1.01552,322,礞、沉配制军，是下痰火,,,,,,,下痰火,,,,,,,
Doctrine_e6f3f4c6b2,遂、戟合制军，是下水积,,Doctrine,1,-1.77976,-0.92807,323,遂、戟合制军，是下水积,,,,,,,下水积,,,,,,,
Doctrine_45a0fb2d37,黄芪配当归、苁蓉，是润下老人气秘,,Doctrine,1,-0.03829,0.29814,324,黄芪配当归、苁蓉，是润下老人气秘,,,,,,,润下老人气秘,,,,,,,
Doctrine_33ea0f0d16,桃仁合松柏二仁，是润下产妇血秘,,Doctrine,1,-2.09064,0.48129,325,桃仁合松柏二仁，是润下产妇血秘,,,,,,,润下产妇血秘,,,,,,,
Doctrine_6b80663829,莱菔汁配瓜蒂，是急吐痰涎,,Doctrine,1,-0.80841,-1.04065,326,莱菔汁配瓜蒂，是急吐痰涎,,,,,,,急吐痰涎,,,,,,,
Doctrine_7212e87e72,淡盐汤合橘红，是缓吐痰涎,,Doctrine,1,-0.72194,1.08747,327,淡盐汤合橘红，是缓吐痰涎,,,,,,,缓吐痰涎,,,,,,,
Doctrine_d3fcccdce8,杜牛膝汁，吐喉闭毒涎,,Doctrine,1,-2.11602,-0.42985,328,杜牛膝汁，吐喉闭毒涎,,,,,,,吐喉闭毒涎,,,,,,,
Doctrine_2fd4626257,制净胆矾，吐脘中毒食,,Doctrine,1,-0.12805,-0.33827,329,制净胆矾，吐脘中毒食,,,,,,,吐脘中毒食,,,,,,,
Doctrine_405d817b64,杏、蔻配姜、橘，是辛温开上,,Doctrine,1,-1.76431,1.02517,330,杏、蔻配姜、橘，是辛温开上,,,,,,,辛温开上,,,,,,,
Doctrine_3720d9b5fe,香、砂合二陈，是辛温和中,,Doctrine,1,-1.40838,-1.00436,331,香、砂合二陈，是辛温和中,,,,,,,辛温和中,,,,,,,
Doctrine_67dd12d83b,附、桂配丁、沉，是辛温暖下,,Doctrine,1,-0.2715,0.62901,332,附、桂配丁、沉，是辛温暖下,,,,,,,辛温暖下,,,,,,,
Doctrine_68edc3d5c2,葱、豉配栀、芩，是辛凉解肌,,Doctrine,1,-2.3491,0.16004,333,葱、豉配栀、芩，是辛凉解肌,,,,,,,辛凉解肌,,,,,,,
Doctrine_14b8f49247,杏、橘合栀、翘，是轻清宣上,,Doctrine,1,-0.52189,-0.79234,334,杏、橘合栀、翘，是轻清宣上,,,,,,,轻清宣上,,,,,,,
Doctrine_b975ee25aa,芩、连配姜、半，是苦辛清中,,Doctrine,1,-1.12642,1.1037,335,芩、连配姜、半，是苦辛清中,,,,,,,苦辛清中,,,,,,,
Doctrine_f3f5b981d2,五苓合三石，是质重导下,,Doctrine,1,-2.01833,-0.83042,336,五苓合三石，是质重导下,,,,,,,质重导下,,,,,,,
Doctrine_66740c0f6a,芦笋配灯芯，是轻清宣气,,Doctrine,1,-0.15078,0.04019,337,芦笋配灯芯，是轻清宣气,,,,,,,轻清宣气,,,,,,,
Doctrine_f4130e4900,桑叶合丹皮，是轻清凉血,,Doctrine,1,-2.02329,0.71406,338,桑叶合丹皮，是轻清凉血,,,,,,,轻清凉血,,,,,,,
Doctrine_0b4bb020a7,知母配石、甘，是甘寒清气,,Doctrine,1,-1.03105,-1.17056,339,知母配石、甘，是甘寒清气,,,,,,,甘寒清气,,,,,,,
Doctrine_177b9ea611,犀、羚合鲜生地，是咸寒清血,,Doctrine,1,-0.58568,0.84124,340,犀、羚合鲜生地，是咸寒清血,,,,,,,咸寒清血,,,,,,,
Doctrine_b03fc73ba4,橘、半配茯苓，则消湿痰,,Doctrine,1,-2.25977,-0.23478,341,橘、半配茯苓，则消湿痰,,,,,,,消湿痰,,,,,,,
Doctrine_ddc351183c,蒌、贝合竹沥，则消燥痰,,Doctrine,1,-0.16042,-0.59401,342,蒌、贝合竹沥，则消燥痰,,,,,,,消燥痰,,,,,,,
Doctrine_4e3d230ce4,姜、附配荆沥，则消寒痰,,Doctrine,1,-1.486,0.9835,343,姜、附配荆沥，则消寒痰,,,,,,,消寒痰,,,,,,,
Doctrine_ad5f3f0626,海粉合梨汁，则消火痰,,Doctrine,1,-1.65065,-0.99976,344,海粉合梨汁，则消火痰,,,,,,,消火痰,,,,,,,
Doctrine_cec05e7f9d,神曲配谷芽、麦芽，则消谷食,,Doctrine,1,-0.08824,0.44772,345,神曲配谷芽、麦芽，则消谷食,,,,,,,消谷食,,,,,,,
Doctrine_35c9ede689,山楂合卜子，则消肉食,,Doctrine,1,-2.14668,0.35556,346,山楂合卜子，则消肉食,,,,,,,消肉食,,,,,,,
Doctrine_668a4f5ef3,乌梅配蔗浆、葛花，则消酒积,,Doctrine,1,-0.67296,-0.9818,347,乌梅配蔗浆、葛花，则消酒积,,,,,,,消酒积,,,,,,,
Doctrine_0a35d6e482,商陆合千金霜，则消水积,,Doctrine,1,-0.87104,1.13884,348,商陆合千金霜，则消水积,,,,,,,消水积,,,,,,,
Doctrine_25b3564a53,参、芪配术、草，是补气虚,,Doctrine,1,-2.05034,-0.55083,349,参、芪配术、草，是补气虚,,,,,,,补气虚,,,,,,,
Doctrine_ab31f8b854,归、地合芍、芎，是补血虚,,Doctrine,1,-0.09234,-0.19498,350,归、地合芍、芎，是补血虚,,,,,,,补血虚,,,,,,,
Doctrine_de333f9976,燕窝配冰糖，是补津液,,Doctrine,1,-1.8958,0.9381,351,燕窝配冰糖，是补津液,,,,,,,补津液,,,,,,,
Doctrine_59018cddbf,枣仁合茯神，是补心神,,Doctrine,1,-1.27241,-1.02585,352,枣仁合茯神，是补心神,,,,,,,补心神,,,,,,,
Doctrine_91e82a6e2f,熟地配杞子，是补肾精,,Doctrine,1,-0.36349,0.74454,353,熟地配杞子，是补肾精,,,,,,,补肾精,,,,,,,
Doctrine_7e55ce32be,杜仲合川断，是补筋节,,Doctrine,1,-2.36,0.00272,354,杜仲合川断，是补筋节,,,,,,,补筋节,,,,,,,
Doctrine_5ad3201abd,枳壳配桔梗，善开胸膈以疏气,,Doctrine,1,-0.42211,-0.6975,355,枳壳配桔梗，善开胸膈以疏气,,,,,,,开胸膈以疏气,,,,,,,
Doctrine_fcdb6cd38a,桃仁合红花，善通血脉以消瘀,,Doctrine,1,-1.27407,1.10099,356,桃仁合红花，善通血脉以消瘀,,,,,,,通血脉以消瘀,,,,,,,
Doctrine_7404adbaf5,此皆配制之要略，足开后学之悟机,,Doctrine,1,-1.90011,-0.93479,357,此皆配制之要略，足开后学之悟机,,,,,,,配制要略,,,,,,,
Doctrine_a1da188127,邪去正乃安，故逐邪以发表攻里为先。正足邪自去，故扶正以滋阴补阳为主。古人去病补虚，总不外发表、攻里、滋阴、补阳四大要法。,,Doctrine,1,-0.73329,0.30143,0,邪去正乃安，故逐邪以发表攻里为先。正足邪自去，故扶正以滋阴补阳为主。古人去病补虚，总不外发表、攻里、滋阴、补阳四大要法。,,,,,,,六经总诀,俞根初,,,,,,
Doctrine_dae9bba3e1,浙绍卑湿，凡伤寒恒多挟湿，故予于辛温中佐以淡渗者，防其停湿也。,,Doctrine,1,-0.16533,0.17707,358,浙绍卑湿，凡伤寒恒多挟湿，故予于辛温中佐以淡渗者，防其停湿也。,,,,,,,治湿,予,,,,,,
Doctrine_6659ae9449,湖南高燥，凡伤寒最易化燥，仲景于辛温中佐以甘润者，防其化燥也。,,Doctrine,1,-1.21597,-0.29763,0,湖南高燥，凡伤寒最易化燥，仲景于辛温中佐以甘润者，防其化燥也。,,,,,,,治燥,仲景,,,,,,
Doctrine_50b87cb60d,辛温发汗法虽同，而佐使之法则异。,,Doctrine,1,-2.11098,0.59523,359,辛温发汗法虽同，而佐使之法则异。,,,,,,,发汗法,,,,,,,
Doctrine_4a1d422c55,治正伤寒证，每用以代麻桂二汤，辄效。,,Doctrine,1,-0.87629,-1.14025,360,治正伤寒证，每用以代麻桂二汤，辄效。,,,,,,,正伤寒证治疗,予,,,,,,
Doctrine_f6b9d83a61,膜者，横膈之膜;原者，空隙之处。外通肌腠，内近胃腑，即三焦之关键，为内外交界之地，实一身之半表半里也。,,Doctrine,1,-0.70316,0.91298,361,膜者，横膈之膜;原者，空隙之处。外通肌腠，内近胃腑，即三焦之关键，为内外交界之地，实一身之半表半里也。,,,,,,,膜原,,,,,,,
Doctrine_3797b6e2ca,凡外邪每由膜原入内，内邪每由膜原达外,,Doctrine,1,-2.21882,-0.37667,362,凡外邪每由膜原入内，内邪每由膜原达外,,,,,,,膜原病机,,,,,,,
Doctrine_67be03426b,吴又可治疫邪初犯膜原所以有达原饮之作也,,Doctrine,1,-1.03694,0.51423,0,吴又可治疫邪初犯膜原所以有达原饮之作也,,,,,,,达原饮之立法依据,吴又可,,,,,,
Doctrine_808d019dbf,今俞氏以柴、芩为君者，以柴胡疏达膜原之气机，黄芩苦泄膜原之郁火也；臣以枳、桔开上，朴、果疏中，青、槟达下，以开达三焦之气,,Doctrine,1,-0.72603,0.29387,0,今俞氏以柴、芩为君者，以柴胡疏达膜原之气机，黄芩苦泄膜原之郁火也；臣以枳、桔开上，朴、果疏中，青、槟达下，以开达三焦之气机，使膜原伏邪，从三焦而外达肌腠也;佐以荷梗透之，使以甘草和之。,,,,,,,柴胡达原饮方义,俞根初,,,,,,
Doctrine_49c06a62f3,虽云达原，实为和解三焦之良方，较之吴氏原方，奏功尤捷,,Doctrine,1,-0.09031,-0.45275,363,虽云达原，实为和解三焦之良方，较之吴氏原方，奏功尤捷,,,,,,,柴胡达原饮与达原饮之比较,,,,,,,
Doctrine_cf1e96a58e,然必湿重于热，阻滞膜原，始为适宜，若湿已开、热已透，相火炽盛，再投此剂，反助相火愈炽，适劫胆汁而烁肝阴，酿成火旺生风，痉,,Doctrine,1,-1.61441,0.93391,364,然必湿重于热，阻滞膜原，始为适宜，若湿已开、热已透，相火炽盛，再投此剂，反助相火愈炽，适劫胆汁而烁肝阴，酿成火旺生风，痉厥兼臻之变矣。,,,,,,,柴胡达原饮使用禁忌,,,,,,,
Doctrine_339553c47c,足少阳胆与手少阳三焦，合为一经。其气化，一寄于胆中以化水谷，一发于三焦以行腠理。若受湿遏热郁，则三焦之气机不畅，胆中之相,,Doctrine,1,-1.51314,-1.05359,365,足少阳胆与手少阳三焦，合为一经。其气化，一寄于胆中以化水谷，一发于三焦以行腠理。若受湿遏热郁，则三焦之气机不畅，胆中之相火乃炽，故以蒿、芩、竹茹为君，以清泄胆火。胆火炽，必犯胃而液郁为痰，故臣以枳壳、二陈，和胃化痰。然必下焦之气机通畅，斯胆中之相火清和，故又佐以碧玉，引相火下泄，使以赤苓俾湿热下出，均从膀胱而去。此为和解胆经之良方，凡胸痞作呕、寒热如疟者，投无不效。,,,,,,,蒿芩清胆汤方义,,,,,,,
Doctrine_5b22c9b6b7,肺伏痰火，则胸膈痞满而痛，甚则神昏谵语。,,Doctrine,1,-0.15769,0.58931,366,肺伏痰火，则胸膈痞满而痛，甚则神昏谵语。,,,,,,,肺伏痰火致胸膈痞满病机,,,,,,,
Doctrine_05e8e98130,肺气失降，则大肠之气亦痹，肠痹则腹满便闭。,,Doctrine,1,-2.18546,0.22348,367,肺气失降，则大肠之气亦痹，肠痹则腹满便闭。,,,,,,,肺气失降致肠痹病机,,,,,,,
Doctrine_2c3b183500,故君以蒌仁、半夏，辛滑开降，善能宽胸启膈；臣以枳实、川连，苦辛通降，善能消痞泄满。,,Doctrine,1,-0.54657,-0.90542,368,故君以蒌仁、半夏，辛滑开降，善能宽胸启膈；臣以枳实、川连，苦辛通降，善能消痞泄满。,,,,,,,君臣药配伍方义,,,,,,,
Doctrine_a067849434,然下既不通，必壅乎上，又必佐以硝、黄，咸苦达下，使痰火一齐通解。,,Doctrine,1,-1.02566,1.16986,369,然下既不通，必壅乎上，又必佐以硝、黄，咸苦达下，使痰火一齐通解。,,,,,,,佐药配伍方义,,,,,,,
Doctrine_18a56b319c,此为开肺通肠、痰火结闭之良方。,,Doctrine,1,-1.96912,-0.66196,370,此为开肺通肠、痰火结闭之良方。,,,,,,,方剂功用总结,,,,,,,
Doctrine_5b4ef7b57f,杏仁配橘皮，以通大肠气闭,,Doctrine,1,-0.07605,-0.0482,371,杏仁配橘皮，以通大肠气闭,,,,,,,方义,秀按,,,,,,
Doctrine_fe80935e0a,桃仁合橘皮，以通小肠血秘,,Doctrine,1,-2.0145,0.83427,372,桃仁合橘皮，以通小肠血秘,,,,,,,方义,秀按,,,,,,
Doctrine_6d404fff82,气血通润，肠自滑流矣，故以为君,,Doctrine,1,-1.13479,-1.02901,373,气血通润，肠自滑流矣，故以为君,,,,,,,方义,秀按,,,,,,
Doctrine_307bfe015c,郁李仁得橘皮，善解气与水互结，洗涤肠中之垢腻，以滑大便，故以为臣,,Doctrine,1,-0.47006,0.84677,374,郁李仁得橘皮，善解气与水互结，洗涤肠中之垢腻，以滑大便，故以为臣,,,,,,,方义,秀按,,,,,,
Doctrine_eb50d2a47e,佐以松、柏通幽，幽通则大便自通,,Doctrine,1,-2.34982,-0.15466,375,佐以松、柏通幽，幽通则大便自通,,,,,,,方义,秀按,,,,,,
Doctrine_6103116488,此为润燥滑肠，体虚便闭之良方,,Doctrine,1,-0.33587,-0.59021,376,此为润燥滑肠，体虚便闭之良方,,,,,,,主治,秀按,,,,,,
Doctrine_2e96761d4a,素禀湿滞，恣食生冷油腻，成湿霍乱者甚多,,Doctrine,1,-1.42004,1.07861,377,素禀湿滞，恣食生冷油腻，成湿霍乱者甚多,,,,,,,湿霍乱病因,,,,,,,
Doctrine_86f7dc6177,君以藿、朴、橘、术温理中焦，臣以查、曲消滞，佐以砂仁运气，使以甘草，缓其燥烈之性,,Doctrine,1,-1.76903,-1.02247,378,君以藿、朴、橘、术温理中焦，臣以查、曲消滞，佐以砂仁运气，使以甘草，缓其燥烈之性,,,,,,,神术汤君臣佐使配伍,,,,,,,
Doctrine_8e0061bc33,此为温中导滞，平胃快脾之良方,,Doctrine,1,-0.19801,0.31079,379,此为温中导滞，平胃快脾之良方,,,,,,,神术汤功用,,,,,,,
Doctrine_f5d00ec3aa,肝藏血而主筋,,Doctrine,1,-2.18204,0.46577,380,肝藏血而主筋,,,,,,,肝之生理,,,,,,,
Doctrine_646a66023e,凡肝风上翔，症必头晕胀痛，耳鸣心悸，手足躁扰，甚则瘛疭，狂乱痉厥,,Doctrine,1,-0.72696,-1.08956,381,凡肝风上翔，症必头晕胀痛，耳鸣心悸，手足躁扰，甚则瘛疭，狂乱痉厥,,,,,,,肝风证候,,,,,,,
Doctrine_bd0898b60a,故以羚、藤、桑、菊息风定痉为君,,Doctrine,1,-0.82916,0.96841,382,故以羚、藤、桑、菊息风定痉为君,,,,,,,组方君药,,,,,,,
Doctrine_265a1d22ce,臣以川贝善治风痉，茯神木专平肝风,,Doctrine,1,-2.15932,-0.51183,383,臣以川贝善治风痉，茯神木专平肝风,,,,,,,组方臣药,,,,,,,
Doctrine_9d8ad7e5ff,尤必佐以芍、甘、鲜地酸甘化阴，滋血液以缓肝急,,Doctrine,1,-0.03967,-0.3034,384,尤必佐以芍、甘、鲜地酸甘化阴，滋血液以缓肝急,,,,,,,组方佐药,,,,,,,
Doctrine_67e2ff9cb3,使以竹茹，不过以竹之脉络通人之脉络耳,,Doctrine,1,-1.73507,0.86764,385,使以竹茹，不过以竹之脉络通人之脉络耳,,,,,,,组方使药,,,,,,,
Doctrine_4019c0c9f4,此为凉肝息风，增液舒筋之良方,,Doctrine,1,-1.36967,-1.0886,386,此为凉肝息风，增液舒筋之良方,,,,,,,方剂功效,,,,,,,
Doctrine_912f83b7c9,然惟便通者，但用甘咸静镇，酸泄清通，始能奏效。若便闭者，必须犀、连、承气，急泻肝火以息风，庶可救危于俄顷,,Doctrine,1,-0.2454,0.72037,387,然惟便通者，但用甘咸静镇，酸泄清通，始能奏效。若便闭者，必须犀、连、承气，急泻肝火以息风，庶可救危于俄顷,,,,,,,临证加减,,,,,,,
Doctrine_a5e828585d,方以生玉竹滋阴润燥为君，臣以葱、豉、薄、桔，疏风散热。佐以白薇苦咸降泄。使以甘草、红枣，甘润增液，以助玉竹之滋阴润燥。为,,Doctrine,1,-2.20628,0.08741,388,方以生玉竹滋阴润燥为君，臣以葱、豉、薄、桔，疏风散热。佐以白薇苦咸降泄。使以甘草、红枣，甘润增液，以助玉竹之滋阴润燥。为阴虚体感冒风温，及冬温咳嗽、咽干痰结之良剂。,,,,,,,加减葳蕤汤方义,,,,,,,
Doctrine_ff4de51cf4,血虚生风者，非真有风也。,,Doctrine,1,-0.43149,-0.81287,389,血虚生风者，非真有风也。,,,,,,,血虚生风,,,,,,,
Doctrine_83d632b069,实因血不养筋，筋脉拘挛，伸缩不能自如，故手足瘛疭，类似风动，故名曰内虚暗风，通称肝风。,,Doctrine,1,-1.18304,1.18,390,实因血不养筋，筋脉拘挛，伸缩不能自如，故手足瘛疭，类似风动，故名曰内虚暗风，通称肝风。,,,,,,,内虚暗风·肝风,,,,,,,
Doctrine_c999b108dc,温热病末路多见此症者，以热伤血液故也。,,Doctrine,1,-1.8738,-0.76128,391,温热病末路多见此症者，以热伤血液故也。,,,,,,,温热病与血虚生风,,,,,,,
Doctrine_b6e37b1047,方以阿胶、鸡子黄为君，取其血肉有情，液多质重，以滋血液而息肝风。,,Doctrine,1,-0.07948,0.09944,392,方以阿胶、鸡子黄为君，取其血肉有情，液多质重，以滋血液而息肝风。,,,,,,,阿胶鸡子黄汤方义,,,,,,,
Doctrine_3b6fa1f4b8,臣以芍、草、茯神木，一则酸甘化阴以柔肝，一则以木制木而息风。,,Doctrine,1,-2.11829,0.71554,393,臣以芍、草、茯神木，一则酸甘化阴以柔肝，一则以木制木而息风。,,,,,,,阿胶鸡子黄汤方义,,,,,,,
Doctrine_13b012bf30,然心血虚者，肝阳必亢，故佐以决明、牡蛎介类潜阳。,,Doctrine,1,-0.99798,-1.01379,394,然心血虚者，肝阳必亢，故佐以决明、牡蛎介类潜阳。,,,,,,,阿胶鸡子黄汤方义,,,,,,,
Doctrine_d5dffdd1b6,筋挛者络亦不舒，故使以钩藤、络石通络舒筋也。,,Doctrine,1,-0.58932,0.93387,395,筋挛者络亦不舒，故使以钩藤、络石通络舒筋也。,,,,,,,阿胶鸡子黄汤方义,,,,,,,
Doctrine_98c5e60ea8,此为养血滋阴，柔肝息风之良方。,,Doctrine,1,-2.31875,-0.30927,396,此为养血滋阴，柔肝息风之良方。,,,,,,,阿胶鸡子黄汤功效,,,,,,,
Doctrine_cf323fa68e,二味血肉有情，质重味厚，大能育阴息风，增液润筋，故效验若斯,,Doctrine,1,-1.57391,-0.18613,0,二味血肉有情，质重味厚，大能育阴息风，增液润筋，故效验若斯,,,,,,,阿胶、鸡子黄治肝风证,赵晴初,,,,,,
Doctrine_a3eccc3e3a,鸡子黄为定风珠,,Doctrine,1,-0.87126,0.14497,0,鸡子黄为定风珠,,,,,,,鸡子黄功效,吴鞠通,,,,,,
Doctrine_2c394012e7,夙具灵根，具大气魄，能悟天下妙理者,,Doctrine,1,-0.93145,-0.72185,0,夙具灵根，具大气魄，能悟天下妙理者,,,,,,,,田晋元,,,,,,
Doctrine_0a27f27233,医者既患多书，余又何述焉？特以向来未明之义，各相抵牾而滋流弊之害者，举其百中一、二，论其大略；并《内经》所列六气，历来注,,Doctrine,1,-0.97554,-0.63118,0,医者既患多书，余又何述焉？特以向来未明之义，各相抵牾而滋流弊之害者，举其百中一、二，论其大略；并《内经》所列六气，历来注疏有未尽当者，据理辨之，就正有道，以为保卫性命之一助，爰名为《医门棒喝》，聊取解粘去缚，俾洞本源之意耳,,,,,,,医门棒喝命名之意,章虚谷,,,,,,
Doctrine_fa01bee5d1,以这两家学说为主，对温病理论做了一番整理和敷扬工作,,Doctrine,1,-0.79017,-0.43246,0,以这两家学说为主，对温病理论做了一番整理和敷扬工作,,,,,,,温病学说,章氏,,,,,,
Doctrine_0dc6f971b7,对温病学说创立、发展有重要作用,,Doctrine,1,-0.92718,-0.03224,0,对温病学说创立、发展有重要作用,,,,,,,温病学说,王孟英,,,,,,
Doctrine_6d6d5ef75e,圣人阐明生死之理之书,,Doctrine,1,-0.8462,-0.50725,0,圣人阐明生死之理之书,,,,,,,内经》性质评价,章氏,,,,,,
Doctrine_b2102524a0,业医者，不肯究心圣经理法，陋习相沿，不识阴阳虚实，通套一方，混治诸病，而谓道止如是，名为仁术，不知杀人于冥冥中,,Doctrine,1,-0.76413,-0.41481,0,业医者，不肯究心圣经理法，陋习相沿，不识阴阳虚实，通套一方，混治诸病，而谓道止如是，名为仁术，不知杀人于冥冥中,,,,,,,当时医风弊端,章氏,,,,,,
Doctrine_829dde09f0,今体会经义而分门类：一曰禀赋源流，二曰摄养为本，三曰阴阳脏腑，四曰营卫经络，五曰四诊合参，六曰外感内伤，七曰治法准则，八,,Doctrine,1,-0.78245,-0.40327,0,今体会经义而分门类：一曰禀赋源流，二曰摄养为本，三曰阴阳脏腑，四曰营卫经络，五曰四诊合参，六曰外感内伤，七曰治法准则，八曰运气要略。,,,,,,,灵素节注类编》分类体例,章氏,,,,,,
Doctrine_bc21b566e2,今凡深奥简古之文，悉心体会，详细辨注，必明其不易之理；其有文义明晰易解，毋须赘注者，则略之。,,Doctrine,1,-0.7851,-0.41343,0,今凡深奥简古之文，悉心体会，详细辨注，必明其不易之理；其有文义明晰易解，毋须赘注者，则略之。,,,,,,,灵素节注类编》注释原则,章氏,,,,,,
Doctrine_7836df494a,尽吾心力,,Doctrine,1,-0.77977,-0.44389,0,尽吾心力,,,,,,,学医目的,章氏,,,,,,
Doctrine_853cfaa7a9,他把学医看作是自己的所好，不觉其苦,,Doctrine,1,-0.80886,-0.44878,0,他把学医看作是自己的所好，不觉其苦,,,,,,,学医态度,章氏,,,,,,
Doctrine_434766c8a5,天地之大，事物之变，莫可涯矣。究之，一理而已。见其理，则触处皆通；昧其理，则动多窒碍,,Doctrine,1,-0.77364,-0.42475,0,天地之大，事物之变，莫可涯矣。究之，一理而已。见其理，则触处皆通；昧其理，则动多窒碍,,,,,,,医理,章氏,,,,,,
Doctrine_e9d0f00130,非格致诚正之功，不能通医之理,,Doctrine,1,-0.72774,-0.43365,0,非格致诚正之功，不能通医之理,,,,,,,格致诚正与医理,章氏,,,,,,
Doctrine_3b57cc1910,章氏尊《灵》《素》发明天人合一之理，以卫身心性命为医经之源,,Doctrine,1,-0.74905,-0.40334,0,章氏尊《灵》《素》发明天人合一之理，以卫身心性命为医经之源,,,,,,,天人合一,章氏,,,,,,
Doctrine_5dab82f8f6,仲景绍圣轩岐、本《灵》《素》作《伤寒杂病论》，为方书之祖,,Doctrine,1,-0.80071,-0.44216,0,仲景绍圣轩岐、本《灵》《素》作《伤寒杂病论》，为方书之祖,,,,,,,伤寒杂病论渊源,章氏,,,,,,
Doctrine_8f362c4079,临证之顷，随病设施，揭其理蕴而因时制宜，无法不备。如造化生物，无迹可求，各得自然之用，与千百年前之仲景心心相印而得其真传,,Doctrine,1,-0.77692,-0.39435,0,临证之顷，随病设施，揭其理蕴而因时制宜，无法不备。如造化生物，无迹可求，各得自然之用，与千百年前之仲景心心相印而得其真传,,,,,,,叶天士学术评价,章氏,,,,,,
Doctrine_a4cd7e62e4,要在读者因流溯源，知其理之所归,,Doctrine,1,-0.76315,-0.42527,0,要在读者因流溯源，知其理之所归,,,,,,,学医方法,章氏,,,,,,
Doctrine_fb2a75fe2c,舍其短而用其长，随时取益，变化无方而理无不合矣,,Doctrine,1,-0.79497,-0.42192,0,舍其短而用其长，随时取益，变化无方而理无不合矣,,,,,,,学医方法,章氏,,,,,,
Doctrine_6c5fb5c756,夫阳昌阴随，为造化自然之道。故阳能帅阴，而阴赖阳之煦通以生长；阴能和阳，而阳藉阴之翕合以固密。此阴阳自然之性能，所以经言,,Doctrine,1,-0.75384,-0.41268,0,夫阳昌阴随，为造化自然之道。故阳能帅阴，而阴赖阳之煦通以生长；阴能和阳，而阳藉阴之翕合以固密。此阴阳自然之性能，所以经言阳强不能密，阴气乃绝；阴平阳秘，精神乃治也,,,,,,,阴阳关系,章氏,,,,,,
Doctrine_e0be068e8e,理有一定而法无定；法有定而方无定；方有定而病无定也,,Doctrine,1,-0.77177,-0.40419,0,理有一定而法无定；法有定而方无定；方有定而病无定也,,,,,,,辨证论治,章氏,,,,,,
Doctrine_db035262d5,治病制方固难，而辨证尤难也,,Doctrine,1,-0.79541,-0.41143,0,治病制方固难，而辨证尤难也,,,,,,,辨证,章氏,,,,,,
Doctrine_01946d8243,方书日富，则圣道日晦,,Doctrine,1,-0.80846,-0.42465,0,方书日富，则圣道日晦,,,,,,,医道,章氏,,,,,,
Doctrine_0b3c9263cf,每临一病，胸无成竹，惟审其虚实、阴阳、表里、寒热，设法制方，求其合病而止,,Doctrine,1,-0.76917,-0.43426,0,每临一病，胸无成竹，惟审其虚实、阴阳、表里、寒热，设法制方，求其合病而止,,,,,,,制方辨证,章氏,,,,,,
Doctrine_4d724a7ff1,方药治病的奥秘在于以药之偏救病之偏，以药之性适人之表里、阴阳、虚实、寒热,,Doctrine,1,-0.91764,-0.5634,0,方药治病的奥秘在于以药之偏救病之偏，以药之性适人之表里、阴阳、虚实、寒热,,,,,,,制方之理,章虚谷,,,,,,
Doctrine_a714432879,要妙者，药性气味也；配合制度，实不外阴阳五行之理耳,,Doctrine,1,-0.95855,1.08258,74,要妙者，药性气味也；配合制度，实不外阴阳五行之理耳,,,,,,,制方之理,章虚谷,,,,,,
Doctrine_ea0f4825ae,夫人禀阴阳五行之气以生，气有偏驳则病，药得阴阳五行之偏，是故以偏治偏，必归于平而后病愈。,,Doctrine,1,-1.00648,-0.60762,0,夫人禀阴阳五行之气以生，气有偏驳则病，药得阴阳五行之偏，是故以偏治偏，必归于平而后病愈。,,,,,,,制方之理,章虚谷,,,,,,
Doctrine_9fa0e1ca08,无不以药性气味之阴阳，合乎人身表里阴阳虚实寒热者，是故投无不效，而七方十剂之法，亦尽具于中,,Doctrine,1,-1.03396,-0.61574,0,无不以药性气味之阴阳，合乎人身表里阴阳虚实寒热者，是故投无不效，而七方十剂之法，亦尽具于中,,,,,,,七方十剂,章虚谷,,,,,,
Doctrine_4b6889552a,设为十剂，曰宣、通、补、泻、轻、重、滑、涩、燥、湿,,Doctrine,1,-2.31096,0.33664,73,设为十剂，曰宣、通、补、泻、轻、重、滑、涩、燥、湿,,,,,,,十剂,徐之才,,,,,,
Doctrine_0421779830,医理渊微，愈辨驳则愈明显,,Doctrine,1,-0.94545,-0.57995,0,医理渊微，愈辨驳则愈明显,,,,,,,从医虚怀若谷之态度,章虚谷,,,,,,
Doctrine_96e946e04e,知我罪我，皆我师也,,Doctrine,1,-0.93828,-0.58761,0,知我罪我，皆我师也,,,,,,,独立思考、敢于发表不同意见,章虚谷,,,,,,
Doctrine_a241321fca,止可论六气之邪，未可论病,,Doctrine,1,-0.75114,-0.38206,0,止可论六气之邪，未可论病,,,,,,,六气之邪与病,章氏,,,,,,
Doctrine_4607d255da,以人体质不一，受邪虽同而病变不同，概用凉药则误矣,,Doctrine,1,-0.75588,-0.39536,0,以人体质不一，受邪虽同而病变不同，概用凉药则误矣,,,,,,,体质与用药,章氏,,,,,,
Doctrine_21dfee3de3,丹溪、景岳二论不过发明一节经义，而非全经之理,,Doctrine,1,-1.00963,-0.59762,0,丹溪、景岳二论不过发明一节经义，而非全经之理,,,,,,,阴阳论评议,章虚谷,,,,,,
Doctrine_8a68d02ae6,景岳所论阴证似阳、戴阳、格阳等证，诚有发古未发之功，学者必当参悟其理,,Doctrine,1,-0.99939,-0.59991,0,景岳所论阴证似阳、戴阳、格阳等证，诚有发古未发之功，学者必当参悟其理,,,,,,,阴证似阳、戴阳、格阳,章虚谷,,,,,,
Doctrine_697d447693,悟理方能辨之，真自不可因其所短，而没其所长也,,Doctrine,1,-0.99704,-0.64238,0,悟理方能辨之，真自不可因其所短，而没其所长也,,,,,,,学术评价方法,章虚谷,,,,,,
Doctrine_21f1d24549,评吴鞠通风温、瘟疫不分，伏气一证亦不分晰论列,,Doctrine,1,-0.0094,-0.14863,405,评吴鞠通风温、瘟疫不分，伏气一证亦不分晰论列,,,,,,,风温瘟疫分辨,,,,,,,
Doctrine_7bf44d3e8c,《素问》“秋伤于湿”之“湿”字，臆解穿凿，大乖义理,,Doctrine,1,-1.84581,0.78588,406,《素问》“秋伤于湿”之“湿”字，臆解穿凿，大乖义理,,,,,,,素问湿字训解,,,,,,,
Doctrine_5a84514422,吴鞠通先生《温病条辨》论药性气味功能，甚为精细,,Doctrine,1,-1.22281,-1.10417,407,吴鞠通先生《温病条辨》论药性气味功能，甚为精细,,,,,,,温病条辨药性评价,,,,,,,
Doctrine_8c0dea8ec7,其卷后论泻白散之弊尤确,,Doctrine,1,-0.34981,0.83856,408,其卷后论泻白散之弊尤确,,,,,,,泻白散之弊,,,,,,,
Doctrine_f68cb090e7,余亦屡见有混用桑皮反引外邪入阴，咳嗽不已者，地骨皮亦然，临证者不可不审也,,Doctrine,1,-2.20877,-0.05023,409,余亦屡见有混用桑皮反引外邪入阴，咳嗽不已者，地骨皮亦然，临证者不可不审也,,,,,,,桑皮地骨皮临证禁忌,,,,,,,
Doctrine_9723be7ce8,有服先生方而效者十二三，服之不效者亦十二三，服之而危且殆，至不救者十三四。,,Doctrine,1,-1.76609,-0.847,412,有服先生方而效者十二三，服之不效者亦十二三，服之而危且殆，至不救者十三四。,,,,,,,,,,,,,,
Doctrine_db6e22030d,彼本不治之证，余药冀生之命不济,,Doctrine,1,-0.10257,0.2453,413,彼本不治之证，余药冀生之命不济,,,,,,,,,,,,,,
Doctrine_cbfcdd8f04,其所载医案中有成功者，对不效者也详实记录。,,Doctrine,1,-2.20533,0.58404,414,其所载医案中有成功者，对不效者也详实记录。,,,,,,,,,,,,,,
Doctrine_ea0ca56708,对痘证初起者诊之少，也不讳言,,Doctrine,1,-0.86442,-0.98046,415,对痘证初起者诊之少，也不讳言,,,,,,,,,,,,,,
Doctrine_2618003c19,《内经》明阴阳造化之源流，天人合一之至理，大无不包，细无不贯,,Doctrine,1,-1.00403,-0.57739,0,《内经》明阴阳造化之源流，天人合一之至理，大无不包，细无不贯,,,,,,,天人合一,章虚谷,,,,,,
Doctrine_57af310147,人生与天地万物同根，故禀天地阴阳之气以生,,Doctrine,1,-0.98341,-0.63811,0,人生与天地万物同根，故禀天地阴阳之气以生,,,,,,,阴阳五行,章虚谷,,,,,,
Doctrine_dcac8217bc,五脏具五行之性，五行又各有阴阳,,Doctrine,1,-0.90915,-0.54741,0,五脏具五行之性，五行又各有阴阳,,,,,,,阴阳五行,章虚谷,,,,,,
Doctrine_d4507efb0f,人的一切生理活动和病理变化，皆系阴阳、五行之气在不断运动变化的结果,,Doctrine,1,-0.94643,-0.55239,0,人的一切生理活动和病理变化，皆系阴阳、五行之气在不断运动变化的结果,,,,,,,阴阳五行,章虚谷,,,,,,
Doctrine_b54d49961d,详究天地阴阳、五行生化之理，就是为了详明所以生、所以死之理,,Doctrine,1,-0.97685,-0.61709,0,详究天地阴阳、五行生化之理，就是为了详明所以生、所以死之理,,,,,,,生死之理,章虚谷,,,,,,
Doctrine_dd9a97d971,能明乎此理，就能操造化之柄，而补天地之缺失，以斡旋人身阴阳、气血生化之源，以救其病而保其生,,Doctrine,1,-0.91056,-0.59119,0,能明乎此理，就能操造化之柄，而补天地之缺失，以斡旋人身阴阳、气血生化之源，以救其病而保其生,,,,,,,临证应用,章虚谷,,,,,,
Doctrine_de1a3b6323,天以阴阳五行化生万物，气以成形,,Doctrine,1,-0.71912,1.0043,416,天以阴阳五行化生万物，气以成形,,,,,,,天人合一,素问·阴阳应象大论,,,,,,
Doctrine_3e37e9b8fe,人为万物之灵，而始生之气禀于东者，所谓帝出乎震也,,Doctrine,1,-1.03695,-0.59367,0,人为万物之灵，而始生之气禀于东者，所谓帝出乎震也,,,,,,,天人合一,章虚谷,,,,,,
Doctrine_13f1ffeb55,由之生化循环不息，乃为禀赋源流，天人合一之道也,,Doctrine,1,-0.9216,-0.54296,0,由之生化循环不息，乃为禀赋源流，天人合一之道也,,,,,,,天人合一,章虚谷,,,,,,
Doctrine_934a9a9e1e,天不足西北，故西北方阴也，而人右耳目不如左明也；地不满东南，故东南方阳也，而人左手足不如右强也,,Doctrine,1,-2.26734,-0.45835,417,天不足西北，故西北方阴也，而人右耳目不如左明也；地不满东南，故东南方阳也，而人左手足不如右强也,,,,,,,天人合一,素问·阴阳应象大论,,,,,,
Doctrine_9b82870383,人为一小天地,,Doctrine,1,-0.99252,-0.63291,0,人为一小天地,,,,,,,天人合一,章虚谷,,,,,,
Doctrine_d65f389c99,与天地同造化,,Doctrine,1,-0.93831,-0.55906,0,与天地同造化,,,,,,,天人合一,章虚谷,,,,,,
Doctrine_385c07d315,调治其身者，不法天地之气化，则灾害必至矣,,Doctrine,1,-0.94239,-0.56969,0,调治其身者，不法天地之气化，则灾害必至矣,,,,,,,治病法天地,章虚谷,,,,,,
Doctrine_22c1d33968,精神魂魄本天地,,Doctrine,1,-1.01685,-0.60634,0,精神魂魄本天地,,,,,,,人身本天地,章虚谷,,,,,,
Doctrine_e11adbff71,精气津液血脉由阴阳所化,,Doctrine,1,-0.89765,-0.56255,0,精气津液血脉由阴阳所化,,,,,,,阴阳化生,章虚谷,,,,,,
Doctrine_3a4bacc641,天地人身的变化，都本乎阴阳太极,,Doctrine,1,-1.01441,-0.57618,0,天地人身的变化，都本乎阴阳太极,,,,,,,阴阳太极,章虚谷,,,,,,
Doctrine_5c6e5bc1d8,自然界的六气，名虽有六，实则只是阴阳二气的进退而已,,Doctrine,1,-0.95808,-0.60865,0,自然界的六气，名虽有六，实则只是阴阳二气的进退而已,,,,,,,六气,章虚谷,,,,,,
Doctrine_b86209a0b0,先夏至日为病温者是有火无湿，后夏至日为病暑者是火湿相合,,Doctrine,1,-0.92328,-0.60376,0,先夏至日为病温者是有火无湿，后夏至日为病暑者是火湿相合,,,,,,,温暑病机,章虚谷,,,,,,
Doctrine_7d195af02e,秋之前半截伤湿，后半截伤燥的说法为臆说,,Doctrine,1,-1.04812,-0.63122,0,秋之前半截伤湿，后半截伤燥的说法为臆说,,,,,,,秋燥湿论,章虚谷,,,,,,
Doctrine_82e81f7ea0,立秋后火力微，则水不能沸，而湿气遂收。然火力虽弱，阳焰犹存，则反化燥，故秋为燥金之令,,Doctrine,1,-1.0585,-0.62829,0,立秋后火力微，则水不能沸，而湿气遂收。然火力虽弱，阳焰犹存，则反化燥，故秋为燥金之令,,,,,,,秋燥,章虚谷,,,,,,
Doctrine_7d95296538,秋当主燥，但立秋后，湿土司令尚有一月，如按节气与六气相配则似不符，但如按阴阳进退之理，以审气候，则若合符节,,Doctrine,1,-1.04606,-0.58825,0,秋当主燥，但立秋后，湿土司令尚有一月，如按节气与六气相配则似不符，但如按阴阳进退之理，以审气候，则若合符节,,,,,,,秋燥与节气,章虚谷,,,,,,
Doctrine_a6d9d69534,熔铸百家，汇归经义，与千百年前仲景心心相印,,Doctrine,1,-0.99414,-0.62253,0,熔铸百家，汇归经义，与千百年前仲景心心相印,,,,,,,叶氏学术渊源,章虚谷,,,,,,
Doctrine_d559fdc107,洞见本源，救正阙失,,Doctrine,1,-1.03759,-0.60481,0,洞见本源，救正阙失,,,,,,,著书宗旨,章虚谷,,,,,,
Doctrine_89a90bacbd,主张学医的人应从流溯源，全面掌握《内经》理论，如片面强调某个方面，势必产生偏见,,Doctrine,1,-0.93058,-0.53752,0,主张学医的人应从流溯源，全面掌握《内经》理论，如片面强调某个方面，势必产生偏见,,,,,,,治学方法,章虚谷,,,,,,
Doctrine_bd3989bc01,河间论六气皆从火化，固然正确，但止可论六气之邪，其发病应根据人的体质而有变异，不能概用寒凉,,Doctrine,1,-1.0321,-0.62808,0,河间论六气皆从火化，固然正确，但止可论六气之邪，其发病应根据人的体质而有变异，不能概用寒凉,,,,,,,六气火化说,章虚谷,,,,,,
Doctrine_795ad332f3,感受暑邪，如人禀体多火，则暑随火而化燥；禀体多寒，则暑随寒而化湿，必须随病审察,,Doctrine,1,-1.05662,-0.59921,0,感受暑邪，如人禀体多火，则暑随火而化燥；禀体多寒，则暑随寒而化湿，必须随病审察,,,,,,,体质与病邪转化,章虚谷,,,,,,
Doctrine_ac9fdeaf72,东垣言相火元气之贼，景岳言相火元气之本，东垣乃论其变，景岳道其常，两说皆各有理，不可偏废,,Doctrine,1,-1.79375,0.09863,0,东垣言相火元气之贼，景岳言相火元气之本，东垣乃论其变，景岳道其常，两说皆各有理，不可偏废,,,,,,,相火论,章虚谷,,,,,,
Doctrine_7d3f682a8c,《内经》是论阴阳偏胜之病，非论阴阳之理，君火相火实即火之体用,,Doctrine,1,-0.91465,-0.57347,0,《内经》是论阴阳偏胜之病，非论阴阳之理，君火相火实即火之体用,,,,,,,君火相火体用论,章虚谷,,,,,,
Doctrine_460fa4391a,景岳非之，言“阳常不足，阴常有余”，两家各有一偏,,Doctrine,1,-0.9839,-0.62486,0,景岳非之，言“阳常不足，阴常有余”，两家各有一偏,,,,,,,阴阳偏胜论,章虚谷,,,,,,
Doctrine_391d80ace7,六气皆阴阳所化，不能执枝叶之短长，即谓根本之有余不足,,Doctrine,1,-0.94134,-0.59767,0,六气皆阴阳所化，不能执枝叶之短长，即谓根本之有余不足,,,,,,,六气阴阳论,章虚谷,,,,,,
Doctrine_d0b95bd02b,发明《内经》至理，辨别阴阳、虚实、表里、寒热精细周至者，唯仲景一人而已,,Doctrine,1,-0.91812,-0.55286,0,发明《内经》至理，辨别阴阳、虚实、表里、寒热精细周至者，唯仲景一人而已,,,,,,,内经与仲景之关系,章虚谷,,,,,,
Doctrine_48d602d61b,两者有机结合，才能相得益彰,,Doctrine,1,-0.94386,-0.60785,0,两者有机结合，才能相得益彰,,,,,,,理论与临床结合,章虚谷,,,,,,
Doctrine_3dfa893b09,然经止明其常理如此，而邪之传变无定，因不可执日数而治,,Doctrine,1,-0.89335,-0.57212,0,然经止明其常理如此，而邪之传变无定，因不可执日数而治,,,,,,,邪之传变不可执日数,章虚谷,,,,,,
Doctrine_32e1c10e5c,所以仲景著论，要必先辨脉证，知其邪在何经何腑，或虚或实，随宜施治,,Doctrine,1,-1.007,-0.58745,0,所以仲景著论，要必先辨脉证，知其邪在何经何腑，或虚或实，随宜施治,,,,,,,辨证论治,章虚谷,,,,,,
Doctrine_0d0f78e0bc,人之寿夭不齐者，由禀赋之厚薄。,,Doctrine,1,-0.93182,-0.54894,0,人之寿夭不齐者，由禀赋之厚薄。,,,,,,,禀赋与寿夭,章虚谷,,,,,,
Doctrine_4807505c03,一身气血，随心所使，心定神安，气血自固，虽有外邪，亦莫能伤,,Doctrine,1,-0.90083,-0.59513,0,一身气血，随心所使，心定神安，气血自固，虽有外邪，亦莫能伤,,,,,,,心神与气血,章虚谷,,,,,,
Doctrine_9b575cdc4e,虚者，虚其心，则神自清；无者，无其欲，则精自固。天真之气，从之生长，而精神固守于内，何病之有？,,Doctrine,1,-1.06643,-0.59545,0,虚者，虚其心，则神自清；无者，无其欲，则精自固。天真之气，从之生长，而精神固守于内，何病之有？,,,,,,,精神内守,章虚谷,,,,,,
Doctrine_6ebd5cfb1b,正气内存，邪不可干,,Doctrine,1,-0.90831,-0.55859,0,正气内存，邪不可干,,,,,,,正邪辨病,章虚谷,,,,,,
Doctrine_4c11444200,凡七情妄动而伤本元者，为虚；饮食不调而有积滞者，为实。,,Doctrine,1,-0.94401,-0.6266,0,凡七情妄动而伤本元者，为虚；饮食不调而有积滞者，为实。,,,,,,,虚实辨证,章虚谷,,,,,,
Doctrine_8da9b45ebd,阴阳根于肾元，气血生自脾胃,,Doctrine,1,-0.91303,-0.60151,0,阴阳根于肾元，气血生自脾胃,,,,,,,病因病机,章虚谷,,,,,,
Doctrine_7afcd4faf2,其伤气血者填补脾胃尚易，伤阴阳者培其肾元为难。,,Doctrine,1,-1.03474,-0.5814,0,其伤气血者填补脾胃尚易，伤阴阳者培其肾元为难。,,,,,,,治则,章虚谷,,,,,,
Doctrine_7639adc815,其有阴阳虽伤而脾胃尚强者，调理得宜，犹可带病延年；而脾胃先败者，则终归不起。,,Doctrine,1,-0.89702,-0.58196,0,其有阴阳虽伤而脾胃尚强者，调理得宜，犹可带病延年；而脾胃先败者，则终归不起。,,,,,,,脾胃为本,章虚谷,,,,,,
Doctrine_0c9cce9734,邪气盛则实，精气夺则虚，此两句，为治之大纲,,Doctrine,1,-0.95221,-0.65101,0,邪气盛则实，精气夺则虚，此两句，为治之大纲,,,,,,,邪正虚实辨证,,,,,,,
Doctrine_34f3136a78,无虚者，急在邪气，去之不速，留则生变也；多虚者，急在正气，培之不早，临期不济也,,Doctrine,1,-0.92806,-0.58529,0,无虚者，急在邪气，去之不速，留则生变也；多虚者，急在正气，培之不早，临期不济也,,,,,,,虚实缓急,章虚谷,,,,,,
Doctrine_cf67737b0c,实而误补，固必增邪，犹可解救，其祸小；虚而误攻，元气忽去，莫可挽回，其祸大,,Doctrine,1,-0.9683,-0.61101,0,实而误补，固必增邪，犹可解救，其祸小；虚而误攻，元气忽去，莫可挽回，其祸大,,,,,,,虚实误治之祸,章虚谷,,,,,,
Doctrine_19ec3d7afd,若无六气之邪，而病出三阴，则唯情欲以伤内，劳倦以伤外，非邪似邪，非实似实，此所谓无，无则病在元气也,,Doctrine,1,-0.95005,-0.56224,0,若无六气之邪，而病出三阴，则唯情欲以伤内，劳倦以伤外，非邪似邪，非实似实，此所谓无，无则病在元气也,,,,,,,邪气有无之辨,章虚谷,,,,,,
Doctrine_8dffeffbad,人体质不一，受邪虽同，而病变不同,,Doctrine,1,-0.91772,-0.58351,0,人体质不一，受邪虽同，而病变不同,,,,,,,体质与病邪从化,章虚谷,,,,,,
Doctrine_424093306c,六气之邪，有阴阳不同，其伤人也，又随人身阴阳强弱变化而为病,,Doctrine,1,-0.90748,-0.58115,0,六气之邪，有阴阳不同，其伤人也，又随人身阴阳强弱变化而为病,,,,,,,体质与病邪从化,章虚谷,,,,,,
Doctrine_b373099680,人身阳气旺，邪随火化而阳暑病；人身阳气虚，邪随湿化而成阴暑病也,,Doctrine,1,-1.02005,-0.59639,0,人身阳气旺，邪随火化而阳暑病；人身阳气虚，邪随湿化而成阴暑病也,,,,,,,阳暑阴暑之辨,章虚谷,,,,,,
Doctrine_8592361b10,批判了以“人之动静”定阳暑、阴暑的错误观点,,Doctrine,1,-1.07147,-0.61405,0,批判了以“人之动静”定阳暑、阴暑的错误观点,,,,,,,阳暑阴暑辨证之批判,章虚谷,,,,,,
Doctrine_1699fe2fb2,邪入之其人，阳旺则热多厥少，阳虚则热少厥多，阳胜则邪外出而愈，阴胜则邪内陷而死,,Doctrine,1,-1.05661,-0.58871,0,邪入之其人，阳旺则热多厥少，阳虚则热少厥多，阳胜则邪外出而愈，阴胜则邪内陷而死,,,,,,,厥阴病预后,章虚谷,,,,,,
Doctrine_f63f67d371,阳气旺盛的体质，能够抗邪外出，疾病向愈；阳虚的体质，无力抗邪，邪气内陷，病深难解,,Doctrine,1,-1.04138,-0.62318,0,阳气旺盛的体质，能够抗邪外出，疾病向愈；阳虚的体质，无力抗邪，邪气内陷，病深难解,,,,,,,体质与疾病转归,章虚谷,,,,,,
Doctrine_7056518463,先天禀赋的差异、地理环境的不同、饮食习惯的区别是形成体质差异化的主要原因,,Doctrine,1,-0.77158,-0.3853,0,先天禀赋的差异、地理环境的不同、饮食习惯的区别是形成体质差异化的主要原因,,,,,,,体质成因,章氏,,,,,,
Doctrine_4f55a202f4,知天时，知地理，识人生禀赋源流、风土气化变异,,Doctrine,1,-0.7841,-0.42388,0,知天时，知地理，识人生禀赋源流、风土气化变异,,,,,,,体质辨别方法,章氏,,,,,,
Doctrine_9118f0feb1,治病之要，首当察人体质之阴阳强弱，而后方能调使之安,,Doctrine,1,-0.96291,-0.57481,0,治病之要，首当察人体质之阴阳强弱，而后方能调使之安,,,,,,,辨证论治,章氏,,,,,,
Doctrine_71a441f407,形瘦色苍，中气足而脉多弦，目有精彩，饮食不多，却能任劳，此阳旺阴虚之质，每病多火，须用滋阴清火,,Doctrine,1,-0.76638,-0.39518,0,形瘦色苍，中气足而脉多弦，目有精彩，饮食不多，却能任劳，此阳旺阴虚之质，每病多火，须用滋阴清火,,,,,,,体质分类与治法,章氏,,,,,,
Doctrine_1b4652025c,体丰肌厚，脉盛皮粗，食啖倍多，此阴阳俱盛之质，平时少病，每病多重，须用重药，如大黄、芒硝、干姜、桂、附之类,,Doctrine,1,-0.81781,-0.44326,0,体丰肌厚，脉盛皮粗，食啖倍多，此阴阳俱盛之质，平时少病，每病多重，须用重药，如大黄、芒硝、干姜、桂、附之类,,,,,,,体质分类与治法,章氏,,,,,,
Doctrine_c2072ba5f2,体丰色白，皮嫩肌松，脉大而软，食啖虽多，每生痰涎，此阴盛阳虚之质，每病虽热邪，药不可过寒，更伤其阳，阳微则防其脱，热退须,,Doctrine,1,-0.77963,-0.43339,0,体丰色白，皮嫩肌松，脉大而软，食啖虽多，每生痰涎，此阴盛阳虚之质，每病虽热邪，药不可过寒，更伤其阳，阳微则防其脱，热退须用温补扶阳,,,,,,,体质分类与治法,章氏,,,,,,
Doctrine_1cf37fdf18,形瘦脉弱，食饮不多，此阴阳两弱之质，常多病却不甚重，不能受大补大泻大寒大热之药，但宜和平之味，缓缓调之,,Doctrine,1,-0.74619,-0.39132,0,形瘦脉弱，食饮不多，此阴阳两弱之质，常多病却不甚重，不能受大补大泻大寒大热之药，但宜和平之味，缓缓调之,,,,,,,体质分类与治法,章氏,,,,,,
Doctrine_7bcf6ec626,阳旺阴弱之人而损伤阳气者，宜先扶阳，而后滋阴；阴盛阳虚之人而有伤阴者，宜先滋阴，而后助阳，斯当随时审察，不可拘执,,Doctrine,1,-0.7659,-0.37647,0,阳旺阴弱之人而损伤阳气者，宜先扶阳，而后滋阴；阴盛阳虚之人而有伤阴者，宜先滋阴，而后助阳，斯当随时审察，不可拘执,,,,,,,治则变通,章氏,,,,,,
Doctrine_c8243f918f,所以言温邪上受，首先犯肺者，由卫分而入肺经也。以卫气通肺，营气通心，而邪自卫入营，故逆传心包也,,Doctrine,1,-0.93363,-0.60553,0,所以言温邪上受，首先犯肺者，由卫分而入肺经也。以卫气通肺，营气通心，而邪自卫入营，故逆传心包也,,,,,,,温邪传变,章虚谷,,,,,,
Doctrine_1e94eb9920,风寒先受于足经，当用辛温发汗；风温先受于手经，宜用辛凉解表。上下部异，寒温不同，故治法大异，此伤寒与温病，其初感与传变，,,Doctrine,1,-1.00678,-0.63847,0,风寒先受于足经，当用辛温发汗；风温先受于手经，宜用辛凉解表。上下部异，寒温不同，故治法大异，此伤寒与温病，其初感与传变，皆不同也,,,,,,,伤寒与温病治法之异,章虚谷,,,,,,
Doctrine_9240701044,凡温邪初感，发热而微恶寒者，邪在卫分；不恶寒而恶热，小便色黄，已入气分矣；若脉数舌绛，邪入营分；若舌深绛，烦扰不寐，或夜,,Doctrine,1,-0.92499,-0.57525,0,凡温邪初感，发热而微恶寒者，邪在卫分；不恶寒而恶热，小便色黄，已入气分矣；若脉数舌绛，邪入营分；若舌深绛，烦扰不寐，或夜有谵语，已入血分矣,,,,,,,卫气营血传变,章虚谷,,,,,,
Doctrine_6b1b6c86cf,邪在卫分，汗之宜辛凉轻解；清气热不可寒滞，反使邪不外达而内闭，则病重矣，故虽入营，犹可开达，转出气分而解,,Doctrine,1,-1.04411,-0.61304,0,邪在卫分，汗之宜辛凉轻解；清气热不可寒滞，反使邪不外达而内闭，则病重矣，故虽入营，犹可开达，转出气分而解,,,,,,,卫气营血治法,章虚谷,,,,,,
Doctrine_f02947482e,胃为戊土属阳，脾为己土属阴，湿土之气，同类相召，故湿热之邪，始虽外受，终归脾胃也,,Doctrine,1,-1.06624,-0.58454,0,胃为戊土属阳，脾为己土属阴，湿土之气，同类相召，故湿热之邪，始虽外受，终归脾胃也,,,,,,,湿热病病机,章虚谷,,,,,,
Doctrine_41617f56b5,《伤寒论》中原有论治温热病各条，混入“伤寒例”中,,Doctrine,1,-0.98649,-0.59187,0,《伤寒论》中原有论治温热病各条，混入“伤寒例”中,,,,,,,伤寒温病篇章归属,章虚谷,,,,,,
Doctrine_a7452353d8,尤氏《贯珠集》将治温热之黄芩、白虎例入伤寒正治，实属失察,,Doctrine,1,-0.95857,-0.59288,0,尤氏《贯珠集》将治温热之黄芩、白虎例入伤寒正治，实属失察,,,,,,,伤寒温病辨析,章虚谷,,,,,,
Doctrine_3b00be68a7,吴又可不辨伏气为病的道理，又混指一切温病为瘟疫,,Doctrine,1,-1.00479,0.49829,0,吴又可不辨伏气为病的道理，又混指一切温病为瘟疫,,,,,,,温病瘟疫辨析,吴又可,,,,,,
Doctrine_ccb8ebae13,吴鞠通则将风温、瘟疫并为一类，不分轻重浅深，其冬伤寒、春病温的伏气一证，亦不分析论列,,Doctrine,1,-0.86457,0.10444,0,吴鞠通则将风温、瘟疫并为一类，不分轻重浅深，其冬伤寒、春病温的伏气一证，亦不分析论列,,,,,,,温病分类,吴鞠通,,,,,,
Doctrine_77f3f8740e,章氏将温病按照春温、风温、暑温、湿温、瘟疫分列证治,,Doctrine,1,-0.93816,-0.61689,0,章氏将温病按照春温、风温、暑温、湿温、瘟疫分列证治,,,,,,,温病分类证治,章虚谷,,,,,,
Doctrine_431e29dcc0,他根据《内经》经文四时都有伏气之邪发病之说，主张有伏气，但建议改称“伏邪”，因为“气”是邪正的总称，能致病的应称为“邪”,,Doctrine,1,-0.89985,-0.55228,0,他根据《内经》经文四时都有伏气之邪发病之说，主张有伏气，但建议改称“伏邪”，因为“气”是邪正的总称，能致病的应称为“邪”,,,,,,,伏气伏邪之辨,章虚谷,,,,,,
Doctrine_783d722b1e,暑因湿火郁蒸而气浊，由口鼻吸受，蓄于膜原，流传三焦，必归脾胃，治法不独异于伤寒，亦与温热迥别,,Doctrine,1,-1.05391,-0.60935,0,暑因湿火郁蒸而气浊，由口鼻吸受，蓄于膜原，流传三焦，必归脾胃，治法不独异于伤寒，亦与温热迥别,,,,,,,暑邪性质,章虚谷,,,,,,
Doctrine_e61b1daf3a,明确提出“辨证论治”一词的第一人则是章虚谷,,Doctrine,1,-0.97304,-0.64136,0,明确提出“辨证论治”一词的第一人则是章虚谷,,,,,,,辨证论治,章虚谷,,,,,,
Doctrine_f1c89ea77e,景岳先生不明六气变化之理，辨证论治岂能善哉？不识六气变化，由不明阴阳至理故也,,Doctrine,1,-0.93523,-0.57756,0,景岳先生不明六气变化之理，辨证论治岂能善哉？不识六气变化，由不明阴阳至理故也,,,,,,,六气变化,章虚谷,,,,,,
Doctrine_913e481f91,本门最详者脉也，脉为气血流行之象，而有升降出入，故当与营卫经络、阴阳脏腑诸门同观。必得悟其神理，指下方能明其为和、为病、,,Doctrine,1,-1.0444,-0.57735,0,本门最详者脉也，脉为气血流行之象，而有升降出入，故当与营卫经络、阴阳脏腑诸门同观。必得悟其神理，指下方能明其为和、为病、为虚、为实。,,,,,,,脉诊,章虚谷,,,,,,
Doctrine_90a5fe54fd,尺肤者，卫气所行者也，故脉之缓急滑涩，而尺肤亦然，脉小而尺肤减瘦，脉大则尺肤贲起，贲起者，隆厚也。至其病变，则色脉与尺肤,,Doctrine,1,-1.02362,-0.61436,0,尺肤者，卫气所行者也，故脉之缓急滑涩，而尺肤亦然，脉小而尺肤减瘦，脉大则尺肤贲起，贲起者，隆厚也。至其病变，则色脉与尺肤有不相应，是营卫气血偏驳不和，必审其微甚而调之。,,,,,,,诊尺肤以合色脉,章虚谷,,,,,,
Doctrine_5754280f09,温病不废附姜,,Doctrine,1,-0.74184,-0.41813,0,温病不废附姜,,,,,,,温病用药,章氏,,,,,,
Doctrine_71b2c51e1b,此时非用附子、干姜，大助其阳，则邪终不化,,Doctrine,1,-0.80063,-0.43166,0,此时非用附子、干姜，大助其阳，则邪终不化,,,,,,,温病中阳虚证治,章氏,,,,,,
Doctrine_c45eb2c7ad,伤寒温病虽不同，然辨邪之浅深，人之虚实岂有异乎,,Doctrine,1,-0.76109,-0.38611,0,伤寒温病虽不同，然辨邪之浅深，人之虚实岂有异乎,,,,,,,伤寒与温病辨证,章氏,,,,,,
Doctrine_f5731d6663,六气皆从火化，以寒凉药主治,,Doctrine,1,-0.93907,-0.68969,0,六气皆从火化，以寒凉药主治,,,,,,,六气火化,刘河间,,,,,,
Doctrine_554758f999,此理止可论邪，不可论病,,Doctrine,1,-0.95729,-0.55463,0,此理止可论邪，不可论病,,,,,,,邪正辨析,章虚谷,,,,,,
Doctrine_ace1169e4d,相火， 元气之贼也，火与元气不两立,,Doctrine,1,-1.76214,0.11782,0,相火， 元气之贼也，火与元气不两立,,,,,,,相火与元气,东垣,,,,,,
Doctrine_ec919b7ed3,相火元气之本也，岂可谓之贼,,Doctrine,1,-1.65486,0.03334,0,相火元气之本也，岂可谓之贼,,,,,,,相火与元气,张景岳,,,,,,
Doctrine_08947e3733,壮火食气,,Doctrine,1,-1.98921,-0.75247,425,壮火食气,,,,,,,火与元气,内经,,,,,,
Doctrine_124767db42,少火生气,,Doctrine,1,0.00048,0.00892,426,少火生气,,,,,,,火与元气,内经,,,,,,
Doctrine_d85c2ba817,东垣论其变，景岳道其常耳,,Doctrine,1,-1.06134,-0.61678,0,东垣论其变，景岳道其常耳,,,,,,,对东垣景岳之评,章虚谷,,,,,,
Doctrine_17c7067ad9,在具体治疗中，应考察人体体质之区别,,Doctrine,1,-0.79747,-0.45215,0,在具体治疗中，应考察人体体质之区别,,,,,,,体质与治疗,章氏,,,,,,
Doctrine_b29d6c04c4,体质不同，虽受邪同而病变不同，或从寒化，或从热化，故不可概用寒凉之药,,Doctrine,1,-0.79022,-0.44296,0,体质不同，虽受邪同而病变不同，或从寒化，或从热化，故不可概用寒凉之药,,,,,,,体质与病变,章氏,,,,,,
Doctrine_5ae3ac9a02,相火“元气之贼”,,Doctrine,1,-1.76824,0.09436,0,相火“元气之贼”,,,,,,,相火论,东垣,,,,,,
Doctrine_bfd3fd8db2,相火“元气之本”,,Doctrine,1,-1.89525,0.11237,0,相火“元气之本”,,,,,,,相火论,景岳,,,,,,
Doctrine_62b6384876,东垣论其变，景岳论其常，后人不可偏执,,Doctrine,1,-0.75607,-0.37279,0,东垣论其变，景岳论其常，后人不可偏执,,,,,,,相火论,章氏,,,,,,
Doctrine_275bb5593a,治病之要，首当察人体质之阴阳强弱，而后方能调之使安,,Doctrine,1,-0.90282,-0.53904,0,治病之要，首当察人体质之阴阳强弱，而后方能调之使安,,,,,,,体质阴阳强弱总论,章虚谷,,,,,,
Doctrine_5cc0a582ad,形瘦色苍，中气足而脉多弦，目有精彩，饮食不多，却能任劳，此阳旺阴虚之质也。每病多火，须用滋阴清火。,,Doctrine,1,-0.94848,-0.59,0,形瘦色苍，中气足而脉多弦，目有精彩，饮食不多，却能任劳，此阳旺阴虚之质也。每病多火，须用滋阴清火。,,,,,,,阳旺阴虚之质,章虚谷,,,,,,
Doctrine_7c1084f0cd,体丰肌厚，脉盛皮粗，食啖倍多，此阴阳俱盛之质。平时少病，每病多重，须用重药，如大黄、芒硝、干姜、桂、附之类。,,Doctrine,1,-0.97298,-0.57781,0,体丰肌厚，脉盛皮粗，食啖倍多，此阴阳俱盛之质。平时少病，每病多重，须用重药，如大黄、芒硝、干姜、桂、附之类。,,,,,,,阴阳俱盛之质,章虚谷,,,,,,
Doctrine_0f13a0ec51,体丰色白，皮嫩肌松，脉大而软，食啖虽多，每生痰涎，此阴盛阳虚之质。每病虽热邪，药不可过寒，更伤其阳，阳微则防其脱。热退须,,Doctrine,1,-0.97994,-0.60715,0,体丰色白，皮嫩肌松，脉大而软，食啖虽多，每生痰涎，此阴盛阳虚之质。每病虽热邪，药不可过寒，更伤其阳，阳微则防其脱。热退须用温补扶阳。,,,,,,,阴盛阳虚之质,章虚谷,,,,,,
Doctrine_a2422cf616,形瘦脉弱，食饮不多，此阴阳两弱之质，常多病，却不甚重，亦不能受大补大泻大寒大热之药，但宜和平之味，缓缓调之,,Doctrine,1,-0.92079,-0.59356,0,形瘦脉弱，食饮不多，此阴阳两弱之质，常多病，却不甚重，亦不能受大补大泻大寒大热之药，但宜和平之味，缓缓调之,,,,,,,阴阳两弱之质,章虚谷,,,,,,
Doctrine_6d91651487,阳旺阴弱之人，而损伤阳气者，宜先扶阳，而后滋阴;阴盛阳虚之人，而有伤阴者，宜先滋阴，而后助阳,,Doctrine,1,-0.99381,-0.57969,0,阳旺阴弱之人，而损伤阳气者，宜先扶阳，而后滋阴;阴盛阳虚之人，而有伤阴者，宜先滋阴，而后助阳,,,,,,,治法变通,章虚谷,,,,,,
Doctrine_f5174ae381,治虚损者，先辨阴阳，次分上下,,Doctrine,1,-0.98334,-0.57913,0,治虚损者，先辨阴阳，次分上下,,,,,,,虚损辨证总纲,章虚谷,,,,,,
Doctrine_9635e58a68,阴虚者，最忌助气；阳虚者，大禁寒凉,,Doctrine,1,-0.98911,-0.60203,0,阴虚者，最忌助气；阳虚者，大禁寒凉,,,,,,,阴虚阳虚用药禁忌,章虚谷,,,,,,
Doctrine_9af5a46295,上损则清金为先，下损必固肾为主，此千古不易之成法也,,Doctrine,1,-1.01724,-0.63937,0,上损则清金为先，下损必固肾为主，此千古不易之成法也,,,,,,,上损下损治法,章虚谷,,,,,,
Doctrine_4297e46d8f,阴阳之气，禀于肾元；生化之权操乎脾胃,,Doctrine,1,-1.02215,-0.62476,0,阴阳之气，禀于肾元；生化之权操乎脾胃,,,,,,,阴阳生化之源,章虚谷,,,,,,
Doctrine_3303e82ef5,上损至下，下损过中，皆不治,,Doctrine,1,-1.66969,-1.0736,26,上损至下，下损过中，皆不治,,,,,,,虚损传变预后,难经,,,,,,
Doctrine_15765c768a,治疗虚损病症，当先辨明阴阳、上下，依据其轻重缓急而进药有先后次序,,Doctrine,1,-1.04614,-0.59875,0,治疗虚损病症，当先辨明阴阳、上下，依据其轻重缓急而进药有先后次序,,,,,,,虚损辨治,章虚谷,,,,,,
Doctrine_6da2beb571,虚损之中尤重先后天之脾肾,,Doctrine,1,-1.00339,-0.61765,0,虚损之中尤重先后天之脾肾,,,,,,,脾肾,章虚谷,,,,,,
Doctrine_49d3a85913,肾阳鼓舞脾胃之生化，而肾阳的固密作用由脾胃化生的阴精滋育实现,,Doctrine,1,-1.02754,-0.58904,0,肾阳鼓舞脾胃之生化，而肾阳的固密作用由脾胃化生的阴精滋育实现,,,,,,,肾阳与脾胃关系,章虚谷,,,,,,
Doctrine_96914499f4,阳倡阴随，为造化自然之道，故阳能帅阴，而阴赖阳之煦通以生长；阴能和阳，而阳借阴之翕阖以固密，此阴阳自然之性能,,Doctrine,1,-0.96657,-0.58613,0,阳倡阴随，为造化自然之道，故阳能帅阴，而阴赖阳之煦通以生长；阴能和阳，而阳借阴之翕阖以固密，此阴阳自然之性能,,,,,,,,章虚谷,,,,,,
Doctrine_b7cb315041,阳强不能密，阴气乃绝；阴平阳秘，精神乃治也,,Doctrine,1,-1.94465,0.69007,427,阳强不能密，阴气乃绝；阴平阳秘，精神乃治也,,,,,,,,,,,,,,
Doctrine_64df11ce42,若病变不常，或当扶阳，或当抑阴，惟应随宜而施，安可执为一定之法乎,,Doctrine,1,-0.92709,-0.55832,0,若病变不常，或当扶阳，或当抑阴，惟应随宜而施，安可执为一定之法乎,,,,,,,,章虚谷,,,,,,
Doctrine_3b2036d8e7,《灵枢》《素问》十余万言，而三才生化之道，疾病传变之由，详晰备论。而治法，则多针砭，而少方药，以上古所宜也,,Doctrine,1,-0.95141,-0.60055,0,《灵枢》《素问》十余万言，而三才生化之道，疾病传变之由，详晰备论。而治法，则多针砭，而少方药，以上古所宜也,,,,,,,,章虚谷,,,,,,
Doctrine_140f307354,学医者，首重明理明圣道,,Doctrine,1,-0.81017,-0.43607,0,学医者，首重明理明圣道,,,,,,,,章氏,,,,,,
Doctrine_458ab2f91a,杂说愈多，则圣道愈晦，而生民之厄愈重,,Doctrine,1,-0.76118,-0.40446,0,杂说愈多，则圣道愈晦，而生民之厄愈重,,,,,,,,章氏,,,,,,
Doctrine_5311ba22fb,是胃阳不振，非肝火作逆、胃阴不足也,,Doctrine,1,-1.00249,-0.62889,0,是胃阳不振，非肝火作逆、胃阴不足也,,,,,,,呕吐病机辨析,章虚谷,,,,,,
Doctrine_0671775fbf,膀胱者，州都之官，津液藏焉，气化，则能出矣,,Doctrine,1,-1.07519,-1.10002,428,膀胱者，州都之官，津液藏焉，气化，则能出矣,,,,,,,膀胱津液气化,,,,,,,
Doctrine_1ec4d461ba,三焦者，决渎之官，水道出焉,,Doctrine,1,-0.46904,0.94177,429,三焦者，决渎之官，水道出焉,,,,,,,三焦功能,,,,,,,
Doctrine_7678156ad0,三焦为少阳相火，故火盛，则小便黄赤；火衰，则小便清白，此常理也,,Doctrine,1,-0.95603,-0.5827,0,三焦为少阳相火，故火盛，则小便黄赤；火衰，则小便清白，此常理也,,,,,,,三焦相火与小便色泽,章虚谷,,,,,,
Doctrine_cce65cd932,中气不足，溲便为之变,,Doctrine,1,-2.19289,-0.18696,430,中气不足，溲便为之变,,,,,,,中气与溲便变化,,,,,,,
Doctrine_3548bd998e,中气不足者，中焦虚寒也,,Doctrine,1,-1.01387,-0.61828,0,中气不足者，中焦虚寒也,,,,,,,中气不足之解,章虚谷,,,,,,
Doctrine_80ae061ddf,夫火炎上，水流下，自然之性也,,Doctrine,1,-0.93111,-0.59532,0,夫火炎上，水流下，自然之性也,,,,,,,水火升降之常理,章虚谷,,,,,,
Doctrine_b61e1df12b,火有余者，必先盛于上，而后盛于下；水有余者，必先盛于下，而后盛于上，此常理也,,Doctrine,1,-1.05152,-0.62046,0,火有余者，必先盛于上，而后盛于下；水有余者，必先盛于下，而后盛于上，此常理也,,,,,,,水火盛衰规律,章虚谷,,,,,,
Doctrine_a3fd8a0b19,然水激之，可使在上失其就下之性。火若以寒冒之，则屈伏在下，失其炎上之威,,Doctrine,1,-0.93212,-0.56754,0,然水激之，可使在上失其就下之性。火若以寒冒之，则屈伏在下，失其炎上之威,,,,,,,水火反常之变,章虚谷,,,,,,
Doctrine_3f03d82fa5,三焦者，相火用事，熟腐水谷而化精微，生津液而通水道，故名为焦，取火熟物之义,,Doctrine,1,-0.97521,-0.59778,0,三焦者，相火用事，熟腐水谷而化精微，生津液而通水道，故名为焦，取火熟物之义,,,,,,,三焦相火与运化,章虚谷,,,,,,
Doctrine_1152b67d0f,相火足，气化行，则水道通利，而清浊不混,,Doctrine,1,-0.9963,-0.60993,0,相火足，气化行，则水道通利，而清浊不混,,,,,,,相火与气化通利,章虚谷,,,,,,
Doctrine_b07a694321,上焦如雾、中焦如沤、下焦如渎也,,Doctrine,1,-0.24326,-0.58612,431,上焦如雾、中焦如沤、下焦如渎也,,,,,,,三焦形态比喻,,,,,,,
Doctrine_1ace54ff8c,若相火衰弱，中焦虚寒，不能化气，则胃中汤饮痰涎，浊阴凝聚。而衰弱之火，势必不能炎上，而屈伏于下，水道不畅，小便反变黄赤。,,Doctrine,1,-1.02464,-0.57859,0,若相火衰弱，中焦虚寒，不能化气，则胃中汤饮痰涎，浊阴凝聚。而衰弱之火，势必不能炎上，而屈伏于下，水道不畅，小便反变黄赤。此所以中气不足，溲便为变也,,,,,,,中焦虚寒致小便黄赤病机,章虚谷,,,,,,
Doctrine_874ee5eb4c,可知真假之辨，必以经义为准,,Doctrine,1,-1.49482,1.13723,432,可知真假之辨，必以经义为准,,,,,,,辨证原则,,,,,,,
Doctrine_58307a829d,白苔虽多中寒，更须参以脉证，不可固执,,Doctrine,1,-1.64791,-0.91758,433,白苔虽多中寒，更须参以脉证，不可固执,,,,,,,舌苔辨证,,,,,,,
Doctrine_43eb6f49b0,瘟疫初起，舌苔厚白如积粉，此秽浊之邪，包热在内，其人必昏愦发热，须达原饮，开泄膜原结邪，热即透发。若误作虚寒，其寒不小,,Doctrine,1,-0.1449,0.38678,434,瘟疫初起，舌苔厚白如积粉，此秽浊之邪，包热在内，其人必昏愦发热，须达原饮，开泄膜原结邪，热即透发。若误作虚寒，其寒不小,,,,,,,瘟疫舌苔与治法,,,,,,,
Doctrine_770ce0949a,有者求之，无者求之。虚者责之，实者责之,,Doctrine,1,-2.27405,0.44209,435,有者求之，无者求之。虚者责之，实者责之,,,,,,,辨证方法,内经,,,,,,
Doctrine_945676d596,浊邪包热者，苔虽白，其舌本必红赤，非如虚寒之淡白也,,Doctrine,1,-0.7365,-0.92963,436,浊邪包热者，苔虽白，其舌本必红赤，非如虚寒之淡白也,,,,,,,舌象鉴别,,,,,,,
Doctrine_b7dc687c90,苏合丸中冰麝等，辛温走窜，治寒尚可，温暑大忌也,,Doctrine,1,-1.06405,-0.60663,0,苏合丸中冰麝等，辛温走窜，治寒尚可，温暑大忌也,,,,,,,暑温用药禁忌,章虚谷,,,,,,
Doctrine_472741c98b,灵脂以浊攻浊，兼有硝磺，直达至阴，助本元以祛邪，必当奏功,,Doctrine,1,-1.01742,-0.58622,0,灵脂以浊攻浊，兼有硝磺，直达至阴，助本元以祛邪，必当奏功,,,,,,,来复丹灵脂治湿热陷肝肾,章虚谷,,,,,,
Doctrine_d60111468a,病同而邪不同,,Doctrine,1,-1.03884,-0.63613,0,病同而邪不同,,,,,,,暑湿热入血室与伤寒热入血室之辨,章虚谷,,,,,,
Doctrine_b499322cc2,有是病，必用是药,,Doctrine,1,-0.90461,-0.57041,0,有是病，必用是药,,,,,,,辨证用药原则,章虚谷,,,,,,
Doctrine_b31a8a56f4,仲景有刺期门之法，是邪结血分也,,Doctrine,1,-1.16249,-0.31142,0,仲景有刺期门之法，是邪结血分也,,,,,,,热入血室治法,仲景,,,,,,
Doctrine_0fc401996d,仲圣治伤寒变热之邪内陷，用芩连大黄，水渍取汁以泄热，和入煎熟附子之扶阳，其法妙矣,,Doctrine,1,-0.99973,-0.49263,0,仲圣治伤寒变热之邪内陷，用芩连大黄，水渍取汁以泄热，和入煎熟附子之扶阳，其法妙矣,,,,,,,伤寒热邪内陷治法,仲圣,,,,,,
Doctrine_771d19755e,服蒌仁等凉药，脾气滑泄，热邪陷入太阴,,Doctrine,1,-0.91329,-0.53654,0,服蒌仁等凉药，脾气滑泄，热邪陷入太阴,,,,,,,温病病机,章虚谷,,,,,,
Doctrine_71041f2f2c,若服余药，必要仍然发热口渴，及有汗出，方有生机,,Doctrine,1,-0.89351,-0.54391,0,若服余药，必要仍然发热口渴，及有汗出，方有生机,,,,,,,温病预后,章虚谷,,,,,,
Doctrine_b2ce1eeee1,轻按皮肤则凉，重按肌肉，热如火,,Doctrine,1,-1.02712,-0.60415,0,轻按皮肤则凉，重按肌肉，热如火,,,,,,,伏邪诊察,章虚谷,,,,,,
Doctrine_7ac2dc761f,冬受寒冷，邪伏少阴。至春阳旺，郁邪化热，劫烁肾阴，故尺脉如此,,Doctrine,1,-0.97698,-0.58748,0,冬受寒冷，邪伏少阴。至春阳旺，郁邪化热，劫烁肾阴，故尺脉如此,,,,,,,邪伏少阴病机,章虚谷,,,,,,
Doctrine_58d83c1f4c,热蕴少阴，乘春升少阳之气而动，兼外感虚风，表里俱病,,Doctrine,1,-0.96056,-0.5646,0,热蕴少阴，乘春升少阳之气而动，兼外感虚风，表里俱病,,,,,,,温病病机,章虚谷,,,,,,
Doctrine_03946e79e0,火郁则发之，木郁则达之,,Doctrine,1,-1.3216,-0.41574,0,火郁则发之，木郁则达之,,,,,,,治法,内经,,,,,,
Doctrine_0363e85c8c,先须辛甘微温，升散其郁，使外风解而汗出，则内热透发，然后清之可愈,,Doctrine,1,-0.98702,-0.61483,0,先须辛甘微温，升散其郁，使外风解而汗出，则内热透发，然后清之可愈,,,,,,,治法先透后清,章虚谷,,,,,,
Doctrine_3370981b01,夫热邪在经，必从汗解，既无实积腹胀，其大便不解本无妨碍，何必通之，反使外邪内陷乎,,Doctrine,1,-1.01295,-0.62979,0,夫热邪在经，必从汗解，既无实积腹胀，其大便不解本无妨碍，何必通之，反使外邪内陷乎,,,,,,,治法辨证,章虚谷,,,,,,
Doctrine_d941d7dfd7,伤寒温病虽不同，其辨邪之浅深，人之虚实岂有异乎,,Doctrine,1,-0.96457,-0.63312,0,伤寒温病虽不同，其辨邪之浅深，人之虚实岂有异乎,,,,,,,伤寒温病辨治,章虚谷,,,,,,
Doctrine_927855adf8,若又可之论，偏执一隅，未达至理,,Doctrine,1,-0.99677,-0.58975,0,若又可之论，偏执一隅，未达至理,,,,,,,评吴又可瘟疫论,章虚谷,,,,,,
Doctrine_0c4fe482e2,若黄芩、白虎、泻心、大小柴胡、承气等法，岂不可以治温热乎,,Doctrine,1,-0.94081,-0.54352,0,若黄芩、白虎、泻心、大小柴胡、承气等法，岂不可以治温热乎,,,,,,,仲圣方治温热,章虚谷,,,,,,
Doctrine_b212faf8d5,伤寒、温病皆有虚实不同,,Doctrine,1,-1.07396,-0.60319,0,伤寒、温病皆有虚实不同,,,,,,,伤寒温病虚实,章虚谷,,,,,,
Doctrine_718a7ebbc3,良由正虚挟邪，不得不攻补兼施,,Doctrine,1,-0.96524,-0.60099,0,良由正虚挟邪，不得不攻补兼施,,,,,,,攻补兼施,章虚谷,,,,,,
Doctrine_99f1d125fd,但必审其虚之多少，邪之浅深，而使药病相当，方能奏功,,Doctrine,1,-1.02758,-0.63756,0,但必审其虚之多少，邪之浅深，而使药病相当，方能奏功,,,,,,,治法原则,章虚谷,,,,,,
Doctrine_28a4846b91,总以柴、薄、知、芩、枳、朴、杏、半、连翘、栀子、郁金、豆蔻、犀角、羚羊等为主,,Doctrine,1,-2.19651,-0.59925,438,总以柴、薄、知、芩、枳、朴、杏、半、连翘、栀子、郁金、豆蔻、犀角、羚羊等为主,,,,,,,时人用药习气,,,,,,,
Doctrine_d9a7072f82,凡见身热头痛之病，即用前药，名为时方,,Doctrine,1,-0.1724,-0.21366,439,凡见身热头痛之病，即用前药，名为时方,,,,,,,时方滥用现象,,,,,,,
Doctrine_a3c78682c6,务师轩岐仲圣，研究历来古法。审病用药，切勿揣摩时方，作医门捷径，不顾人之虚实、之浅深而致害,,Doctrine,1,-1.82224,0.8992,440,务师轩岐仲圣，研究历来古法。审病用药，切勿揣摩时方，作医门捷径，不顾人之虚实、之浅深而致害,,,,,,,为医之道,,,,,,,
Doctrine_c20293d9e8,此本感受风寒，因凉药而邪内闭，胃肠被郁，故即口干,,Doctrine,1,-0.92797,-0.6144,0,此本感受风寒，因凉药而邪内闭，胃肠被郁，故即口干,,,,,,,风寒误用凉药致邪内闭,章虚谷,,,,,,
Doctrine_d36a2e583c,此本虚寒邪伏，故服党参姜桂温补热散之药，阳气转动，腹鸣胀减。若服大黄蒌仁以寒遇寒，如冰益水，更使凝结。大便必然不通，元气,,Doctrine,1,-0.95273,-0.57239,0,此本虚寒邪伏，故服党参姜桂温补热散之药，阳气转动，腹鸣胀减。若服大黄蒌仁以寒遇寒，如冰益水，更使凝结。大便必然不通，元气止存一线。,,,,,,,虚寒邪伏证治与寒下药之弊,章虚谷,,,,,,
Doctrine_f99909d430,夫用姜桂附子而大便始通，其寒凝甚矣,,Doctrine,1,-0.95437,-0.62856,0,夫用姜桂附子而大便始通，其寒凝甚矣,,,,,,,以温药通便反证寒凝,章虚谷,,,,,,
Doctrine_427cd95a79,传世与行世迥异，江浙滨海临江，地土原湿，先贤发明疗治湿燥温暑诸法，不可偏废,,Doctrine,1,-0.95927,0.15245,0,传世与行世迥异，江浙滨海临江，地土原湿，先贤发明疗治湿燥温暑诸法，不可偏废,,,,,,,疗治湿燥温暑诸法,樊开周,,,,,,
Doctrine_a095bcbe93,西医学未必全可取，中医学未必尽可弃,,Doctrine,1,-1.28657,0.38273,0,西医学未必全可取，中医学未必尽可弃,,,,,,,中西医关系,何廉臣,,,,,,
Doctrine_919c112a35,以崇实黜华为原则，通过沟通新旧来改良医学,,Doctrine,1,-1.36773,0.34128,0,以崇实黜华为原则，通过沟通新旧来改良医学,,,,,,,医学改良,何廉臣,,,,,,
Doctrine_42bce2230b,治病不可以经、时方自限，方之切用，在洞察民情禀赋之刚柔，风土凉温之迥异而后随证酌选，方显灵活,,Doctrine,1,-1.57913,-0.20577,0,治病不可以经、时方自限，方之切用，在洞察民情禀赋之刚柔，风土凉温之迥异而后随证酌选，方显灵活,,,,,,,治法灵活辨证,赵晴初,,,,,,
Doctrine_aa15ffe363,研古而不薄今,,Doctrine,1,-1.29277,0.40001,0,研古而不薄今,,,,,,,治学主张,何廉臣,,,,,,
Doctrine_c2108e832f,衷中参西,,Doctrine,1,-1.11891,0.29712,0,衷中参西,,,,,,,中西汇通,何廉臣,,,,,,
Doctrine_35e99f35f8,继承发扬岐黄祖道重于中西汇通,,Doctrine,1,-1.14766,0.37341,0,继承发扬岐黄祖道重于中西汇通,,,,,,,中西医关系,何廉臣,,,,,,
Doctrine_de4db01d4e,欲保存中国国粹，必先办中医学校，欲办中医学校必先编医学讲义,,Doctrine,1,-1.197,0.38857,0,欲保存中国国粹，必先办中医学校，欲办中医学校必先编医学讲义,,,,,,,中医教育,何廉臣,,,,,,
Doctrine_582e6449d6,倡议全国中医界组织起来，共同编写一整套系统的中医标准教科书,,Doctrine,1,-1.20203,0.40884,0,倡议全国中医界组织起来，共同编写一整套系统的中医标准教科书,,,,,,,中医教材编写,何廉臣,,,,,,
Doctrine_55f9c6ef86,主张仿西体制，提出按生理、卫生、病理、诊断、疗法、辨药、制方等七个方面，系统整理中医学,,Doctrine,1,-1.21075,0.39418,0,主张仿西体制，提出按生理、卫生、病理、诊断、疗法、辨药、制方等七个方面，系统整理中医学,,,,,,,中医教材编写方法,何廉臣,,,,,,
Doctrine_6d921b8694,方法美备，学说新颖，不但四季时病无一不备，而重要杂症亦无遗漏。,,Doctrine,1,-1.36438,0.5312,0,方法美备，学说新颖，不但四季时病无一不备，而重要杂症亦无遗漏。,,,,,,,通俗伤寒论评价,曹炳章,,,,,,
Doctrine_94d21aaa8b,本书是绍医派的总汇，有俞氏的经验方，樊开周的经验方，加上何氏自已的经验方，是先生学说的集成,,Doctrine,1,-0.92944,-1.07622,449,本书是绍医派的总汇，有俞氏的经验方，樊开周的经验方，加上何氏自已的经验方，是先生学说的集成,,,,,,,通俗伤寒论学术来源,,,,,,,
Doctrine_0461f92b72,《感症宝筏》的廉勘部分、《重订广温热论》的新增部分及《湿温时疫治疗法》的精要部分，都融在本书内,,Doctrine,1,-0.60097,1.02817,450,《感症宝筏》的廉勘部分、《重订广温热论》的新增部分及《湿温时疫治疗法》的精要部分，都融在本书内,,,,,,,通俗伤寒论内容融合,,,,,,,
Doctrine_4eb75dfc33,《内》《难》《甲乙》诸经是古代的解剖学,,Doctrine,1,-1.37963,0.24978,0,《内》《难》《甲乙》诸经是古代的解剖学,,,,,,,经典性质,何廉臣,,,,,,
Doctrine_ddaae94ac8,论经络之贯穿腧穴之分布，血液运行往复循环，气化神机之升降出入，实能发明人体生理之所以然,,Doctrine,1,-1.25802,0.39734,0,论经络之贯穿腧穴之分布，血液运行往复循环，气化神机之升降出入，实能发明人体生理之所以然,,,,,,,人体生理,何廉臣,,,,,,
Doctrine_fc8372a8da,以古医学为根本，新医学为补助，择具精粹者存之，缺少者补之，传讹者删之，参以新进科学之说明，发皇古医典籍,,Doctrine,1,-1.11702,0.31867,0,以古医学为根本，新医学为补助，择具精粹者存之，缺少者补之，传讹者删之，参以新进科学之说明，发皇古医典籍,,,,,,,编写方法,何廉臣,,,,,,
Doctrine_f8b645f9d9,分类编排，仿照科学体例分清目次，使学者头绪井然，不能只解释经文，堕入旧注惯例,,Doctrine,1,-1.23132,0.40328,0,分类编排，仿照科学体例分清目次，使学者头绪井然，不能只解释经文，堕入旧注惯例,,,,,,,内经讲议编写方法,何廉臣,,,,,,
Doctrine_69f8aa7209,何氏晚年的学术思想从时方回归经方，对中医思想有进一步的探索,,Doctrine,1,-1.52137,-0.97178,454,何氏晚年的学术思想从时方回归经方，对中医思想有进一步的探索,,,,,,,学术思想演变,,,,,,,
Doctrine_f450d790c7,《通俗伤寒论》中许多所谓何秀山按的文字，实系何氏所作,,Doctrine,1,-1.1082,0.47194,0,《通俗伤寒论》中许多所谓何秀山按的文字，实系何氏所作,,,,,,,通俗伤寒论著作归属,曹炳章,,,,,,
Doctrine_99dc489443,何氏著作，实不止30余种,,Doctrine,1,-0.6165,-0.86218,457,何氏著作，实不止30余种,,,,,,,何氏著作数量,,,,,,,
Doctrine_1a7d9fda81,何氏不愧为学验俱丰的中医大家,,Doctrine,1,-1.00096,1.0904,458,何氏不愧为学验俱丰的中医大家,,,,,,,何氏医学地位评价,,,,,,,
Doctrine_f41c12bd79,古方不能尽中今人之病，后人不得尽泥古人治法，全在一片灵机，对证发药，庶病伤寒者其有豸乎？,,Doctrine,1,-1.23234,0.25867,0,古方不能尽中今人之病，后人不得尽泥古人治法，全在一片灵机，对证发药，庶病伤寒者其有豸乎？,,,,,,,治学方法,何廉臣,,,,,,
Doctrine_fa83e24ab8,前哲谓疟不离乎少阳，故治疟皆遵仲景法，多用小柴胡汤加减，执死法以治活病,,Doctrine,1,-1.2474,0.40304,0,前哲谓疟不离乎少阳，故治疟皆遵仲景法，多用小柴胡汤加减，执死法以治活病,,,,,,,疟,何廉臣,,,,,,
Doctrine_34013f30ff,正疟小柴胡汤可治，时疟岂可以小柴胡正疟法治之,,Doctrine,1,-1.22252,0.38483,0,正疟小柴胡汤可治，时疟岂可以小柴胡正疟法治之,,,,,,,疟,何廉臣,,,,,,
Doctrine_29fad2cce8,吾国诊断学以切脉居其末，非谓脉大可凭，谓仅恃于脉而脉无凭，徒泥乎脉而脉更无凭；必也观形色，验舌辨苔，查病源，度病所，审病,,Doctrine,1,-1.36222,0.2365,0,吾国诊断学以切脉居其末，非谓脉大可凭，谓仅恃于脉而脉无凭，徒泥乎脉而脉更无凭；必也观形色，验舌辨苔，查病源，度病所，审病状，究病变，然后参之以脉，虽脉象无定，而活法在人，自不为脉所惑矣,,,,,,,诊断学,何廉臣,,,,,,
Doctrine_8393c18051,方求其验岂判古今，药贵乎灵何分中外,,Doctrine,1,-1.12929,0.34763,0,方求其验岂判古今，药贵乎灵何分中外,,,,,,,用药处方,何廉臣,,,,,,
Doctrine_a26428ce41,《素问》所论运气，当时《六元正纪大论》原文久佚，故晋皇甫谧作《甲乙经》，隋全元起注《素问》，皆云亡失；唐王冰私采阴阳大论,,Doctrine,1,-1.4387,0.37684,0,《素问》所论运气，当时《六元正纪大论》原文久佚，故晋皇甫谧作《甲乙经》，隋全元起注《素问》，皆云亡失；唐王冰私采阴阳大论七篇补之，诡云秘藏旧本……其说甚辩,,,,,,,运气学说考辨,董说,,,,,,
Doctrine_802b8b6195,现今中医前途，必须新旧沟通，进取科学的医学，改良宗教的医学，当崇实黜华之时代，正不必辨无证无据之事也,,Doctrine,1,-1.35372,0.31579,0,现今中医前途，必须新旧沟通，进取科学的医学，改良宗教的医学，当崇实黜华之时代，正不必辨无证无据之事也,,,,,,,中医发展方向,何廉臣,,,,,,
Doctrine_abe907b801,远不逮俞氏发明六经之精详，包括三焦而无一遗憾,,Doctrine,1,-1.14893,0.38987,0,远不逮俞氏发明六经之精详，包括三焦而无一遗憾,,,,,,,六经与卫气营血三焦之比较,何廉臣,,,,,,
Doctrine_a0885589c6,对《温病条辨》列桂枝汤为首方，提出批评,,Doctrine,1,-1.17599,0.40161,0,对《温病条辨》列桂枝汤为首方，提出批评,,,,,,,温病条辨方剂编排,何廉臣,,,,,,
Doctrine_d98b64aa02,对马培之所主肺痈忌麝香之说，阐述其不同看法,,Doctrine,1,-1.35558,0.29765,0,对马培之所主肺痈忌麝香之说，阐述其不同看法,,,,,,,肺痈用药,何廉臣,,,,,,
Doctrine_7998d4ee53,治法尚稳，但不及俞法之约而赅，效力速,,Doctrine,1,-1.3302,0.37658,0,治法尚稳，但不及俞法之约而赅，效力速,,,,,,,大头伤寒治法比较,何廉臣,,,,,,
Doctrine_14a2544a22,总括何氏学术主张，是采取融汇中西，以达到革新医学的愿望,,Doctrine,1,-1.2361,0.38381,0,总括何氏学术主张，是采取融汇中西，以达到革新医学的愿望,,,,,,,融汇中西,何廉臣,,,,,,
Doctrine_f60bb69f5e,中国科学之程度，以医界为最低；中外冲突之潮流，以医界为最后，而革新之希望，亦以医界为最难,,Doctrine,1,-1.34744,0.36078,0,中国科学之程度，以医界为最低；中外冲突之潮流，以医界为最后，而革新之希望，亦以医界为最难,,,,,,,医学革新之难,何廉臣,,,,,,
Doctrine_ac25874754,在病因、病机、病证、辨证体系、诊断治疗等方面，对清末以前伏气学说的成就进行了全面的总结，并有创新,,Doctrine,1,-1.18948,0.37875,0,在病因、病机、病证、辨证体系、诊断治疗等方面，对清末以前伏气学说的成就进行了全面的总结，并有创新,,,,,,,伏气温病学说,何廉臣,,,,,,
Doctrine_eea2e324d3,使伏气温病学说具有堪与新感温病学说相媲美的系统性、广泛性与实用性,,Doctrine,1,-1.11562,0.33948,0,使伏气温病学说具有堪与新感温病学说相媲美的系统性、广泛性与实用性,,,,,,,伏气温病学说,何廉臣,,,,,,
Doctrine_66808f8452,是伏气温病集大成者，是温病学在清末的一项重大发展,,Doctrine,1,-1.1628,0.38715,0,是伏气温病集大成者，是温病学在清末的一项重大发展,,,,,,,伏气温病学说,何廉臣,,,,,,
Doctrine_79da4532b0,伏火为伏气温病的共同原因,,Doctrine,1,-1.25701,0.2549,0,伏火为伏气温病的共同原因,,,,,,,温病病因,何廉臣,,,,,,
Doctrine_91a309ce6a,冬伤于寒，其“不即病者，寒毒藏于肌肤，至春变为温病，至夏变为暑病”,,Doctrine,1,-0.15291,-0.07739,460,冬伤于寒，其“不即病者，寒毒藏于肌肤，至春变为温病，至夏变为暑病”,,,,,,,伏气温病病因,旧伏气学说,,,,,,
Doctrine_16e4c5c1a4,冬伤于寒者春未必病温，而冬不伤于寒者春也未必不病温,,Doctrine,1,-1.37765,0.27303,0,冬伤于寒者春未必病温，而冬不伤于寒者春也未必不病温,,,,,,,伏气温病病因,何廉臣,,,,,,
Doctrine_4f8495b47f,在治疗春、夏所病之温热时，不需顾及其冬所伤之寒,,Doctrine,1,-1.33415,0.36367,0,在治疗春、夏所病之温热时，不需顾及其冬所伤之寒,,,,,,,临床治疗,何廉臣,,,,,,
Doctrine_7053b09a1c,凡伏气温热皆是伏火,,Doctrine,1,-1.22737,0.41301,0,凡伏气温热皆是伏火,,,,,,,伏气温病病因,何廉臣,,,,,,
Doctrine_63ea794c6a,温病非六气,,Doctrine,1,-1.16545,-1.17991,462,温病非六气,,,,,,,温病病因,吴又可、杨栗山,,,,,,
Doctrine_c3ebdcba07,温热四时皆有,,Doctrine,1,-1.25448,0.41079,0,温热四时皆有,,,,,,,伏气温病范畴,何廉臣,,,,,,
Doctrine_0bbfbfb30f,不但病因上局限于寒、暑二端，而且在季节上牵强于六气配属，限制了伏气学说的运用，也不能解释伏热外发的伏气症四时皆可发生的临,,Doctrine,1,-2.27949,-0.11017,464,不但病因上局限于寒、暑二端，而且在季节上牵强于六气配属，限制了伏气学说的运用，也不能解释伏热外发的伏气症四时皆可发生的临床事实,,,,,,,旧伏气学说之局限,,,,,,,
Doctrine_7fe9f763f0,温热伏气病也……病之作往往因新感而发，所谓新感引动伏邪也,,Doctrine,1,-1.12066,0.27165,0,温热伏气病也……病之作往往因新感而发，所谓新感引动伏邪也,,,,,,,温热病病因,何廉臣,,,,,,
Doctrine_fb35ad52aa,因风邪引动而发者，曰风温，或曰风火。因寒邪引动而发者，曰冷温，或曰客寒包火。因暑邪引动而发者，曰暑温，或曰暑热。因湿邪引,,Doctrine,1,-1.34864,0.27235,0,因风邪引动而发者，曰风温，或曰风火。因寒邪引动而发者，曰冷温，或曰客寒包火。因暑邪引动而发者，曰暑温，或曰暑热。因湿邪引动而发者，曰湿温，或曰湿遏热伏。若兼秽毒者，曰温毒,,,,,,,以兼症别其病名,何廉臣,,,,,,
Doctrine_6ea23ca407,其发于春者曰春温，或曰春时晚发。发于夏者曰夏温，或曰热病。发于秋者曰秋温，或曰秋时晚发，或曰伏暑。发于冬者曰冬温，或曰伏,,Doctrine,1,-1.38684,0.25875,0,其发于春者曰春温，或曰春时晚发。发于夏者曰夏温，或曰热病。发于秋者曰秋温，或曰秋时晚发，或曰伏暑。发于冬者曰冬温，或曰伏暑冬发,,,,,,,以时令别其病名,何廉臣,,,,,,
Doctrine_9a31daba8d,新感温热邪从上受，必先由气分陷入血分，里证皆表证侵入于内也；伏气温热邪从里发，必先由血分转入气分，表证皆里证浮越于外也,,Doctrine,1,-0.23477,-0.70636,465,新感温热邪从上受，必先由气分陷入血分，里证皆表证侵入于内也；伏气温热邪从里发，必先由血分转入气分，表证皆里证浮越于外也,,,,,,,新感与伏气温病病机区别,,,,,,,
Doctrine_25b45adcf4,伏气温病的重心是表现为里证，其表证由里证浮越于外所致,,Doctrine,1,-1.3719,1.01197,466,伏气温病的重心是表现为里证，其表证由里证浮越于外所致,,,,,,,伏气温病特点,,,,,,,
Doctrine_26c332556d,各随其气而为诸病,,Doctrine,1,-0.99826,0.5066,0,各随其气而为诸病,,,,,,,病原与证候表现的关系,吴又可,,,,,,
Doctrine_b07aa90055,温热皆伏火,,Doctrine,1,-1.76154,-0.93959,467,温热皆伏火,,,,,,,伏气温病病因,,,,,,,
Doctrine_07b2f0335e,同一伏火而湿火与燥火判然不同,,Doctrine,1,-0.04432,0.32036,468,同一伏火而湿火与燥火判然不同,,,,,,,伏火分类,,,,,,,
Doctrine_35bf14308d,一因、二纲、四目,,Doctrine,1,-0.85563,-0.07233,0,一因、二纲、四目,,,,,,,伏气温病辨证论治体系,何氏,,,,,,
Doctrine_cd570ddaeb,治法以伏邪为重，他邪为轻，故略治他邪而新病即解,,Doctrine,1,-2.09986,0.46343,469,治法以伏邪为重，他邪为轻，故略治他邪而新病即解,,,,,,,伏邪与兼邪之关系,,,,,,,
Doctrine_3f9ff1b8c5,以夹邪为先，伏邪为后，盖清其夹邪而伏邪始能透发，透发方能传变，传变乃可解利,,Doctrine,1,-0.78817,-1.0332,470,以夹邪为先，伏邪为后，盖清其夹邪而伏邪始能透发，透发方能传变，传变乃可解利,,,,,,,伏邪与夹邪之关系,,,,,,,
Doctrine_16660365c2,医者必识得伏气，方不致见病治病，能握机于病象之先,,Doctrine,1,-1.109,0.27728,0,医者必识得伏气，方不致见病治病，能握机于病象之先,,,,,,,伏气学说,何廉臣,,,,,,
Doctrine_59edac7778,伏气学说是避免见病治病的盲目性、达到主动握机于病象之先的根本途径,,Doctrine,1,-1.16904,0.37463,0,伏气学说是避免见病治病的盲目性、达到主动握机于病象之先的根本途径,,,,,,,伏气学说,何廉臣,,,,,,
Doctrine_b75b07e8b7,医者必先明九传之理，而后能治伏邪,,Doctrine,1,-1.21719,0.40259,0,医者必先明九传之理，而后能治伏邪,,,,,,,伏气学说,何廉臣,,,,,,
Doctrine_64b309354c,叶天士创卫气营血辨证,,Doctrine,1,-0.96568,-0.23433,0,叶天士创卫气营血辨证,,,,,,,卫气营血辨证,叶天士,,,,,,
Doctrine_c3f6bdc362,皆夏秋间暑湿热气内郁，新凉引动内伏之邪,,Doctrine,1,-0.99849,-0.40474,0,皆夏秋间暑湿热气内郁，新凉引动内伏之邪,,,,,,,伏暑病因病机,叶氏,,,,,,
Doctrine_99b34015e9,由夏令吸收之暑气与湿气蕴伏膜原，至秋后而发,,Doctrine,1,-0.82591,-0.05515,0,由夏令吸收之暑气与湿气蕴伏膜原，至秋后而发,,,,,,,伏暑病因病机,何氏,,,,,,
Doctrine_3e53d38594,病发于处暑以后者尚浅而易治，发于霜降后、冬至前者为“晚发”，最深而难治,,Doctrine,1,-0.81608,-0.00779,0,病发于处暑以后者尚浅而易治，发于霜降后、冬至前者为“晚发”，最深而难治,,,,,,,伏暑轻重分型,何氏,,,,,,
Doctrine_3fe511a77f,轻清灵通之品，缓缓拨醒其气机，疏通其血络,,Doctrine,1,-0.84065,-0.06941,0,轻清灵通之品，缓缓拨醒其气机，疏通其血络,,,,,,,伏暑治法,何氏,,,,,,
Doctrine_47ed2a5857,每五日为一候，非若伤寒温邪之七日为期也。如第九日有凉汗，则第十日热解，第十四日有凉汗，则第十五日解，如无凉汗，又须一候矣,,Doctrine,1,-0.81686,-0.03616,0,每五日为一候，非若伤寒温邪之七日为期也。如第九日有凉汗，则第十日热解，第十四日有凉汗，则第十五日解，如无凉汗，又须一候矣。以热解之先一日，必有凉汗，此余所历验不爽者也,,,,,,,伏暑解期,何氏,,,,,,
Doctrine_70b14f53ca,将书中凡称为时行疫病者，悉改之曰温热，或曰伏邪,,Doctrine,1,-1.15607,0.27773,0,将书中凡称为时行疫病者，悉改之曰温热，或曰伏邪,,,,,,,温病名称,何廉臣,,,,,,
Doctrine_271fef733f,温毒之症有二：风温时毒与湿温时毒,,Doctrine,1,-1.22474,0.39509,0,温毒之症有二：风温时毒与湿温时毒,,,,,,,温毒分类,何廉臣,,,,,,
Doctrine_6ff4f31279,温毒所致病有疼腮、发颐、发斑、喉疹、天花等，皆由温毒从外而入，发病具有明显的红肿热痛外象体征,,Doctrine,1,-2.10745,-0.44803,472,温毒所致病有疼腮、发颐、发斑、喉疹、天花等，皆由温毒从外而入，发病具有明显的红肿热痛外象体征,,,,,,,温毒病因病机,,,,,,,
Doctrine_7393f0e6ae,人在气交之中，终日与秽气相争战，实则与微生物相争战,,Doctrine,1,-1.37929,0.28592,0,人在气交之中，终日与秽气相争战，实则与微生物相争战,,,,,,,温病病因,何廉臣,,,,,,
Doctrine_cd96350049,秽毒所指，即是相应的病原物质,,Doctrine,1,-0.12165,-0.31768,473,秽毒所指，即是相应的病原物质,,,,,,,温病病因,,,,,,,
Doctrine_f7bb893291,壮火为万病之贼,,Doctrine,1,-1.43391,0.35103,0,壮火为万病之贼,,,,,,,病因病机,魏柳州,,,,,,
Doctrine_9cc1280021,炎症为百病之源,,Doctrine,1,-1.38128,0.39972,0,炎症为百病之源,,,,,,,病因病机,嘉约翰,,,,,,
Doctrine_693e26a9eb,伏火就是壮火，有湿火、燥火之别,,Doctrine,1,-1.36059,0.27243,0,伏火就是壮火，有湿火、燥火之别,,,,,,,温病病因病机,何廉臣,,,,,,
Doctrine_6c70610406,湿火、燥火病变之重者，亦常称为“毒火”,,Doctrine,1,-1.31706,0.36852,0,湿火、燥火病变之重者，亦常称为“毒火”,,,,,,,温病病因病机,何廉臣,,,,,,
Doctrine_bfef5a69c1,内斑、外斑皆温毒所为，湿火、燥火病变重而凶险者属毒患,,Doctrine,1,-1.30408,0.37335,0,内斑、外斑皆温毒所为，湿火、燥火病变重而凶险者属毒患,,,,,,,温病病因病机,何廉臣,,,,,,
Doctrine_04e73950f4,其病多发于阳明胃肠，热结在里，由中蒸上，此时气分邪热，郁遏灼津，尚未郁结血分。,,Doctrine,1,-1.21589,0.25116,0,其病多发于阳明胃肠，热结在里，由中蒸上，此时气分邪热，郁遏灼津，尚未郁结血分。,,,,,,,热重于湿病机,何廉臣,,,,,,
Doctrine_a9b651ca0e,其舌苔必黄腻，舌之边尖红紫欠津，或底白罩白、混浊不清，或纯黄少白，或黄色燥刺，或苔白底绛，或黄中带黑、浮滑粘腻，或白苔渐,,Doctrine,1,-1.18848,0.40853,0,其舌苔必黄腻，舌之边尖红紫欠津，或底白罩白、混浊不清，或纯黄少白，或黄色燥刺，或苔白底绛，或黄中带黑、浮滑粘腻，或白苔渐黄而灰黑。,,,,,,,舌诊,何廉臣,,,,,,
Doctrine_9b6495c419,伏邪重者，苔亦厚而且满，板贴不松，脉息数滞不调;症必神烦口渴，渴不引饮，甚则耳聋干呕，面色红黄黑混，口气秽浊。,,Doctrine,1,-1.28475,0.36819,0,伏邪重者，苔亦厚而且满，板贴不松，脉息数滞不调;症必神烦口渴，渴不引饮，甚则耳聋干呕，面色红黄黑混，口气秽浊。,,,,,,,伏邪重者脉症,何廉臣,,,,,,
Doctrine_d92b932b47,宜用枳实、栀、豉合小陷胸汤，加连翘、茵陈之清芬，青子芩(姜水炒)、木通之苦辛，内通外达，表里两彻，使伏邪从汗利而双解。,,Doctrine,1,-1.09843,0.31355,0,宜用枳实、栀、豉合小陷胸汤，加连翘、茵陈之清芬，青子芩(姜水炒)、木通之苦辛，内通外达，表里两彻，使伏邪从汗利而双解。,,,,,,,治法方药,何廉臣,,,,,,
Doctrine_8c730f471a,渐欲化燥，渴甚脉大，气粗而逆者，重加石膏、知母，清肺气而滋化源;惟芦根、灯芯宜多用(煎汤代水)，轻清甘淡，邪热化湿，下行,,Doctrine,1,-1.32518,0.23227,0,渐欲化燥，渴甚脉大，气粗而逆者，重加石膏、知母，清肺气而滋化源;惟芦根、灯芯宜多用(煎汤代水)，轻清甘淡，邪热化湿，下行从膀胱而解，外达从白 解，或斑疹齐发而解。,,,,,,,化燥加减法,何廉臣,,,,,,
Doctrine_f2c40ed471,论治湿温，首先要辨明湿与温之孰轻孰重，还要辨明是否夹有痰、水、食、气、瘀等邪,,Doctrine,1,-1.38602,0.30463,0,论治湿温，首先要辨明湿与温之孰轻孰重，还要辨明是否夹有痰、水、食、气、瘀等邪,,,,,,,湿温辨证,何廉臣,,,,,,
Doctrine_79021c09a4,若有夹邪，则一般要以治夹邪为先,,Doctrine,1,-1.20054,0.39845,0,若有夹邪，则一般要以治夹邪为先,,,,,,,夹邪治法,何廉臣,,,,,,
Doctrine_2482e77b28,盖清其夹邪，而伏邪始得透发，透发方能传变，传变乃可解利也,,Doctrine,1,-1.35328,0.3422,0,盖清其夹邪，而伏邪始得透发，透发方能传变，传变乃可解利也,,,,,,,伏邪传变解利,何廉臣,,,,,,
Doctrine_2d3ff2b617,面色痿白，言语轻微，四肢无力，动则气高而喘，或痞满痰多，或饮食难化作酸，或头晕自汗，大便泄泻，或咳嗽气促，舌苔白嫩或淡红,,Doctrine,1,-1.33722,0.237,0,面色痿白，言语轻微，四肢无力，动则气高而喘，或痞满痰多，或饮食难化作酸，或头晕自汗，大便泄泻，或咳嗽气促，舌苔白嫩或淡红而润,,,,,,,气虚当补的证候,何廉臣,,,,,,
Doctrine_8d73687d2b,面白唇淡，头晕目眩，睡眠不安，五心烦热作渴，津液枯竭，健忘怔忡，肠燥便坚，口干舌燥，或口舌生疮，舌嫩红而干，或绛底浮白，,,Doctrine,1,-1.11827,0.30825,0,面白唇淡，头晕目眩，睡眠不安，五心烦热作渴，津液枯竭，健忘怔忡，肠燥便坚，口干舌燥，或口舌生疮，舌嫩红而干，或绛底浮白，或舌绛而燥,,,,,,,血虚当补的证候,何廉臣,,,,,,
Doctrine_fccae46e0d,分列痰火壅肺的证候，湿火夹食蕴结胃肠的证候，毒火内灼三焦的证候，温热证蓄水夹结粪的证候及蓄血化火的证候,,Doctrine,1,-1.30298,0.23417,0,分列痰火壅肺的证候，湿火夹食蕴结胃肠的证候，毒火内灼三焦的证候，温热证蓄水夹结粪的证候及蓄血化火的证候,,,,,,,实证辨证,何廉臣,,,,,,
Doctrine_b5e7d8c9e9,察舌质的老嫩、干润、荣枯、胀瘪、软硬、歪碎、舒缩、战痿、凸凹、深淡,,Doctrine,1,-1.09708,0.32403,0,察舌质的老嫩、干润、荣枯、胀瘪、软硬、歪碎、舒缩、战痿、凸凹、深淡,,,,,,,看舌十法,何廉臣,,,,,,
Doctrine_5ca60cb396,辨舌苔的有无、厚薄、松腻、偏全、糙黏、纹点、瓣晕、真假、常变、苔色,,Doctrine,1,-1.37425,0.26254,0,辨舌苔的有无、厚薄、松腻、偏全、糙黏、纹点、瓣晕、真假、常变、苔色,,,,,,,辨苔十法,何廉臣,,,,,,
Doctrine_448435ba72,验舌决死症法二十条,,Doctrine,1,-1.13051,0.37337,0,验舌决死症法二十条,,,,,,,舌诊,何廉臣,,,,,,
Doctrine_1ca0c6deb5,原因有六：一气虚痿，二血虚痿，三阴虚痿，四湿疾痿，五血瘀痿，六食积痿。设不细审致痿之因，未有不偾事者矣。,,Doctrine,1,-0.62594,-1.04183,27,原因有六：一气虚痿，二血虚痿，三阴虚痿，四湿疾痿，五血瘀痿，六食积痿。设不细审致痿之因，未有不偾事者矣。,,,,,,,痿躄虚实之因,李惺庵,,,,,,
Doctrine_45c219e28a,火为实证，热盛阳亢，身热多汗，法宜苦寒夺其实而泻其热；燥为虚证、阴亏失润、肌肤干燥，法宜甘寒养其阴而润其燥。,,Doctrine,1,-1.00184,-0.23453,0,火为实证，热盛阳亢，身热多汗，法宜苦寒夺其实而泻其热；燥为虚证、阴亏失润、肌肤干燥，法宜甘寒养其阴而润其燥。,,,,,,,燥证与火证虚实之别,叶天士,,,,,,
Doctrine_b612109c21,提出“肃肺清胃”的治疗原则,,Doctrine,1,-0.83935,-0.05023,0,提出“肃肺清胃”的治疗原则,,,,,,,湿温治法,何氏,,,,,,
Doctrine_699706b6a9,肺主一身之气，肺气化则脾湿自化，即有兼邪与之俱化,,Doctrine,1,-0.79954,-0.05998,0,肺主一身之气，肺气化则脾湿自化，即有兼邪与之俱化,,,,,,,肃肺,何氏,,,,,,
Doctrine_99cb4b5d8c,何氏认为其病变中心在“胃”。脾主湿而胃主燥，故胃经受邪多从热化,,Doctrine,1,-0.8339,-0.03446,0,何氏认为其病变中心在“胃”。脾主湿而胃主燥，故胃经受邪多从热化,,,,,,,清胃,何氏,,,,,,
Doctrine_d2b046e17c,何氏则用枳实栀豉合小陷胸汤加连翘、茵陈、黄芩、木通等,,Doctrine,1,-0.83065,-0.02214,0,何氏则用枳实栀豉合小陷胸汤加连翘、茵陈、黄芩、木通等,,,,,,,清胃方药,何氏,,,,,,
Doctrine_bbd25cfe49,辛凉解表、苦寒清里、甘寒救液是温热本症初中末三大基本治法,,Doctrine,1,-0.82657,-0.00739,0,辛凉解表、苦寒清里、甘寒救液是温热本症初中末三大基本治法,,,,,,,温热病治法,何氏,,,,,,
Doctrine_e63408ba80,感邪有兼风、兼寒、兼湿、兼毒之异；入里有夹食、夹痰、夹瘀、夹虫之别,,Doctrine,1,-0.8306,-0.04443,0,感邪有兼风、兼寒、兼湿、兼毒之异；入里有夹食、夹痰、夹瘀、夹虫之别,,,,,,,兼夹病情,何氏,,,,,,
Doctrine_4fda38619a,虽主要为温热病而设，但也不废辛温、温燥、补阳等法,,Doctrine,1,-0.28395,0.64662,476,虽主要为温热病而设，但也不废辛温、温燥、补阳等法,,,,,,,治温八法,何氏与其师樊开周先生,,,,,,
Doctrine_6e4a58ca23,蒲辅周先生曾将其推为中医辨证治疗急性传染病的基本大法,,Doctrine,1,-2.352,0.1372,477,蒲辅周先生曾将其推为中医辨证治疗急性传染病的基本大法,,,,,,,治温八法评价,蒲辅周先生,,,,,,
Doctrine_8ed179ca7f,结邪为病，所关甚大，病之为痞为满，为喘为肿，为闷为闭，为痛为胀，直无一不涉于结……故里病总以解结为治，结一解而病无不去,,Doctrine,1,-1.1887,0.39803,0,结邪为病，所关甚大，病之为痞为满，为喘为肿，为闷为闭，为痛为胀，直无一不涉于结……故里病总以解结为治，结一解而病无不去,,,,,,,攻里法·解结为治,何廉臣,,,,,,
Doctrine_df67a48584,温热结邪，总属伏火，自宜苦寒泻火为正治,,Doctrine,1,-1.31741,0.34952,0,温热结邪，总属伏火，自宜苦寒泻火为正治,,,,,,,温热结邪治法,何廉臣,,,,,,
Doctrine_103171a41e,但必须辨其为毒火宜急下……气血两亏而又不得不下者，宜陶氏黄龙汤等等,,Doctrine,1,-1.12355,0.36551,0,但必须辨其为毒火宜急下……气血两亏而又不得不下者，宜陶氏黄龙汤等等,,,,,,,攻下法分证论治,何廉臣,,,,,,
Doctrine_4eb477e9d0,初起邪在卫分者，用银翘散略加麻黄，辛凉开肺以泄卫,,Doctrine,1,-1.26555,0.38823,0,初起邪在卫分者，用银翘散略加麻黄，辛凉开肺以泄卫,,,,,,,春温卫分证治法,何廉臣,,,,,,
Doctrine_1748ade9ba,入气分化燥者，用叶氏荷杏石甘汤加味，展气化以轻清,,Doctrine,1,-1.36464,0.31781,0,入气分化燥者，用叶氏荷杏石甘汤加味，展气化以轻清,,,,,,,春温气分证治法,何廉臣,,,,,,
Doctrine_d1c41f1a55,邪入营分者，叶氏犀地元参汤为主，透营以泄热,,Doctrine,1,-1.16466,0.39819,0,邪入营分者，叶氏犀地元参汤为主，透营以泄热,,,,,,,春温营分证治法,何廉臣,,,,,,
Doctrine_812751448d,邪入血分者，导赤泻心汤加减，凉血以泻火,,Doctrine,1,-1.28191,0.24576,0,邪入血分者，导赤泻心汤加减，凉血以泻火,,,,,,,春温血分证治法,何廉臣,,,,,,
Doctrine_08edb321e7,昏厥不语者，加至宝丹或王氏新定牛黄清心丸，开内闭以清神识,,Doctrine,1,-1.32375,0.26568,0,昏厥不语者，加至宝丹或王氏新定牛黄清心丸，开内闭以清神识,,,,,,,温病昏厥治法,何廉臣,,,,,,
Doctrine_925456637b,若用泄卫、清气、透营、凉血而邪不从外解，必然里结胃肠，可选用诸承气汤下之,,Doctrine,1,-1.29447,0.38965,0,若用泄卫、清气、透营、凉血而邪不从外解，必然里结胃肠，可选用诸承气汤下之,,,,,,,温病里结胃肠治法,何廉臣,,,,,,
Doctrine_ee9a7f22f3,若因伏邪，其热自内达表，表里俱热，最多三阳合病，宜用葱豉桔梗汤加知母、黄芩，两解表里之热,,Doctrine,1,-1.11667,0.35247,0,若因伏邪，其热自内达表，表里俱热，最多三阳合病，宜用葱豉桔梗汤加知母、黄芩，两解表里之热,,,,,,,伏邪三阳合病治法,何廉臣,,,,,,
Doctrine_bb4613b439,继则表热微而里热著，又宜酌用诸承气法以下之,,Doctrine,1,-1.33013,0.35211,0,继则表热微而里热著，又宜酌用诸承气法以下之,,,,,,,表热微里热著治法,何廉臣,,,,,,
Doctrine_5633d8a5e4,下后表里俱虚而液燥者，重则竹叶石膏汤，轻则八仙玉液，清虚热以生津液,,Doctrine,1,-1.24624,0.24482,0,下后表里俱虚而液燥者，重则竹叶石膏汤，轻则八仙玉液，清虚热以生津液,,,,,,,下后虚燥治法,何廉臣,,,,,,
Doctrine_35f5119ed8,吴鞠通安宫牛黄丸不如紫雪丹合厥症返魂丹清镇泄化，平其神经，以定痉厥，其效果尤为神速,,Doctrine,1,-1.11507,0.32899,0,吴鞠通安宫牛黄丸不如紫雪丹合厥症返魂丹清镇泄化，平其神经，以定痉厥，其效果尤为神速,,,,,,,温病痉厥治法,何廉臣,,,,,,
Doctrine_bb09544143,是病毒充满于肠内，宜先用通利剂扫荡肠内之郁毒,,Doctrine,1,-1.32171,0.3591,0,是病毒充满于肠内，宜先用通利剂扫荡肠内之郁毒,,,,,,,痢疾治法,何廉臣,,,,,,
Doctrine_e0a9d3bc3e,传染性赤痢亦有不宜用硝黄荡涤者，只可清血解毒，滑以去着，如犀角地黄汤合五仁汤加醋炒芫花，重用贯仲一两，地浆水煎药，亦多奏,,Doctrine,1,-1.09606,0.33448,0,传染性赤痢亦有不宜用硝黄荡涤者，只可清血解毒，滑以去着，如犀角地黄汤合五仁汤加醋炒芫花，重用贯仲一两，地浆水煎药，亦多奏效,,,,,,,痢疾治法,何廉臣,,,,,,
Doctrine_bfed26e3f4,孕妇痢疾，以四制香附，带壳春砂为最良,,Doctrine,1,-1.31631,0.37899,0,孕妇痢疾，以四制香附，带壳春砂为最良,,,,,,,孕妇痢疾治法,何廉臣,,,,,,
Doctrine_75ef64f1df,脚气病应干湿分治，湿脚气以祛湿攻毒为君，佐以活血通络，用鸡鸣杉节汤,,Doctrine,1,-1.37234,0.24222,0,脚气病应干湿分治，湿脚气以祛湿攻毒为君，佐以活血通络，用鸡鸣杉节汤,,,,,,,脚气病治法,何廉臣,,,,,,
Doctrine_0dda92f11f,干脚气当以养血润燥、舒筋壮骨为君，加减虎潜汤主之,,Doctrine,1,-1.38954,0.27089,0,干脚气当以养血润燥、舒筋壮骨为君，加减虎潜汤主之,,,,,,,脚气病治法,何廉臣,,,,,,
Doctrine_53e557235f,脚气冲心症多不治，当用急症急救法；体实者泻血镇冲，加减桃仁随气汤合四磨饮子，体虚者介潜镇摄，紫石英汤加减,,Doctrine,1,-1.38584,0.29413,0,脚气冲心症多不治，当用急症急救法；体实者泻血镇冲，加减桃仁随气汤合四磨饮子，体虚者介潜镇摄，紫石英汤加减,,,,,,,脚气病治法,何廉臣,,,,,,
Doctrine_8b62c711ca,把尤在泾的“卒中八法”增其药方，并益以“养血”“活络”两法为“卒中十法”,,Doctrine,1,-1.3032,0.38381,0,把尤在泾的“卒中八法”增其药方，并益以“养血”“活络”两法为“卒中十法”,,,,,,,中风疗法,何廉臣,,,,,,
Doctrine_9413e30a4f,虚者由脑缺血，以补中益气汤加鹿茸血片，提血上行以补脑；实者由脑积血，以调胃承气汤冲犀角汁，泻血下行以清脑,,Doctrine,1,-1.44929,0.32327,0,虚者由脑缺血，以补中益气汤加鹿茸血片，提血上行以补脑；实者由脑积血，以调胃承气汤冲犀角汁，泻血下行以清脑,,,,,,,中风虚实分治,程祖植,,,,,,
Doctrine_1eb9c33ac6,阴火者，命门中之元阳也。一名元气，又名真火。视之不见，求之不得。附于气血之内，宰乎气血之先。,,Doctrine,1,-1.13655,0.28967,0,阴火者，命门中之元阳也。一名元气，又名真火。视之不见，求之不得。附于气血之内，宰乎气血之先。,,,,,,,阴火论,何廉臣,,,,,,
Doctrine_a6f9144d46,故古昔大医诊病决死生者，不视病之轻重，而视元气之存亡。元气不伤，虽病甚不死;元气或伤，虽病轻亦死。,,Doctrine,1,-1.36645,0.30406,0,故古昔大医诊病决死生者，不视病之轻重，而视元气之存亡。元气不伤，虽病甚不死;元气或伤，虽病轻亦死。,,,,,,,元气存亡决死生,何廉臣,,,,,,
Doctrine_9f93df5cb1,猝中多阳被阴逼，不走即飞;久病多阴竭阳厥，非枯则槁。,,Doctrine,1,-1.3353,0.28407,0,猝中多阳被阴逼，不走即飞;久病多阴竭阳厥，非枯则槁。,,,,,,,阴火上升元阳外越,何廉臣,,,,,,
Doctrine_e74ce568f7,胃之大络，名曰虚里。动而应衣者，宗气泄也。虚里无动脉者死。,,Doctrine,1,-1.3241,-0.40554,0,胃之大络，名曰虚里。动而应衣者，宗气泄也。虚里无动脉者死。,,,,,,,虚里,内经,,,,,,
Doctrine_fe8783b4f9,冲为血海，又为气街。其脉起于少腹之内胞中，夹脐左右上行，并足阳明之脉，至胸中而散，上夹咽。,,Doctrine,1,-0.15176,0.06026,481,冲为血海，又为气街。其脉起于少腹之内胞中，夹脐左右上行，并足阳明之脉，至胸中而散，上夹咽。,,,,,,,冲脉,内经,,,,,,
Doctrine_ce87deb9d7,任主胞胎，其脉起于少腹之内，胞室之下，出会阴之分，上毛际，循脐中央，至膻中，上喉咙，绕唇，终于唇下之承浆穴，与督脉交。,,Doctrine,1,-2.03707,0.69747,482,任主胞胎，其脉起于少腹之内，胞室之下，出会阴之分，上毛际，循脐中央，至膻中，上喉咙，绕唇，终于唇下之承浆穴，与督脉交。,,,,,,,任脉,内经,,,,,,
Doctrine_7a055a0e1d,饮食入胃，取汁变赤，由营卫上入于心，由心分布其重浊之汁，入冲脉化血。精华之汁，入任脉化精。冲是一身之总血管。任是一身之总,,Doctrine,1,-2.12423,-0.41151,81,饮食入胃，取汁变赤，由营卫上入于心，由心分布其重浊之汁，入冲脉化血。精华之汁，入任脉化精。冲是一身之总血管。任是一身之总精管是也。,,,,,,,冲任生理,李志锐,,,,,,
Doctrine_8a990c65e7,按胸以诊虚里，按腹以诊冲任，较诊太溪、趺阳，尤为可据。故腹诊之法，亦诊断上之必要。,,Doctrine,1,-1.36398,-0.0026,0,按胸以诊虚里，按腹以诊冲任，较诊太溪、趺阳，尤为可据。故腹诊之法，亦诊断上之必要。,,,,,,,腹诊,俞氏,,,,,,
Doctrine_68ddd77e7f,俞氏区别兼寒湿、兼湿热两端，分际极清，治法方药，亦属正宗,,Doctrine,1,-1.10572,-0.06602,0,俞氏区别兼寒湿、兼湿热两端，分际极清，治法方药，亦属正宗,,,,,,,伤寒兼湿之分类,俞氏,,,,,,
Doctrine_64d71b8b82,体肥而面色白者，兼顾阳气。治用苦辛淡温法，或佐桂、苓，或佐姜、术。体瘦而面色苍者，兼顾津液，治以苦辛淡凉法，或佐芦、茅二,,Doctrine,1,-1.30935,0.24251,0,体肥而面色白者，兼顾阳气。治用苦辛淡温法，或佐桂、苓，或佐姜、术。体瘦而面色苍者，兼顾津液，治以苦辛淡凉法，或佐芦、茅二根，或佐梨、蔗二汁,,,,,,,兼寒湿兼湿热之治法,何廉臣,,,,,,
Doctrine_95bd50d2e5,其除气分之湿，用蔻仁、滑石、杏仁、川朴、姜半夏、瓜蒌皮为主，有热加竹叶、连翘、芦根等，全取轻清之品，走气道以除湿,,Doctrine,1,-0.99335,-0.24215,0,其除气分之湿，用蔻仁、滑石、杏仁、川朴、姜半夏、瓜蒌皮为主，有热加竹叶、连翘、芦根等，全取轻清之品，走气道以除湿,,,,,,,气分湿邪治法,叶天士,,,,,,
Doctrine_3dd12b898f,一从肺治，用辛淡清化法;一从脾治，用辛淡温通法。此二者，皆为化气利湿之正法,,Doctrine,1,-0.97427,-0.22248,0,一从肺治，用辛淡清化法;一从脾治，用辛淡温通法。此二者，皆为化气利湿之正法,,,,,,,化气利湿之正法,叶天士,,,,,,
Doctrine_72e4596c40,湿热治肺，寒湿治脾，先生独得之薪传也,,Doctrine,1,-1.05064,-0.26317,0,湿热治肺，寒湿治脾，先生独得之薪传也,,,,,,,湿证治法要旨,叶天士,,,,,,
Doctrine_ad534c5347,总以苦辛温治寒湿，苦辛寒治湿热，概以淡渗佐之。甘酸腻浊，在所不用,,Doctrine,1,-1.36837,0.28039,0,总以苦辛温治寒湿，苦辛寒治湿热，概以淡渗佐之。甘酸腻浊，在所不用,,,,,,,湿证用药总则,何廉臣,,,,,,
Doctrine_e77890f39f,湿温兼寒，有发于首夏梅雨蒸时者，有发于仲秋桂花蒸时者,,Doctrine,1,-1.00824,-1.16743,483,湿温兼寒，有发于首夏梅雨蒸时者，有发于仲秋桂花蒸时者,,,,,,,湿温兼寒发病时令,,,,,,,
Doctrine_344a4e215a,其因虽有温暑之不同，而潜伏既久，酝酿蒸变，无一不同归火化,,Doctrine,1,-0.6022,0.85267,484,其因虽有温暑之不同，而潜伏既久，酝酿蒸变，无一不同归火化,,,,,,,湿温兼寒病机,,,,,,,
Doctrine_fadabe22e3,又加以外寒搏束，往往郁之愈甚，则发之愈暴，全在初起一二日,,Doctrine,1,-2.25498,-0.2558,485,又加以外寒搏束，往往郁之愈甚，则发之愈暴，全在初起一二日,,,,,,,湿温兼寒证治要点,,,,,,,
Doctrine_f7e55cdd0c,藿、朴、葱、豉，疏中发表，使寒湿从微汗而泄,,Doctrine,1,-0.14902,-0.574,486,藿、朴、葱、豉，疏中发表，使寒湿从微汗而泄,,,,,,,湿温兼寒治法,,,,,,,
Doctrine_69f90d1368,蔻、苓、滑、通，芳透淡渗，使湿热从小便而泄,,Doctrine,1,-1.50513,0.97734,487,蔻、苓、滑、通，芳透淡渗，使湿热从小便而泄,,,,,,,湿温兼寒治法,,,,,,,
Doctrine_f72201e342,汗利兼行，表里双解，自然寒散湿开，伏热外达，易于措手,,Doctrine,1,-1.63106,-1.00875,488,汗利兼行，表里双解，自然寒散湿开，伏热外达，易于措手,,,,,,,湿温兼寒治法总则,,,,,,,
Doctrine_e9d4ea63a8,继辨其湿多热少，侧重太阴，用苦辛淡温法,,Doctrine,1,-0.09718,0.46894,489,继辨其湿多热少，侧重太阴，用苦辛淡温法,,,,,,,湿温兼证分治,,,,,,,
Doctrine_14e31e6db8,热多湿少，侧重阳明，用苦辛淡凉法,,Doctrine,1,-2.15344,0.33663,490,热多湿少，侧重阳明，用苦辛淡凉法,,,,,,,湿温兼证分治,,,,,,,
Doctrine_9eaa6f7046,湿热俱多，则太阴阳明并治，当开泄清热，两法兼用,,Doctrine,1,-0.6539,-0.97172,491,湿热俱多，则太阴阳明并治，当开泄清热，两法兼用,,,,,,,湿温兼证分治,,,,,,,
Doctrine_f4b94789f5,凡暑轻而寒湿重者，暑即寓于寒湿之中，为寒湿吸收而同化,,Doctrine,1,-1.18025,0.39179,0,凡暑轻而寒湿重者，暑即寓于寒湿之中，为寒湿吸收而同化,,,,,,,暑与寒湿之关系,何廉臣,,,,,,
Doctrine_ac48b696b2,故散寒即所以散暑，治湿即所以治暑,,Doctrine,1,-1.34054,0.26567,0,故散寒即所以散暑，治湿即所以治暑,,,,,,,治法,何廉臣,,,,,,
Doctrine_2ebe184cdf,此惟阳虚多湿者为然,,Doctrine,1,-1.26632,0.4077,0,此惟阳虚多湿者为然,,,,,,,适用体质,何廉臣,,,,,,
Doctrine_6fb5ef9405,若其人阴虚多火，暑即寓于火之中，纵感风寒，亦为客寒包火之证,,Doctrine,1,-1.26771,0.37277,0,若其人阴虚多火，暑即寓于火之中，纵感风寒，亦为客寒包火之证,,,,,,,暑与火之关系,何廉臣,,,,,,
Doctrine_e6e0a25711,温热实症，阳明胃肠病居多,,Doctrine,1,-1.27979,0.40233,0,温热实症，阳明胃肠病居多,,,,,,,温热病虚实辨证,何廉臣,,,,,,
Doctrine_26eb74c9b1,温热虚症，少阴心肾病居多,,Doctrine,1,-1.13087,0.26515,0,温热虚症，少阴心肾病居多,,,,,,,温热病虚实辨证,何廉臣,,,,,,
Doctrine_6d8181dc75,今之所谓伤寒者，大概皆温热病耳。惟伤寒则足经为主，温热则手经病多,,Doctrine,1,-1.44739,0.99469,2,今之所谓伤寒者，大概皆温热病耳。惟伤寒则足经为主，温热则手经病多,,,,,,,伤寒与温热之辨,俞东扶,,,,,,
Doctrine_512fa749c4,如风温之咳嗽息鼾，热病之神昏谵语，或溏泻黏垢，皆手太阴肺、手厥阴心包络、手阳明大肠现证,,Doctrine,1,-0.18437,-0.63334,2,如风温之咳嗽息鼾，热病之神昏谵语，或溏泻黏垢，皆手太阴肺、手厥阴心包络、手阳明大肠现证,,,,,,,温热病手经证候,俞东扶,,,,,,
Doctrine_e7da11ac13,其邪分布充斥，无复六经可考，故不以六经法治耳,,Doctrine,1,-0.15,0.0,2,其邪分布充斥，无复六经可考，故不以六经法治耳,,,,,,,温热病治法,俞东扶,,,,,,
Doctrine_744acded5f,初时兼挟表邪者最多，仍宜发散,,Doctrine,1,-1.99479,0.74642,2,初时兼挟表邪者最多，仍宜发散,,,,,,,温热病治法,俞东扶,,,,,,
Doctrine_4ff3da3329,得汗为病轻，无汗为病重,,Doctrine,1,-1.07684,-1.17548,2,得汗为病轻，无汗为病重,,,,,,,温热病预后判断,俞东扶,,,,,,
Doctrine_974202b7da,俱宗仲景六经成法有效,,Doctrine,1,-1.6893,-0.98063,2,俱宗仲景六经成法有效,,,,,,,温热病治法渊源,俞东扶,,,,,,
Doctrine_b3ce9c2e51,温热病之三阴证多死，不比伤寒,,Doctrine,1,-0.0716,0.40479,2,温热病之三阴证多死，不比伤寒,,,,,,,温热病预后,俞东扶,,,,,,
Doctrine_5fccf1a341,冬不藏精者，东垣所谓肾水内竭，孰为滋养也,,Doctrine,1,-1.76597,0.08411,0,冬不藏精者，东垣所谓肾水内竭，孰为滋养也,,,,,,,温热病病机,东垣,,,,,,
Doctrine_c49196f1d0,惟大剂养阴，佐以清热，或可救之,,Doctrine,1,-2.26811,-0.19247,2,惟大剂养阴，佐以清热，或可救之,,,,,,,温热病治法,俞东扶,,,,,,
Doctrine_b6eed5fad0,新邪引动伏邪,,Doctrine,1,-0.9433,-0.20512,0,新邪引动伏邪,,,,,,,风温病机,叶天士,,,,,,
Doctrine_d03abfbabf,风温一症……法当辛凉清解,,Doctrine,1,-0.08874,-0.17372,494,风温一症……法当辛凉清解,,,,,,,风温治法,,,,,,,
Doctrine_373384f908,切忌辛温消散，劫烁津液，骤变则为痉厥，缓变则为肺痨,,Doctrine,1,-1.91397,0.92395,495,切忌辛温消散，劫烁津液，骤变则为痉厥，缓变则为肺痨,,,,,,,风温禁忌与传变,,,,,,,
Doctrine_847a7430ae,温热伏邪，因新寒触动而发者，俗称冷温。,,Doctrine,1,-0.67062,-0.20316,0,温热伏邪，因新寒触动而发者，俗称冷温。,,,,,,,冷温病因病名,雷少逸,,,,,,
Doctrine_bd8c7efab3,发于春者为春温，发于冬者为冬温，俗称客寒包火，皆属此症。,,Doctrine,1,-0.66858,-0.16621,0,发于春者为春温，发于冬者为冬温，俗称客寒包火，皆属此症。,,,,,,,春温冬温病名分类,雷少逸,,,,,,
Doctrine_8d70b2962a,初起多头身皆痛，寒热无汗，咳嗽口渴，舌苔浮白，脉息举之有余，或弦或紧，寻之或滑或数，先宜辛温解表法,,Doctrine,1,-0.67585,-0.17692,0,初起多头身皆痛，寒热无汗，咳嗽口渴，舌苔浮白，脉息举之有余，或弦或紧，寻之或滑或数，先宜辛温解表法,,,,,,,冷温初起辨证论治,雷少逸,,,,,,
Doctrine_dd74bddc63,倘或舌苔化燥，或黄或焦，是温热已烁于胃，即用凉解里热法,,Doctrine,1,-0.66643,-0.19353,0,倘或舌苔化燥，或黄或焦，是温热已烁于胃，即用凉解里热法,,,,,,,冷温传变论治,雷少逸,,,,,,
Doctrine_9f3fadda1f,如舌绛齿燥，谵语神昏，是温热深踞阳明营分，即宜清热解毒法,,Doctrine,1,-0.66175,-0.17419,0,如舌绛齿燥，谵语神昏，是温热深踞阳明营分，即宜清热解毒法,,,,,,,冷温传变论治,雷少逸,,,,,,
Doctrine_536caf420a,如有手足瘈疭，脉来弦数，是为热极生风，即宜祛热熄风法,,Doctrine,1,-0.67881,-0.20973,0,如有手足瘈疭，脉来弦数，是为热极生风，即宜祛热熄风法,,,,,,,冷温传变论治,雷少逸,,,,,,
Doctrine_b22f3c8f65,如或昏瞆不知人，不语如尸厥，此温邪窜入心胞，即宜祛热宣窍法,,Doctrine,1,-0.68125,-0.19909,0,如或昏瞆不知人，不语如尸厥，此温邪窜入心胞，即宜祛热宣窍法,,,,,,,冷温传变论治,雷少逸,,,,,,
Doctrine_dddbc6d260,冷温变幻，不一而足，务在临机应变。,,Doctrine,1,-0.6768,-0.18959,0,冷温变幻，不一而足，务在临机应变。,,,,,,,冷温证治总则,雷少逸,,,,,,
Doctrine_3ecc787d61,湿热与湿温，似同实异,,Doctrine,1,-1.30369,0.35207,0,湿热与湿温，似同实异,,,,,,,湿热与湿温辨,何廉臣,,,,,,
Doctrine_d18b075292,湿热者，先受湿，后化热，其来也渐,,Doctrine,1,-1.29127,0.25397,0,湿热者，先受湿，后化热，其来也渐,,,,,,,湿热与湿温辨,何廉臣,,,,,,
Doctrine_d26e26e1ef,湿温者，先伏温，后受湿，其来也暴,,Doctrine,1,-1.36052,0.25941,0,湿温者，先伏温，后受湿，其来也暴,,,,,,,湿热与湿温辨,何廉臣,,,,,,
Doctrine_5b2b183d4f,湿热轻而湿温重,,Doctrine,1,-1.27285,0.23678,0,湿热轻而湿温重,,,,,,,湿热与湿温辨,何廉臣,,,,,,
Doctrine_7d75587205,湿温之病，多在胃肠,,Doctrine,1,-0.10881,-0.49492,7,湿温之病，多在胃肠,,,,,,,湿温病位,雪樵君,,,,,,
Doctrine_e29f18dd34,舌苔滑白厚腻者，重用川朴为君,,Doctrine,1,-0.6679,0.89368,7,舌苔滑白厚腻者，重用川朴为君,,,,,,,湿温治法,雪樵君,,,,,,
Doctrine_79eccfc8ba,口有秽气者，玉枢丹亦要药,,Doctrine,1,-2.23273,-0.33585,7,口有秽气者，玉枢丹亦要药,,,,,,,湿温治法,雪樵君,,,,,,
Doctrine_3e6a308f0a,如湿重于温者，当以吴氏三仁汤、周氏化浊汤二方为主,,Doctrine,1,-1.36817,0.2937,0,如湿重于温者，当以吴氏三仁汤、周氏化浊汤二方为主,,,,,,,湿温初起治法,何廉臣,,,,,,
Doctrine_d413c5b55e,如温重于湿者，当以加减藿朴夏苓汤、清芳透邪汤二方为主,,Doctrine,1,-1.37569,0.32065,0,如温重于湿者，当以加减藿朴夏苓汤、清芳透邪汤二方为主,,,,,,,湿温初起治法,何廉臣,,,,,,
Doctrine_fe6c28e2c6,湿与温并重，当以新定达原饮、枳实栀豉合小陷胸汤加减，或藿香佐金汤亦佳,,Doctrine,1,-1.35407,0.32885,0,湿与温并重，当以新定达原饮、枳实栀豉合小陷胸汤加减，或藿香佐金汤亦佳,,,,,,,湿温初起治法,何廉臣,,,,,,
Doctrine_4207b304f3,更有阴虚气滞，脾湿肝火，酿痰上壅者，其证嗽痰白粘，气逆胸闷，口渴善呕，四肢倦懈，舌绛似干，上罩垢浊薄苔，脉左细数。每用自,,Doctrine,1,-0.86403,0.39904,0,更有阴虚气滞，脾湿肝火，酿痰上壅者，其证嗽痰白粘，气逆胸闷，口渴善呕，四肢倦懈，舌绛似干，上罩垢浊薄苔，脉左细数。每用自制七汁饮……屡收敏效,,,,,,,秋燥伤寒兼证治法,何廉臣,,,,,,
Doctrine_f70cd2020a,既不太热太燥太泄，又不太寒太润太涩,,Doctrine,1,-1.19078,0.25574,0,既不太热太燥太泄，又不太寒太润太涩,,,,,,,组方用药原则,何廉臣,,,,,,
Doctrine_89dd099d6f,方虽平淡，收效殊多,,Doctrine,1,-1.35976,0.24765,0,方虽平淡，收效殊多,,,,,,,疏风止嗽汤疗效,何廉臣,,,,,,
Doctrine_f55e7b9334,医当忠告而善导之,,Doctrine,1,-1.25329,0.38044,0,医当忠告而善导之,,,,,,,医家诊治态度,何廉臣,,,,,,
Doctrine_295337d84b,自订疏风止嗽汤增强了疏风解表之功，对于重伤风发热咳嗽者较止嗽散更适宜,,Doctrine,1,-1.00543,0.34826,0,自订疏风止嗽汤增强了疏风解表之功，对于重伤风发热咳嗽者较止嗽散更适宜,,,,,,,自订疏风止嗽汤与止嗽散之比较,,,,,,,
Doctrine_c3836cca58,余每作神经衰弱，骤有感触，五志之火，上烁脑髓，神经顿失其常性，遂发似狂非狂之证,,Doctrine,1,-1.39189,0.28113,0,余每作神经衰弱，骤有感触，五志之火，上烁脑髓，神经顿失其常性，遂发似狂非狂之证,,,,,,,神经衰弱与发狂病机,何廉臣,,,,,,
Doctrine_e09e00ddbf,东医所谓性情之狂，通称为精神病是也,,Doctrine,1,-1.27929,0.39185,0,东医所谓性情之狂，通称为精神病是也,,,,,,,病名对应,何廉臣,,,,,,
Doctrine_409f55f562,与感证之阳盛发狂迥异,,Doctrine,1,-1.30761,0.39334,0,与感证之阳盛发狂迥异,,,,,,,鉴别诊断,何廉臣,,,,,,
Doctrine_8abd23396e,多因于气情郁结，气道壅隔，上不得降，下不得升，胸腹胀满，四肢瘦削,,Doctrine,1,-2.35983,-0.02031,498,多因于气情郁结，气道壅隔，上不得降，下不得升，胸腹胀满，四肢瘦削,,,,,,,夹胀伤寒病机,,,,,,,
Doctrine_9ebd8d58b6,浊气在上，则生●胀,,Doctrine,1,-0.40865,-0.68258,499,浊气在上，则生●胀,,,,,,,内经病机引证,,,,,,,
Doctrine_c584e4ca07,治宜升清降浊,,Doctrine,1,-1.29553,1.09894,500,治宜升清降浊,,,,,,,夹胀伤寒治法,,,,,,,
Doctrine_aa8695df9b,伏气温病学说,,Doctrine,1,-1.36505,0.33113,0,伏气温病学说,,,,,,,伏气温病,何廉臣,,,,,,
Doctrine_057fa21ae6,古人各有专长，吾辈幸生古人之后，当统观而效法之。若坐井观天曰天在，是天岂尽于是哉？,,Doctrine,1,-1.12506,-0.50596,0,古人各有专长，吾辈幸生古人之后，当统观而效法之。若坐井观天曰天在，是天岂尽于是哉？,,,,,,,治学态度,张畹香,,,,,,
Doctrine_875465955c,多读书，多看各家书籍，自然腹中渊博，胸有准绳。,,Doctrine,1,-1.23947,-0.51131,0,多读书，多看各家书籍，自然腹中渊博，胸有准绳。,,,,,,,医家修养,张畹香,,,,,,
Doctrine_6c54644ac9,衷诸古而不泥古，俾后学一目了然，补前贤所未备，益后学于无穷,,Doctrine,1,-1.24511,-0.56366,0,衷诸古而不泥古，俾后学一目了然，补前贤所未备，益后学于无穷,,,,,,,治学态度,张畹香,,,,,,
Doctrine_c28ce23977,本书系张氏在绍兴一生经验医案之录要，其用药之神，断诊之明，足资后学模范,,Doctrine,1,-2.12242,0.57695,503,本书系张氏在绍兴一生经验医案之录要，其用药之神，断诊之明，足资后学模范,,,,,,,医案特色,,,,,,,
Doctrine_0499430ae0,则则有简要之论，所谓少许胜人多许也,,Doctrine,1,-0.8541,-1.1341,504,则则有简要之论，所谓少许胜人多许也,,,,,,,著述风格,,,,,,,
Doctrine_d55028bd95,师古而不泥古,,Doctrine,1,-1.24968,-0.48291,0,师古而不泥古,,,,,,,治学态度,张畹香,,,,,,
Doctrine_58f8099414,在疾病的诊治中动态观察舌苔变化，并结合临床主要症状、脉象情况，重视体质，辨治用药,,Doctrine,1,-1.15591,-0.52318,0,在疾病的诊治中动态观察舌苔变化，并结合临床主要症状、脉象情况，重视体质，辨治用药,,,,,,,诊病善察舌,张畹香,,,,,,
Doctrine_0b907026ac,肺主皮毛，头为诸阳之首，当责肺分之湿热,,Doctrine,1,-1.13163,-0.51856,0,肺主皮毛，头为诸阳之首，当责肺分之湿热,,,,,,,舌黄伴头面热疮辨证,张畹香,,,,,,
Doctrine_7c9948d7e4,温病往往有大便作泻，乃肺移热于大肠，由湿体之故，并非挟热下利,,Doctrine,1,-1.17696,-0.54064,0,温病往往有大便作泻，乃肺移热于大肠，由湿体之故，并非挟热下利,,,,,,,温病大便作泻辨证,张畹香,,,,,,
Doctrine_f06112c12b,舌边滑是湿性之体，但病仍在肺阴,,Doctrine,1,-1.1703,-0.52973,0,舌边滑是湿性之体，但病仍在肺阴,,,,,,,冬温舌象辨证,张畹香,,,,,,
Doctrine_863bd9729e,舌症并察，审识体质，辨证用药,,Doctrine,1,-1.17937,-0.51087,0,舌症并察，审识体质，辨证用药,,,,,,,诊病善察舌,张畹香,,,,,,
Doctrine_62d9f91203,斑出血分，疹出于气分,,Doctrine,1,-1.22112,-0.52012,0,斑出血分，疹出于气分,,,,,,,斑疹病机,张畹香,,,,,,
Doctrine_2ab592c570,治斑时用辛凉法清肺分之风热，早托邪透达外出为宜，药用玉女煎加麦冬、生地、羚羊角，佐以大青叶托邪透斑外出,,Doctrine,1,-1.2407,-0.52294,0,治斑时用辛凉法清肺分之风热，早托邪透达外出为宜，药用玉女煎加麦冬、生地、羚羊角，佐以大青叶托邪透斑外出,,,,,,,治斑用药,张畹香,,,,,,
Doctrine_49d7bb9a07,在托邪外出时，重视宣肺透达，提出慎用降肺泻肺之药,,Doctrine,1,-1.22942,-0.50121,0,在托邪外出时，重视宣肺透达，提出慎用降肺泻肺之药,,,,,,,托邪外出治则,张畹香,,,,,,
Doctrine_70362c2825,一见疹，黄芩汤加炒大力子、桔梗、蒌皮、蝉衣、茯苓皮以解表托疹，勿用贝、蒌、葶苈泻肺，致邪下陷,,Doctrine,1,-1.16899,-0.5093,0,一见疹，黄芩汤加炒大力子、桔梗、蒌皮、蝉衣、茯苓皮以解表托疹，勿用贝、蒌、葶苈泻肺，致邪下陷,,,,,,,治疹用药禁忌,张畹香,,,,,,
Doctrine_e435b49f01,增液托邪，宣肺透表。治疗温病，运用清解药后，汗出较多，邪随汗泄，伤阴耗津，余温之邪仍在，张氏认为其为津伤邪留，主张予增液,,Doctrine,1,-1.21003,-0.5336,0,增液托邪，宣肺透表。治疗温病，运用清解药后，汗出较多，邪随汗泄，伤阴耗津，余温之邪仍在，张氏认为其为津伤邪留，主张予增液托邪法,,,,,,,温病多托邪,张畹香,,,,,,
Doctrine_42ab4e02bd,药物选沙参、麦冬、玄参、生地、地骨皮等生津养阴，桔梗、连翘、金银花、蝉衣、羚羊角等宣肺托邪外出，共奏增液托邪，宣肺透表之,,Doctrine,1,-1.18916,-0.50707,0,药物选沙参、麦冬、玄参、生地、地骨皮等生津养阴，桔梗、连翘、金银花、蝉衣、羚羊角等宣肺托邪外出，共奏增液托邪，宣肺透表之效,,,,,,,温病多托邪,张畹香,,,,,,
Doctrine_01cb126de0,用汉防己、焦茅术、川连、茯苓、泽泻祛其湿热，广木香、缩砂、陈皮利其气,,Doctrine,1,-1.14448,-0.51488,0,用汉防己、焦茅术、川连、茯苓、泽泻祛其湿热，广木香、缩砂、陈皮利其气,,,,,,,利湿理气,张畹香,,,,,,
Doctrine_42ff03d2a4,文党参一两，以升麻一钱煎浓汁浸烘党参，升补其气,,Doctrine,1,-1.14339,-0.52533,0,文党参一两，以升麻一钱煎浓汁浸烘党参，升补其气,,,,,,,升补气分,张畹香,,,,,,
Doctrine_3194a0c4ff,绍兴谓之瘩子，苏州谓之沙子，其实皆风，感肺分,,Doctrine,1,-1.21957,-0.55033,0,绍兴谓之瘩子，苏州谓之沙子，其实皆风，感肺分,,,,,,,风疹病名与病因,张畹香,,,,,,
Doctrine_2fd006052a,即属风感肺分，与发疹治法一样耳,,Doctrine,1,-0.95272,-0.22101,0,即属风感肺分，与发疹治法一样耳,,,,,,,风疹与发疹治法关系,叶天士,,,,,,
Doctrine_98029eb469,当按四时法治之。在冬令发瘩，当用冬温法；夏时用暑风法；秋时用秋燥法；春时用风温法,,Doctrine,1,-1.15102,-0.50667,0,当按四时法治之。在冬令发瘩，当用冬温法；夏时用暑风法；秋时用秋燥法；春时用风温法,,,,,,,四时分证论治,张畹香,,,,,,
Doctrine_7527490d12,或大便作泻，加淡渗法，则生米仁、茯苓，又炒银花最妙,,Doctrine,1,-1.24976,-0.5052,0,或大便作泻，加淡渗法，则生米仁、茯苓，又炒银花最妙,,,,,,,兼证治法,张畹香,,,,,,
Doctrine_5bd96b8145,或火盛，则羚角、犀角、丹皮、焦栀子，或用苇茎汤、白虎汤，夏秋用，冬春断不可用,,Doctrine,1,-1.15803,-0.53347,0,或火盛，则羚角、犀角、丹皮、焦栀子，或用苇茎汤、白虎汤，夏秋用，冬春断不可用,,,,,,,火盛治法及四时禁忌,张畹香,,,,,,
Doctrine_689b962b82,又有入心营则犀角地黄汤，加紫雪或至宝丹,,Doctrine,1,-1.23141,-0.51804,0,又有入心营则犀角地黄汤，加紫雪或至宝丹,,,,,,,入心营治法,张畹香,,,,,,
Doctrine_56a6ac3ff9,斑疹宜按四时分别论治，或辛凉，或甘寒，或淡渗，或清火，或凉营。,,Doctrine,1,-1.12281,-0.4957,0,斑疹宜按四时分别论治，或辛凉，或甘寒，或淡渗，或清火，或凉营。,,,,,,,四时分别治风疹,张畹香,,,,,,
Doctrine_20e917b445,斑出血分，疹与瘄出于气分,,Doctrine,1,-1.19789,-0.49309,0,斑出血分，疹与瘄出于气分,,,,,,,斑疹瘄之气血分属,张畹香,,,,,,
Doctrine_bc1d420797,失下则斑，失辛凉肺分则疹,,Doctrine,1,-0.72107,0.92211,505,失下则斑，失辛凉肺分则疹,,,,,,,斑疹之病因,古人,,,,,,
Doctrine_adf0b88d37,风热甚，辛凉肺分亦疹，唯早透达耳,,Doctrine,1,-1.1352,-0.50868,0,风热甚，辛凉肺分亦疹，唯早透达耳,,,,,,,疹证治法,张畹香,,,,,,
Doctrine_c7e583ee39,夹温则瘄似疹，白色有浆，热毒深入血分，即下亦斑，唯早下则斑早出耳,,Doctrine,1,-1.14225,-0.5009,0,夹温则瘄似疹，白色有浆，热毒深入血分，即下亦斑，唯早下则斑早出耳,,,,,,,瘄疹斑之鉴别与早下,张畹香,,,,,,
Doctrine_9ff66c4287,一见疹，黄芩汤加炒大力子、桔梗、蒌皮、蝉蜕、茯苓皮已解表托疹，勿用贝蒌葶苈泻肺致邪下陷,,Doctrine,1,-1.23294,-0.49131,0,一见疹，黄芩汤加炒大力子、桔梗、蒌皮、蝉蜕、茯苓皮已解表托疹，勿用贝蒌葶苈泻肺致邪下陷,,,,,,,疹证方药,张畹香,,,,,,
Doctrine_29827edc1a,即予犀角地黄汤加人中黄、金银花、大青叶化斑解毒，轻者勿用承气，若重者不如三黄汤或承气，为变解法，使表里之邪一齐解散,,Doctrine,1,-1.13352,-0.52889,0,即予犀角地黄汤加人中黄、金银花、大青叶化斑解毒，轻者勿用承气，若重者不如三黄汤或承气，为变解法，使表里之邪一齐解散,,,,,,,斑证方药与解法,张畹香,,,,,,
Doctrine_1990e99e0f,甚或有用生军者，则又可不用川连之说不可泥,,Doctrine,1,-1.25945,-0.50115,0,甚或有用生军者，则又可不用川连之说不可泥,,,,,,,用药灵活变通,张畹香,,,,,,
Doctrine_ae13903a35,沿门合境，男妇老幼，所患悉同，即属瘟疫,,Doctrine,1,-1.24698,-0.49305,0,沿门合境，男妇老幼，所患悉同，即属瘟疫,,,,,,,瘟疫诊断标准,张畹香,,,,,,
Doctrine_46b8b419d2,苔如积粉,,Doctrine,1,-1.42793,-0.99971,82,苔如积粉,,,,,,,瘟疫舌苔,又可,,,,,,
Doctrine_1b012f6358,湿温之盛行，叶氏案中用张喻法者，其舌皆红耳,,Doctrine,1,-1.15925,-0.51322,0,湿温之盛行，叶氏案中用张喻法者，其舌皆红耳,,,,,,,湿温舌苔,张畹香,,,,,,
Doctrine_df496301f8,有汗不宜重汗,,Doctrine,1,-2.10652,-0.60215,28,有汗不宜重汗,,,,,,,汗法禁忌,仲师,,,,,,
Doctrine_487c0c7eec,湿家忌汗，汗之则发痉厥,,Doctrine,1,-0.01609,-0.19419,28,湿家忌汗，汗之则发痉厥,,,,,,,湿家汗法禁忌,仲师,,,,,,
Doctrine_6da33c476a,故疫忌汗,,Doctrine,1,-1.16651,-0.53965,0,故疫忌汗,,,,,,,瘟疫忌汗,张畹香,,,,,,
Doctrine_054b7534cc,一见白燥苔即下，舌稍黄微下之，舌黄燥大下之，舌焦刺，重下之，峻下之，所谓下之不嫌早也,,Doctrine,1,-1.19959,-0.53468,0,一见白燥苔即下，舌稍黄微下之，舌黄燥大下之，舌焦刺，重下之，峻下之，所谓下之不嫌早也,,,,,,,瘟疫察苔用下法,张畹香,,,,,,
Doctrine_c0c5e83b01,川连能解毒，且苦能燥湿，复以人中黄尤妙,,Doctrine,1,-1.2201,-0.53056,0,川连能解毒，且苦能燥湿，复以人中黄尤妙,,,,,,,瘟疫用药,张畹香,,,,,,
Doctrine_c1aee0208a,暑湿入肝脾，则为痢疾,,Doctrine,1,-1.16077,-0.50277,0,暑湿入肝脾，则为痢疾,,,,,,,痢疾病因,张畹香,,,,,,
Doctrine_0e4b8f765d,先除其热，热除其痢自瘥者，不瘥与小承气汤下之,,Doctrine,1,-1.23118,-0.52854,0,先除其热，热除其痢自瘥者，不瘥与小承气汤下之,,,,,,,痢疾治法先后,张畹香,,,,,,
Doctrine_168c3458e5,生军与芒硝有禁条，痢疾勿用，即属杀人,,Doctrine,1,-1.21325,-0.5021,0,生军与芒硝有禁条，痢疾勿用，即属杀人,,,,,,,痢疾用药禁忌,张畹香,,,,,,
Doctrine_fdfbfa78ed,仲景白头翁汤云治下焦热毒痢，然北秦皮为肝经药，当属治肝痢之方,,Doctrine,1,-1.22446,-0.48434,0,仲景白头翁汤云治下焦热毒痢，然北秦皮为肝经药，当属治肝痢之方,,,,,,,白头翁汤主治,张畹香,,,,,,
Doctrine_ffa3de62c6,痢在肝分者，舌苔必薄，或渴或不渴，痛在少腹，或胁肋，或腰，当用当归黄芩汤,,Doctrine,1,-1.20243,-0.50256,0,痢在肝分者，舌苔必薄，或渴或不渴，痛在少腹，或胁肋，或腰，当用当归黄芩汤,,,,,,,肝痢辨证论治,张畹香,,,,,,
Doctrine_d02e66439e,破血则腹痛自减，利气则厚重自除,,Doctrine,1,-1.21341,-0.5127,0,破血则腹痛自减，利气则厚重自除,,,,,,,治法原理,张畹香,,,,,,
Doctrine_227963bed1,参苏饮之法，扶正驱邪,,Doctrine,1,-1.24886,-0.51602,0,参苏饮之法，扶正驱邪,,,,,,,参苏饮扶正驱邪,张畹香,,,,,,
Doctrine_e4a676639a,小柴胡汤用人参亦此意,,Doctrine,1,-1.18914,-0.53829,0,小柴胡汤用人参亦此意,,,,,,,小柴胡汤人参之用意,张畹香,,,,,,
Doctrine_493c0509ee,故本草以性温，能祛肺寒,,Doctrine,1,-1.19309,-0.5168,0,故本草以性温，能祛肺寒,,,,,,,款冬花药性,张畹香,,,,,,
Doctrine_74dd2735fc,热痰用贝母，寒痰用半夏，势如冰碳,,Doctrine,1,-1.10927,-0.49443,0,热痰用贝母，寒痰用半夏，势如冰碳,,,,,,,痰证寒热用药,张畹香,,,,,,
Doctrine_8e7c27b44e,茉莉治寒痢，当与姜附同用,,Doctrine,1,-1.14763,-0.53493,0,茉莉治寒痢，当与姜附同用,,,,,,,痢疾寒证用药,张畹香,,,,,,
Doctrine_3cc0da5350,伤寒病在三阳经，不传则极轻之症也,,Doctrine,1,-2.34575,0.18282,83,伤寒病在三阳经，不传则极轻之症也,,,,,,,伤寒三阳经辨证,张畹香,,,,,,
Doctrine_1d74fa06fb,仲景书分晰甚明，绝无相混之处,,Doctrine,1,-1.1071,-0.50471,0,仲景书分晰甚明，绝无相混之处,,,,,,,仲景书辨证明晰,张畹香,,,,,,
Doctrine_21074870a9,余谓此属上焦症，误用中焦故不效，用辛凉法加生石膏羚角，大汗而愈,,Doctrine,1,-1.1833,-0.5206,0,余谓此属上焦症，误用中焦故不效，用辛凉法加生石膏羚角，大汗而愈,,,,,,,上焦温邪辛凉发汗,张畹香,,,,,,
Doctrine_77956cc175,盖高年未有脉不洪大，为六阳者也,,Doctrine,1,-1.25724,-0.49083,0,盖高年未有脉不洪大，为六阳者也,,,,,,,高年脉象,张畹香,,,,,,
Doctrine_e4e6d7dc86,今津液已涸，当救其阴，用黄芩汤，复以增液汤,,Doctrine,1,-1.1157,-0.51073,0,今津液已涸，当救其阴，用黄芩汤，复以增液汤,,,,,,,滋阴清热治法,张畹香,,,,,,
Doctrine_a8b8effdbb,致邪陷下焦，故不得汗。不得汗则身不得凉。,,Doctrine,1,-1.19083,-0.52793,0,致邪陷下焦，故不得汗。不得汗则身不得凉。,,,,,,,病机,张畹香,,,,,,
Doctrine_35f812ffa7,此属阳明胃经，当用葛根汤,,Doctrine,1,-2.21127,-0.39686,506,此属阳明胃经，当用葛根汤,,,,,,,阳明症治法,予,,,,,,
Doctrine_dfd135a013,其阳明经仍在，不传府，为疏葛根汤，两剂，身即凉,,Doctrine,1,-0.08169,-0.4314,507,其阳明经仍在，不传府，为疏葛根汤，两剂，身即凉,,,,,,,阳明经病预后与治法,予,,,,,,
Doctrine_9ba6d2ee6e,不论四时六气，舌苔有无黄白，皆此,,Doctrine,1,-1.63255,0.92526,508,不论四时六气，舌苔有无黄白，皆此,,,,,,,医家用方之弊,,,,,,,
Doctrine_21bc1e0564,凡遇胎前产后，所患不拘何病，总以胎产为本，以病为标,,Doctrine,1,-1.25955,-0.58753,0,凡遇胎前产后，所患不拘何病，总以胎产为本，以病为标,,,,,,,胎产病机,张石顽,,,,,,
Doctrine_ce7e035015,产后当理血分,,Doctrine,1,-1.18074,-0.53085,0,产后当理血分,,,,,,,产后治法,张畹香,,,,,,
Doctrine_b215dcbc31,黄芩、白芍产后所禁，不用,,Doctrine,1,-1.12119,-0.51968,0,黄芩、白芍产后所禁，不用,,,,,,,产后用药禁忌,张畹香,,,,,,
Doctrine_7673ba010c,脉弦，舌黄薄，痛在右腰肋，此肝痢也,,Doctrine,1,-1.17234,-0.51925,0,脉弦，舌黄薄，痛在右腰肋，此肝痢也,,,,,,,肝痢辨证,张畹香,,,,,,
Doctrine_7f7e3027e8,凡泻之似痢非痢者，盲医每认为痢，用通痢套药,,Doctrine,1,-1.22353,-0.5099,0,凡泻之似痢非痢者，盲医每认为痢，用通痢套药,,,,,,,类痢证辨误,张畹香,,,,,,
Doctrine_8bd79402c5,是肾阴大伤，必攻击过分所致,,Doctrine,1,-1.20061,-0.52413,0,是肾阴大伤，必攻击过分所致,,,,,,,痢疾病机,张畹香,,,,,,
Doctrine_76b5ecae34,用熟地、肉桂，五味、龟板，复以炮姜、粳米、赤石脂等桃花汤，多剂始愈,,Doctrine,1,-1.20292,-0.51305,0,用熟地、肉桂，五味、龟板，复以炮姜、粳米、赤石脂等桃花汤，多剂始愈,,,,,,,痢疾治法,张畹香,,,,,,
Doctrine_a9d487817b,总由肾水之虚，肝家血分之热,,Doctrine,1,-1.21901,-0.49332,0,总由肾水之虚，肝家血分之热,,,,,,,软脚瘟病机,张畹香,,,,,,
Doctrine_5b3a7a2b5a,用张石顽先生下焦肝痛方，如炒小茴香一钱五分、川楝子三钱、酒延胡一钱五分，于黄芩汤中,,Doctrine,1,-1.2699,-0.58578,0,用张石顽先生下焦肝痛方，如炒小茴香一钱五分、川楝子三钱、酒延胡一钱五分，于黄芩汤中,,,,,,,软脚瘟治法,张畹香,,,,,,
Doctrine_8da42aba29,嗣后无论男妇，遇软脚瘟，用此法俱效,,Doctrine,1,-1.23918,-0.48287,0,嗣后无论男妇，遇软脚瘟，用此法俱效,,,,,,,软脚瘟治法验效,张畹香,,,,,,
Doctrine_ddcf108c43,重视识方辨药与辨证结合的重要性,,Doctrine,1,-1.47355,-0.48677,0,重视识方辨药与辨证结合的重要性,,,,,,,辨药与辨证,周氏,,,,,,
Doctrine_2e0b33dbe9,窃怪古来注仲圣书者，无虑数十百家，独于方解，鲜精确澄彻,,Doctrine,1,-1.64878,-0.58018,0,窃怪古来注仲圣书者，无虑数十百家，独于方解，鲜精确澄彻,,,,,,,批评前人注解方解不精确,周氏,,,,,,
Doctrine_5efdd68b5e,读仲圣书而不先辨本草，犹航断港绝潢而望至于海也。夫辨本草者，医学之始基,,Doctrine,1,-1.49254,-0.47371,0,读仲圣书而不先辨本草，犹航断港绝潢而望至于海也。夫辨本草者，医学之始基,,,,,,,辨本草为医学基础,周氏,,,,,,
Doctrine_6ae851ce45,医学至今日，诚无解于西人之诟矣，针法之真传已失，即《素问》《灵枢》《本草经》《伤寒论》《金匮要略》等于四书五经，而读之者,,Doctrine,1,-0.16938,0.60914,510,医学至今日，诚无解于西人之诟矣，针法之真传已失，即《素问》《灵枢》《本草经》《伤寒论》《金匮要略》等于四书五经，而读之者牛毛，解之者麟角。其有著述行世，而或文辞明畅，中多纰缪，或稗贩剽窃，复为大言以此欺人，人不能辨,,,,,,,,,,,,,,
Doctrine_684e752b4c,津逮来者，有功前哲,,Doctrine,1,-1.75202,-0.66205,0,津逮来者，有功前哲,,,,,,,,周伯度,,,,,,
Doctrine_f59641f943,夫学问之道，不外致知力行两端，医何独不然,,Doctrine,1,-1.76604,-0.64917,0,夫学问之道，不外致知力行两端，医何独不然,,,,,,,致知力行,周伯度,,,,,,
Doctrine_2a0cce8f23,致知之书，如素问、灵枢、本草经尚矣。而伤寒论、金匮要略，则又南阳先生师本致知以为力行之书，灵素本经，悉括其中,,Doctrine,1,-1.73349,-0.67811,0,致知之书，如素问、灵枢、本草经尚矣。而伤寒论、金匮要略，则又南阳先生师本致知以为力行之书，灵素本经，悉括其中,,,,,,,致知力行,周伯度,,,,,,
Doctrine_3d480313bf,善守旧者，其旧皆不可变之天道，惟笃守而精研之，新义斯出,,Doctrine,1,-1.79425,-0.63519,0,善守旧者，其旧皆不可变之天道，惟笃守而精研之，新义斯出,,,,,,,学科传承与创新,周伯度,,,,,,
Doctrine_399a31ff68,中国古时便有针灸铜人模型，且其外有腧穴内有脏腑，可以用作针刺练习,,Doctrine,1,-1.76621,-0.71545,0,中国古时便有针灸铜人模型，且其外有腧穴内有脏腑，可以用作针刺练习,,,,,,,针灸传承,周伯度,,,,,,
Doctrine_897d655243,至内科之有器，更未之前闻，而不知古固有之,,Doctrine,1,-1.744,-0.67802,0,至内科之有器，更未之前闻，而不知古固有之,,,,,,,内科器具传承,周伯度,,,,,,
Doctrine_9278a1b7c9,复铜人之巧制，施之证治，用彰明效,,Doctrine,1,-1.79205,-0.66283,0,复铜人之巧制，施之证治，用彰明效,,,,,,,器具创新,周伯度,,,,,,
Doctrine_2a0c4f2095,人知辨证之难，甚于辨药；孰知方之不效，由于不识证者半，由于不识药者亦半。证识矣而药不当，非特不效，抑且贻害,,Doctrine,1,-1.78191,-0.6371,0,人知辨证之难，甚于辨药；孰知方之不效，由于不识证者半，由于不识药者亦半。证识矣而药不当，非特不效，抑且贻害,,,,,,,辨证与辨药,周伯度,,,,,,
Doctrine_8c545bab48,其故在本草之学，自来多不深求。识本草如是，遂视方义亦当如是,,Doctrine,1,-1.78582,-0.65437,0,其故在本草之学，自来多不深求。识本草如是，遂视方义亦当如是,,,,,,,本草之学,周伯度,,,,,,
Doctrine_06df2996f0,于古人因证施治之微旨，去而千里矣,,Doctrine,1,-1.79633,-0.65324,0,于古人因证施治之微旨，去而千里矣,,,,,,,辨药不精之弊,周伯度,,,,,,
Doctrine_754409e9d2,好补之家多誉，好攻之家多毁，其誉者复有补阴补阳之各执,,Doctrine,1,-1.77836,-0.64699,0,好补之家多誉，好攻之家多毁，其誉者复有补阴补阳之各执,,,,,,,人参之争议,周伯度,,,,,,
Doctrine_c1bf570cd0,欲知人参之真，非取仲圣方融会而详辨之,,Doctrine,1,-1.75054,-0.68796,0,欲知人参之真，非取仲圣方融会而详辨之,,,,,,,人参,周伯度,,,,,,
Doctrine_9a48e98ac3,止渴有不需参之证，生脉则惟参独擅。盖脉生于营，营属心。心体阴而用阳，惟冲和煦育之参，能补之,,Doctrine,1,-1.78359,-0.68194,0,止渴有不需参之证，生脉则惟参独擅。盖脉生于营，营属心。心体阴而用阳，惟冲和煦育之参，能补之,,,,,,,人参与生脉,周伯度,,,,,,
Doctrine_de9c6fca71,药性始于神农，不读本草经，如作制艺不知题在四书,,Doctrine,1,-1.80204,-0.69044,0,药性始于神农，不读本草经，如作制艺不知题在四书,,,,,,,本草研习之重要性,陈修园,,,,,,
Doctrine_920fa218cc,夫辨本草者，医学之始基,,Doctrine,1,-1.72538,-0.68478,0,夫辨本草者，医学之始基,,,,,,,本草之地位,周伯度,,,,,,
Doctrine_dbd88563e4,徐、陈二家著作于本经皆止顺文敷衍，于仲圣方皆止知大意,,Doctrine,1,-1.80674,-0.65186,0,徐、陈二家著作于本经皆止顺文敷衍，于仲圣方皆止知大意,,,,,,,前人著作不足,周伯度,,,,,,
Doctrine_da590d5d15,以邪正之分合，定人参之去取,,Doctrine,1,-1.80632,-0.7146,0,以邪正之分合，定人参之去取,,,,,,,人参用法,徐洄溪,,,,,,
Doctrine_24bfaba46c,小柴胡汤之去参，为邪合之据；桂枝新加汤之有参，为邪分之据,,Doctrine,1,-0.1502,0.0201,85,小柴胡汤之去参，为邪合之据；桂枝新加汤之有参，为邪分之据,,,,,,,人参用法,邹润安,,,,,,
Doctrine_fe0fe0b8d1,不知参者，善和阴阳，专用以和正，不用以驱邪；于驱邪之中而加以参，稍一不当，害即随之,,Doctrine,1,-1.74308,-0.66756,0,不知参者，善和阴阳，专用以和正，不用以驱邪；于驱邪之中而加以参，稍一不当，害即随之,,,,,,,人参用法,周伯度,,,,,,
Doctrine_65011efd23,故必得如新加汤，驱邪之他药，不致以人参堕其功，和正之人参，且能为他药弭其隙，始为真知参而用之无误,,Doctrine,1,-1.76776,-0.70507,0,故必得如新加汤，驱邪之他药，不致以人参堕其功，和正之人参，且能为他药弭其隙，始为真知参而用之无误,,,,,,,人参配伍,周伯度,,,,,,
Doctrine_6dc6b6cf40,邪正之分合，当以去某经入某经，及病气之进退衰旺为言，不当以一证一脉，判邪正定分合,,Doctrine,1,-1.76983,-0.66616,0,邪正之分合，当以去某经入某经，及病气之进退衰旺为言，不当以一证一脉，判邪正定分合,,,,,,,辨证方法,周伯度,,,,,,
Doctrine_720b13c5b3,列明辨于学问思之后,,Doctrine,1,-1.77729,-0.67354,0,列明辨于学问思之后,,,,,,,识方辨药,周伯度,,,,,,
Doctrine_1c96524490,医虽艺术，而深诣甚难,,Doctrine,1,-1.7622,-0.65894,0,医虽艺术，而深诣甚难,,,,,,,医学难学,周伯度,,,,,,
Doctrine_f0b8cfb6a3,医书汗牛充栋，大抵下驷十之七，中驷十之二，上驷十之一,,Doctrine,1,-1.78937,-0.64449,0,医书汗牛充栋，大抵下驷十之七，中驷十之二，上驷十之一,,,,,,,医书分级,周伯度,,,,,,
Doctrine_c32f41cb03,上中驷之书，无不由研求内经与仲圣书而出,,Doctrine,1,-1.7199,-0.69491,0,上中驷之书，无不由研求内经与仲圣书而出,,,,,,,经典地位,周伯度,,,,,,
Doctrine_34e77ed074,今贱中医贵西医，而治病则仍以中医，上中驷之书，已为彼所唾弃，其将于下驷书求进步乎，必不能矣,,Doctrine,1,-1.78142,-0.69222,0,今贱中医贵西医，而治病则仍以中医，上中驷之书，已为彼所唾弃，其将于下驷书求进步乎，必不能矣,,,,,,,扬西抑中批判,周伯度,,,,,,
Doctrine_f2f2469cc8,得彼说则大喜，相与扬西而抑中,,Doctrine,1,-1.75069,-0.69867,0,得彼说则大喜，相与扬西而抑中,,,,,,,扬西抑中现象,周伯度,,,,,,
Doctrine_b7a71f9f65,国朝大医，无过叶天士、徐洄溪、尤在泾三家，而叶注本事方，多羼以入某经无当之言，徐辑伤寒类方，兰台轨范，有碎锦而无全壁，尤,,Doctrine,1,-1.78118,-0.66379,0,国朝大医，无过叶天士、徐洄溪、尤在泾三家，而叶注本事方，多羼以入某经无当之言，徐辑伤寒类方，兰台轨范，有碎锦而无全壁，尤注伤寒论，金匮要略，於方解多简而浑,,,,,,,对清代三大医家注解的评价,周伯度,,,,,,
Doctrine_cfbc88dd04,阴者藏精而起亟，故肾之精华，必聚于上，上为末而下为本，西人谓脑主知觉，心不主知觉，是但见其上之精华而不见其下之蕴蓄也。是,,Doctrine,1,-1.80255,-0.642,0,阴者藏精而起亟，故肾之精华，必聚于上，上为末而下为本，西人谓脑主知觉，心不主知觉，是但见其上之精华而不见其下之蕴蓄也。是不知阴为阳守，阳为阴使也,,,,,,,心肾脑与知觉关系,周伯度,,,,,,
Doctrine_0b442c5738,脑筋由心丛而来，其丛乃脊髓百结两根之所为。脑筋既根于心丛，自属心主知觉，脑髓听命于心。此可譬之电线，心发电，脊过电，而脑,,Doctrine,1,-1.95605,-0.67724,514,脑筋由心丛而来，其丛乃脊髓百结两根之所为。脑筋既根于心丛，自属心主知觉，脑髓听命于心。此可譬之电线，心发电，脊过电，而脑其至所也。盖肾生精化髓而输于脑，心以阳而为。肾之使，理固如是,,,,,,,脑筋与心主知觉,,,,,,,
Doctrine_f22b87e5b4,不思古圣垂示气化，实由洞明形质；而西医解剖形质，何从窥见气化,,Doctrine,1,-1.73036,-0.69403,0,不思古圣垂示气化，实由洞明形质；而西医解剖形质，何从窥见气化,,,,,,,中西医学比较,周伯度,,,,,,
Doctrine_bbaa8815ad,西医自中国周烈王时即有解剖之学，至今析极毫厘，何如其旁，而不知犹是迹象也,,Doctrine,1,-1.73613,-0.70722,0,西医自中国周烈王时即有解剖之学，至今析极毫厘，何如其旁，而不知犹是迹象也,,,,,,,中西医学比较,周伯度,,,,,,
Doctrine_888bba248b,中医不局限于见其所可见而不见其所不见，此为中医之优势所在,,Doctrine,1,-1.72623,-0.70368,0,中医不局限于见其所可见而不见其所不见，此为中医之优势所在,,,,,,,中医优势,周伯度,,,,,,
Doctrine_63c1f7be92,持中西之平，阐造物之秘，洵为有功医学,,Doctrine,1,-1.78873,-0.67279,0,持中西之平，阐造物之秘，洵为有功医学,,,,,,,唐容川中西汇通思想评价,周伯度,,,,,,
Doctrine_f204713836,古圣惟不专讲解剖，是以医学得诣于至极,,Doctrine,1,-1.48881,-0.48353,0,古圣惟不专讲解剖，是以医学得诣于至极,,,,,,,中医不专讲解剖而至极,周氏,,,,,,
Doctrine_b444adc7dc,西医之短，即在其守旧不变，吾知西医居中国，待多历年所，必有读中书而翻然改计者矣,,Doctrine,1,-1.47924,-0.47635,0,西医之短，即在其守旧不变，吾知西医居中国，待多历年所，必有读中书而翻然改计者矣,,,,,,,西医之短与中西医转变预测,周氏,,,,,,
Doctrine_2c05f759ae,喻氏以《金匮》痉病脉如蛇，与鼻塞内药鼻中两条当之,,Doctrine,1,-1.05392,-1.17325,86,喻氏以《金匮》痉病脉如蛇，与鼻塞内药鼻中两条当之,,,,,,,湿,喻氏,,,,,,
Doctrine_9345b3246e,下一条，确是湿上甚之证，上一条，则仲景景明云痉病，且著其风强险恶之状，不当指为上甚之湿,,Doctrine,1,-1.72886,-0.71479,0,下一条，确是湿上甚之证，上一条，则仲景景明云痉病，且著其风强险恶之状，不当指为上甚之湿,,,,,,,湿,周伯度,,,,,,
Doctrine_4659dbdd3b,治上甚之湿，以局方羌活胜湿汤为佳,,Doctrine,1,-1.79907,-0.67461,0,治上甚之湿，以局方羌活胜湿汤为佳,,,,,,,湿,周伯度,,,,,,
Doctrine_7c4d53c798,然并不治痉即足寒亦当更详其因，未可以此漫施也,,Doctrine,1,-1.77891,-0.7025,0,然并不治痉即足寒亦当更详其因，未可以此漫施也,,,,,,,湿,周伯度,,,,,,
Doctrine_6d5b3c2de4,湿分外感之湿与内伤之湿,,Doctrine,1,-2.03062,0.81783,516,湿分外感之湿与内伤之湿,,,,,,,湿病分类,,,,,,,
Doctrine_e95131001e,外感之湿多因正气不足又遭逢雾雨水湿所致,,Doctrine,1,-1.11472,-1.02793,517,外感之湿多因正气不足又遭逢雾雨水湿所致,,,,,,,外感湿病因,,,,,,,
Doctrine_dd993395c8,过食肥甘、贪凉饮冷、情志失调等致脏腑功能失调、水液代谢失常则发为内湿,,Doctrine,1,-0.48672,0.86046,518,过食肥甘、贪凉饮冷、情志失调等致脏腑功能失调、水液代谢失常则发为内湿,,,,,,,内伤湿病因,,,,,,,
Doctrine_23832ebee9,内伤之湿久之易郁而化热,,Doctrine,1,-2.34658,-0.17745,519,内伤之湿久之易郁而化热,,,,,,,内伤湿转化,,,,,,,
Doctrine_5f58099bd0,伤于湿者，下先受之,,Doctrine,1,-2.26415,-0.21367,87,伤于湿者，下先受之,,,,,,,湿邪传变,,,,,,,
Doctrine_098f8318f2,湿为阴邪，湿性重浊、趋下，易侵袭人体下部脏腑，易伤阳气,,Doctrine,1,-0.32452,-0.57363,520,湿为阴邪，湿性重浊、趋下，易侵袭人体下部脏腑，易伤阳气,,,,,,,湿邪性质,,,,,,,
Doctrine_4284d22d66,常见头身困重、大便粘滞、小便浑浊等症状,,Doctrine,1,-1.44104,1.07372,521,常见头身困重、大便粘滞、小便浑浊等症状,,,,,,,湿病症状,,,,,,,
Doctrine_d08914b103,因势导利是治疗湿邪为病的重要治则,,Doctrine,1,-1.74897,-1.03377,522,因势导利是治疗湿邪为病的重要治则,,,,,,,湿病治则,,,,,,,
Doctrine_dbd3f01227,湿在上在表者以发汗之法祛之，湿在下在内者或燥之，或导湿从二便而去,,Doctrine,1,-0.20426,0.32989,523,湿在上在表者以发汗之法祛之，湿在下在内者或燥之，或导湿从二便而去,,,,,,,湿病治法,,,,,,,
Doctrine_8cf0f1c9b9,风所来之方不同，亦随时令为寒温,,Doctrine,1,-1.76175,-0.68584,0,风所来之方不同，亦随时令为寒温,,,,,,,风,周伯度,,,,,,
Doctrine_7a724ae6bf,邪之所凑，其气必虚,,Doctrine,1,-2.19094,0.44613,524,邪之所凑，其气必虚,,,,,,,风,,,,,,,
Doctrine_ec1067e0f2,风从外入，令人振寒,,Doctrine,1,-1.26586,-1.10166,29,风从外入，令人振寒,,,,,,,风,,,,,,,
Doctrine_ef6c8d8e88,考古以辛温发散为治，理自莫易,,Doctrine,1,-1.77136,-0.6952,0,考古以辛温发散为治，理自莫易,,,,,,,风（治法,,,,,,,
Doctrine_939c968457,若已传阳明化热，与所感为温热之风，则不在此例,,Doctrine,1,-1.73883,-0.68715,0,若已传阳明化热，与所感为温热之风，则不在此例,,,,,,,风（治法,周伯度,,,,,,
Doctrine_04eef8f5cf,《伤寒论》之中风，犹今之谓伤风，不过有轻重之分,,Doctrine,1,-1.75976,-0.66915,0,《伤寒论》之中风，犹今之谓伤风，不过有轻重之分,,,,,,,中风与伤风,周伯度,,,,,,
Doctrine_50784a9f6f,桂枝汤于四时伤风，亦有宜者,,Doctrine,1,-1.80239,-0.66465,0,桂枝汤于四时伤风，亦有宜者,,,,,,,桂枝汤,,,,,,,
Doctrine_f47a7590d0,必汗自出而脉浮弱，始为切合,,Doctrine,1,-1.74025,-0.69756,0,必汗自出而脉浮弱，始为切合,,,,,,,桂枝汤,周伯度,,,,,,
Doctrine_8da2c021d8,至下之地，春菊常在，故东南卑湿之区，伤风最多,,Doctrine,1,-0.31772,0.80553,29,至下之地，春菊常在，故东南卑湿之区，伤风最多,,,,,,,伤风病因地域,,,,,,,
Doctrine_0b16cdff4e,伤风不解便成劳,,Doctrine,1,-1.4241,-0.14263,0,伤风不解便成劳,,,,,,,伤风预后,尤在泾,,,,,,
Doctrine_7362bc04c7,伤风而下虚，亦每有数日而毙者,,Doctrine,1,-1.7574,-0.70675,0,伤风而下虚，亦每有数日而毙者,,,,,,,伤风与下虚,周伯度,,,,,,
Doctrine_2c551009d2,误入麻黄汤，即与伤寒戴阳证相似,,Doctrine,1,-1.74704,-0.70852,0,误入麻黄汤，即与伤寒戴阳证相似,,,,,,,误治与戴阳证,周伯度,,,,,,
Doctrine_91707a591f,有一种似伤风而实非伤风，乃为肾元久亏，肾水泛滥以为痰，浮阳冲激而成嗽也,,Doctrine,1,-1.77368,-0.65639,0,有一种似伤风而实非伤风，乃为肾元久亏，肾水泛滥以为痰，浮阳冲激而成嗽也,,,,,,,似伤风非伤风之辨,周伯度,,,,,,
Doctrine_ac86db55ca,风性善行数变，腠理开张阳气外泄而自觉恶寒,,Doctrine,1,-0.70578,-1.08052,525,风性善行数变，腠理开张阳气外泄而自觉恶寒,,,,,,,风,,,,,,,
Doctrine_2198e6ee8d,太阳病，发热，汗出，恶风，脉缓者，名为中风,,Doctrine,1,-1.29463,1.17442,30,太阳病，发热，汗出，恶风，脉缓者，名为中风,,,,,,,中风,,,,,,,
Doctrine_3560d3b68b,太阳病，或已发热，或未发热，必恶寒，体痛，呕逆，脉阴阳俱紧者，为传也,,Doctrine,1,-0.84813,0.97507,526,太阳病，或已发热，或未发热，必恶寒，体痛，呕逆，脉阴阳俱紧者，为传也,,,,,,,伤寒,,,,,,,
Doctrine_9870c10ff0,伤寒与伤风均为太阳病，伤寒症状较伤风更重，但伤风虽为小病，久不医治也会拖延成劳病，治疗时需与治伤寒一般平等对待,,Doctrine,1,-2.14914,-0.53084,527,伤寒与伤风均为太阳病，伤寒症状较伤风更重，但伤风虽为小病，久不医治也会拖延成劳病，治疗时需与治伤寒一般平等对待,,,,,,,伤寒与伤风,,,,,,,
Doctrine_4025f2d3e5,若发汗已，身灼热者，名曰风温,,Doctrine,1,-1.09011,-0.37168,0,若发汗已，身灼热者，名曰风温,,,,,,,风温,,,,,,,
Doctrine_1758e27d76,阳脉浮滑，阴脉濡弱者，更遇于风，变为风温,,Doctrine,1,-0.07971,0.42634,89,阳脉浮滑，阴脉濡弱者，更遇于风，变为风温,,,,,,,风温,,,,,,,
Doctrine_d3ccc3f6c2,以前风未绝，后风继之，以阳遇阳，相得益炽,,Doctrine,1,-1.404,-0.16587,0,以前风未绝，后风继之，以阳遇阳，相得益炽,,,,,,,风温,尤在泾,,,,,,
Doctrine_eed4b32279,以素伤于反复伤于热，风热相搏，即为风温,,Doctrine,1,-1.46675,0.98928,88,以素伤于反复伤于热，风热相搏，即为风温,,,,,,,风温,陶节庵,,,,,,
Doctrine_b8ad733fa5,以冬温春温，吸受风温，先犯手太阴者为风温,,Doctrine,1,-1.34839,-1.09209,530,以冬温春温，吸受风温，先犯手太阴者为风温,,,,,,,风温,近人,,,,,,
Doctrine_24be70d2e9,此条当与上条连讲为是,,Doctrine,1,-1.79393,-0.68377,0,此条当与上条连讲为是,,,,,,,风温,周伯度,,,,,,
Doctrine_b2f60f9dae,此叶天士、陈平伯辈论风温皆是，可取以为则也,,Doctrine,1,-1.77073,-0.63977,0,此叶天士、陈平伯辈论风温皆是，可取以为则也,,,,,,,风温,周伯度,,,,,,
Doctrine_751e47c0b9,风温与湿温，同为外感之温病,,Doctrine,1,-1.76722,-0.67653,0,风温与湿温，同为外感之温病,,,,,,,风温湿温病名归类,周伯度,,,,,,
Doctrine_956be94d76,《难经》亦谓之伤寒,,Doctrine,1,-0.25964,0.73847,531,《难经》亦谓之伤寒,,,,,,,风温湿温之古称,,,,,,,
Doctrine_092ffd3fcd,风温病，春月与冬季居多，其证或恶风，或不恶风，必身热咳嗽烦渴,,Doctrine,1,-1.7545,-0.67824,0,风温病，春月与冬季居多，其证或恶风，或不恶风，必身热咳嗽烦渴,,,,,,,风温发病季节与证候,周伯度,,,,,,
Doctrine_8002048d7c,风温为燥热之邪，燥则伤阴，热则伤津，泄热和阴，是一定之治法,,Doctrine,1,-1.74053,-0.71675,0,风温为燥热之邪，燥则伤阴，热则伤津，泄热和阴，是一定之治法,,,,,,,风温病机与治法,周伯度,,,,,,
Doctrine_5a163d43e5,陶节庵与喻氏叙风温证，俱有头痛字,,Doctrine,1,-2.20779,0.06736,532,陶节庵与喻氏叙风温证，俱有头痛字,,,,,,,风温证头痛,陶节庵；喻氏,,,,,,
Doctrine_fe2af719db,风温有头痛，毕竟如此，但使看者愈难矣,,Doctrine,1,-1.01849,-0.23523,0,风温有头痛，毕竟如此，但使看者愈难矣,,,,,,,风温证头痛,叶天士,,,,,,
Doctrine_46309b9cab,风为百病之长，常兼夹他邪致病,,Doctrine,1,-1.85881,-0.77467,535,风为百病之长，常兼夹他邪致病,,,,,,,风邪致病,,,,,,,
Doctrine_1fd982a88e,太阳病，发热而渴，不恶寒者为温病。若发汗已，身灼热者，名风温。,,Doctrine,1,-2.20995,-0.01005,30,太阳病，发热而渴，不恶寒者为温病。若发汗已，身灼热者，名风温。,,,,,,,风温辨证,,,,,,,
Doctrine_fcabf2d5a6,风温乃肺先受邪，逆传心包，治在上焦,,Doctrine,1,-0.96786,-0.20446,0,风温乃肺先受邪，逆传心包，治在上焦,,,,,,,风温病机与治法,叶天士,,,,,,
Doctrine_89741c75a4,风温初起以辛凉清解为主，散在表之邪，后期则治以养阴生津、泄热护胃,,Doctrine,1,-0.08163,0.12089,536,风温初起以辛凉清解为主，散在表之邪，后期则治以养阴生津、泄热护胃,,,,,,,风温治法,,,,,,,
Doctrine_bec7bd7d50,《外台》《巢氏病源》所谓风热即为风温,,Doctrine,1,-2.13208,0.6971,537,《外台》《巢氏病源》所谓风热即为风温,,,,,,,风热与风温关系,,,,,,,
Doctrine_55cd26a3d7,检谱对奕奕必败，拘方治病病必殆,,Doctrine,1,-2.3125,-0.33143,540,检谱对奕奕必败，拘方治病病必殆,,,,,,,治病不拘古方,,,,,,,
Doctrine_2df93d2c03,用药主张轻清养胃，注重药性,,Doctrine,1,-1.51647,-0.28414,0,用药主张轻清养胃，注重药性,,,,,,,用药法,赵晴初,,,,,,
Doctrine_40fd0e78f2,余自已冠后，喜读医书，有所见闻，随手识之，间附以心得，以备他日之参考,,Doctrine,1,-1.60604,-1.10041,543,余自已冠后，喜读医书，有所见闻，随手识之，间附以心得，以备他日之参考,,,,,,,读书临证心得记录,赵氏,,,,,,
Doctrine_b82c8c7900,治病用药，首贵识证,,Doctrine,1,-1.56167,-0.1808,0,治病用药，首贵识证,,,,,,,辨证识证,赵晴初,,,,,,
Doctrine_0d7a708f07,学医犹学奕也，医书犹奕谱也。世之善奕者，未有不专心致志于奕谱，而后始有得心应手之一候。然对局之际，检谱以应敌，则胶柱鼓瑟,,Doctrine,1,-1.55436,-0.25675,0,学医犹学奕也，医书犹奕谱也。世之善奕者，未有不专心致志于奕谱，而后始有得心应手之一候。然对局之际，检谱以应敌，则胶柱鼓瑟，必败之道也。医何独不然？,,,,,,,反对拘方制药,赵晴初,,,,,,
Doctrine_297fb2940a,执死方以治活病，人命其何堪哉！,,Doctrine,1,-1.49745,-0.29299,0,执死方以治活病，人命其何堪哉！,,,,,,,反对执死方,赵晴初,,,,,,
Doctrine_f8dbd10731,古人随证以立方，非立方以待病，熟察病情，详审用药，味味与病，针锋相对，无滥无遗，适至其所。如写真焉，肖其人而止，不可以意,,Doctrine,1,-1.4875,-0.28964,0,古人随证以立方，非立方以待病，熟察病情，详审用药，味味与病，针锋相对，无滥无遗，适至其所。如写真焉，肖其人而止，不可以意增减也。千变万化之中，具有一定不易之理，活泼圆机，有非语言文字所能解说，在学者心领神会而已。其所以设立方名者，规矩准绳，昭示来学，非谓某方一定治某病、某病一定用某方也。,,,,,,,随证立方,赵晴初,,,,,,
Doctrine_e608b96bf4,药随病为转移，方随证为增减，因物付物，何容心焉？设悬拟一方，以治一病，印定后人眼目，天下岂有呆板之病证、呆板之方药耶？,,Doctrine,1,-1.56479,-0.21698,0,药随病为转移，方随证为增减，因物付物，何容心焉？设悬拟一方，以治一病，印定后人眼目，天下岂有呆板之病证、呆板之方药耶？,,,,,,,方随证增减,赵晴初,,,,,,
Doctrine_4ab7cc2244,误下变结胸是阳凑于阴,,Doctrine,1,-1.46664,-0.28478,0,误下变结胸是阳凑于阴,,,,,,,误下变结胸病机,赵晴初,,,,,,
Doctrine_f8478cae50,误汗成痞气是阴乘于阳,,Doctrine,1,-1.56244,-0.24545,0,误汗成痞气是阴乘于阳,,,,,,,误汗成痞气病机,赵晴初,,,,,,
Doctrine_90a923e4ff,风水由肺气郁遏，不得外达，水不得泄，遂直走肠间而为便溏,,Doctrine,1,-1.55411,-0.19637,0,风水由肺气郁遏，不得外达，水不得泄，遂直走肠间而为便溏,,,,,,,风水便溏病机,赵晴初,,,,,,
Doctrine_24c94484e3,消渴系燥热导致肠胃之腠理致密，饮下之水不能浸渗于外，而唯直注于下，故饮水多而小便多,,Doctrine,1,-1.51512,-0.26349,0,消渴系燥热导致肠胃之腠理致密，饮下之水不能浸渗于外，而唯直注于下，故饮水多而小便多,,,,,,,消渴病机,赵晴初,,,,,,
Doctrine_51d921e002,邪入包络则神昏，邪入血脉亦神昏，但前者邪入深而证重，后者邪入较浅而证稍轻,,Doctrine,1,-1.49759,-0.27998,0,邪入包络则神昏，邪入血脉亦神昏，但前者邪入深而证重，后者邪入较浅而证稍轻,,,,,,,昏迷证辨析,赵晴初,,,,,,
Doctrine_3f6aea1cc8,邪入包络，包络离心较近，故神昏全然不知人事；如入血脉，血脉离心较远，故呼之能觉，与之言亦知人事，若任其睡而心放，即昏沉矣,,Doctrine,1,-1.4628,-0.29455,0,邪入包络，包络离心较近，故神昏全然不知人事；如入血脉，血脉离心较远，故呼之能觉，与之言亦知人事，若任其睡而心放，即昏沉矣,,,,,,,昏迷证机理,赵晴初,,,,,,
Doctrine_4249d74d83,如邪在血脉失治，则渐入包络，此为由浅人深；若邪在包络而治之得法，则渐归血脉，此为由深出浅；若邪盛势锐，不从气分转入，不由,,Doctrine,1,-1.52446,-0.25021,0,如邪在血脉失治，则渐入包络，此为由浅人深；若邪在包络而治之得法，则渐归血脉，此为由深出浅；若邪盛势锐，不从气分转入，不由血脉渐入，而直入心包，其证最为凶险,,,,,,,昏迷证三种转归,赵晴初,,,,,,
Doctrine_9672e6197e,治病用药须先权衡病人胃气及病势轻重,,Doctrine,1,-0.25696,0.45706,544,治病用药须先权衡病人胃气及病势轻重,,,,,,,用药与胃气,赵氏,,,,,,
Doctrine_e721641a16,如骤病胃气未伤，势又危重，非用大剂、急剂不可，杯水车薪，奚济于事？一味稳妥，实因循误人。,,Doctrine,1,-2.2414,0.30734,545,如骤病胃气未伤，势又危重，非用大剂、急剂不可，杯水车薪，奚济于事？一味稳妥，实因循误人。,,,,,,,急剂缓剂之辨,赵氏,,,,,,
Doctrine_e416649575,倘或病人胃气受伤，无论病轻病重，总宜小剂、缓剂，徐徐疏谕，庶可渐望转机。,,Doctrine,1,-0.56593,-1.00763,546,倘或病人胃气受伤，无论病轻病重，总宜小剂、缓剂，徐徐疏谕，庶可渐望转机。,,,,,,,胃气受伤后用药宜轻灵,赵氏,,,,,,
Doctrine_bd3c8b78ad,但有一分胃气，便有一分生机,,Doctrine,1,-0.98111,1.01062,547,但有一分胃气，便有一分生机,,,,,,,胃气与生机,赵氏,,,,,,
Doctrine_04e3019537,若以大剂厚膩之剂，填塞胃中，即不药死，亦必塞死,,Doctrine,1,-2.0697,-0.65533,548,若以大剂厚膩之剂，填塞胃中，即不药死，亦必塞死,,,,,,,厚腻大剂之弊,赵氏,,,,,,
Doctrine_98aef68bbe,即使胃气强盛，用药亦应顾护胃气为要,,Doctrine,1,-0.00672,-0.12576,549,即使胃气强盛，用药亦应顾护胃气为要,,,,,,,顾护胃气,,,,,,,
Doctrine_3c2cb78cb7,久服大剂茵陈蒿汤类清热利湿之品致胃脘痞闷、吐痰频频、纳食大减，此为苦寒败胃之过也,,Doctrine,1,-1.86101,0.77274,550,久服大剂茵陈蒿汤类清热利湿之品致胃脘痞闷、吐痰频频、纳食大减，此为苦寒败胃之过也,,,,,,,苦寒败胃,,,,,,,
Doctrine_2af48adeba,蒸馏水符合《素问·阴阳应象大论》地气上为云、天气下为雨之旨,,Doctrine,1,-1.56874,-0.20725,0,蒸馏水符合《素问·阴阳应象大论》地气上为云、天气下为雨之旨,,,,,,,蒸馏水与胃气,赵晴初,,,,,,
Doctrine_29fd35b5f2,药露乃轻清之品，对气津枯耗、胃弱不胜药力者最为合宜,,Doctrine,1,-1.58174,-0.17906,0,药露乃轻清之品，对气津枯耗、胃弱不胜药力者最为合宜,,,,,,,药露之用,赵晴初,,,,,,
Doctrine_62313cbec8,气若离津，则阳偏胜，即为气有余便是火；津若离气，则阴偏胜，即为水精不四布而结成痰饮,,Doctrine,1,-1.52113,-0.29355,0,气若离津，则阳偏胜，即为气有余便是火；津若离气，则阴偏胜，即为水精不四布而结成痰饮,,,,,,,气津不相离,赵晴初,,,,,,
Doctrine_58d10d9687,药露以气上蒸而得露，虽水类而随气流行，体极轻清，以治气津枯耗，其功能有非他药所能及,,Doctrine,1,-1.58084,-0.22703,0,药露以气上蒸而得露，虽水类而随气流行，体极轻清，以治气津枯耗，其功能有非他药所能及,,,,,,,药露功效,赵晴初,,,,,,
Doctrine_a62b772cef,仲景书详于治伤寒，而略于治温,,Doctrine,1,-1.20126,-1.1048,551,仲景书详于治伤寒，而略于治温,,,,,,,伤寒与温病之详略,绍派,,,,,,
Doctrine_3a87888685,伤寒乃外感百病之总名,,Doctrine,1,-0.73185,0.18697,0,伤寒乃外感百病之总名,,,,,,,伤寒定义,俞根初,,,,,,
Doctrine_ecd2e4bafd,南方感证亦属伤寒范围，此“当然之理”,,Doctrine,1,-1.53854,-0.23631,0,南方感证亦属伤寒范围，此“当然之理”,,,,,,,伤寒范围,赵晴初,,,,,,
Doctrine_f98828a3a1,邪盛正虚，当去其邪以安正气；若用疲药，迁延时日，使邪炽而正日削，便难措手,,Doctrine,1,-1.57238,-0.16255,0,邪盛正虚，当去其邪以安正气；若用疲药，迁延时日，使邪炽而正日削，便难措手,,,,,,,外感病证治原则,赵晴初,,,,,,
Doctrine_e706c13836,治感症总以逐邪为先,,Doctrine,1,-0.82327,0.32329,0,治感症总以逐邪为先,,,,,,,治病原则,俞根初,,,,,,
Doctrine_5877c5d08c,医非博不能通，非通不能精，非精不能专；必精而专，始能由博而约。,,Doctrine,1,-1.54388,-0.2157,0,医非博不能通，非通不能精，非精不能专；必精而专，始能由博而约。,,,,,,,治学为医之道,赵晴初,,,,,,
Doctrine_8270d0adee,大抵有积痰在肺络中，痰碍气，气触痰，是以喉中呼吸有声。……盖肺肾为俯仰之脏，《内经》所谓‘肾上连肺’是也。肺气开张，上而,,Doctrine,1,-1.60709,-0.26037,0,大抵有积痰在肺络中，痰碍气，气触痰，是以喉中呼吸有声。……盖肺肾为俯仰之脏，《内经》所谓‘肾上连肺’是也。肺气开张，上而不下，久久震动元海，波及肾矣。肾旺则摄纳有权，不致犯上无等，倘肾复虚惫，则其害更非浅显,,,,,,,哮喘证辨证论治,赵晴初,,,,,,
Doctrine_b34e49af3e,治法则遵丹溪，未发时扶本为主，用肾气丸；已发时理表为急，用定喘汤；另用水灸法（即白芥子灸法），冀拔其病根,,Doctrine,1,-1.56407,-0.19306,0,治法则遵丹溪，未发时扶本为主，用肾气丸；已发时理表为急，用定喘汤；另用水灸法（即白芥子灸法），冀拔其病根,,,,,,,哮喘证治法,赵晴初,,,,,,
Doctrine_add654b142,其气香而窜，其味苦而辣，宜于实证，不宜于虚证；宜于寒湿，而不宜于暑热。,,Doctrine,1,-1.5711,-0.17602,0,其气香而窜，其味苦而辣，宜于实证，不宜于虚证；宜于寒湿，而不宜于暑热。,,,,,,,木香药性主治,赵晴初,,,,,,
Doctrine_4be5e7d338,肾燥所致之泄泻，阴虚不润者有之，但以肾关不固，阳虚者多见,,Doctrine,1,-1.50717,-0.28902,0,肾燥所致之泄泻，阴虚不润者有之，但以肾关不固，阳虚者多见,,,,,,,肾燥泄泻病机,赵晴初,,,,,,
Doctrine_42f436b49a,望闻问切为四诊，以决阴阳生死，医者不能不知。,,Doctrine,1,-0.36633,0.8546,552,望闻问切为四诊，以决阴阳生死，医者不能不知。,,,,,,,四诊总论,,,,,,,
Doctrine_1130884808,望以目察，闻以耳听，问以言审，切以指凭，是为四诊，缺一不能。,,Doctrine,1,-1.57441,-0.30644,0,望以目察，闻以耳听，问以言审，切以指凭，是为四诊，缺一不能。,,,,,,,四诊合参,赵晴初,,,,,,
Doctrine_ca88022236,望为四诊之首,,Doctrine,1,-1.58097,-0.16859,0,望为四诊之首,,,,,,,望诊,赵晴初,,,,,,
Doctrine_f19c68e06e,色者，神之华也,,Doctrine,1,-1.54598,-0.26308,0,色者，神之华也,,,,,,,望色,赵晴初,,,,,,
Doctrine_fdc7ad16e2,望色即为望神，又列为望诊之第一要义,,Doctrine,1,-1.51184,-0.29843,0,望色即为望神，又列为望诊之第一要义,,,,,,,望色,赵晴初,,,,,,
Doctrine_e80fd59c8d,色贵明润不欲沉天,,Doctrine,1,-1.55064,-0.27248,0,色贵明润不欲沉天,,,,,,,望色,赵晴初,,,,,,
Doctrine_15835ad2a6,眼胞上下如烟煤色者，寒痰也,,Doctrine,1,-1.50786,-0.27782,0,眼胞上下如烟煤色者，寒痰也,,,,,,,望色-辨痰,赵晴初,,,,,,
Doctrine_75a1b125c4,眼黑烦赤者，热痰也,,Doctrine,1,-1.53397,-0.24576,0,眼黑烦赤者，热痰也,,,,,,,望色-辨痰,赵晴初,,,,,,
Doctrine_ac99513d7b,五色之中青黑黯惨者，无论病之新久，总属阳气不振,,Doctrine,1,-1.5724,-0.23616,0,五色之中青黑黯惨者，无论病之新久，总属阳气不振,,,,,,,望色-辨阳气,赵晴初,,,,,,
Doctrine_3c20580e4b,患者见黄色光泽者为有胃气，不死；干黄者为津液之枯，多凶,,Doctrine,1,-1.56711,-0.15037,0,患者见黄色光泽者为有胃气，不死；干黄者为津液之枯，多凶,,,,,,,望色-辨胃气,赵晴初,,,,,,
Doctrine_92f2845dfc,目睛黄非疸即衄,,Doctrine,1,-1.552,-0.24652,0,目睛黄非疸即衄,,,,,,,望色-辨疸衄,赵晴初,,,,,,
Doctrine_17f1d17db0,凡暴感客邪之色，不妨昏浊壅滞；病久体虚总宜瘦削消癯；若病邪方锐而清白少神，虚羸久困而妩媚鲜泽，咸非所宜,,Doctrine,1,-1.57698,-0.1468,0,凡暴感客邪之色，不妨昏浊壅滞；病久体虚总宜瘦削消癯；若病邪方锐而清白少神，虚羸久困而妩媚鲜泽，咸非所宜,,,,,,,望色-新久病辨,赵晴初,,,,,,
Doctrine_1e1c3a011a,满舌原来属胃家，中间亦属胃非差，尖心根肾旁肝胆，四畔为脾语不夸。部位既分经络别，江郎果是笔生花。,,Doctrine,1,-1.53795,-0.27321,0,满舌原来属胃家，中间亦属胃非差，尖心根肾旁肝胆，四畔为脾语不夸。部位既分经络别，江郎果是笔生花。,,,,,,,舌诊-舌苔部位,赵晴初,,,,,,
Doctrine_d67063ee73,切脉之诊，最需实践，唯先明脉之上、下、来、去、至、止六态，再观《五脏别论》《经脉别论》《营卫生会》三段经文，可以默识其微,,Doctrine,1,-1.48121,-0.30302,0,切脉之诊，最需实践，唯先明脉之上、下、来、去、至、止六态，再观《五脏别论》《经脉别论》《营卫生会》三段经文，可以默识其微矣,,,,,,,脉诊,赵晴初,,,,,,
Doctrine_31045d0329,倘不重实践，议论虽多，也不过“心中了了，指下难明”而已，虚浮不实，学者不足取,,Doctrine,1,-1.57593,-0.21671,0,倘不重实践，议论虽多，也不过“心中了了，指下难明”而已，虚浮不实，学者不足取,,,,,,,脉诊实践,赵晴初,,,,,,
Doctrine_a18e76023c,不识药性，安能处方,,Doctrine,1,-1.55429,-0.21702,0,不识药性，安能处方,,,,,,,药性与处方,赵晴初,,,,,,
Doctrine_f5cdda54d6,论药不泥古，不尚玄，全以临床实践为指归,,Doctrine,1,-1.47722,-0.28752,0,论药不泥古，不尚玄，全以临床实践为指归,,,,,,,论药方法,赵晴初,,,,,,
Doctrine_5e80177f54,五味子的功能在降入，凡病情涉于宜升宜出者，决不可用,,Doctrine,1,-1.52512,-0.23973,0,五味子的功能在降入，凡病情涉于宜升宜出者，决不可用,,,,,,,五味子药性,赵晴初,,,,,,
Doctrine_7bf1a19814,一药有一药之功能，一方观众药之辅相,,Doctrine,1,-1.59119,-0.17362,0,一药有一药之功能，一方观众药之辅相,,,,,,,药物配伍,赵晴初,,,,,,
Doctrine_c71aa6c009,用五味意在保肺气不使过泄,,Doctrine,1,-1.5704,-0.22585,0,用五味意在保肺气不使过泄,,,,,,,五味子配伍作用,赵晴初,,,,,,
Doctrine_01acddd4e4,六淫之邪初无形质以气伤气首先犯肺必用轻药乃可开通汗出而解经所谓轻可去实,,Doctrine,1,-1.58998,-0.16318,0,六淫之邪初无形质以气伤气首先犯肺必用轻药乃可开通汗出而解经所谓轻可去实,,,,,,,外感汗法用药,赵晴初,,,,,,
Doctrine_70143a068a,痰湿证忌猪肉，失音症忌火腿及皮蛋，暑湿初愈忌粥、油等,,Doctrine,1,-1.51757,-0.2737,0,痰湿证忌猪肉，失音症忌火腿及皮蛋，暑湿初愈忌粥、油等,,,,,,,饮食禁忌,赵晴初,,,,,,
Doctrine_6739ec9521,人身内外作两层，上下作两截，而内外上下，每如呼吸而动相牵引,,Doctrine,1,-0.44991,-0.72654,21,人身内外作两层，上下作两截，而内外上下，每如呼吸而动相牵引,,,,,,,人身内外上下气机牵引,高学山,,,,,,
Doctrine_1bb04ecb29,误下变结胸，是阳凑于阴也；误汗作痞闷，是阴乘于阳也,,Doctrine,1,-1.74945,-0.85827,556,误下变结胸，是阳凑于阴也；误汗作痞闷，是阴乘于阳也,,,,,,,结胸痞闷病机,,,,,,,
Doctrine_62c01d975e,阴阳各有定位，升降自有常度，此盈者彼必虚，此消者彼必长,,Doctrine,1,-0.10756,0.26628,557,阴阳各有定位，升降自有常度，此盈者彼必虚，此消者彼必长,,,,,,,阴阳升降盈虚消长,,,,,,,
Doctrine_ffa0623bdb,益其不足而损其有余,,Doctrine,1,-1.34278,-0.39968,0,益其不足而损其有余,,,,,,,补偏救弊治则,,,,,,,
Doctrine_e191b52b7b,得其要者，一言而终，不得其要，流散无穷,,Doctrine,1,-2.21653,0.56392,558,得其要者，一言而终，不得其要，流散无穷,,,,,,,医理要旨,,,,,,,
Doctrine_85fe684df5,不得横遍，转为竖穷,,Doctrine,1,-1.29241,-1.02385,93,不得横遍，转为竖穷,,,,,,,阴阳升降,卢氏,,,,,,
Doctrine_046ad7faf8,下既不通，必反上逆；不得上达，转为横格；上游塞阻，下必不通；中结者，不四布；过泄者，必中虚,,Doctrine,1,-1.50469,-0.26229,0,下既不通，必反上逆；不得上达，转为横格；上游塞阻，下必不通；中结者，不四布；过泄者，必中虚,,,,,,,阴阳升降盈虚消长之推衍,赵晴初,,,,,,
Doctrine_f04a00ba4f,信巫不信医，不治，岂可列之医科中哉,,Doctrine,1,-0.87295,0.09538,0,信巫不信医，不治，岂可列之医科中哉,,,,,,,祝由科归属,吴鞠通,,,,,,
Doctrine_007303123f,治内伤必先祝由，详告以病之由来，使病人知之，而不敢再犯,,Doctrine,1,-1.16574,0.44394,0,治内伤必先祝由，详告以病之由来，使病人知之，而不敢再犯,,,,,,,祝由治法,吴鞠通,,,,,,
Doctrine_8422d67a65,又必细体忧人思妇人之隐情，婉言以开导之，庄言以震惊之，危言以悚惧之，必使之心悦诚服，而后药可以奏效如神,,Doctrine,1,-0.86933,0.07579,0,又必细体忧人思妇人之隐情，婉言以开导之，庄言以震惊之，危言以悚惧之，必使之心悦诚服，而后药可以奏效如神,,,,,,,祝由治法,吴鞠通,,,,,,
Doctrine_ad93832598,无情之草木不能治有情之病，以难治之人、难治之病，须凭三寸不烂之舌以治之,,Doctrine,1,-0.8508,0.10954,0,无情之草木不能治有情之病，以难治之人、难治之病，须凭三寸不烂之舌以治之,,,,,,,祝由治法,吴鞠通,,,,,,
Doctrine_bac9cd9b1c,劳则气耗，汗则喘息，内外皆越,,Doctrine,1,-0.84535,-0.97412,559,劳则气耗，汗则喘息，内外皆越,,,,,,,劳伤致病,经,,,,,,
Doctrine_ed281caa56,过动则所生之少，不敌所耗之多，则病矣,,Doctrine,1,-0.73881,1.0131,560,过动则所生之少，不敌所耗之多，则病矣,,,,,,,养生量入为出,,,,,,,
Doctrine_65b227a685,阳虚必生内寒，内寒必生内湿,,Doctrine,1,-2.25819,-0.47948,561,阳虚必生内寒，内寒必生内湿,,,,,,,阳虚病机,,,,,,,
Doctrine_ba76cf85e2,虚则气浮，脉多浮大,,Doctrine,1,-0.20332,-0.32711,562,虚则气浮，脉多浮大,,,,,,,脉象与虚证,,,,,,,
Doctrine_5e1818835f,阳虛气陷，按之不鼓，沉细无力,,Doctrine,1,-1.71556,0.96654,563,阳虛气陷，按之不鼓，沉细无力,,,,,,,脉象与阳陷,,,,,,,
Doctrine_12201deb0a,脉虚为劳，脉大亦为劳,,Doctrine,1,-1.01314,-0.4984,0,脉虚为劳，脉大亦为劳,,,,,,,脉诊与劳病,仲圣,,,,,,
Doctrine_8c38e55637,劳心伤神，更甚于劳力伤气,,Doctrine,1,-1.4555,-1.14739,564,劳心伤神，更甚于劳力伤气,,,,,,,劳心劳力之辨,,,,,,,
Doctrine_23d327a45e,君火内沸，销烁真阴，不但伤神，并能伤精,,Doctrine,1,-0.32615,0.57606,565,君火内沸，销烁真阴，不但伤神，并能伤精,,,,,,,心火伤阴,,,,,,,
Doctrine_29e5df4584,阳不依阴，自阴不潜阳，阴虚必生内热，内热必化内燥,,Doctrine,1,-2.2729,0.16306,566,阳不依阴，自阴不潜阳，阴虚必生内热，内热必化内燥,,,,,,,阴虚化燥,,,,,,,
Doctrine_c5356d79f7,脉多细涩，甚而数涩，或浮弦搏指，皆阴虚化刚之象,,Doctrine,1,-0.43705,-0.91675,567,脉多细涩，甚而数涩，或浮弦搏指，皆阴虚化刚之象,,,,,,,阴虚脉象,,,,,,,
Doctrine_2e1f7b6f32,脾胃之阳虚，治法莫详于东垣,,Doctrine,1,-1.76818,0.10923,0,脾胃之阳虚，治法莫详于东垣,,,,,,,脾胃,东垣,,,,,,
Doctrine_dafe0ff8de,脾胃当分析而治,,Doctrine,1,-1.11765,1.02811,568,脾胃当分析而治,,,,,,,脾胃,,,,,,,
Doctrine_a0b3ed8c1a,若脾阳不亏，胃有燥火，则当遵叶氏养胃阴之法,,Doctrine,1,-0.98541,-0.40182,0,若脾阳不亏，胃有燥火，则当遵叶氏养胃阴之法,,,,,,,胃阴,叶氏,,,,,,
Doctrine_eb55101411,九窍不和，都属胃病,,Doctrine,1,-1.97437,-0.76811,569,九窍不和，都属胃病,,,,,,,胃病,内经,,,,,,
Doctrine_ee73acb4e0,六腑者，传化物而不藏，以通为用,,Doctrine,1,-0.00359,0.03447,570,六腑者，传化物而不藏，以通为用,,,,,,,六腑,内经,,,,,,
Doctrine_744da7f0e0,脾为己土，胃为戊土，而戊阳己阴，阴阳之性有别也,,Doctrine,1,-1.95797,0.67502,571,脾为己土，胃为戊土，而戊阳己阴，阴阳之性有别也,,,,,,,脏腑阴阳之性,,,,,,,
Doctrine_fe2779e3ee,脏宜藏，腑宜通，脏腑之体各殊也,,Doctrine,1,-1.05375,-1.09776,572,脏宜藏，腑宜通，脏腑之体各殊也,,,,,,,脏腑体用,,,,,,,
Doctrine_c95f015e35,纳食在胃，运化在脾，脾宜升则健，胃宜降则和,,Doctrine,1,-0.48755,0.95547,573,纳食在胃，运化在脾，脾宜升则健，胃宜降则和,,,,,,,脾胃升降,,,,,,,
Doctrine_d1b53e9b87,太阴湿土得阳始运，阳明阳土，得阴乃安,,Doctrine,1,-2.18905,-0.20669,574,太阴湿土得阳始运，阳明阳土，得阴乃安,,,,,,,脾胃燥湿,,,,,,,
Doctrine_c94aa901f6,治脾则喜刚燥，胃喜柔润也,,Doctrine,1,-0.232,-0.56773,575,治脾则喜刚燥，胃喜柔润也,,,,,,,脾胃治法宜忌,,,,,,,
Doctrine_bd8139b8d7,脾下陷固病，即不陷而不健运亦病矣；胃气上逆固病，即不逆而不通降亦病矣,,Doctrine,1,-1.51695,1.13087,576,脾下陷固病，即不陷而不健运亦病矣；胃气上逆固病，即不逆而不通降亦病矣,,,,,,,脾胃升降为病,,,,,,,
Doctrine_f52505ea82,仲景急下存津，治在胃也,,Doctrine,1,-1.18139,-0.3046,0,仲景急下存津，治在胃也,,,,,,,治胃,仲景,,,,,,
Doctrine_62e884dc81,东垣大升阳气，治在脾也,,Doctrine,1,-1.7608,0.10177,0,东垣大升阳气，治在脾也,,,,,,,治脾,东垣,,,,,,
Doctrine_35ae234e6c,叶氏参麦敛液，治在胃阴也,,Doctrine,1,-0.97374,-0.39916,0,叶氏参麦敛液，治在胃阴也,,,,,,,治胃阴,叶氏,,,,,,
Doctrine_8694dc48ac,此种议论，实超出千古矣,,Doctrine,1,-1.56243,-0.16589,0,此种议论，实超出千古矣,,,,,,,评议,赵晴初,,,,,,
Doctrine_034548c3dd,右关沉迟濡缓，当胃而痛者，是两关脉不弦，断非肝气犯胃，寒入为多，不必用厥阴之药，此乃胃气痛也,,Doctrine,1,-1.62992,-0.92654,577,右关沉迟濡缓，当胃而痛者，是两关脉不弦，断非肝气犯胃，寒入为多，不必用厥阴之药，此乃胃气痛也,,,,,,,胃痛脉证辨析,,,,,,,
Doctrine_0b57d93ed4,而专与辛热治之，如吴茱萸汤、香砂平胃散、附子理中；久则小建中加参芪、参归、归芪，名大建中，又名十四味建中，治之得宜也,,Doctrine,1,-0.15265,0.40691,578,而专与辛热治之，如吴茱萸汤、香砂平胃散、附子理中；久则小建中加参芪、参归、归芪，名大建中，又名十四味建中，治之得宜也,,,,,,,胃气痛治法方药,,,,,,,
Doctrine_b12530c6e5,术能和脾燥湿，定中止呕，扶正却邪，故用为君,,Doctrine,1,-1.65109,-0.31209,0,术能和脾燥湿，定中止呕，扶正却邪，故用为君,,,,,,,白术功效,,,,,,,
Doctrine_b8a757efe1,朴能泻实而化湿，平胃调气，消痰行水，兼治泻痢呕恶,,Doctrine,1,-1.66099,-0.28273,0,朴能泻实而化湿，平胃调气，消痰行水，兼治泻痢呕恶,,,,,,,厚朴功效,,,,,,,
Doctrine_6771379c50,陈皮能快膈导滞，宣通五脏，并可除寒散表,,Doctrine,1,-1.64059,-0.31201,0,陈皮能快膈导滞，宣通五脏，并可除寒散表,,,,,,,陈皮功效,,,,,,,
Doctrine_aa4c9d9e46,檀香调脾利膈,,Doctrine,1,-1.65065,-0.28666,0,檀香调脾利膈,,,,,,,檀香功效,,,,,,,
Doctrine_818a26a189,降香能辟秽恶怪异之气,,Doctrine,1,-1.65384,-0.30196,0,降香能辟秽恶怪异之气,,,,,,,降香功效,,,,,,,
Doctrine_4814c439e9,藿香禀芬芳之清气，为达脾肺之要药，气机通畅，则邪热自定,,Doctrine,1,-1.64537,-0.29574,0,藿香禀芬芳之清气，为达脾肺之要药，气机通畅，则邪热自定,,,,,,,藿香功效,,,,,,,
Doctrine_4a5c474a81,圣人有治病治未病之旨，盖思患预防，莫若服药于未病之先,,Doctrine,1,-1.65952,-0.29313,0,圣人有治病治未病之旨，盖思患预防，莫若服药于未病之先,,,,,,,治未病思想,,,,,,,
Doctrine_7955687dce,外治法，不若蒸法最效,,Doctrine,1,-2.18176,0.6236,31,外治法，不若蒸法最效,,,,,,,偏正头风外治法,张石顾,,,,,,
Doctrine_8d4372435a,平时置新鲜木瓜于枕边，取香气透达，引散肝风，亦良,,Doctrine,1,-0.09382,0.20308,31,平时置新鲜木瓜于枕边，取香气透达，引散肝风，亦良,,,,,,,头风调养,张石顾,,,,,,
Doctrine_9b7d32005b,余仿其法，遇头面诸肿证，令病者取所服药，先将药气熏患处，亦得痛肿稍松,,Doctrine,1,-1.54904,-0.23644,0,余仿其法，遇头面诸肿证，令病者取所服药，先将药气熏患处，亦得痛肿稍松,,,,,,,头面肿证熏蒸法,赵晴初,,,,,,
Doctrine_f1ce5589bc,水肿证，头面手足肿，如烂瓜之状，按而塌陷，胸腹喘满、不能转侧安睡，饮食不下，小便闭涩，溺出如割，或如豆汁而绝少，服诸药不,,Doctrine,1,-2.28247,0.42066,579,水肿证，头面手足肿，如烂瓜之状，按而塌陷，胸腹喘满、不能转侧安睡，饮食不下，小便闭涩，溺出如割，或如豆汁而绝少，服诸药不效者，用此渐利而愈。,,,,,,,水肿证,,,,,,,
Doctrine_411308f705,此邪热在阳明经，白虎汤证也。,,Doctrine,1,-1.56197,-0.23496,0,此邪热在阳明经，白虎汤证也。,,,,,,,阳明经邪热与白虎汤证辨,赵晴初,,,,,,
Doctrine_b0028629b4,营热未透达，服白虎逼入血分矣。,,Doctrine,1,-1.57289,-0.24665,0,营热未透达，服白虎逼入血分矣。,,,,,,,误用白虎汤致邪陷血分,赵晴初,,,,,,
Doctrine_ea7cb801c5,男子亦有热结血室证，所以症现如狂见鬼，小便自利，大便不通也。,,Doctrine,1,-1.49201,-0.27109,0,男子亦有热结血室证，所以症现如狂见鬼，小便自利，大便不通也。,,,,,,,男子热结血室证,赵晴初,,,,,,
Doctrine_d90f391a5a,小便多，岂得作大汗治哉？,,Doctrine,1,-1.57395,-0.19664,0,小便多，岂得作大汗治哉？,,,,,,,小便与大汗之辨误,赵晴初,,,,,,
Doctrine_e7bd279800,晡时发热，夜半退，小水自利，大便不通，此蓄血证也,,Doctrine,1,-2.2844,-0.41558,32,晡时发热，夜半退，小水自利，大便不通，此蓄血证也,,,,,,,蓄血证,陆祖愚,,,,,,
Doctrine_3b8e7632e6,此蓄血证也。用桃核承气汤,,Doctrine,1,-0.90292,-0.99203,32,此蓄血证也。用桃核承气汤,,,,,,,蓄血证治法,陆祖愚,,,,,,
Doctrine_0009e65bd1,记此又可见病家述病情，有疑似处，当反复审问,,Doctrine,1,-1.59185,-0.18567,0,记此又可见病家述病情，有疑似处，当反复审问,,,,,,,临证问诊,赵晴初,,,,,,
Doctrine_ae0110fa6e,病家日夕侍病者之侧，切须熟察病情，以告医者，设或因误告致误治，咎将安归耶,,Doctrine,1,-1.56481,-0.25576,0,病家日夕侍病者之侧，切须熟察病情，以告医者，设或因误告致误治，咎将安归耶,,,,,,,病家察病之责,赵晴初,,,,,,
Doctrine_8f82380dfa,南方无真寒，多系温热；而吾绍地处卑湿，纯粹之温热亦少见，多类湿邪为患,,Doctrine,1,-0.77988,-0.17757,0,南方无真寒，多系温热；而吾绍地处卑湿，纯粹之温热亦少见，多类湿邪为患,,,,,,,湿邪为患,胡宝书,,,,,,
Doctrine_278646cd3a,辨证重湿，施治主化，用药轻清，制方透灵，治病以朴实、稳健见长,,Doctrine,1,-0.84272,-0.28803,0,辨证重湿，施治主化，用药轻清，制方透灵，治病以朴实、稳健见长,,,,,,,辨治特色,胡宝书,,,,,,
Doctrine_e0647adfbe,凡背负来诊，二手下垂之病人，多是重症，当必快诊处之,,Doctrine,1,-0.85452,-0.28808,0,凡背负来诊，二手下垂之病人，多是重症，当必快诊处之,,,,,,,诊断分级,胡宝书,,,,,,
Doctrine_4ce118c062,此乃热盛内迫，斑疹被遏，邪入心包，热极动风之候，若斑疹能出，当有救,,Doctrine,1,-0.86638,-0.29345,0,此乃热盛内迫，斑疹被遏，邪入心包，热极动风之候，若斑疹能出，当有救,,,,,,,热证辨证与预后,胡宝书,,,,,,
Doctrine_4f56a940f8,此衄，非衄也，乃红汗之外泄也，得此汗，疹可出,,Doctrine,1,-0.84137,-0.26885,0,此衄，非衄也，乃红汗之外泄也，得此汗，疹可出,,,,,,,衄血辨证,胡宝书,,,,,,
Doctrine_f61b936f78,所谓种福堂者，即积善、积德于子孙也,,Doctrine,1,-0.87784,1.06289,581,所谓种福堂者，即积善、积德于子孙也,,,,,,,家训,祖上,,,,,,
Doctrine_8f8e06d8e1,大处着手，救急助危，毋忘医德，是其一,,Doctrine,1,-2.18462,-0.61897,582,大处着手，救急助危，毋忘医德，是其一,,,,,,,医德,祖上,,,,,,
Doctrine_be9405556a,小处着眼，勤俭持家，洁身自好，是其二,,Doctrine,1,-0.16843,-0.19396,583,小处着眼，勤俭持家，洁身自好，是其二,,,,,,,修身持家,祖上,,,,,,
Doctrine_e07ca469a6,失足是医者最受教益的老师，要从临诊的失足中寻求大知,,Doctrine,1,-0.79865,-0.23968,0,失足是医者最受教益的老师，要从临诊的失足中寻求大知,,,,,,,,胡宝书,,,,,,
Doctrine_76fd44aaf6,竖读伤寒、横看温病,,Doctrine,1,-0.81017,-0.23295,0,竖读伤寒、横看温病,,,,,,,寒温之争,胡宝书,,,,,,
Doctrine_f2a062ffc4,伤寒与温病均属外感热病之范畴，两者之间，只有小异，并无大异,,Doctrine,1,-0.77743,-0.18778,0,伤寒与温病均属外感热病之范畴，两者之间，只有小异，并无大异,,,,,,,寒温关系,胡宝书,,,,,,
Doctrine_abcf826705,先阳经后阴经，从太阳病开始，由表及里，由浅入深，次第循经相传总是多数，因此主张“坚读伤寒”,,Doctrine,1,-0.84626,-0.27814,0,先阳经后阴经，从太阳病开始，由表及里，由浅入深，次第循经相传总是多数，因此主张“坚读伤寒”,,,,,,,伤寒六经辨证,胡宝书,,,,,,
Doctrine_68d3dbe954,温邪上受，首先犯肺，逆传心包,,Doctrine,1,-0.97805,-0.24506,0,温邪上受，首先犯肺，逆传心包,,,,,,,温病传变,叶天士,,,,,,
Doctrine_17a86b00f4,大凡看法，卫之后方言气，营之后方言血,,Doctrine,1,-1.00228,-0.25483,0,大凡看法，卫之后方言气，营之后方言血,,,,,,,卫气营血辨证,叶天士,,,,,,
Doctrine_efd3d3ed63,上焦病不治，则传中焦脾与胃也；中焦病不治，即传下焦肝与肾也。始上焦，终下焦,,Doctrine,1,-0.86016,0.12062,0,上焦病不治，则传中焦脾与胃也；中焦病不治，即传下焦肝与肾也。始上焦，终下焦,,,,,,,三焦传变规律,吴鞠通,,,,,,
Doctrine_f8a12ce725,夫温热究三焦者，非谓病必上焦始，而渐及于中下也,,Doctrine,1,-0.90929,-0.01524,0,夫温热究三焦者，非谓病必上焦始，而渐及于中下也,,,,,,,三焦辨证辨析,王孟英,,,,,,
Doctrine_b3a7513d1b,以六经钤百病，为确定之总诀；以三焦赅疫证，为变通之捷径,,Doctrine,1,-0.80755,0.3373,0,以六经钤百病，为确定之总诀；以三焦赅疫证，为变通之捷径,,,,,,,六经三焦结合,俞根初,,,,,,
Doctrine_a307e52294,宝书“坚读伤寒、横看温病”的主张，丰富了绍派伤寒理论,,Doctrine,1,-0.83416,-0.27716,0,宝书“坚读伤寒、横看温病”的主张，丰富了绍派伤寒理论,,,,,,,绍派伤寒理论,胡宝书,,,,,,
Doctrine_7ad6ce0c87,治时病当化“湿”为先,,Doctrine,1,-0.79149,-0.21691,0,治时病当化“湿”为先,,,,,,,治时病,胡宝书,,,,,,
Doctrine_84e62629cd,治湿先须治气，气化则湿自化,,Doctrine,1,-0.88096,-0.29352,0,治湿先须治气，气化则湿自化,,,,,,,治湿与气化,胡宝书,,,,,,
Doctrine_bbe79910dd,湿之所以停滞者，皆因气之不运，运之则湿焉能留,,Doctrine,1,-0.82331,-0.25826,0,湿之所以停滞者，皆因气之不运，运之则湿焉能留,,,,,,,湿滞病机,胡宝书,,,,,,
Doctrine_a5eaa0f5a7,上焦宜宣，开肺气，疏腠理，甚则开窍，均属宣之范畴。中焦宜运，燥湿，化湿，开膈，快脾，均可归纳于运字之中。下焦宜导，渗湿，,,Doctrine,1,-0.82455,-0.27017,0,上焦宜宣，开肺气，疏腠理，甚则开窍，均属宣之范畴。中焦宜运，燥湿，化湿，开膈，快脾，均可归纳于运字之中。下焦宜导，渗湿，导湿，旨在分利小便，即古人‘治湿不利小便，非其治也’之义。,,,,,,,宣运导三法,胡宝书,,,,,,
Doctrine_2d8d81db25,湿喜归脾，脾属太阴，与胃同居中央，为运化之枢纽,,Doctrine,1,-0.78121,-0.16683,0,湿喜归脾，脾属太阴，与胃同居中央，为运化之枢纽,,,,,,,脾胃与湿,胡宝书,,,,,,
Doctrine_d314087003,湿祛则脾运，脾运则胃苏，水谷之道路畅通,,Doctrine,1,-0.86982,-0.28264,0,湿祛则脾运，脾运则胃苏，水谷之道路畅通,,,,,,,脾胃运化,胡宝书,,,,,,
Doctrine_e82363dbe1,湿犯中焦，实则阳明，虚则太阴，此乃人所共知；而中宫为运化之枢机，不利则全身之气化皆不行，上下焦之湿亦因之而凝滞，故治湿虽,,Doctrine,1,-0.80715,-0.20541,0,湿犯中焦，实则阳明，虚则太阴，此乃人所共知；而中宫为运化之枢机，不利则全身之气化皆不行，上下焦之湿亦因之而凝滞，故治湿虽须宣上、运中、导下并用，尤以运中为先，此乃人所未尽知也,,,,,,,运中为先,胡宝书,,,,,,
Doctrine_299f7d849c,凡治病，总宜使邪有出路。宜下出者，不泄之不得下也；宜外出者，不散之不得外也。,,Doctrine,1,-0.71025,-0.24832,0,凡治病，总宜使邪有出路。宜下出者，不泄之不得下也；宜外出者，不散之不得外也。,,,,,,,治病邪出路,周学海,,,,,,
Doctrine_5220814e68,于治湿证特设透湿达邪法，分清透、凉透、宣窍透邪，俾湿由内达外而去，可补宣、运、导三法之未备,,Doctrine,1,-0.86714,-0.27249,0,于治湿证特设透湿达邪法，分清透、凉透、宣窍透邪，俾湿由内达外而去，可补宣、运、导三法之未备,,,,,,,治湿,胡宝书,,,,,,
Doctrine_69962a86ec,临床遇到湿热不扬、病程粘滞不愈者，发㾦者，蒙闭者，或高热持续不退者，尤应注意运用透湿祛邪法,,Doctrine,1,-0.79976,-0.18625,0,临床遇到湿热不扬、病程粘滞不愈者，发㾦者，蒙闭者，或高热持续不退者，尤应注意运用透湿祛邪法,,,,,,,透湿祛邪法应用,胡宝书,,,,,,
Doctrine_8982c345da,方中寒水石清热泻火虽为主药，倘若见患者㾦疹隐隐，则当去寒水石之凉遏，改用桔梗、杏仁、银花之属，以利宣透肺气,,Doctrine,1,-0.83275,-0.26285,0,方中寒水石清热泻火虽为主药，倘若见患者㾦疹隐隐，则当去寒水石之凉遏，改用桔梗、杏仁、银花之属，以利宣透肺气,,,,,,,清气泄热方加减,胡宝书,,,,,,
Doctrine_47d0101e51,其病机有二，一为浊痰蒙窍，一为热盛动风,,Doctrine,1,-0.80978,-0.24345,0,其病机有二，一为浊痰蒙窍，一为热盛动风,,,,,,,宣窍透邪方病机,胡宝书,,,,,,
Doctrine_4896208bed,透湿达邪法若应用恰当，每能收意外之功，不能等闲视之,,Doctrine,1,-0.82064,-0.24226,0,透湿达邪法若应用恰当，每能收意外之功，不能等闲视之,,,,,,,透湿达邪法,胡宝书,,,,,,
Doctrine_3394b45c61,无病之人，调理补养药品，不嫌其多,,Doctrine,1,-1.55399,-1.03979,8,无病之人，调理补养药品，不嫌其多,,,,,,,用药简,周声溢,,,,,,
Doctrine_7096c2cea5,若有病之人，则不可不简，多病之人，尤不可以不简，只看其病之发于某家，单刀直入，直捣其巢。病在东而源在西，病在彼而源在此，,,Doctrine,1,-2.17598,0.26254,8,若有病之人，则不可不简，多病之人，尤不可以不简，只看其病之发于某家，单刀直入，直捣其巢。病在东而源在西，病在彼而源在此， 删除枝叶，擒贼擒王，无枝枝节节而为之， 则乌得而不简乎?,,,,,,,用药简,周声溢,,,,,,
Doctrine_db30ee1f75,方中用药不过八味，药量轻则几分，重亦不过三、四钱，此乃“绍派伤寒”用药之特色,,Doctrine,1,-0.79235,-0.16913,0,方中用药不过八味，药量轻则几分，重亦不过三、四钱，此乃“绍派伤寒”用药之特色,,,,,,,用药轻灵,胡宝书,,,,,,
Doctrine_b008dc02c6,药物轻清，能拨动气机，制方精切稳健，能中病应验,,Doctrine,1,-0.80281,-0.2513,0,药物轻清，能拨动气机，制方精切稳健，能中病应验,,,,,,,用药轻清,胡宝书,,,,,,
Doctrine_6598fd994b,湿蕴挟表，主张解表利湿，希冀汗出而解,,Doctrine,1,-0.81309,-0.26338,0,湿蕴挟表，主张解表利湿，希冀汗出而解,,,,,,,治法,胡宝书,,,,,,
Doctrine_db428008f1,药后无汗或汗而不畅，将来即成湿温之正局,,Doctrine,1,-0.78283,-0.22285,0,药后无汗或汗而不畅，将来即成湿温之正局,,,,,,,病机,胡宝书,,,,,,
Doctrine_25ab530f73,常用薄荷、荆芥疏表透邪，再以川朴、半夏、滑石、大豆卷、黑山栀、连翘壳、荷叶之属清热利湿,,Doctrine,1,-0.79022,-0.17941,0,常用薄荷、荆芥疏表透邪，再以川朴、半夏、滑石、大豆卷、黑山栀、连翘壳、荷叶之属清热利湿,,,,,,,用药,胡宝书,,,,,,
Doctrine_9c08ba50a2,余知百病生于气也,,Doctrine,1,-2.35972,0.02574,94,余知百病生于气也,,,,,,,气与百病,,,,,,,
Doctrine_953dc5f3b5,凡有余之病，由气之实；不足之病，因气之虚。如风寒、积滞、痰饮、瘀血之属，气不行则邪不除，此气之实也；虚劳、遗精、亡阳、失,,Doctrine,1,-1.64592,0.10802,0,凡有余之病，由气之实；不足之病，因气之虚。如风寒、积滞、痰饮、瘀血之属，气不行则邪不除，此气之实也；虚劳、遗精、亡阳、失血之属，气不固则元不复，此气之虚也。,,,,,,,气之虚实与病,张景岳,,,,,,
Doctrine_87d78e7493,所以病之生也，不离乎气；而医之治病也，亦不离乎气,,Doctrine,1,-1.64318,0.09789,0,所以病之生也，不离乎气；而医之治病也，亦不离乎气,,,,,,,气与治病,张景岳,,,,,,
Doctrine_c35f06e603,理气之法，即所谓“流水不腐，户枢不蠹”之意，气顺则百病不生,,Doctrine,1,-0.83106,-0.24097,0,理气之法，即所谓“流水不腐，户枢不蠹”之意，气顺则百病不生,,,,,,,理气,胡宝书,,,,,,
Doctrine_5ced54aafc,哕逆者胃寒也，下痢者肠热也,,Doctrine,1,-0.84611,-0.25777,0,哕逆者胃寒也，下痢者肠热也,,,,,,,痢病病机,胡宝书,,,,,,
Doctrine_fafaeed83f,苔灰者乃湿已化火情形未见尽达也,,Doctrine,1,-0.81425,-0.25294,0,苔灰者乃湿已化火情形未见尽达也,,,,,,,苔诊辨证,胡宝书,,,,,,
Doctrine_04b2cbd0bb,议仲景半夏泻心汤合椒梅丸参用，以扶正逐邪，斯为合度,,Doctrine,1,-0.80168,-0.21437,0,议仲景半夏泻心汤合椒梅丸参用，以扶正逐邪，斯为合度,,,,,,,治痢法,胡宝书,,,,,,
Doctrine_cea4d20384,方中用半夏泻心汤取其和胃降逆，开结散痞，椒梅丸温通六腑之沉寒兼能治痢，别直参、梗米以顾护胃气，共奏辛开苦降、清热燥湿、温,,Doctrine,1,-0.81141,-0.21831,0,方中用半夏泻心汤取其和胃降逆，开结散痞，椒梅丸温通六腑之沉寒兼能治痢，别直参、梗米以顾护胃气，共奏辛开苦降、清热燥湿、温通健运的功效,,,,,,,治痢方义,胡宝书,,,,,,
Doctrine_67a9ddefd7,立方用药处处毋忘一个“湿”字,,Doctrine,1,-0.79291,-0.20596,0,立方用药处处毋忘一个“湿”字,,,,,,,治湿总则,胡宝书,,,,,,
Doctrine_063f41254d,上焦宜宣，开肺气，疏腠理，甚则开窍，均属宣之范畴,,Doctrine,1,-0.78852,-0.19056,0,上焦宜宣，开肺气，疏腠理，甚则开窍，均属宣之范畴,,,,,,,上焦治湿,胡宝书,,,,,,
Doctrine_624705c6ce,中焦宜运，燥湿、化湿、开膈、快脾（健脾），均可归纳于运字之中,,Doctrine,1,-0.79038,-0.2312,0,中焦宜运，燥湿、化湿、开膈、快脾（健脾），均可归纳于运字之中,,,,,,,中焦治湿,胡宝书,,,,,,
Doctrine_141ab5cf2b,下焦宜导，渗湿、导湿旨在分利小便,,Doctrine,1,-0.78084,-0.19771,0,下焦宜导，渗湿、导湿旨在分利小便,,,,,,,下焦治湿,胡宝书,,,,,,
Doctrine_767f7ac236,治湿不利小便，非其治也,,Doctrine,1,-1.30003,-1.17388,585,治湿不利小便，非其治也,,,,,,,治湿古训,,,,,,,
Doctrine_6ac00e9b63,欲使湿祛，必先治气，气化则湿化,,Doctrine,1,-0.85605,-0.27436,0,欲使湿祛，必先治气，气化则湿化,,,,,,,治湿关键,胡宝书,,,,,,
Doctrine_063a8f2b3a,三焦者，水谷之道路，气之所终始也,,Doctrine,1,-1.52098,1.05107,26,三焦者，水谷之道路，气之所终始也,,,,,,,三焦与气,,,,,,,
Doctrine_b6b617ccaa,湿喜归脾,,Doctrine,1,-0.4106,0.68478,586,湿喜归脾,,,,,,,湿与脾,,,,,,,
Doctrine_c9e96e6095,脾属太阴，与胃同居中央，为运化之枢纽,,Doctrine,1,-2.28489,0.01587,587,脾属太阴，与胃同居中央，为运化之枢纽,,,,,,,脾胃功能,,,,,,,
Doctrine_fb8e66bff7,治以气化，则湿可祛；湿祛则脾运，脾运则胃苏，水谷之道路畅通,,Doctrine,1,-0.78262,-0.20806,0,治以气化，则湿可祛；湿祛则脾运，脾运则胃苏，水谷之道路畅通,,,,,,,治湿与脾胃,胡宝书,,,,,,
Doctrine_4bb34dc25c,得谷者昌,,Doctrine,1,-0.32144,-0.80949,588,得谷者昌,,,,,,,后天之本,,,,,,,
Doctrine_8d1bf0fabc,宣、运、导三者，以运为主，一通百通，非气化而不行也,,Doctrine,1,-0.80057,-0.22869,0,宣、运、导三者，以运为主，一通百通，非气化而不行也,,,,,,,治湿总纲,胡宝书,,,,,,
Doctrine_3f166c2422,清热破血一方，重用桃仁、赤芍、延胡行血散瘀，配郁金、紫草凉血热而解郁结，加焦山栀、路路通以通达三焦而走脉络，对热入血室与,,Doctrine,1,-0.81907,-0.22739,0,清热破血一方，重用桃仁、赤芍、延胡行血散瘀，配郁金、紫草凉血热而解郁结，加焦山栀、路路通以通达三焦而走脉络，对热入血室与蓄血证有一定作用，与《伤寒论》用桃核承气汤有同病异治之功,,,,,,,治痢,胡宝书,,,,,,
Doctrine_06b3f21d39,太阳病，外证未解，不可下也，下之为逆,,Doctrine,1,-1.11903,-0.37618,0,太阳病，外证未解，不可下也，下之为逆,,,,,,,下法禁忌,,,,,,,
Doctrine_55c4626ae2,治法先从消导清热为主，有利于祛邪外透,,Doctrine,1,-1.2553,1.02724,589,治法先从消导清热为主，有利于祛邪外透,,,,,,,湿温初诊治法,,,,,,,
Doctrine_69d4ec17ac,权以驱邪外达，杜绝邪气内陷，故用银翘散加减治之,,Doctrine,1,-1.86485,-0.86718,590,权以驱邪外达，杜绝邪气内陷，故用银翘散加减治之,,,,,,,湿温复诊治法,,,,,,,
Doctrine_6cb706363f,暑必挟湿,,Doctrine,1,-0.01521,0.18882,591,暑必挟湿,,,,,,,暑温,,,,,,,
Doctrine_b598bf63c1,暑必伤气,,Doctrine,1,-2.04104,0.56525,592,暑必伤气,,,,,,,暑温,,,,,,,
Doctrine_59f24efeb7,湿之中人，必原于虚,,Doctrine,1,-1.91822,-0.92056,95,湿之中人，必原于虚,,,,,,,湿,沈金鳌,,,,,,
Doctrine_dbaf4975e2,治湿之法，惟当渗利小便，别无他法,,Doctrine,1,-0.83669,-0.25312,0,治湿之法，惟当渗利小便，别无他法,,,,,,,湿,胡宝书,,,,,,
Doctrine_7bcd979a22,伏天所受之暑者，其邪盛患于当时，其邪微，发于秋后,,Doctrine,1,-0.90849,-1.07113,593,伏天所受之暑者，其邪盛患于当时，其邪微，发于秋后,,,,,,,伏暑,时病论,,,,,,
Doctrine_437e5faaed,秋时晚发即伏暑之病也,,Doctrine,1,-0.62115,1.03927,594,秋时晚发即伏暑之病也,,,,,,,伏暑,前贤,,,,,,
Doctrine_f2f56586cc,是时凉风飒飒，侵袭肌肤，新邪欲入，伏气欲出，以致寒热如疟，或微寒或微热，不能如疟分清,,Doctrine,1,-2.15248,-0.3394,595,是时凉风飒飒，侵袭肌肤，新邪欲入，伏气欲出，以致寒热如疟，或微寒或微热，不能如疟分清,,,,,,,伏暑,,,,,,,
Doctrine_1f8bc61baf,秋凉本属寒邪所胜，郁久亦能化火，与伏暑之邪相合，蒸迫脏腑，所以有传入巨阳——阳明之说,,Doctrine,1,-0.16476,-0.43625,596,秋凉本属寒邪所胜，郁久亦能化火，与伏暑之邪相合，蒸迫脏腑，所以有传入巨阳——阳明之说,,,,,,,伏暑病机,,,,,,,
Doctrine_6b9554f018,病从里出，始如疟状,,Doctrine,1,-1.66474,1.07584,597,病从里出，始如疟状,,,,,,,伏暑,,,,,,,
Doctrine_3db67ae8f4,由于正不胜邪，出现“脉虚”，邪热反而更趋嚣张，热结阳明之状已现，如苔燥质红、大便干结,,Doctrine,1,-1.50235,-0.97826,598,由于正不胜邪，出现“脉虚”，邪热反而更趋嚣张，热结阳明之状已现，如苔燥质红、大便干结,,,,,,,伏暑传变,,,,,,,
Doctrine_1d19a84240,为了祛邪存正，不致正气过伤，故而用凉膈加减以清里热，直折邪势,,Doctrine,1,-0.21608,0.54027,599,为了祛邪存正，不致正气过伤，故而用凉膈加减以清里热，直折邪势,,,,,,,伏暑治法,,,,,,,
Doctrine_3096696117,为绍派伤寒代表医家,,Doctrine,1,-1.11836,0.42702,0,为绍派伤寒代表医家,,,,,,,学派归属,邵兰荪,,,,,,
Doctrine_1e0b4d114c,其对温、暑、时感及虚劳、妇人经带的诊治颇有心得,,Doctrine,1,-1.11475,0.43688,0,其对温、暑、时感及虚劳、妇人经带的诊治颇有心得,,,,,,,临床专长,邵兰荪,,,,,,
Doctrine_da0a7c6332,邵氏擅长外感疾病诊治,,Doctrine,1,-1.14243,-1.1794,606,邵氏擅长外感疾病诊治,,,,,,,外感疾病诊治,,,,,,,
Doctrine_1be2a94327,多用质地轻清药,,Doctrine,1,-1.09466,0.42654,0,多用质地轻清药,,,,,,,用药风格,邵兰荪,,,,,,
Doctrine_8421938360,外感暑湿之邪常用香薷、藿香、豆蔻、石菖蒲等辛香温化之品，外感温热之邪多用连翘、竹叶、银花等辛凉清解之品,,Doctrine,1,-1.13192,0.43042,0,外感暑湿之邪常用香薷、藿香、豆蔻、石菖蒲等辛香温化之品，外感温热之邪多用连翘、竹叶、银花等辛凉清解之品,,,,,,,外感病用药,邵兰荪,,,,,,
Doctrine_85b7f78fe5,浙绍卑湿，凡伤寒恒多夹湿。,,Doctrine,1,-0.75547,0.17787,0,浙绍卑湿，凡伤寒恒多夹湿。,,,,,,,地域与伤寒夹湿,俞根初,,,,,,
Doctrine_b4e0b8b709,绍兴地处卑湿之地，越人习俗喜饮茶酒，故医家辨证重湿，施治主化，用药时多以轻灵见长，所用药量亦轻,,Doctrine,1,-0.50878,0.78126,607,绍兴地处卑湿之地，越人习俗喜饮茶酒，故医家辨证重湿，施治主化，用药时多以轻灵见长，所用药量亦轻,,,,,,,绍派用药特点,,,,,,,
Doctrine_debc2a78e3,邵氏辨证亦重湿，凡证见湿者，或温散、或宣化，或轻扬，或淡渗，因绍地所患外感多夹湿邪，医家化湿之时多兼治气，于渗湿之中参以,,Doctrine,1,-1.0639,0.39617,0,邵氏辨证亦重湿，凡证见湿者，或温散、或宣化，或轻扬，或淡渗，因绍地所患外感多夹湿邪，医家化湿之时多兼治气，于渗湿之中参以芳香理气之品，使得湿邪下趋,,,,,,,辨证治湿,邵兰荪,,,,,,
Doctrine_82a0a85393,用药灵活、稳健而平和，顾护正气，同时不以峻猛求功，较少见大辛大热、大苦大寒之品,,Doctrine,1,-1.08329,0.42112,0,用药灵活、稳健而平和，顾护正气，同时不以峻猛求功，较少见大辛大热、大苦大寒之品,,,,,,,用药风格,邵兰荪,,,,,,
Doctrine_308e56c744,病后余湿流于下焦，治用辛泄，又佐清热，以存阳明之液，确有见地,,Doctrine,1,-1.25324,0.487,0,病后余湿流于下焦，治用辛泄，又佐清热，以存阳明之液，确有见地,,,,,,,治法,,,,,,,
Doctrine_0c1ef0b74d,其湿自上中蔓延下焦。故方法仍是开泄上中，源清则流自洁之意,,Doctrine,1,-2.27714,-0.1316,608,其湿自上中蔓延下焦。故方法仍是开泄上中，源清则流自洁之意,,,,,,,治法,,,,,,,
Doctrine_dd4ad70046,妇科疾病多与冲任二脉相关，治疗时以调理任带冲脉为主，同时重视肝、肾、胃等脏腑的辨治,,Doctrine,1,-1.09266,0.41623,0,妇科疾病多与冲任二脉相关，治疗时以调理任带冲脉为主，同时重视肝、肾、胃等脏腑的辨治,,,,,,,妇科疾病病机与治法,邵兰荪,,,,,,
Doctrine_8a2babbea0,冲脉是月经之本，冲脉盛、任脉通则月经应时而下,,Doctrine,1,-1.7431,-0.95076,611,冲脉是月经之本，冲脉盛、任脉通则月经应时而下,,,,,,,月经与冲任,,,,,,,
Doctrine_39a6e32a99,阳明胃气又为冲脉之本,,Doctrine,1,-0.05079,0.34246,612,阳明胃气又为冲脉之本,,,,,,,冲脉与脾胃,,,,,,,
Doctrine_897bc4cd41,邵氏深谙此理，故在辨治用药时更重视对脾胃的调护,,Doctrine,1,-1.12898,0.4405,0,邵氏深谙此理，故在辨治用药时更重视对脾胃的调护,,,,,,,妇科治法与脾胃调护,邵兰荪,,,,,,
Doctrine_f3aeb5856f,革除乱真伪品，改进不良炮制,,Doctrine,1,-1.42405,0.49711,0,革除乱真伪品，改进不良炮制,,,,,,,药品改良,曹炳章,,,,,,
Doctrine_433e871f7d,从假托乱真之去伪、名物传讹之考正、仿造伪品之革除、埋没良材之推行、不精修治之改良、采取贮藏之合法六个部分论述药品改良之方,,Doctrine,1,-1.35311,0.54272,0,从假托乱真之去伪、名物传讹之考正、仿造伪品之革除、埋没良材之推行、不精修治之改良、采取贮藏之合法六个部分论述药品改良之方法,,,,,,,药品改良之方法,曹炳章,,,,,,
Doctrine_b4a2a601c2,提倡中医以防文化侵略,,Doctrine,1,-0.76809,-1.02535,614,提倡中医以防文化侵略,,,,,,,,叶开泰药号,,,,,,
Doctrine_5fde240a62,提倡中药以防经济侵略,,Doctrine,1,-0.76472,1.10451,615,提倡中药以防经济侵略,,,,,,,,叶开泰药号,,,,,,
Doctrine_e25c928837,无传染性者，但云喉症；有传染性者，则为喉疫,,Doctrine,1,-1.35239,0.57106,0,无传染性者，但云喉症；有传染性者，则为喉疫,,,,,,,喉科病症分类,曹炳章,,,,,,
Doctrine_54c6fc26b6,喉痧、白喉皆传染最速、夭亡最多之喉疫,,Doctrine,1,-1.45864,0.56018,0,喉痧、白喉皆传染最速、夭亡最多之喉疫,,,,,,,喉疫性质,,,,,,,
Doctrine_fef1f515d3,诊察应详辨病症、脉象、舌苔，验喉毒、视痧泡,,Doctrine,1,-2.09853,-0.46604,616,诊察应详辨病症、脉象、舌苔，验喉毒、视痧泡,,,,,,,诊察方法,,,,,,,
Doctrine_258b8f5678,治疗以内治六法和外治手术为主,,Doctrine,1,-0.11565,-0.29697,617,治疗以内治六法和外治手术为主,,,,,,,治疗方法,,,,,,,
Doctrine_89beeb83b0,温暑内发，秋燥新感发为秋瘟,,Doctrine,1,-1.43842,0.48049,0,温暑内发，秋燥新感发为秋瘟,,,,,,,秋瘟病因,曹炳章,,,,,,
Doctrine_cfa23d287f,会而通之，推而广之，亦可通治所有热病、温病等,,Doctrine,1,-1.38381,0.56825,0,会而通之，推而广之，亦可通治所有热病、温病等,,,,,,,秋瘟证治之通治,曹炳章,,,,,,
Doctrine_1aab3e09b1,对药品的鉴别、采集、炮制等进行切合实际的论述，为鉴别药物的真伪优劣提供富贵经验,,Doctrine,1,-1.41896,0.54079,0,对药品的鉴别、采集、炮制等进行切合实际的论述，为鉴别药物的真伪优劣提供富贵经验,,,,,,,药物鉴别,曹炳章,,,,,,
Doctrine_1dee915377,舌诊在中医四诊中有着重要的参考价值和特殊的临床意义,,Doctrine,1,-1.42598,0.52371,0,舌诊在中医四诊中有着重要的参考价值和特殊的临床意义,,,,,,,舌诊,曹炳章,,,,,,
Doctrine_25062c820c,望舌一端，用以察病，纤毫攸分，较之用器实验，尤为明著，非若切脉凭指之涉于惝恍而杳无可据者比。,,Doctrine,1,-1.32411,0.55948,0,望舌一端，用以察病，纤毫攸分，较之用器实验，尤为明著，非若切脉凭指之涉于惝恍而杳无可据者比。,,,,,,,望舌,曹炳章,,,,,,
Doctrine_14744c71ed,验舌分证之八法,,Doctrine,1,-1.34917,0.55247,0,验舌分证之八法,,,,,,,验舌分证,曹炳章,,,,,,
Doctrine_bf916d61bb,满舌属胃，中心亦属胃，舌尖属心，舌根属肾，两旁属肝胆，四畔属脾，舌尖应上焦，舌中应中焦，舌根应下焦，再当分形察色，在脏在,,Doctrine,1,-1.44508,0.57166,0,满舌属胃，中心亦属胃，舌尖属心，舌根属肾，两旁属肝胆，四畔属脾，舌尖应上焦，舌中应中焦，舌根应下焦，再当分形察色，在脏在腑，是寒是热，察舌辨证，实为诊断学之首要。,,,,,,,以舌之部分定脏腑,吴堃庵,,,,,,
Doctrine_89d9ee6397,白苔属肺，黄苔属胃，绛苔属心，灰黑脾经，紫色肾经，焦紫起刺肝热，青滑肝寒，鲜红胆经，此五色以验五脏之苗窍也。,,Doctrine,1,-1.41644,0.50664,0,白苔属肺，黄苔属胃，绛苔属心，灰黑脾经，紫色肾经，焦紫起刺肝热，青滑肝寒，鲜红胆经，此五色以验五脏之苗窍也。,,,,,,,以舌苔质地标病位,曹炳章,,,,,,
Doctrine_03414112a2,干黄为热，润白为寒，又如舌黑或肿，或焦而干涩，或卷缩坚硬，黑而芒刺，皆实热也。如黑而兼青，黑而濡滑，黑而柔软，皆寒证也。,,Doctrine,1,-1.4584,0.4785,0,干黄为热，润白为寒，又如舌黑或肿，或焦而干涩，或卷缩坚硬，黑而芒刺，皆实热也。如黑而兼青，黑而濡滑，黑而柔软，皆寒证也。,,,,,,,以苔色明暗识寒热,曹炳章,,,,,,
Doctrine_47be302d93,病属虚者，其舌必浮胖而娇嫩。实热之证，全舌必有黄黑积滞干焦罅裂芒刺等苔。阴虚之证，全舌必绛色无苔，虽有横直罅纹，而舌则短,,Doctrine,1,-1.34347,0.57659,0,病属虚者，其舌必浮胖而娇嫩。实热之证，全舌必有黄黑积滞干焦罅裂芒刺等苔。阴虚之证，全舌必绛色无苔，虽有横直罅纹，而舌则短小不等。,,,,,,,以舌体老嫩晓虚实,曹炳章,,,,,,
Doctrine_a07ef656cc,真者有质，刮之底色不去。假者无形，一刮底色全无。如白苔黄边舌，刮之见淡红润泽之底，为微邪也。,,Doctrine,1,-1.44562,0.50014,0,真者有质，刮之底色不去。假者无形，一刮底色全无。如白苔黄边舌，刮之见淡红润泽之底，为微邪也。,,,,,,,以刮揩底色辨真假,曹炳章,,,,,,
Doctrine_0d67497eb2,顺则可治，逆则难医，如夏月人病黑苔，是时气与邪火，内外炎烁，尚有可生。如冬月黑苔厚刺，正不胜邪，必难救治也。,,Doctrine,1,-1.46969,0.48823,0,顺则可治，逆则难医，如夏月人病黑苔，是时气与邪火，内外炎烁，尚有可生。如冬月黑苔厚刺，正不胜邪，必难救治也。,,,,,,,以合乎节气知顺逆,曹炳章,,,,,,
Doctrine_6a40bee365,阴虚阳盛者，其苔必干;阳虚阴盛者，其舌必滑。阴虚阳盛而火旺者，其舌必干而燥；阳虚阴盛而火衰者，其舌必滑而湿。,,Doctrine,1,-1.32378,0.57293,0,阴虚阳盛者，其苔必干;阳虚阴盛者，其舌必滑。阴虚阳盛而火旺者，其舌必干而燥；阳虚阴盛而火衰者，其舌必滑而湿。,,,,,,,以干润舌苔分阴阳,曹炳章,,,,,,
Doctrine_014f2d9a25,生死之决于脉者，前贤垂询明且备矣。然验之于舌，则尤显而易见也。,,Doctrine,1,-1.40947,0.55688,0,生死之决于脉者，前贤垂询明且备矣。然验之于舌，则尤显而易见也。,,,,,,,以色脉相合决生死,曹炳章,,,,,,
Doctrine_0296fe9704,西医重实迹，中医重气化。科学哲学，实事不同。唯辨舌苔，参西衷中，义理皆同，然西医不若中医之精且细也。,,Doctrine,1,-1.34265,0.54183,0,西医重实迹，中医重气化。科学哲学，实事不同。唯辨舌苔，参西衷中，义理皆同，然西医不若中医之精且细也。,,,,,,,舌诊为中西医汇通之桥梁,曹炳章,,,,,,
Doctrine_7c302f2514,饮食不洁，或贪食肥甘，喜食水果、生冷等物，席地当风露卧，内停冷食，旬中寒邪，扰乱中宫，腹痛吐泻交作，即为霍乱,,Doctrine,1,-1.36581,0.55985,0,饮食不洁，或贪食肥甘，喜食水果、生冷等物，席地当风露卧，内停冷食，旬中寒邪，扰乱中宫，腹痛吐泻交作，即为霍乱,,,,,,,霍乱病因,曹炳章,,,,,,
Doctrine_71defbba82,其病机为清浊不分，井俞壅塞,,Doctrine,1,-1.4329,0.51583,0,其病机为清浊不分，井俞壅塞,,,,,,,霍乱病机,曹炳章,,,,,,
Doctrine_b5abcdf91c,治宜开关通窍，行气活血,,Doctrine,1,-1.40803,0.51293,0,治宜开关通窍，行气活血,,,,,,,霍乱治法,曹炳章,,,,,,
Doctrine_2898728d75,将霍乱分为夹湿、夹食、伏暑、中寒四种,,Doctrine,1,-1.43085,0.48912,0,将霍乱分为夹湿、夹食、伏暑、中寒四种,,,,,,,霍乱分类,曹炳章,,,,,,
Doctrine_1697ec68be,曹氏认为当时之霍乱热症居多，寒症居少,,Doctrine,1,-1.41072,0.48611,0,曹氏认为当时之霍乱热症居多，寒症居少,,,,,,,霍乱寒热辨证,曹炳章,,,,,,
Doctrine_f2c35b5e6d,试观近时之霍乱，舌色多红，苔多黄燥，皆口渴引饮，吐利臭秽，小便短赤，肛热如火，总核病状，多是内真热而外假寒。虽有肢冷脉伏,,Doctrine,1,-1.42959,0.54457,0,试观近时之霍乱，舌色多红，苔多黄燥，皆口渴引饮，吐利臭秽，小便短赤，肛热如火，总核病状，多是内真热而外假寒。虽有肢冷脉伏似寒象，即所谓热深厥深是也。,,,,,,,霍乱寒热真假辨,曹炳章,,,,,,
Doctrine_ae36284ad8,见证既是热证，治宜苦辛开降，岂可妄用十滴水、哥啰颠等热药，以火上加油也,,Doctrine,1,-1.41349,0.49656,0,见证既是热证，治宜苦辛开降，岂可妄用十滴水、哥啰颠等热药，以火上加油也,,,,,,,霍乱治法禁忌,曹炳章,,,,,,
Doctrine_f5f58003b8,用飞龙夺命丹开肺胃气、下通脾气以治疗热霍乱初起之心中不畅,,Doctrine,1,-1.37005,0.54991,0,用飞龙夺命丹开肺胃气、下通脾气以治疗热霍乱初起之心中不畅,,,,,,,霍乱成药治疗,曹炳章,,,,,,
Doctrine_7f85c1818f,用雷公散与生姜片纳入脐内艾灸以治疗霍乱之厥冷已久，胃气渐败,,Doctrine,1,-1.45361,0.51929,0,用雷公散与生姜片纳入脐内艾灸以治疗霍乱之厥冷已久，胃气渐败,,,,,,,霍乱成药治疗,曹炳章,,,,,,
Doctrine_3a24c9233f,用樟脑精酒摩擦四肢，以治疗霍乱肢冷转筋等症状,,Doctrine,1,-1.42116,0.48513,0,用樟脑精酒摩擦四肢，以治疗霍乱肢冷转筋等症状,,,,,,,霍乱成药治疗,曹炳章,,,,,,
Doctrine_70c9899bde,用藿香露吞太乙救苦丹，以治疗霍乱腹痛水泄,,Doctrine,1,-1.39119,0.53491,0,用藿香露吞太乙救苦丹，以治疗霍乱腹痛水泄,,,,,,,霍乱成药治疗,曹炳章,,,,,,
Doctrine_51283c2161,霍乱初起未吐泻，或已吐泻、胸闷腹痛者，可服辟瘟丹、纯阳正气丸,,Doctrine,1,-1.37275,0.52487,0,霍乱初起未吐泻，或已吐泻、胸闷腹痛者，可服辟瘟丹、纯阳正气丸,,,,,,,霍乱成药治疗,曹炳章,,,,,,
Doctrine_27f8924602,暑秽湿热，霍乱泄泻，黄疽疟痢，以甘露消毒丹主治，兼有食滞，则加楂曲平胃散,,Doctrine,1,-1.42762,0.53424,0,暑秽湿热，霍乱泄泻，黄疽疟痢，以甘露消毒丹主治，兼有食滞，则加楂曲平胃散,,,,,,,霍乱成药治疗,曹炳章,,,,,,
Doctrine_102e14137d,霍乱四肢厥冷者，用吴茱萸一两研细末，和盐卤调涂两手足心，以导引内热达四肢,,Doctrine,1,-1.37326,0.57103,0,霍乱四肢厥冷者，用吴茱萸一两研细末，和盐卤调涂两手足心，以导引内热达四肢,,,,,,,霍乱外治法,曹炳章,,,,,,
Doctrine_2f3998b811,或以吴萸、食盐各数两炒热，布包熨拓脐下亦妙,,Doctrine,1,-1.45193,0.50889,0,或以吴萸、食盐各数两炒热，布包熨拓脐下亦妙,,,,,,,霍乱外治法,曹炳章,,,,,,
Doctrine_2f26a65dcf,或用生姜二两，生葱头二两，生萝卜四两，同捣烂如泥，炒热用布包扎，熨运肚腹,,Doctrine,1,-1.40051,0.55142,0,或用生姜二两，生葱头二两，生萝卜四两，同捣烂如泥，炒热用布包扎，熨运肚腹,,,,,,,霍乱外治法,曹炳章,,,,,,
Doctrine_f4f7f1c625,特殊的地理环境和自然气候使暑湿病成为绍兴地区的常见病、多发病,,Doctrine,1,-0.49148,-0.76605,622,特殊的地理环境和自然气候使暑湿病成为绍兴地区的常见病、多发病,,,,,,,暑湿病病因,,,,,,,
Doctrine_f219117f2a,越人喜食鱼虾螺蚝等多湿阴柔之品，加之夏季贪饮生冷，乃至脾胃损伤,,Doctrine,1,-1.16952,1.10495,623,越人喜食鱼虾螺蚝等多湿阴柔之品，加之夏季贪饮生冷，乃至脾胃损伤,,,,,,,暑湿病病因,,,,,,,
Doctrine_d6e5035bee,天之暑热一动，地之湿浊自腾，人在蒸淫热迫之中,,Doctrine,1,-1.02361,-0.26539,0,天之暑热一动，地之湿浊自腾，人在蒸淫热迫之中,,,,,,,暑湿病因,叶天士,,,,,,
Doctrine_9d19ba0f06,人在此气交之中，受其炎蒸，元气强者，三焦精气足，或可抗邪。元气虚者，三焦精气不足，无隙可避。可见正气亏虚是本病损其脾胃，,,Doctrine,1,-1.3908,0.51393,0,人在此气交之中，受其炎蒸，元气强者，三焦精气足，或可抗邪。元气虚者，三焦精气不足，无隙可避。可见正气亏虚是本病损其脾胃，乘暑天而作病也,,,,,,,暑病病机,曹炳章,,,,,,
Doctrine_9ad4ec9fc3,曹氏将暑病分为伤暑、中暑、暑湿、伏暑、夏月伤寒五类,,Doctrine,1,-0.8986,-1.14596,97,曹氏将暑病分为伤暑、中暑、暑湿、伏暑、夏月伤寒五类,,,,,,,暑病分类,曹炳章,,,,,,
Doctrine_90b0d4c903,治以常山涤膈膜之痰，槟榔达肓原之气，草果、厚朴消除肠胃之浊邪，黄芩、知母清理肠胃之热邪，复以菖蒲透膜，青皮达下，甘草和中,,Doctrine,1,-1.34493,0.56207,0,治以常山涤膈膜之痰，槟榔达肓原之气，草果、厚朴消除肠胃之浊邪，黄芩、知母清理肠胃之热邪，复以菖蒲透膜，青皮达下，甘草和中,,,,,,,暑邪由口鼻入肺证治,曹炳章,,,,,,
Doctrine_10779b5c1d,治法以蚕沙、滑石、蒌皮、郁金化滞宣气开郁，鲜生地捣豆豉、青蒿、白薇、焦栀以清透营热从外达。湿化热透，大便自下，小溲亦长。,,Doctrine,1,-1.44589,0.53027,0,治法以蚕沙、滑石、蒌皮、郁金化滞宣气开郁，鲜生地捣豆豉、青蒿、白薇、焦栀以清透营热从外达。湿化热透，大便自下，小溲亦长。若误用羌、防、枳、朴则化燥，反加胸闷干呕。若用硝、黄妄下，则下利稀水，口舌化燥，胸闷干呕，热亦增剧，脾胃浊垢，因化燥而不下,,,,,,,伏暑湿遏热伏证治,曹炳章,,,,,,
Doctrine_81d016518d,其病因是感受时行疫疠之邪,,Doctrine,1,-1.9853,-0.8625,624,其病因是感受时行疫疠之邪,,,,,,,病因,,,,,,,
Doctrine_60371bd0e8,考喉疫病原，因于天气为患者，喉痧为多；因于人事自伤者，白喉为多,,Doctrine,1,-1.39977,0.51939,0,考喉疫病原，因于天气为患者，喉痧为多；因于人事自伤者，白喉为多,,,,,,,喉痧白喉病因,曹炳章,,,,,,
Doctrine_c119a80953,喉痧由疫毒内伏，其将发之先必五内烦躁，手掌心热，憎寒发热，烦闷口渴，渐渐咽痛。有痧者，热势必壮，用红纸裹细草纸，撚成纸卷,,Doctrine,1,-1.33447,0.56116,0,喉痧由疫毒内伏，其将发之先必五内烦躁，手掌心热，憎寒发热，烦闷口渴，渐渐咽痛。有痧者，热势必壮，用红纸裹细草纸，撚成纸卷，蘸香油燃着，用手逼住火光，照看头面颈项，见有痧点隐隐及周身肤腠通红者，无论晒痧红肿腐烂与否，但觉咽痛，均属喉痧，此初候之病状也,,,,,,,喉痧初候病状,曹炳章,,,,,,
Doctrine_e657899bf4,二候始则懔懔恶寒，后但发热，或乍寒乍热，无汗烦渴，咽喉肿痛。痧则红晕成片，突起如云而无点粒，肌红如涂朱；痧则红点如尘沙，,,Doctrine,1,-1.45606,0.49899,0,二候始则懔懔恶寒，后但发热，或乍寒乍热，无汗烦渴，咽喉肿痛。痧则红晕成片，突起如云而无点粒，肌红如涂朱；痧则红点如尘沙，摸之有点，其形似痘，视之无津，皆发于肺胃。邪微者，仍能饮食,,,,,,,喉痧二候病状,曹炳章,,,,,,
Doctrine_b7522ab5ff,三候身发壮热，胸痞咽阻，食不能下，喉赤肿痛，痧郁不达，或痧透后有如疙瘩块者，发则多痒而麻木(此因肝热湿痰在胃)，溲赤便闭,,Doctrine,1,-1.44124,0.4906,0,三候身发壮热，胸痞咽阻，食不能下，喉赤肿痛，痧郁不达，或痧透后有如疙瘩块者，发则多痒而麻木(此因肝热湿痰在胃)，溲赤便闭,,,,,,,喉痧三候病状,曹炳章,,,,,,
Doctrine_a46a16107a,四候身热如灼，丹痧隐伏，喉肿而烂，神识昏闭，耳前后肿，颊车不开，唇紧肤黑，溺涩便闭,,Doctrine,1,-1.35392,0.53212,0,四候身热如灼，丹痧隐伏，喉肿而烂，神识昏闭，耳前后肿，颊车不开，唇紧肤黑，溺涩便闭,,,,,,,喉痧四候病状,曹炳章,,,,,,
Doctrine_e056ab6c9a,五候毒焰内陷，喉烂臭黑，风火交煽，神昏痉厥，丹痧内陷，反成下利，气喘音哑，鼻煽鼻煤，舌苔焦黑，甚则舌卷囊缩，肺肝已绝，顷,,Doctrine,1,-1.34326,0.53136,0,五候毒焰内陷，喉烂臭黑，风火交煽，神昏痉厥，丹痧内陷，反成下利，气喘音哑，鼻煽鼻煤，舌苔焦黑，甚则舌卷囊缩，肺肝已绝，顷刻云亡,,,,,,,喉痧五候病状,曹炳章,,,,,,
Doctrine_8b54c7d8cb,疝气初病在气分之间，聚则塞痛，高突攻冲；散则鸣响，上嗳气，下泄气而休。,,Doctrine,1,-1.44148,0.50977,0,疝气初病在气分之间，聚则塞痛，高突攻冲；散则鸣响，上嗳气，下泄气而休。,,,,,,,疝气病机,曹炳章,,,,,,
Doctrine_d2d622e00e,㿗疝水疝，因败精恶血结气凝湿，伏风积在阴囊所致，延及胀大、麻木、钓痛、奔突等候,,Doctrine,1,-1.31786,0.55031,0,㿗疝水疝，因败精恶血结气凝湿，伏风积在阴囊所致，延及胀大、麻木、钓痛、奔突等候,,,,,,,㿗疝水疝病因,曹炳章,,,,,,
Doctrine_e01dbcc0cf,因春温、风温、时毒喉痧，先发热自汗，曾经发颐，误用凉遏，余毒由少阳循经，传入厥阴，下流睾丸，亦偏坠肿痛，形似疝气,,Doctrine,1,-1.31002,0.55729,0,因春温、风温、时毒喉痧，先发热自汗，曾经发颐，误用凉遏，余毒由少阳循经，传入厥阴，下流睾丸，亦偏坠肿痛，形似疝气,,,,,,,类疝气病因,曹炳章,,,,,,
Doctrine_f9b6d49869,温散、祛寒，调营补虚,,Doctrine,1,-0.89192,-0.23107,0,温散、祛寒，调营补虚,,,,,,,夹疝伤寒治法,张仲景,,,,,,
Doctrine_b44a5a0680,辛香疏气,,Doctrine,1,-0.66297,0.2591,0,辛香疏气,,,,,,,夹疝伤寒治法,张子和,,,,,,
Doctrine_24f1b8b2ad,青木香散偏于治疗初病邪在气分,,Doctrine,1,-1.36282,0.56991,0,青木香散偏于治疗初病邪在气分,,,,,,,方药主治,曹炳章,,,,,,
Doctrine_ca5cfeda8f,七制金铃子丸偏于治疗㿗疝、水疝寒湿之气聚于囊中,,Doctrine,1,-1.32179,0.5405,0,七制金铃子丸偏于治疗㿗疝、水疝寒湿之气聚于囊中,,,,,,,方药主治,曹炳章,,,,,,
Doctrine_a30e41fc90,第三方主治温邪时毒误治，少阳循经传入厥阴所致偏坠肿痛，此症状“形似疝气”，而非疝气，需加以鉴别,,Doctrine,1,-1.40897,0.53592,0,第三方主治温邪时毒误治，少阳循经传入厥阴所致偏坠肿痛，此症状“形似疝气”，而非疝气，需加以鉴别,,,,,,,疝气鉴别,曹炳章,,,,,,
Doctrine_b7e898b0e8,今之医者不问见证如何总用参、术、附、桂、姜、萸等温热峻补之药，此可称绝倒者也,,Doctrine,1,-1.68124,-0.24625,0,今之医者不问见证如何总用参、术、附、桂、姜、萸等温热峻补之药，此可称绝倒者也,,,,,,,批判时医峻补治夹阴伤寒之弊,徐灵胎,,,,,,
Doctrine_35393b5071,阴虚之人感风寒仍属阳邪，尤宜清热解邪，不可反用热药,,Doctrine,1,-1.68679,-0.23734,0,阴虚之人感风寒仍属阳邪，尤宜清热解邪，不可反用热药,,,,,,,夹阴伤寒辨证,徐灵胎,,,,,,
Doctrine_ed3c2809e4,若果直入三阴，则断无发热之理，必有恶寒蜷卧，厥冷喜热等症，方可用温散,,Doctrine,1,-1.67472,-0.26364,0,若果直入三阴，则断无发热之理，必有恶寒蜷卧，厥冷喜热等症，方可用温散,,,,,,,三阴寒证辨证用药,徐灵胎,,,,,,
Doctrine_85daa80758,女劳复虽属久虚之人复患大证，古人治之仅用竹茹一升煎汤，终无用滋补之法者,,Doctrine,1,-1.66429,-0.26239,0,女劳复虽属久虚之人复患大证，古人治之仅用竹茹一升煎汤，终无用滋补之法者,,,,,,,女劳复治法,徐灵胎,,,,,,
Doctrine_58b9a566da,治病之法总视目前之现症状况，六脉沉迟表里皆寒的系三阴寒证者即使本体强壮或绝欲十年亦从阴治；脉证的系阳邪发热烦渴便闭并无三,,Doctrine,1,-1.67229,-0.25174,0,治病之法总视目前之现症状况，六脉沉迟表里皆寒的系三阴寒证者即使本体强壮或绝欲十年亦从阴治；脉证的系阳邪发热烦渴便闭并无三阴寒证者即使本体虚弱又房劳过度亦从阳治,,,,,,,从症不从体质房劳史辨治大法,徐灵胎,,,,,,
Doctrine_56be38d6df,伤寒论中阳明大寒之症宜用葛根、黄芩、白虎承气之类，若转入三阴即改用温补，若阴症转变阳症治法亦可于温补后改用凉散，此一定之,,Doctrine,1,-1.68315,-0.25739,0,伤寒论中阳明大寒之症宜用葛根、黄芩、白虎承气之类，若转入三阴即改用温补，若阴症转变阳症治法亦可于温补后改用凉散，此一定之法也,,,,,,,证变治法随之变,徐灵胎,,,,,,
Doctrine_33051ee14e,凡伤寒病，初起发热，煎熬津液，鼻干口渴便闭，渐至发厥者，不问而知为热也,,Doctrine,1,-1.49168,0.34928,0,凡伤寒病，初起发热，煎熬津液，鼻干口渴便闭，渐至发厥者，不问而知为热也,,,,,,,伤寒发厥辨证,喻嘉言,,,,,,
Doctrine_2cb4ecfec7,治阴症以救阳为主，治伤寒以救阴为主,,Doctrine,1,-1.5037,0.32526,0,治阴症以救阳为主，治伤寒以救阴为主,,,,,,,伤寒治法,喻嘉言,,,,,,
Doctrine_7b1eb8686b,人身一阴阳耳，而阴阳之根蒂，皆本于肾,,Doctrine,1,-1.17498,-1.02999,10,人身一阴阳耳，而阴阳之根蒂，皆本于肾,,,,,,,阴阳与肾,汪苓友,,,,,,
Doctrine_cfd710abe5,阴证中寒也，其证乃是阳虚,,Doctrine,1,-2.35496,-0.1089,10,阴证中寒也，其证乃是阳虚,,,,,,,阴证辨证,汪苓友,,,,,,
Doctrine_b548a0515f,风寒感冒于表，食物生冷由胃传脾，为真夹阴伤寒,,Doctrine,1,-1.46413,0.50569,0,风寒感冒于表，食物生冷由胃传脾，为真夹阴伤寒,,,,,,,夹阴伤寒,曹炳章,,,,,,
Doctrine_dde06189f4,惟伤寒热退新瘥，即犯房事，名曰房劳复，身热、下身沉重疼痛,,Doctrine,1,-1.39872,0.56177,0,惟伤寒热退新瘥，即犯房事，名曰房劳复，身热、下身沉重疼痛,,,,,,,房劳复,曹炳章,,,,,,
Doctrine_f233ecc868,因与血脉合而为一，结为痼疾也,,Doctrine,1,-1.01514,0.5046,0,因与血脉合而为一，结为痼疾也,,,,,,,夹痨伤寒病机,吴又可,,,,,,
Doctrine_03892cf725,治法当乘其大肉未消，真元未败，急用三甲散,,Doctrine,1,-1.00743,0.51172,0,治法当乘其大肉未消，真元未败，急用三甲散,,,,,,,夹痨伤寒治法,吴又可,,,,,,
Doctrine_98e13b9c8d,肢体时疼者，邪与荣气搏也；脉数身热不去者，邪火病郁也；胁下锥痛者，火邪结于膜膈也,,Doctrine,1,-1.02488,0.50853,0,肢体时疼者，邪与荣气搏也；脉数身热不去者，邪火病郁也；胁下锥痛者，火邪结于膜膈也,,,,,,,夹痨伤寒证候机理,吴又可,,,,,,
Doctrine_981814e127,过期不愈者，凡疫邪交卸，近在一七，远在二七，甚至三七，过此不愈者，因非其治，不为坏症，即为痼疾也,,Doctrine,1,-1.02734,0.51873,0,过期不愈者，凡疫邪交卸，近在一七，远在二七，甚至三七，过此不愈者，因非其治，不为坏症，即为痼疾也,,,,,,,疫邪交卸时限,吴又可,,,,,,
Doctrine_00425f6f29,"此投柴胡，为景岳《新方八略》之""散略""，散其表证也",,Doctrine,1,-1.64044,0.04859,0,"此投柴胡，为景岳《新方八略》之""散略""，散其表证也",,,,,,,散略·柴胡,张景岳,,,,,,
Doctrine_0d3d241021,"柴陈煎亦为""散略""治其伤风兼寒",,Doctrine,1,-1.89254,0.09996,0,"柴陈煎亦为""散略""治其伤风兼寒",,,,,,,散略·柴陈煎,张景岳,,,,,,
Doctrine_7b9ec0a6d4,"金水六君煎为""和略""，""和方之制，和其不和者也""治其肺肾虚寒，水泛为痰",,Doctrine,1,-1.62725,0.18196,0,"金水六君煎为""和略""，""和方之制，和其不和者也""治其肺肾虚寒，水泛为痰",,,,,,,和略·金水六君煎,张景岳,,,,,,
Doctrine_3361b05cdd,夹痨伤寒多为外感兼有体虚，表里分传，极易失治误治,,Doctrine,1,-1.01712,0.51577,0,夹痨伤寒多为外感兼有体虚，表里分传，极易失治误治,,,,,,,夹痨伤寒病机,吴又可,,,,,,
Doctrine_3ca6aa6ddd,治宜表里兼顾，详审其平素体质，方能处置,,Doctrine,1,-1.37302,0.53714,0,治宜表里兼顾，详审其平素体质，方能处置,,,,,,,夹痨伤寒治法,曹炳章,,,,,,
Doctrine_80de7e9c75,血室为营血停留之所，经血集会之处，即冲脉，所谓血海是也,,Doctrine,1,-2.22597,-0.35632,98,血室为营血停留之所，经血集会之处，即冲脉，所谓血海是也,,,,,,,血室,方氏,,,,,,
Doctrine_0694fb506c,血室，肝也。肝为藏血之藏，故称血室,,Doctrine,1,-1.59611,0.94221,99,血室，肝也。肝为藏血之藏，故称血室,,,,,,,血室,柯氏,,,,,,
Doctrine_683db72296,巢氏《病源》并《产宝方》，并谓之胞门、子户，张仲景谓之血室,,Doctrine,1,-0.14639,0.56925,100,巢氏《病源》并《产宝方》，并谓之胞门、子户，张仲景谓之血室,,,,,,,血室,陈自明,,,,,,
Doctrine_02d875a450,“血室”者，《素问》所谓“女子胞”，即产肠也,,Doctrine,1,-0.10654,0.48998,633,“血室”者，《素问》所谓“女子胞”，即产肠也,,,,,,,血室,,,,,,,
Doctrine_d60032b162,子官，即血室也,,Doctrine,1,-1.65809,0.99622,33,子官，即血室也,,,,,,,血室,程式,,,,,,
Doctrine_77ab0613c0,子户，即子宫，俗谓子肠。医家以冲任之脉盛于此，则月事以时下，故名曰血室,,Doctrine,1,-0.49196,-0.95865,34,子户，即子宫，俗谓子肠。医家以冲任之脉盛于此，则月事以时下，故名曰血室,,,,,,,血室,张介宾,,,,,,
Doctrine_6481d370b4,方未受孕，则下行之，以为月事；既妊娠，则中蓄之以养胎；及已产，则上壅之以为乳，皆血也,,Doctrine,1,-1.55368,0.38185,0,方未受孕，则下行之，以为月事；既妊娠，则中蓄之以养胎；及已产，则上壅之以为乳，皆血也,,,,,,,血室与月事、养胎、乳汁,许叔微,,,,,,
Doctrine_6e1e25600e,为月事，为养胎，皆血是也，其既产以为乳者，乳非血也。乳者，乃饮食入胃化出之乳糜汁而为乳，实未成血之物也,,Doctrine,1,-1.41787,0.53035,0,为月事，为养胎，皆血是也，其既产以为乳者，乳非血也。乳者，乃饮食入胃化出之乳糜汁而为乳，实未成血之物也,,,,,,,乳与血之别,曹炳章,,,,,,
Doctrine_3b6c52a975,血室即子宫，平时则蓄血以行经，妊娠则系胎,,Doctrine,1,-1.33229,0.54014,0,血室即子宫，平时则蓄血以行经，妊娠则系胎,,,,,,,血室,曹炳章,,,,,,
Doctrine_a6e71a5d95,凡行经时，则子门开张而下泄。故伤寒中风，适值经来，而邪热得直入血室,,Doctrine,1,-1.38273,0.5411,0,凡行经时，则子门开张而下泄。故伤寒中风，适值经来，而邪热得直入血室,,,,,,,热入血室成因,曹炳章,,,,,,
Doctrine_ba63f251ed,亦有经未至期，因热盛蒸迫血室，则血亦下行。顺则热随血泄，经行后热反化轻。否则热甚冲入胞门，阻拒其行经，下泄之血，留蓄胞门,,Doctrine,1,-1.36355,0.54167,0,亦有经未至期，因热盛蒸迫血室，则血亦下行。顺则热随血泄，经行后热反化轻。否则热甚冲入胞门，阻拒其行经，下泄之血，留蓄胞门为瘀，以致血室之热，无从得泄，病必增剧,,,,,,,热入血室之顺逆,曹炳章,,,,,,
Doctrine_86ab6923af,余主先去除胞门积瘀，冀以清热熄风,,Doctrine,1,-1.44981,0.47234,0,余主先去除胞门积瘀，冀以清热熄风,,,,,,,热入血室兼胞门淤塞之治法,曹炳章,,,,,,
Doctrine_e4751fd0b7,余之收效，在通瘀导浊，以二矢浊味，攻胞门之浊道也,,Doctrine,1,-1.35961,0.55138,0,余之收效，在通瘀导浊，以二矢浊味，攻胞门之浊道也,,,,,,,通瘀导浊治法,曹炳章,,,,,,
Doctrine_97d7679f88,前证若用小柴胡汤，则大误矣。盖温暑治法，与正伤寒不同,,Doctrine,1,-1.44975,0.48445,0,前证若用小柴胡汤，则大误矣。盖温暑治法，与正伤寒不同,,,,,,,温暑与正伤寒治法之别,曹炳章,,,,,,
Doctrine_71c2a11231,经水适来适断，邪将陷入血室，少阳伤寒言之详悉，不复多赘,,Doctrine,1,-0.98888,-0.3407,0,经水适来适断，邪将陷入血室，少阳伤寒言之详悉，不复多赘,,,,,,,热入血室,叶天士,,,,,,
Doctrine_c88984cec5,数动，与正伤寒不同，仲景立小柴胡汤，提出所陷热邪，以参枣扶胃气，冲脉隶属阳明也。此惟虚者为合法,,Doctrine,1,-1.01959,-0.25565,0,数动，与正伤寒不同，仲景立小柴胡汤，提出所陷热邪，以参枣扶胃气，冲脉隶属阳明也。此惟虚者为合法,,,,,,,温病热入血室与正伤寒之脉证异同,叶天士,,,,,,
Doctrine_735a2186bd,若热邪陷入，与血相结者，当从陶氏小柴胡汤去参、枣，加鲜生地、桃仁、楂肉、丹皮、或犀角等，凉血散血，使血不与热相搏，而后能,,Doctrine,1,-1.06908,-0.23955,0,若热邪陷入，与血相结者，当从陶氏小柴胡汤去参、枣，加鲜生地、桃仁、楂肉、丹皮、或犀角等，凉血散血，使血不与热相搏，而后能和解，如陶氏之法也,,,,,,,热陷血室与血相结之治法,叶天士,,,,,,
Doctrine_76eaa11818,若本经血结自甚，或挟有瘀伤宿血，挟热而得者，其证必少腹满痛，轻者刺期门，以泄其实，使气行瘀散也。重者小柴胡汤，去参枣之甘,,Doctrine,1,-1.04308,-0.2412,0,若本经血结自甚，或挟有瘀伤宿血，挟热而得者，其证必少腹满痛，轻者刺期门，以泄其实，使气行瘀散也。重者小柴胡汤，去参枣之甘药，加延胡索、归尾、桃仁，以利其气，破其血也。挟寒加桂心，气滞加香附、陈皮、枳壳,,,,,,,血结自甚之治法,叶天士,,,,,,
Doctrine_ef5923c7fb,然热陷血室之证，多有谵语如狂之象，与阳明胃实相似，此种病机，最须辨别。血结者，身体必重，非若阳明之轻转便捷。盖阴主重浊，,,Doctrine,1,-0.96109,-0.21467,0,然热陷血室之证，多有谵语如狂之象，与阳明胃实相似，此种病机，最须辨别。血结者，身体必重，非若阳明之轻转便捷。盖阴主重浊，络脉被阻，身之侧傍气痹，连及胸背，皆拘束不遂，故去邪通络，正合其治,,,,,,,热陷血室与阳明胃实之辨别,叶天士,,,,,,
Doctrine_576b2cb38e,往往延久，致上逆心胞，胸中痹痛，即陶氏所谓“血结胸”也，用犀角地黄汤，加大黄、桃仁、红花、枳实，最为合法,,Doctrine,1,-1.05777,-0.25546,0,往往延久，致上逆心胞，胸中痹痛，即陶氏所谓“血结胸”也，用犀角地黄汤，加大黄、桃仁、红花、枳实，最为合法,,,,,,,血结胸治法,叶天士,,,,,,
Doctrine_d9c00e0f21,按方书谓慎用苦寒，恐伤其已亡之阴也,,Doctrine,1,-0.93676,-0.1891,0,按方书谓慎用苦寒，恐伤其已亡之阴也,,,,,,,产后用药,叶天士,,,,,,
Doctrine_22c70b32c8,不过弗犯下焦，且属虚体，当如虚怯人病邪而治,,Doctrine,1,-0.94714,-0.18754,0,不过弗犯下焦，且属虚体，当如虚怯人病邪而治,,,,,,,产后治法,叶天士,,,,,,
Doctrine_ea00f350eb,总之毋犯实实虚虚之戒,,Doctrine,1,-1.03784,-0.2657,0,总之毋犯实实虚虚之戒,,,,,,,产后治法禁忌,叶天士,,,,,,
Doctrine_56dbdd8910,无粮之师，利于速战,,Doctrine,1,-0.87352,0.12119,0,无粮之师，利于速战,,,,,,,产后伤寒治法,吴鞠通,,,,,,
Doctrine_ec83bcd280,治上不犯中，治中不犯下，目中清楚，指下明了，治产后之能事毕矣,,Doctrine,1,-0.852,0.09299,0,治上不犯中，治中不犯下，目中清楚，指下明了，治产后之能事毕矣,,,,,,,产后伤寒治疗层次,吴鞠通,,,,,,
Doctrine_b838fb3f1e,可为后学之圭臬，吾人宜熟读而谨记之,,Doctrine,1,-1.43769,0.53789,0,可为后学之圭臬，吾人宜熟读而谨记之,,,,,,,对吴鞠通产后伤寒治法之评价,曹炳章,,,,,,
Doctrine_b5504cc2cc,痉病多由于燥热化风，虽名曰风，实是肝阳为病，筋失滋养，故致强急,,Doctrine,1,-1.4775,0.40679,0,痉病多由于燥热化风，虽名曰风，实是肝阳为病，筋失滋养，故致强急,,,,,,,痉病病机,石芾南,,,,,,
Doctrine_75b2924c14,六气最易化燥，及小儿尤易化燥之理,,Doctrine,1,-1.48458,0.39404,0,六气最易化燥，及小儿尤易化燥之理,,,,,,,六气化燥,石芾南,,,,,,
Doctrine_9284eea12f,见儿发热，不问何邪，概曰风寒，辄与辛燥升散，杂以苦温苦涩消导，津液耗伤，致成痉瘛,,Doctrine,1,-1.48765,0.40408,0,见儿发热，不问何邪，概曰风寒，辄与辛燥升散，杂以苦温苦涩消导，津液耗伤，致成痉瘛,,,,,,,误治致痉,石芾南,,,,,,
Doctrine_b8dec407ea,风寒初起，发热无汗，无论痉与不痉，治以辛润,,Doctrine,1,-1.49041,0.38513,0,风寒初起，发热无汗，无论痉与不痉，治以辛润,,,,,,,痉病治法,石芾南,,,,,,
Doctrine_be905d9fa7,液虚燥极，必多进方回，切勿中途易法，致令不救,,Doctrine,1,-1.49511,0.39452,0,液虚燥极，必多进方回，切勿中途易法，致令不救,,,,,,,救阴治法禁忌,石芾南,,,,,,
Doctrine_2f12da3a86,慢惊风三字相连立名，不但文义不通，亦未细察病源,,Doctrine,1,-1.4411,0.60994,0,慢惊风三字相连立名，不但文义不通，亦未细察病源,,,,,,,病名批判,王清任,,,,,,
Doctrine_c58a906621,抽风一症乃气虚血瘀之证，非外感风邪,,Doctrine,1,-1.4498,0.60407,0,抽风一症乃气虚血瘀之证，非外感风邪,,,,,,,抽风病机,王清任,,,,,,
Doctrine_8b013b8278,若露睛天吊，不食不哭，痰鸣气喘，病虽沉重，乃可治之证；若天庭灰黑，肾子收缩，或脉微细，或脉全无，外形虽轻，乃不治之症,,Doctrine,1,-1.4672,0.59383,0,若露睛天吊，不食不哭，痰鸣气喘，病虽沉重，乃可治之证；若天庭灰黑，肾子收缩，或脉微细，或脉全无，外形虽轻，乃不治之症,,,,,,,抽风预后辨别,王清任,,,,,,
Doctrine_0a14bcc294,此方专治小儿因伤寒瘟疫，或痘疹吐泻等证，病久气虚，四肢抽搐，项背反张，两目天吊，口流涎沫，昏沉不省人事,,Doctrine,1,-1.45997,0.60145,0,此方专治小儿因伤寒瘟疫，或痘疹吐泻等证，病久气虚，四肢抽搐，项背反张，两目天吊，口流涎沫，昏沉不省人事,,,,,,,可保立苏汤主治,王清任,,,,,,
Doctrine_66b940b559,所述二十余证，皆虚寒之象，故尚可救药，若虚中挟热，则难治矣,,Doctrine,1,-1.30242,0.55005,0,所述二十余证，皆虚寒之象，故尚可救药，若虚中挟热，则难治矣,,,,,,,抽风预后判断,曹炳章,,,,,,
Doctrine_d0a335d0e8,热病瘥后，饮酒而复热，转加热甚而增剧，必兼烦闷干呕，口燥不纳等症，急用川连、葛花、连翘、生栀、枳实、乌梅、银花解之,,Doctrine,1,-2.15982,0.31757,634,热病瘥后，饮酒而复热，转加热甚而增剧，必兼烦闷干呕，口燥不纳等症，急用川连、葛花、连翘、生栀、枳实、乌梅、银花解之,,,,,,,伤寒酒复,,,,,,,
Doctrine_c97bbdb72f,林澜用小柴胡汤加葛根、黄连、乌梅,,Doctrine,1,-0.56435,-0.91761,101,林澜用小柴胡汤加葛根、黄连、乌梅,,,,,,,伤寒酒复治法,林澜,,,,,,
Doctrine_4472540b99,脉洪大者，人参白虎汤加葛根、黄连，或竹叶石膏汤加鸡距子亦妙,,Doctrine,1,-0.63504,-0.96127,635,脉洪大者，人参白虎汤加葛根、黄连，或竹叶石膏汤加鸡距子亦妙,,,,,,,伤寒酒复治法,,,,,,,
Doctrine_b9e309abf3,大病瘥后，食猪肉及羊血肥鱼油腻等，必大下利，难治；食饼、饵、粢、黍、饴、餔、烩、馐，枣、栗、诸果坚实难消之物，胃气虚弱，,,Doctrine,1,-1.19507,1.02989,67,大病瘥后，食猪肉及羊血肥鱼油腻等，必大下利，难治；食饼、饵、粢、黍、饴、餔、烩、馐，枣、栗、诸果坚实难消之物，胃气虚弱，不能消化，必更结热。不下必死，下之复危，皆难治也,,,,,,,瘥后食复禁忌,,,,,,,
Doctrine_2f8326502e,瘥后食一切肉面者，病更发；饮酒又食蒜韭菜者，病更发；食生鱼鲊，下利不止；食生菜及瓜，令颜色终身不复；食生枣、羊肉，膈上作,,Doctrine,1,-0.91571,1.15002,636,瘥后食一切肉面者，病更发；饮酒又食蒜韭菜者，病更发；食生鱼鲊，下利不止；食生菜及瓜，令颜色终身不复；食生枣、羊肉，膈上作热蒸；食犬羊等肉，作骨蒸；新汗解后，饮冷水者，损心胞，令人虚，虽补不复,,,,,,,瘥后食复禁忌,,,,,,,
Doctrine_c2ecb2cb7b,时病新瘥，食生菜者，手足必肿,,Doctrine,1,-0.97163,-1.08518,69,时病新瘥，食生菜者，手足必肿,,,,,,,瘥后食复禁忌,,,,,,,
Doctrine_884db3d1e6,此皆瘥后食物之禁也,,Doctrine,1,-1.40483,0.50293,0,此皆瘥后食物之禁也,,,,,,,瘥后食复总论,曹炳章,,,,,,
Doctrine_02989987a7,用鼠屎、人中白、晚蚕砂、鲜生地、生锦纹、蜣螂虫、桃仁、冬葵子、川黄柏、木通、甘草梢等以浊导浊治温热瘥后房复,,Doctrine,1,-1.38175,0.53031,0,用鼠屎、人中白、晚蚕砂、鲜生地、生锦纹、蜣螂虫、桃仁、冬葵子、川黄柏、木通、甘草梢等以浊导浊治温热瘥后房复,,,,,,,房复治法,曹炳章,,,,,,
Doctrine_8f9719f1ec,经治验多人，不用烧裩散亦能取效,,Doctrine,1,-1.31588,0.566,0,经治验多人，不用烧裩散亦能取效,,,,,,,烧裩散替代疗法,曹炳章,,,,,,
Doctrine_5bc55886ad,竹茹、花粉、韭白、滑石、白薇、川楝子、槐米、绿豆、甘草梢、土茯苓等药，亦可采用,,Doctrine,1,-0.0772,-0.06973,102,竹茹、花粉、韭白、滑石、白薇、川楝子、槐米、绿豆、甘草梢、土茯苓等药，亦可采用,,,,,,,房劳复用药,王士雄,,,,,,
Doctrine_a884fa776b,虽瘥，尚虚未得复，阳气不足，慎勿劳事尚可，女劳则死,,Doctrine,1,-1.15488,-1.02969,103,虽瘥，尚虚未得复，阳气不足，慎勿劳事尚可，女劳则死,,,,,,,伤寒瘥后房劳预后,华佗,,,,,,
Doctrine_b74ef607f8,凡大病新瘥，未满百日，气力未平复，而房室者，略无不死,,Doctrine,1,-2.02818,-0.58436,637,凡大病新瘥，未满百日，气力未平复，而房室者，略无不死,,,,,,,大病新瘥房劳禁忌,,,,,,,
Doctrine_2926b97ca1,新瘥精髓枯燥，故犯房事必死,,Doctrine,1,-1.45299,-0.1592,0,新瘥精髓枯燥，故犯房事必死,,,,,,,新瘥房劳致死机理,庞安常,,,,,,
Doctrine_c9c3b5c005,鲜藿香钱半 新会皮钱半 赤茯苓二钱 竹沥半夏钱半 白蔻仁七分 淡竹茹二钱 广郁金二钱 鲜荷叶包滑石三钱阴阳水煎，微冷服。,,Doctrine,1,-1.3342,0.57166,0,鲜藿香钱半 新会皮钱半 赤茯苓二钱 竹沥半夏钱半 白蔻仁七分 淡竹茹二钱 广郁金二钱 鲜荷叶包滑石三钱阴阳水煎，微冷服。,,,,,,,治霍乱常用方,曹炳章,,,,,,
Doctrine_57412db0ef,鲜藿香钱半 制川朴一钱 制半夏二钱 鲜荷叶包滑石三钱 白蔻仁八分(冲) 姜炒川连六分 炒黄芩二钱 淡豆豉钱半 紫金片五分,,Doctrine,1,-1.43953,0.47005,0,鲜藿香钱半 制川朴一钱 制半夏二钱 鲜荷叶包滑石三钱 白蔻仁八分(冲) 姜炒川连六分 炒黄芩二钱 淡豆豉钱半 紫金片五分(研冲)阴阳水煎，微冷服。,,,,,,,治霍乱常用方,曹炳章,,,,,,
Doctrine_92eec0ed3b,淡豆豉二钱 焦山栀三钱 炒黄芩二钱 姜炒竹茹二钱 藿香钱半 荷叶包滑石三钱 扁豆衣钱半 左金丸钱半(包煎) 飞龙夺命丹一,,Doctrine,1,-1.42836,0.47749,0,淡豆豉二钱 焦山栀三钱 炒黄芩二钱 姜炒竹茹二钱 藿香钱半 荷叶包滑石三钱 扁豆衣钱半 左金丸钱半(包煎) 飞龙夺命丹一分(冲入)阴阳水煎，冷服,,,,,,,治霍乱常用方,曹炳章,,,,,,
Doctrine_22eae02a1b,如转筋者，加鲜勒人藤一两,,Doctrine,1,-1.41742,0.51763,0,如转筋者，加鲜勒人藤一两,,,,,,,治霍乱转筋加减,曹炳章,,,,,,
Doctrine_22c9cc92e0,暑多夹热夹湿，易伤肠胃,,Doctrine,1,-1.93186,0.90946,639,暑多夹热夹湿，易伤肠胃,,,,,,,暑证病机,,,,,,,
Doctrine_369b31069c,外祛暑邪，内安脏腑，宣上畅中导下,,Doctrine,1,-1.39392,0.5711,0,外祛暑邪，内安脏腑，宣上畅中导下,,,,,,,治暑法则,曹炳章,,,,,,
Doctrine_e1015c917a,用鲜药、芳淡轻清药，颇切实用，得绍派精髓,,Doctrine,1,-1.43574,0.52758,0,用鲜药、芳淡轻清药，颇切实用，得绍派精髓,,,,,,,用药特色,曹炳章,,,,,,
Doctrine_c17ba9f542,肝阳与命火同处脊里，升则同升，藏则同藏，命火上升，则脾无此火，不能蒸腐水谷，故泄泻。膀胱无此火，则不能化气，而小便短濇,,Doctrine,1,-1.37625,0.56097,0,肝阳与命火同处脊里，升则同升，藏则同藏，命火上升，则脾无此火，不能蒸腐水谷，故泄泻。膀胱无此火，则不能化气，而小便短濇,,,,,,,肝阳命火与泄泻小便病机,曹炳章,,,,,,
Doctrine_f218a91565,邪热著营络，盘踞日久，烁耗津液，液涸动风。下焦龙雷之火挟之上腾，于是上焦之火更甚，而下焦反少命火。,,Doctrine,1,-1.3104,0.54292,0,邪热著营络，盘踞日久，烁耗津液，液涸动风。下焦龙雷之火挟之上腾，于是上焦之火更甚，而下焦反少命火。,,,,,,,伏暑病因病机,曹炳章,,,,,,
Doctrine_4e9b2114f1,先镇纳肝阳，滋液生津，兼清邪热熄风，佐以芩连坚阴，庶几龙雷之火，仍潜伏命门,,Doctrine,1,-1.419,0.55129,0,先镇纳肝阳，滋液生津，兼清邪热熄风，佐以芩连坚阴，庶几龙雷之火，仍潜伏命门,,,,,,,治法,曹炳章,,,,,,
Doctrine_ea0a6b4d18,此案不独为临床之实录，亦可为治斯病之殷鉴耳,,Doctrine,1,-1.33871,0.55157,0,此案不独为临床之实录，亦可为治斯病之殷鉴耳,,,,,,,医案价值,曹炳章,,,,,,
Doctrine_c297a788ae,徐氏之于医，可谓始于《内经》而终于《内经》。始于《内经》者，学医从《内经》始；终于《内经》者，终生以阐释《内经》为己任，,,Doctrine,1,-1.29249,0.63228,0,徐氏之于医，可谓始于《内经》而终于《内经》。始于《内经》者，学医从《内经》始；终于《内经》者，终生以阐释《内经》为己任，孜孜矻矻数十春秋,,,,,,,徐荣斋治学特点,范永升,,,,,,
Doctrine_903275b43c,首次对绍派伤寒进行探源析流,,Doctrine,1,-1.22413,0.58608,0,首次对绍派伤寒进行探源析流,,,,,,,绍派伤寒研究,徐荣斋,,,,,,
Doctrine_17e7d65705,推陈出新，去芜存菁,,Doctrine,1,-1.22887,0.59545,0,推陈出新，去芜存菁,,,,,,,编纂原则,徐荣斋,,,,,,
Doctrine_769fc35945,点缀者删削之，繁杂者合并之，罅漏者补正之,,Doctrine,1,-1.42692,0.50721,0,点缀者删削之，繁杂者合并之，罅漏者补正之,,,,,,,著作评价,曹炳章,,,,,,
Doctrine_68a43efd22,六经病症是根据急性发热病的经过而分做六个阶段，每个阶段更就不同的症状，分做若干亚类，每类各有若干大同小异的综合症即可,,Doctrine,1,-1.29823,-0.02246,0,六经病症是根据急性发热病的经过而分做六个阶段，每个阶段更就不同的症状，分做若干亚类，每类各有若干大同小异的综合症即可,,,,,,,六经病症,俞氏,,,,,,
Doctrine_672fdcef2b,第六章(甲）第三节“张长沙四言脉诀”及第四节“钩玄”，都是理论和实际结合不起来的,,Doctrine,1,-1.19429,0.58959,0,第六章(甲）第三节“张长沙四言脉诀”及第四节“钩玄”，都是理论和实际结合不起来的,,,,,,,张长沙四言脉诀·钩玄,徐荣斋,,,,,,
Doctrine_749aeda34e,夹气伤寒仅仅是伤寒夹症中某一部分的致病因素，即是同章第八节“夹痞伤寒”的一个组成部分，不能作为独立的病名,,Doctrine,1,-1.1564,0.62188,0,夹气伤寒仅仅是伤寒夹症中某一部分的致病因素，即是同章第八节“夹痞伤寒”的一个组成部分，不能作为独立的病名,,,,,,,夹气伤寒,徐荣斋,,,,,,
Doctrine_1ec49eb81b,夹阴伤寒其病名与同章第六节重复，观察它的病因，是感冒风寒又食冷物，则等于“夹食伤寒”，所列症状与治法也同于“夹食”,,Doctrine,1,-1.12002,0.57272,0,夹阴伤寒其病名与同章第六节重复，观察它的病因，是感冒风寒又食冷物，则等于“夹食伤寒”，所列症状与治法也同于“夹食”,,,,,,,夹阴伤寒,徐荣斋,,,,,,
Doctrine_e8bd150b86,“知母”是“生地”之误,,Doctrine,1,-0.82685,1.12591,4,“知母”是“生地”之误,,,,,,,养荣承气汤按语订误,徐氏,,,,,,
Doctrine_5499194aa2,“血实证”不能成立，瘀血、蓄血，本质上是血的病态,,Doctrine,1,-0.39316,0.77583,641,“血实证”不能成立，瘀血、蓄血，本质上是血的病态,,,,,,,血实证辨析,徐老,,,,,,
Doctrine_59ee5987bd,所谓“实”者，是“塞实”的实，不是“充实”的实,,Doctrine,1,-2.3592,-0.04332,642,所谓“实”者，是“塞实”的实，不是“充实”的实,,,,,,,实证含义辨析,,,,,,,
Doctrine_27b4cdb293,三阳时毒、厥阴时毒、三阳同受时毒、少厥并受时毒等，其实质皆为“头部丹毒”,,Doctrine,1,-0.39548,-0.6674,643,三阳时毒、厥阴时毒、三阳同受时毒、少厥并受时毒等，其实质皆为“头部丹毒”,,,,,,,大头伤寒辨证,徐老,,,,,,
Doctrine_132c3fcb3b,俞氏把“伤寒类症的痉”与“伤寒变症的痉”混在一起，是不够恰当的,,Doctrine,1,-1.31695,1.09648,644,俞氏把“伤寒类症的痉”与“伤寒变症的痉”混在一起，是不够恰当的,,,,,,,伤寒转痉辨误,,,,,,,
Doctrine_2dbdcb0aef,病名似始于张石顽,,Doctrine,1,-1.27899,-0.58052,0,病名似始于张石顽,,,,,,,黄耳伤寒,张石顽,,,,,,
Doctrine_43390066f3,症状见于巢元方,,Doctrine,1,-0.45368,0.83275,104,症状见于巢元方,,,,,,,黄耳伤寒,巢元方,,,,,,
Doctrine_b891332499,俞氏所述，相当于西医书的“耳疖”和“中耳炎”,,Doctrine,1,-1.26798,-0.10105,0,俞氏所述，相当于西医书的“耳疖”和“中耳炎”,,,,,,,黄耳伤寒,俞氏,,,,,,
Doctrine_90637ad29a,何廉臣先生谓即系“肺痈”,,Doctrine,1,-0.95472,0.40573,0,何廉臣先生谓即系“肺痈”,,,,,,,赤膈伤寒,何廉臣,,,,,,
Doctrine_c1c6d45768,治法推江阴曹颖甫先生，第一步开泄肺气；第二步去痈脓；第三步破除痰结；第四步扶养肺阴,,Doctrine,1,-1.05469,0.48627,0,治法推江阴曹颖甫先生，第一步开泄肺气；第二步去痈脓；第三步破除痰结；第四步扶养肺阴,,,,,,,赤膈伤寒治法,曹颖甫,,,,,,
Doctrine_ee2b44ff36,惟补救之方，推《千金》黄昏汤为最,,Doctrine,1,-1.86309,-0.96218,645,惟补救之方，推《千金》黄昏汤为最,,,,,,,赤膈伤寒治疗,,,,,,,
Doctrine_9bbff5901a,应首先确定虚劳病人患了伤寒，既不是因伤寒而变成的虚劳，更不是单纯的虚劳症,,Doctrine,1,-1.19424,0.61514,0,应首先确定虚劳病人患了伤寒，既不是因伤寒而变成的虚劳，更不是单纯的虚劳症,,,,,,,夹痨伤寒,徐荣斋,,,,,,
Doctrine_e8f40fa9a2,因伤寒患此证者极少，因温热而患此证者甚多,,Doctrine,1,-1.17849,0.57657,0,因伤寒患此证者极少，因温热而患此证者甚多,,,,,,,临经伤寒,徐荣斋,,,,,,
Doctrine_4dcac8b174,把“伤寒类症的痉”与“伤寒变症的痉”混在一起,,Doctrine,1,-1.13849,0.56599,0,把“伤寒类症的痉”与“伤寒变症的痉”混在一起,,,,,,,寒伤转痉,徐荣斋,,,,,,
Doctrine_2922da503a,“湿温伤寒”乃一大症，当须分别湿重、热重，现症与治法，判分两歧,,Doctrine,1,-1.14162,0.59726,0,“湿温伤寒”乃一大症，当须分别湿重、热重，现症与治法，判分两歧,,,,,,,湿温伤寒,徐荣斋,,,,,,
Doctrine_303ff1b78c,肾开窍于耳，少阳之脉络耳中,,Doctrine,1,-1.11472,0.60283,0,肾开窍于耳，少阳之脉络耳中,,,,,,,察耳鼻,徐荣斋,,,,,,
Doctrine_410109b7a1,察呼吸包括气粗、气微、气短、气喘、鼻扇、肩息、息高、气息岔涌8种,,Doctrine,1,-1.15154,0.59385,0,察呼吸包括气粗、气微、气短、气喘、鼻扇、肩息、息高、气息岔涌8种,,,,,,,察呼吸,徐荣斋,,,,,,
Doctrine_bfb10381f9,了解大便的硬度、数量、颜色、有没有血或黏液等,,Doctrine,1,-1.13208,0.57555,0,了解大便的硬度、数量、颜色、有没有血或黏液等,,,,,,,问大便,徐荣斋,,,,,,
Doctrine_0ff4e2b336,过去的治疗，能影响现在的病状和征候,,Doctrine,1,-1.21398,0.5834,0,过去的治疗，能影响现在的病状和征候,,,,,,,查旧方,徐荣斋,,,,,,
Doctrine_5f634406e5,风湿之病，其症头痛发热，微汗恶寒，骨节烦疼，体重微肿，小便欠利，脉来浮缓,,Doctrine,1,-0.66734,-0.18307,0,风湿之病，其症头痛发热，微汗恶寒，骨节烦疼，体重微肿，小便欠利，脉来浮缓,,,,,,,风湿证,雷少逸,,,,,,
Doctrine_588a3a67a8,“徐”则风湿俱去，“骤”则风去而湿仍留着,,Doctrine,1,-0.90383,-0.24296,0,“徐”则风湿俱去，“骤”则风去而湿仍留着,,,,,,,风湿伤寒治法,张仲景,,,,,,
Doctrine_ebe96b3bee,历节痛风，因于寒者，辛温发散；因于热者，辛凉轻扬，固已。但宜分辨痛状施治。原因各异，故处方用药，亦是不同。可见病因不一，,,Doctrine,1,-1.34923,0.23529,0,历节痛风，因于寒者，辛温发散；因于热者，辛凉轻扬，固已。但宜分辨痛状施治。原因各异，故处方用药，亦是不同。可见病因不一，所以《内经》有治病必求于本之训也,,,,,,,历节痛风,何廉臣,,,,,,
Doctrine_9798af6393,肢节疼痛，病名历节，此证起于风邪外感，汗出不畅，久久湿流关节，脉迟而滑，属寒湿。其微者用桂枝芍药知母汤，其剧者宜乌头汤,,Doctrine,1,-0.34755,-0.60657,105,肢节疼痛，病名历节，此证起于风邪外感，汗出不畅，久久湿流关节，脉迟而滑，属寒湿。其微者用桂枝芍药知母汤，其剧者宜乌头汤,,,,,,,历节,曹颖甫,,,,,,
Doctrine_824d7dddc6,善用经方、用药灵活,,Doctrine,1,-1.21841,0.57388,0,善用经方、用药灵活,,,,,,,临证经验,徐荣斋,,,,,,
Doctrine_38072d55e0,发热而恶寒，不论有汗无汗，皆为太阳病；见机能衰弱之症，或误治而虚其正气者，为少阴病；吐利属于虚寒者，为太阴病；发热若干日,,Doctrine,1,-1.15195,0.67225,0,发热而恶寒，不论有汗无汗，皆为太阳病；见机能衰弱之症，或误治而虚其正气者，为少阴病；吐利属于虚寒者，为太阴病；发热若干日，热退若干日，或消渴，或吐蛔，或下利，或舌卷囊缩，为厥阴病。,,,,,,,六经病证,陆渊雷,,,,,,
Doctrine_3cb15843e7,“六经行层”这个名词，是根据周学海“与友条论读伤寒论法”第五、九、十一条而产生。,,Doctrine,1,-0.70719,-0.23828,0,“六经行层”这个名词，是根据周学海“与友条论读伤寒论法”第五、九、十一条而产生。,,,,,,,六经行层,周学海,,,,,,
Doctrine_b0aee56ad1,六经者，就人体所着之症状为之界说者也,,Doctrine,1,-0.82878,-1.0477,80,六经者，就人体所着之症状为之界说者也,,,,,,,六经,恽铁樵,,,,,,
Doctrine_dd5dfad658,伤寒六经，非谓病在六经也，假以为纪也已；及其施治也，皆从证而不拘焉,,Doctrine,1,-2.01795,-0.72032,35,伤寒六经，非谓病在六经也，假以为纪也已；及其施治也，皆从证而不拘焉,,,,,,,六经,鹤冲元逸,,,,,,
Doctrine_2dda83f52b,三阴三阳之目，何为而设焉？凡病有六等之差，而地位脉证不同也，概括诸说，皆以六经为病位之假称，而不取于经络之义,,Doctrine,1,-1.78887,-1.01078,106,三阴三阳之目，何为而设焉？凡病有六等之差，而地位脉证不同也，概括诸说，皆以六经为病位之假称，而不取于经络之义,,,,,,,三阴三阳,藤本廉,,,,,,
Doctrine_2779e9b667,伤寒六经病证，是根据急性发热病的经过而作的六个阶段,,Doctrine,1,-1.85865,0.96531,4,伤寒六经病证，是根据急性发热病的经过而作的六个阶段,,,,,,,六经病证,徐氏,,,,,,
Doctrine_a5ebedf76e,人体机能之亢盛衰减，中间的动态尚多，不是这样可以肯定划分的,,Doctrine,1,-1.31237,-1.02146,4,人体机能之亢盛衰减，中间的动态尚多，不是这样可以肯定划分的,,,,,,,六经病理,徐氏,,,,,,
Doctrine_5d13159523,每个阶段就不同的症状，分做若干亚类，每类各有若干大同小异的综合症,,Doctrine,1,-0.10077,-0.23726,4,每个阶段就不同的症状，分做若干亚类，每类各有若干大同小异的综合症,,,,,,,六经病理,徐氏,,,,,,
Doctrine_c246e8980d,演化了六经本证、标证、中和证和兼证,,Doctrine,1,-0.71165,-1.00084,4,演化了六经本证、标证、中和证和兼证,,,,,,,六经病理,徐氏,,,,,,
Doctrine_714feb8cc8,三阳言实，三阴言虚；三阳言表实、里实、半表半里实，三阴言气虚、血虚、气血两虚,,Doctrine,1,-2.07117,-0.51645,4,三阳言实，三阴言虚；三阳言表实、里实、半表半里实，三阴言气虚、血虚、气血两虚,,,,,,,三阴三阳虚实,徐氏,,,,,,
Doctrine_6cc25d3c2a,以六经钤百病，三焦为变通，寒温成一统,,Doctrine,1,-2.1335,0.55845,647,以六经钤百病，三焦为变通，寒温成一统,,,,,,,绍派伤寒学术主张,绍派伤寒,,,,,,
Doctrine_08d8440585,勘病四诊合参，尤以观目、腹诊（按胸腹）最为精要,,Doctrine,1,-0.83204,-1.12753,648,勘病四诊合参，尤以观目、腹诊（按胸腹）最为精要,,,,,,,诊法,绍派医家,,,,,,
Doctrine_3dcebe0614,诊病融诸家之长，特别注重细节之处,,Doctrine,1,-1.16666,0.61703,0,诊病融诸家之长，特别注重细节之处,,,,,,,诊法特色,徐荣斋,,,,,,
Doctrine_39511eab6b,常人呼吸，每分钟约16至18次，若运动或进食，或精神兴奋时，则呼吸次数增加，这是生理现象。若发生病证，则会呈显著变化。减,,Doctrine,1,-2.20333,-0.41691,650,常人呼吸，每分钟约16至18次，若运动或进食，或精神兴奋时，则呼吸次数增加，这是生理现象。若发生病证，则会呈显著变化。减少的一般属于虚弱或衰脱疾患，增加的，如胸膜病、肺炎喘息、心脏病、肾脏病、热性病等。,,,,,,,望呼吸,,,,,,,
Doctrine_c83f289e96,气粗，呼吸有力而不和平，病标在肺，病本在胃，多属阳明热甚。,,Doctrine,1,-0.07348,-0.40989,651,气粗，呼吸有力而不和平，病标在肺，病本在胃，多属阳明热甚。,,,,,,,气粗,,,,,,,
Doctrine_f82ce8a613,气微，呼吸低微，不足以息，主诸虚不足，正气固衰，邪气亦衰，多见于热病已愈、正气未复之时。若杂病则以失血症为最显，在伤寒以,,Doctrine,1,-1.65052,0.91625,652,气微，呼吸低微，不足以息，主诸虚不足，正气固衰，邪气亦衰，多见于热病已愈、正气未复之时。若杂病则以失血症为最显，在伤寒以两候后为多见。,,,,,,,气微,,,,,,,
Doctrine_7b82a05445,气短，呼吸短促而不相接续，与呼吸微弱不同而又相同。徐氏认为，气微的呼吸是静而无声的，气短是躁而带粗的；气微状态则自然，气,,Doctrine,1,-1.1706,0.5835,0,气短，呼吸短促而不相接续，与呼吸微弱不同而又相同。徐氏认为，气微的呼吸是静而无声的，气短是躁而带粗的；气微状态则自然，气短状态很勉强。并指出，气微者，在病机上只虚无实，多属外感病末传；气短者，在病机上有虚有实，多属内伤病初起。气微为病退之时，气短为病进之候。,,,,,,,气短,徐荣斋,,,,,,
Doctrine_0896bcb38a,气喘，为气急之总称，有虚实之分。呼吸气粗，声高息涌，但以呼出为快，属实喘；声低息短，吸气困难，张口抬肩，属虚喘。一般来说,,Doctrine,1,-1.47178,-1.06578,653,气喘，为气急之总称，有虚实之分。呼吸气粗，声高息涌，但以呼出为快，属实喘；声低息短，吸气困难，张口抬肩，属虚喘。一般来说实喘易治，虚喘难疗。,,,,,,,气喘,,,,,,,
Doctrine_8c3916725d,观舌苔可明表里，分寒热，辨虚实，知深浅,,Doctrine,1,-0.18146,0.62875,654,观舌苔可明表里，分寒热，辨虚实，知深浅,,,,,,,舌诊总纲,,,,,,,
Doctrine_59eb3d8625,伤寒自表传里，温热自里达表，全以舌苔为验。传里浅深及里结多寡，亦以舌苔为验。里热渐清，谷气渐进，亦以舌苔为验,,Doctrine,1,-0.81982,0.31237,0,伤寒自表传里，温热自里达表，全以舌苔为验。传里浅深及里结多寡，亦以舌苔为验。里热渐清，谷气渐进，亦以舌苔为验,,,,,,,舌苔辨伤寒温热传变,俞根初,,,,,,
Doctrine_7e9e29917d,观舌质可验其正之阴阳虚实，审苔垢即知其邪之寒热浅深,,Doctrine,1,-1.05486,-0.57836,0,观舌质可验其正之阴阳虚实，审苔垢即知其邪之寒热浅深,,,,,,,舌质与舌苔辨证大法,章虚谷,,,,,,
Doctrine_7908f0eb61,舌是舌的本质，苔是舌上所生的垢腻,,Doctrine,1,-1.22903,0.5768,0,舌是舌的本质，苔是舌上所生的垢腻,,,,,,,舌与苔之别,徐荣斋,,,,,,
Doctrine_efe50f7cfc,以舌尖候上焦心肺之疾；舌中以侯胃肠之疾；舌根以候肾与二便之疾；舌边以候三焦膜原与两胁之疾；舌旁左以候肝胆之疾，右以候脾肺,,Doctrine,1,-1.1864,0.59651,0,以舌尖候上焦心肺之疾；舌中以侯胃肠之疾；舌根以候肾与二便之疾；舌边以候三焦膜原与两胁之疾；舌旁左以候肝胆之疾，右以候脾肺之疾,,,,,,,舌体分区候诊,徐荣斋,,,,,,
Doctrine_3038f9fef5,病属实者，其舌必坚敛而兼苍老；病属虚者，其舌必浮胖而兼娇嫩,,Doctrine,1,-1.12721,0.61416,0,病属实者，其舌必坚敛而兼苍老；病属虚者，其舌必浮胖而兼娇嫩,,,,,,,舌质虚实辨,徐荣斋,,,,,,
Doctrine_b7663a0d18,阴虚阳盛者，舌必干；阳虚阴盛者，舌必滑；阴虚阳盛而火旺者，其舌必干而燥；阳虚阴盛而火衰者，其舌必滑而湿,,Doctrine,1,-1.14258,0.57566,0,阴虚阳盛者，舌必干；阳虚阴盛者，舌必滑；阴虚阳盛而火旺者，其舌必干而燥；阳虚阴盛而火衰者，其舌必滑而湿,,,,,,,舌象阴阳虚实辨,徐荣斋,,,,,,
Doctrine_e006a2d145,舌黑而干焦、肿硬、卷缩、芒刺者，属实热证，其脉必洪数沉实，症必大热狂躁，宜白虎、承气等方。舌黑而白、黑而灰、黑而紫、湿润,,Doctrine,1,-1.19835,0.57991,0,舌黑而干焦、肿硬、卷缩、芒刺者，属实热证，其脉必洪数沉实，症必大热狂躁，宜白虎、承气等方。舌黑而白、黑而灰、黑而紫、湿润软滑者，属虚寒证，脉必微弱，症必恶寒，宜四逆辈,,,,,,,舌黑辨证论治,徐荣斋,,,,,,
Doctrine_c33133d6b7,舌苔无论何色，皆有治法。惟舌质变，则为难治,,Doctrine,1,-1.12818,0.5853,0,舌苔无论何色，皆有治法。惟舌质变，则为难治,,,,,,,舌苔舌质预后,徐荣斋,,,,,,
Doctrine_6a32823395,活者，细察底里，隐隐犹见红活，此不过气血之有阻滞，非脏气之败坏也。死者，底里全变干晦枯萎，毫无生气，是脏气不至矣,,Doctrine,1,-1.16669,0.59375,0,活者，细察底里，隐隐犹见红活，此不过气血之有阻滞，非脏气之败坏也。死者，底里全变干晦枯萎，毫无生气，是脏气不至矣,,,,,,,舌质死活辨,徐荣斋,,,,,,
Doctrine_99d93bc512,未诊先问，最为有准,,Doctrine,1,-0.7483,-1.0982,107,未诊先问，最为有准,,,,,,,问诊,寇宗爽,,,,,,
Doctrine_8ebba285fc,工于问者，非徒问其证，殆欲即其症见，以求其病因耳,,Doctrine,1,-1.57181,0.48386,0,工于问者，非徒问其证，殆欲即其症见，以求其病因耳,,,,,,,问诊,石寿棠,,,,,,
Doctrine_b817459d50,问诊是调查研究的过程，在询问病情中，以病患自觉证求其病因，作为辨证的一个依据，它不仅能给予诊断上许多佐证，而且在某些特殊,,Doctrine,1,-1.09625,0.57836,0,问诊是调查研究的过程，在询问病情中，以病患自觉证求其病因，作为辨证的一个依据，它不仅能给予诊断上许多佐证，而且在某些特殊条件下还可以作为诊断的重要根据,,,,,,,问诊,徐荣斋,,,,,,
Doctrine_3bf9e3515f,徐氏在问诊过程中，非常注重问诊的细节,,Doctrine,1,-1.13874,0.58668,0,徐氏在问诊过程中，非常注重问诊的细节,,,,,,,问诊细节,徐荣斋,,,,,,
Doctrine_671f93e410,问大便应从大便的硬度、数量、颜色、以及有无带血或粘液等多方面了解,,Doctrine,1,-1.21904,0.61396,0,问大便应从大便的硬度、数量、颜色、以及有无带血或粘液等多方面了解,,,,,,,问二便,徐荣斋,,,,,,
Doctrine_61f2ff8ab4,从硬度，一般虚寒证大便多溏泻，实热证大便多燥结；从颜色，霍乱病人的大便好像淘米水；从数量，普通腹泻的大便是水样，数量很多,,Doctrine,1,-2.19342,0.18408,655,从硬度，一般虚寒证大便多溏泻，实热证大便多燥结；从颜色，霍乱病人的大便好像淘米水；从数量，普通腹泻的大便是水样，数量很多，但无粘液。而痢疾的大便，则量很少，且带有血、黏液或脓,,,,,,,问二便,,,,,,,
Doctrine_fe6377bde1,还应注意到大便时有没有其他兼夹症状，如腹痛、里急后重等,,Doctrine,1,-0.51172,-0.88002,656,还应注意到大便时有没有其他兼夹症状，如腹痛、里急后重等,,,,,,,问二便,,,,,,,
Doctrine_9ad8d6db1a,起病情形有骤起的可见疟疾，渐起的有伤寒，也有不知不觉中而起病的，如各种慢性疾病,,Doctrine,1,-1.07142,1.17499,657,起病情形有骤起的可见疟疾，渐起的有伤寒，也有不知不觉中而起病的，如各种慢性疾病,,,,,,,发病时间和情形,,,,,,,
Doctrine_037e7357ec,疟疾病人的发热，有间日一次的，也有三日一次的。伤寒病人是持续不断的高热，肺结核病人多是每日下午发微热,,Doctrine,1,-1.94269,-0.69225,658,疟疾病人的发热，有间日一次的，也有三日一次的。伤寒病人是持续不断的高热，肺结核病人多是每日下午发微热,,,,,,,症状与时间的关系,,,,,,,
Doctrine_af6341057f,一般急性热病都是热度愈高的时候头痛愈厉害，热度降低头痛也随之而减,,Doctrine,1,-0.07501,-0.00509,659,一般急性热病都是热度愈高的时候头痛愈厉害，热度降低头痛也随之而减,,,,,,,症状与症状之间的关系,,,,,,,
Doctrine_f1d995c0e9,各种症状都有它一定的规律，各种症状之间又是互相联系的，因此我们在问诊时就应注意到这些细节，否则就会造成诊断上的错误,,Doctrine,1,-1.15917,0.60107,0,各种症状都有它一定的规律，各种症状之间又是互相联系的，因此我们在问诊时就应注意到这些细节，否则就会造成诊断上的错误,,,,,,,问诊,徐荣斋,,,,,,
Doctrine_46b9d81eb1,汗法是使病毒从汗腺排泄以出,,Doctrine,1,-1.21278,0.60553,0,汗法是使病毒从汗腺排泄以出,,,,,,,汗法,徐荣斋,,,,,,
Doctrine_e9a4e78ba3,下法是使病毒从大便排泄以出,,Doctrine,1,-1.15302,0.57366,0,下法是使病毒从大便排泄以出,,,,,,,下法,徐荣斋,,,,,,
Doctrine_591c56dc4c,温法为维持机体细胞之消沉,,Doctrine,1,-1.15974,0.58588,0,温法为维持机体细胞之消沉,,,,,,,温法,徐荣斋,,,,,,
Doctrine_deb2d087a4,清法为遏止体温之亢进,,Doctrine,1,-1.2232,0.60429,0,清法为遏止体温之亢进,,,,,,,清法,徐荣斋,,,,,,
Doctrine_75b7ef2260,和法是使机体内部得到协调,,Doctrine,1,-1.12517,0.60386,0,和法是使机体内部得到协调,,,,,,,和法,徐荣斋,,,,,,
Doctrine_fbd69ba0ae,补法可分两种：一为滋阴，一为回阳,,Doctrine,1,-1.11208,0.56585,0,补法可分两种：一为滋阴，一为回阳,,,,,,,补法,徐荣斋,,,,,,
Doctrine_cd86b25570,大实之证体内各组织各官能必异常兴奋，消耗物质势必增多，终至陷于疲劳及衰弱,,Doctrine,1,-1.17503,0.62337,0,大实之证体内各组织各官能必异常兴奋，消耗物质势必增多，终至陷于疲劳及衰弱,,,,,,,大实有羸状,徐荣斋,,,,,,
Doctrine_8f6f88c9a0,脉的搏动源于心脏的舒缩，而血行的快慢关系着脉搏的迟数，心脏的张弛影响着脉搏的软硬，心脏瓣膜的启闭关联着脉搏的顿挫,,Doctrine,1,-1.14905,0.60467,0,脉的搏动源于心脏的舒缩，而血行的快慢关系着脉搏的迟数，心脏的张弛影响着脉搏的软硬，心脏瓣膜的启闭关联着脉搏的顿挫,,,,,,,伤寒脉舌,徐荣斋,,,,,,
Doctrine_3ea44d6460,外湿乃汗液阻于蒸发而生的疾患；内湿是炎性渗出物所生的疾患,,Doctrine,1,-1.16289,0.67294,0,外湿乃汗液阻于蒸发而生的疾患；内湿是炎性渗出物所生的疾患,,,,,,,伤寒兼湿,陆渊雷,,,,,,
Doctrine_31d3b1b673,阳明发狂是因胃热壅盛进而迷走神经受炙，影响了大脑皮层，出现了谵语、发狂等症状,,Doctrine,1,-1.13552,0.60581,0,阳明发狂是因胃热壅盛进而迷走神经受炙，影响了大脑皮层，出现了谵语、发狂等症状,,,,,,,发狂伤寒,徐荣斋,,,,,,
Doctrine_58f707426a,医生用方全在加减上见功夫,,Doctrine,1,-1.16326,0.57599,0,医生用方全在加减上见功夫,,,,,,,制方加减,徐荣斋,,,,,,
Doctrine_b3e2554e5d,古方中惯于写“人参”的，今则按照病人体质虚弱程度，改用党参或红参,,Doctrine,1,-1.12095,0.59357,0,古方中惯于写“人参”的，今则按照病人体质虚弱程度，改用党参或红参,,,,,,,药物代换,徐荣斋,,,,,,
Doctrine_2a95757065,有惯用“犀角”的（如犀角地黄汤），则按照临床经验，代以紫草加大青叶,,Doctrine,1,-1.20764,0.57502,0,有惯用“犀角”的（如犀角地黄汤），则按照临床经验，代以紫草加大青叶,,,,,,,药物代换,徐荣斋,,,,,,
Doctrine_22c0a13dae,四物汤中的地黄，凡是肝肾不足之证用熟地，见虚热证候用生地,,Doctrine,1,-1.13752,0.61612,0,四物汤中的地黄，凡是肝肾不足之证用熟地，见虚热证候用生地,,,,,,,药物加减辨证,徐荣斋,,,,,,
Doctrine_f6176a9f69,药味用量因药而异，有的剂量不宜过大，有的必须用较大剂量,,Doctrine,1,-1.11083,0.59074,0,药味用量因药而异，有的剂量不宜过大，有的必须用较大剂量,,,,,,,药物剂量运用,徐荣斋,,,,,,
Doctrine_8265017f47,川芎辛香走窜，善于升散，用量宜3-6克（芎归佛手散适应证除外）,,Doctrine,1,-1.23461,0.58659,0,川芎辛香走窜，善于升散，用量宜3-6克（芎归佛手散适应证除外）,,,,,,,川芎用量,徐荣斋,,,,,,
Doctrine_ce54afd7a5,鸭跖草性味甘淡，必须用至30克左右，连服两三剂才有效,,Doctrine,1,-1.19491,0.60266,0,鸭跖草性味甘淡，必须用至30克左右，连服两三剂才有效,,,,,,,鸭跖草用量,徐荣斋,,,,,,
Doctrine_26e009cae7,制大黄用于活血祛瘀药中，9克可连服三至五剂，无通便作用,,Doctrine,1,-1.15776,0.61147,0,制大黄用于活血祛瘀药中，9克可连服三至五剂，无通便作用,,,,,,,制大黄用量与功效,徐荣斋,,,,,,
Doctrine_99fe96be80,生大黄用9克，一剂即能通大便，个别病人还会出现腹痛，脾阳不足的患者更会引起腹泻,,Doctrine,1,-1.1313,0.59533,0,生大黄用9克，一剂即能通大便，个别病人还会出现腹痛，脾阳不足的患者更会引起腹泻,,,,,,,生大黄用量与功效,徐荣斋,,,,,,
Doctrine_16db0f7bac,大黄本为通大便药，但与甘草同用或制用，则能利小便,,Doctrine,1,-1.14799,0.61534,0,大黄本为通大便药，但与甘草同用或制用，则能利小便,,,,,,,药物配伍增效,徐荣斋,,,,,,
Doctrine_182fb5cc4f,用少量麻黄伍多量熟地，则但开腠理而麻黄不汗、熟地不滞,,Doctrine,1,-1.17656,0.6128,0,用少量麻黄伍多量熟地，则但开腠理而麻黄不汗、熟地不滞,,,,,,,药物配伍增效,徐荣斋,,,,,,
Doctrine_67bb0ac365,茯苓得白术则补脾，得车前子则利水，得泽泻则渗湿,,Doctrine,1,-1.18505,0.62023,0,茯苓得白术则补脾，得车前子则利水，得泽泻则渗湿,,,,,,,药物配伍增效,徐荣斋,,,,,,
Doctrine_3623f6536f,青皮得白芥子，治右胁痛,,Doctrine,1,-1.16807,0.60663,0,青皮得白芥子，治右胁痛,,,,,,,药物配伍增效,徐荣斋,,,,,,
Doctrine_bd69b7c808,附子不配干姜，虽通经络而不热,,Doctrine,1,-1.20926,0.61778,0,附子不配干姜，虽通经络而不热,,,,,,,药物配伍增效,徐荣斋,,,,,,
Doctrine_56a4442997,附子一钱与磁石八钱同用，能温养下元并使附子热性不致上扰,,Doctrine,1,-1.10855,0.57831,0,附子一钱与磁石八钱同用，能温养下元并使附子热性不致上扰,,,,,,,药物配伍增效,徐荣斋,,,,,,
Doctrine_18b57178a8,木鳖子制尽油，能化骨节间风痰而无毒,,Doctrine,1,-1.18614,0.60845,0,木鳖子制尽油，能化骨节间风痰而无毒,,,,,,,药物炮制,徐荣斋,,,,,,
Doctrine_1e21488bdf,甘遂制去黑水，能化痰核及积饮水,,Doctrine,1,-1.18896,0.5752,0,甘遂制去黑水，能化痰核及积饮水,,,,,,,药物炮制,徐荣斋,,,,,,
Doctrine_20b4ef0d30,六味地黄丸中的熟地能湿脾土，以茯苓、白术制之,,Doctrine,1,-1.21646,0.59502,0,六味地黄丸中的熟地能湿脾土，以茯苓、白术制之,,,,,,,制方配伍相制,徐荣斋,,,,,,
Doctrine_c7633b276a,左金丸中的吴茱萸性燥，以黄连制之,,Doctrine,1,-1.20471,0.58834,0,左金丸中的吴茱萸性燥，以黄连制之,,,,,,,制方配伍相制,徐荣斋,,,,,,
Doctrine_1b40929dd5,四君子汤一般用作健脾补气方，如气虚应重用参，脾虚应重用术，水湿内滞应重用苓,,Doctrine,1,-1.1849,0.58489,0,四君子汤一般用作健脾补气方，如气虚应重用参，脾虚应重用术，水湿内滞应重用苓,,,,,,,方剂化裁,徐荣斋,,,,,,
Doctrine_ba83f0007f,四物汤一般认为是血分方，在使用时，归多则重点在温血，芍多则重点在平肝，地多则重点在凉血，芎多则重点在升散,,Doctrine,1,-1.10074,0.58785,0,四物汤一般认为是血分方，在使用时，归多则重点在温血，芍多则重点在平肝，地多则重点在凉血，芎多则重点在升散,,,,,,,方剂化裁,徐荣斋,,,,,,
Doctrine_feb46c3139,牛膝能引热下行，亦能引其它药性下行，但如果脾经有湿，则反引湿下行而发生腿肿；若肝经有热，也能引热下行而发生遗精,,Doctrine,1,-1.20469,0.59884,0,牛膝能引热下行，亦能引其它药性下行，但如果脾经有湿，则反引湿下行而发生腿肿；若肝经有热，也能引热下行而发生遗精,,,,,,,药性引导作用,徐荣斋,,,,,,
Doctrine_4f6cfa9951,正疟可用，暑湿疟不可用,,Doctrine,1,-1.10481,0.59935,0,正疟可用，暑湿疟不可用,,,,,,,疟疾用柴胡,徐荣斋,,,,,,
Doctrine_4371cf4d0c,柴胡能之能治疟疾，在胸胁苦满而不在寒热，无胸胁苦满症者，用之无效,,Doctrine,1,-1.11794,0.58301,0,柴胡能之能治疟疾，在胸胁苦满而不在寒热，无胸胁苦满症者，用之无效,,,,,,,疟疾用柴胡,徐荣斋,,,,,,
Doctrine_13f9121718,胸胁苦满之闷，重心在两旁肋骨之内，似胀似痛，又似窒塞，甚者以指头沿肋骨圈下向上挖按，则坚硬而痛,,Doctrine,1,-1.14951,0.58355,0,胸胁苦满之闷，重心在两旁肋骨之内，似胀似痛，又似窒塞，甚者以指头沿肋骨圈下向上挖按，则坚硬而痛,,,,,,,胸胁苦满,徐荣斋,,,,,,
Doctrine_c8fc75ace4,六经是病理上的一个分野，它的里面包括若干病证。如太阳病则包括经证、太阳腑证、太阳变证；阳明病则包括阳明经证、阳明腑证；少,,Doctrine,1,-1.04339,0.48268,0,六经是病理上的一个分野，它的里面包括若干病证。如太阳病则包括经证、太阳腑证、太阳变证；阳明病则包括阳明经证、阳明腑证；少阳病则包括少阳经证、少阳腑证；太阴病则包括太阴纯阴证、太阴纯阳证；少阴病则包括少阴协火证、少阴协水证；厥阴病则包括厥多热少证、厥少热多证。每证又分为若干细目。,,,,,,,六经总诀,,,,,,,
Doctrine_6ba9ff98b5,这都是体内的物质和势力消耗太多，又没有别的给它补充，势必至于反热为虚、反热为寒的阶段，而呈现出“大实有羸状”。,,Doctrine,1,-1.03421,0.47758,0,这都是体内的物质和势力消耗太多，又没有别的给它补充，势必至于反热为虚、反热为寒的阶段，而呈现出“大实有羸状”。,,,,,,,血真实而气假虚证,,,,,,,
Doctrine_8bbb8bf1d5,“查旧方”的作用，尚具有其他重要意义。由于过去的治疗，能影响现在的病状和征候。,,Doctrine,1,-2.04641,0.80108,660,“查旧方”的作用，尚具有其他重要意义。由于过去的治疗，能影响现在的病状和征候。,,,,,,,查旧方,,,,,,,
Doctrine_b2c2d8a6d4,伤寒病人如果吃过退热药，它的正常热型（稽留热）就要改变；有痛感的病人如果吃过止痛药，他的痛感会临时减轻。,,Doctrine,1,-1.09468,-1.02646,661,伤寒病人如果吃过退热药，它的正常热型（稽留热）就要改变；有痛感的病人如果吃过止痛药，他的痛感会临时减轻。,,,,,,,查旧方,,,,,,,
Doctrine_893355739e,我们要知道那些症状是因为治疗或药物的关系而加重或减轻的，所以症状与过去接受的治疗的关系，我们须彻底了解。,,Doctrine,1,-0.50364,0.87382,662,我们要知道那些症状是因为治疗或药物的关系而加重或减轻的，所以症状与过去接受的治疗的关系，我们须彻底了解。,,,,,,,查旧方,,,,,,,
Doctrine_d601c7bbc1,至于询问“过去病史”，应根据现下病史的情形而变化。现下病史中那一个系统是最主要的症状，过去病史也应详细询问那个系统。,,Doctrine,1,-2.3429,-0.20018,663,至于询问“过去病史”，应根据现下病史的情形而变化。现下病史中那一个系统是最主要的症状，过去病史也应详细询问那个系统。,,,,,,,查新旧（现病史与既往病史之询问,,,,,,,
Doctrine_1e8715fabb,妊娠咳嗽，日久不愈，有两种顾虑：久咳伤肺成痨、震动胎气引起流产,,Doctrine,1,-1.72869,-1.04467,666,妊娠咳嗽，日久不愈，有两种顾虑：久咳伤肺成痨、震动胎气引起流产,,,,,,,妊娠咳嗽,,,,,,,
Doctrine_b367f3c47a,喻氏清燥救肺方配伍精当，可用于肺热咳嗽,,Doctrine,1,-1.50199,0.33562,0,喻氏清燥救肺方配伍精当，可用于肺热咳嗽,,,,,,,清燥救肺,,,,,,,
Doctrine_04d0fc9834,清燥救肺方移治肺热咳嗽也获速愈，的是良方,,Doctrine,1,-0.21088,0.34887,667,清燥救肺方移治肺热咳嗽也获速愈，的是良方,,,,,,,清燥救肺,,,,,,,
Doctrine_cac0f00256,绍派伤寒结合浙江绍兴地区地理、气候和人等条件，探究广义伤寒的诊断、治疗和调养，是具有鲜明地方特色的医学流派,,Doctrine,1,-0.86721,0.98136,670,绍派伤寒结合浙江绍兴地区地理、气候和人等条件，探究广义伤寒的诊断、治疗和调养，是具有鲜明地方特色的医学流派,,,,,,,绍派伤寒学术特色,,,,,,,
Doctrine_362cae8226,绍派伤寒发端于明代张景岳《景岳全书·伤寒典》，形成于清代俞根初《通俗伤寒论》,,Doctrine,1,-1.71496,0.09329,0,绍派伤寒发端于明代张景岳《景岳全书·伤寒典》，形成于清代俞根初《通俗伤寒论》,,,,,,,绍派伤寒源流,,,,,,,
Doctrine_a0458e6ae2,该书为其临床多年“熟验而得”之作，被誉为“四时感证之诊疗全书”,,Doctrine,1,-2.1386,-0.54965,671,该书为其临床多年“熟验而得”之作，被誉为“四时感证之诊疗全书”,,,,,,,伤寒,,,,,,,
Doctrine_13e1b40368,奠定了绍派伤寒的学术理论体系,,Doctrine,1,-0.0287,-0.25868,672,奠定了绍派伤寒的学术理论体系,,,,,,,绍派伤寒,,,,,,,
Doctrine_1fc01ee2e9,书中格局不变，轮廓更加清晰；概念不变，见解越发深刻；病证不变，内容明显扩展；治法不变，方药推陈出新,,Doctrine,1,-1.7685,0.84532,673,书中格局不变，轮廓更加清晰；概念不变，见解越发深刻；病证不变，内容明显扩展；治法不变，方药推陈出新,,,,,,,,,,,,,,
Doctrine_b4262be6b6,治外感辨六经，发汗、和解、攻下、温热、清凉、滋补立法各异,,Doctrine,1,-0.7761,0.17801,0,治外感辨六经，发汗、和解、攻下、温热、清凉、滋补立法各异,,,,,,,治法,俞根初,,,,,,
Doctrine_76fcb1930f,诸方师古不泥，不落窠臼，自出新意，颇切临床实际,,Doctrine,1,-0.72231,0.30369,0,诸方师古不泥，不落窠臼，自出新意，颇切临床实际,,,,,,,攻下法,俞根初,,,,,,
Doctrine_81eedb7675,仲景六经为百病立法，不专为伤寒一科,,Doctrine,1,-1.32705,-1.09517,674,仲景六经为百病立法，不专为伤寒一科,,,,,,,六经与百病,柯琴、何秀山,,,,,,
Doctrine_3bfeb22c35,病变无常，不出六经之外，《伤寒论》之六经，乃百病之六经，非伤寒所独也,,Doctrine,1,-0.27422,0.75628,675,病变无常，不出六经之外，《伤寒论》之六经，乃百病之六经，非伤寒所独也,,,,,,,六经与百病,柯琴、何秀山,,,,,,
Doctrine_a4041ab63e,俞根初伤寒温病兼收并蓄，是“寒温统一论”的先行者,,Doctrine,1,-0.79215,0.04109,0,俞根初伤寒温病兼收并蓄，是“寒温统一论”的先行者,,,,,,,寒温统一论,俞根初,,,,,,
Doctrine_a8aa1f131d,以六经气化理论为辨证纲领，以汗、和、下、温、清、补六法为主要治则,,Doctrine,1,-0.78893,0.34989,0,以六经气化理论为辨证纲领，以汗、和、下、温、清、补六法为主要治则,,,,,,,六经气化辨证纲领与六法治则,俞根初,,,,,,
Doctrine_8d1dd49769,熔铸寒温于一炉，初步建立了一套能较全面的辨治各种外感病的体系，从理论到实践统一了伤寒温病两种学说,,Doctrine,1,-0.69751,0.25271,0,熔铸寒温于一炉，初步建立了一套能较全面的辨治各种外感病的体系，从理论到实践统一了伤寒温病两种学说,,,,,,,伤寒温病统一体系,俞根初,,,,,,
Doctrine_b0f00a6ad4,俞氏以六经统摄三焦、气血辨证，从表里寒热论治外感病，既不同于伤寒学派，又异于温病学派，具有独创性，是绍派伤寒理论的精髓,,Doctrine,1,-0.72282,0.20273,0,俞氏以六经统摄三焦、气血辨证，从表里寒热论治外感病，既不同于伤寒学派，又异于温病学派，具有独创性，是绍派伤寒理论的精髓,,,,,,,绍派伤寒理论精髓,俞根初,,,,,,
Doctrine_a45a9d0c57,对伤寒治疗开郁为先，为邪留出路，分步逐邪，以通为补,,Doctrine,1,-0.74165,0.19362,0,对伤寒治疗开郁为先，为邪留出路，分步逐邪，以通为补,,,,,,,伤寒治疗,俞根初,,,,,,
Doctrine_18e8bd4719,对温病诊断中采用观目、按胸腹特色诊法,,Doctrine,1,-0.78965,0.31949,0,对温病诊断中采用观目、按胸腹特色诊法,,,,,,,温病诊断,俞根初,,,,,,
Doctrine_63cc668400,治疗寒温并用以轻见长，温病瘥后调理诸法齐全,,Doctrine,1,-0.82623,0.33651,0,治疗寒温并用以轻见长，温病瘥后调理诸法齐全,,,,,,,温病治疗,俞根初,,,,,,
Doctrine_c24f9ebc3c,辨六经之行层与三焦之部分以定病位,,Doctrine,1,-0.70526,0.27489,0,辨六经之行层与三焦之部分以定病位,,,,,,,辨证方法,俞根初,,,,,,
Doctrine_57bd7464e6,辨六经气化之标本中见兼证以定病名,,Doctrine,1,-0.72279,0.19225,0,辨六经气化之标本中见兼证以定病名,,,,,,,辨证方法,俞根初,,,,,,
Doctrine_75fa7712a5,辨邪之盛衰以定病性,,Doctrine,1,-0.72238,0.22973,0,辨邪之盛衰以定病性,,,,,,,辨证方法,俞根初,,,,,,
Doctrine_d91db1d41f,辨证之三化以明疾病的传变,,Doctrine,1,-0.74662,0.17221,0,辨证之三化以明疾病的传变,,,,,,,辨证方法,俞根初,,,,,,
Doctrine_b9d6fd78da,瘥后调理是疾病康复的关键，若瘥后调理不慎，疾病常易反复,,Doctrine,1,-2.20891,0.0473,676,瘥后调理是疾病康复的关键，若瘥后调理不慎，疾病常易反复,,,,,,,瘥后调理,,,,,,,
Doctrine_81cd88105c,方包含病中调护、瘥后药物调理、食物调理、气候调理、起居调理,,Doctrine,1,-0.80303,0.29497,0,方包含病中调护、瘥后药物调理、食物调理、气候调理、起居调理,,,,,,,瘥后调理法,俞根初,,,,,,
Doctrine_559c375c1b,针对病后余邪不清、正气不复、情志不调等问题，采用清余邪、防病复发，扶正气、御邪于外，畅情志、起居有常的方法,,Doctrine,1,-0.72102,0.17953,0,针对病后余邪不清、正气不复、情志不调等问题，采用清余邪、防病复发，扶正气、御邪于外，畅情志、起居有常的方法,,,,,,,瘥后调理方法,俞根初,,,,,,
Doctrine_7c6acf58dd,俞根初将伤寒证治归纳六法，汗法列六法之首,,Doctrine,1,-0.73336,0.2436,0,俞根初将伤寒证治归纳六法，汗法列六法之首,,,,,,,伤寒证治六法,俞根初,,,,,,
Doctrine_99a62bc13a,因时因地因人灵活变通，创立发汗诸法并立方，共有辛温发汗、辛凉发汗、益气发汗、养血发汗、滋阴发汗、助阳发汗、理气发汗、和中,,Doctrine,1,-0.76465,0.29402,0,因时因地因人灵活变通，创立发汗诸法并立方，共有辛温发汗、辛凉发汗、益气发汗、养血发汗、滋阴发汗、助阳发汗、理气发汗、和中发汗、温下发汗、化饮发汗、蠲痰发汗等法,,,,,,,发汗诸法,俞根初,,,,,,
Doctrine_32528e0582,引入气化学说，以水化火化归类阳明证候,,Doctrine,1,-0.76844,0.23097,0,引入气化学说，以水化火化归类阳明证候,,,,,,,阳明证候分类,俞根初,,,,,,
Doctrine_62dc8b1b6f,以水火二化为纲，纲举目张补充阳明证型,,Doctrine,1,-0.76757,0.25481,0,以水火二化为纲，纲举目张补充阳明证型,,,,,,,阳明证型,俞根初,,,,,,
Doctrine_ea75bfb00e,六经证治尤重阳明，清除实邪取道阳明,,Doctrine,1,-0.76577,0.17987,0,六经证治尤重阳明，清除实邪取道阳明,,,,,,,六经证治,俞根初,,,,,,
Doctrine_7934bccb8c,发挥清下二法，对阳明兼证常多法合用,,Doctrine,1,-0.75315,0.3078,0,发挥清下二法，对阳明兼证常多法合用,,,,,,,阳明兼证治法,俞根初,,,,,,
Doctrine_261c49e27e,阳明亦有虚寒证，治法以温脾和胃,,Doctrine,1,-0.81649,0.3313,0,阳明亦有虚寒证，治法以温脾和胃,,,,,,,阳明虚寒证治法,俞根初,,,,,,
Doctrine_30946c8be7,发扬上下病理,,Doctrine,1,-1.58821,-0.20049,0,发扬上下病理,,,,,,,病理,赵晴初,,,,,,
Doctrine_2321600959,分部析病论,,Doctrine,1,-1.48037,-0.27746,0,分部析病论,,,,,,,病论,赵晴初,,,,,,
Doctrine_fcac92c24c,主张轻清养胃,,Doctrine,1,-1.54409,-0.22648,0,主张轻清养胃,,,,,,,治法,赵晴初,,,,,,
Doctrine_ae3a552211,临床注重药性,,Doctrine,1,-1.58423,-0.1544,0,临床注重药性,,,,,,,用药,赵晴初,,,,,,
Doctrine_97572a22ac,论治精细入微,,Doctrine,1,-1.47086,-0.30128,0,论治精细入微,,,,,,,论治,赵晴初,,,,,,
Doctrine_1694a991b7,四诊重望诊,,Doctrine,1,-1.49169,-0.30366,0,四诊重望诊,,,,,,,诊断,赵晴初,,,,,,
Doctrine_fb50a71c82,外感宗六经,,Doctrine,1,-1.54332,-0.28223,0,外感宗六经,,,,,,,诊断,赵晴初,,,,,,
Doctrine_d8892005b5,内伤主虚损,,Doctrine,1,-1.58662,-0.21313,0,内伤主虚损,,,,,,,诊断,赵晴初,,,,,,
Doctrine_42158da978,病机纲阴阳,,Doctrine,1,-1.52524,-0.26068,0,病机纲阴阳,,,,,,,诊断,赵晴初,,,,,,
Doctrine_2d1504b8e5,用药主轻清,,Doctrine,1,-1.50212,-0.3024,0,用药主轻清,,,,,,,诊断,赵晴初,,,,,,
Doctrine_8831ac54a3,治病重护胃,,Doctrine,1,-1.52659,-0.28132,0,治病重护胃,,,,,,,诊断,赵晴初,,,,,,
Doctrine_2fac133bf7,理论上阐明病理独具只眼,,Doctrine,1,-1.53548,-0.263,0,理论上阐明病理独具只眼,,,,,,,理论,赵晴初,,,,,,
Doctrine_b37fe5e7bf,临床上重视胃气赏用药露,,Doctrine,1,-1.55828,-0.20625,0,临床上重视胃气赏用药露,,,,,,,临床,赵晴初,,,,,,
Doctrine_329e861c3c,药物上发明药性注意食禁,,Doctrine,1,-1.58302,-0.19135,0,药物上发明药性注意食禁,,,,,,,药物,赵晴初,,,,,,
Doctrine_3881d9d67e,研究上深入探索与古为新,,Doctrine,1,-1.53323,-0.28945,0,研究上深入探索与古为新,,,,,,,研究,赵晴初,,,,,,
Doctrine_b084007d8c,论药不拘泥古说，不守旧抱俗，以临床实践为指归,,Doctrine,1,-1.52771,-0.27088,0,论药不拘泥古说，不守旧抱俗，以临床实践为指归,,,,,,,调控药性，炮制配伍,赵晴初,,,,,,
Doctrine_fd6ef007e0,伏气温病有专论，辨证完善治法全,,Doctrine,1,-1.23864,0.4108,0,伏气温病有专论，辨证完善治法全,,,,,,,伏气温病,何廉臣,,,,,,
Doctrine_72ac1e1ff6,形成较为系统的防治伏气温病的辨证论治体系,,Doctrine,1,-0.98812,0.19025,0,形成较为系统的防治伏气温病的辨证论治体系,,,,,,,伏气温病,何廉臣,,,,,,
Doctrine_b5579d88d2,绍地湿重，治主清化,,Doctrine,1,-1.23926,0.39641,0,绍地湿重，治主清化,,,,,,,因地制宜治法,何廉臣,,,,,,
Doctrine_91399ba2e9,六经三焦，辨证并重,,Doctrine,1,-1.20556,0.38043,0,六经三焦，辨证并重,,,,,,,辨证方法,何廉臣,,,,,,
Doctrine_111a1e9704,治温八法，全面发挥,,Doctrine,1,-1.13589,0.35992,0,治温八法，全面发挥,,,,,,,治温之法,何廉臣,,,,,,
Doctrine_8b3d854c79,论治血证，独到中肯,,Doctrine,1,-1.10209,0.34456,0,论治血证，独到中肯,,,,,,,血证论治,何廉臣,,,,,,
Doctrine_53d752cf61,用药组方，轻灵平稳,,Doctrine,1,-1.30796,0.25875,0,用药组方，轻灵平稳,,,,,,,组方用药,何廉臣,,,,,,
Doctrine_d01972d169,喜用“拌”药，单品成品形式多样，品种繁多,,Doctrine,1,-1.10697,0.35649,0,喜用“拌”药，单品成品形式多样，品种繁多,,,,,,,用药特色·拌药,何廉臣,,,,,,
Doctrine_f73e872ea3,善用滑石，寒热互拌升降同调，一方多用按需选择,,Doctrine,1,-1.10052,0.30103,0,善用滑石，寒热互拌升降同调，一方多用按需选择,,,,,,,用药特色·滑石,何廉臣,,,,,,
Doctrine_4851262624,对绍派伤寒功底尤深,,Doctrine,1,-1.07094,0.41506,0,对绍派伤寒功底尤深,,,,,,,绍派伤寒,邵兰荪,,,,,,
Doctrine_b48498b389,用药轻灵，且多采用轻清之品,,Doctrine,1,-1.10556,0.42164,0,用药轻灵，且多采用轻清之品,,,,,,,用药风格,邵兰荪,,,,,,
Doctrine_88bbec5925,对外感温病极为重视气机通畅，每以清解之中梳理气机,,Doctrine,1,-1.14238,0.43819,0,对外感温病极为重视气机通畅，每以清解之中梳理气机,,,,,,,外感温病治疗,邵兰荪,,,,,,
Doctrine_d2f5cecdb1,治疗杂病善用经方化裁,,Doctrine,1,-1.10396,0.43202,0,治疗杂病善用经方化裁,,,,,,,杂病治疗,邵兰荪,,,,,,
Doctrine_bb9ccea0a9,外风客肺，宣泄止咳为主；燥邪浸淫，宜分寒热温凉；温邪上受，直须清热解毒；痰壅气阻，宽胸豁痰为要；肝木犯肺，平肝润肺合用；,,Doctrine,1,-1.07904,0.40838,0,外风客肺，宣泄止咳为主；燥邪浸淫，宜分寒热温凉；温邪上受，直须清热解毒；痰壅气阻，宽胸豁痰为要；肝木犯肺，平肝润肺合用；久嗽不止，收敛扶正并举,,,,,,,咳嗽,邵兰荪,,,,,,
Doctrine_4587556798,秉绍派，芳香化湿必俱；重理论，滋水平肝奏功；夹时邪，清肺疏风为先；固肾元，交泰心肾有效,,Doctrine,1,-1.06036,0.40606,0,秉绍派，芳香化湿必俱；重理论，滋水平肝奏功；夹时邪，清肺疏风为先；固肾元，交泰心肾有效,,,,,,,遗精,邵兰荪,,,,,,
Doctrine_fc2194dccc,师古而不泥古，开创绍派伤寒新颖治法,,Doctrine,1,-0.79831,-0.19696,0,师古而不泥古，开创绍派伤寒新颖治法,,,,,,,绍派伤寒治法,胡宝书,,,,,,
Doctrine_54d6d64e4f,曹氏《中国医学大成》一书，为研究浙江地方医学发展史提供了极为重要的资料,,Doctrine,1,-1.22908,1.17898,678,曹氏《中国医学大成》一书，为研究浙江地方医学发展史提供了极为重要的资料,,,,,,,中国医学大成之价值,,,,,,,
Doctrine_a28b1157da,介绍著名医家的道路以树后辈作模范、记述名家医德以启后学,,Doctrine,1,-1.84357,-0.78777,679,介绍著名医家的道路以树后辈作模范、记述名家医德以启后学,,,,,,,编纂医学大成的意旨,,,,,,,
Doctrine_595de0f320,提出改革成药确定主治，使医家病家两受其益,,Doctrine,1,-1.40972,0.54638,0,提出改革成药确定主治，使医家病家两受其益,,,,,,,成药改革,曹炳章,,,,,,
Doctrine_c2595858ac,药物考证、舌诊发挥，辨证使用成药,,Doctrine,1,-1.38152,0.5191,0,药物考证、舌诊发挥，辨证使用成药,,,,,,,学术特色,曹炳章,,,,,,
Doctrine_e1beff897b,阴暑非暑，实乃伤寒,,Doctrine,1,-1.45922,0.48898,0,阴暑非暑，实乃伤寒,,,,,,,阴暑辨证,曹炳章,,,,,,
Doctrine_08aa9c9999,疗伤暑，分以三焦；医中暑，颇重外感；治暑湿，当辨体质；愈伏暑，宜缓图之,,Doctrine,1,-1.38827,0.55837,0,疗伤暑，分以三焦；医中暑，颇重外感；治暑湿，当辨体质；愈伏暑，宜缓图之,,,,,,,暑病分证论治,曹炳章,,,,,,
Doctrine_fb9a2eee25,徐荣斋于绍派伤寒贡献颇多，一来探源析流，二来重订《通俗伤寒论》，三来开启研究绍派之风气,,Doctrine,1,-1.27626,0.48753,0,徐荣斋于绍派伤寒贡献颇多，一来探源析流，二来重订《通俗伤寒论》，三来开启研究绍派之风气,,,,,,,绍派伤寒,,,,,,,
Doctrine_c9d52fe70f,绍兴述伤寒而能法古宜今，并足以继仲景而昭来兹者首推张景岳,,Doctrine,1,-1.17763,0.60229,0,绍兴述伤寒而能法古宜今，并足以继仲景而昭来兹者首推张景岳,,,,,,,绍派伤寒源流,徐荣斋,,,,,,
Doctrine_96ffddd903,俞氏论伤寒究仲景之法变通仲景之方，在绍言绍，独成一家,,Doctrine,1,-0.76094,0.31494,0,俞氏论伤寒究仲景之法变通仲景之方，在绍言绍，独成一家,,,,,,,俞根初学术特点,俞根初,,,,,,
Doctrine_98f4c32e9e,何廉臣、张畹香、周伯度、邵兰荪、胡宝书等精究伤寒时病，各有所长，对绍派伤寒有了继承和发扬,,Doctrine,1,-1.203,0.60935,0,何廉臣、张畹香、周伯度、邵兰荪、胡宝书等精究伤寒时病，各有所长，对绍派伤寒有了继承和发扬,,,,,,,绍派伤寒之流,徐荣斋,,,,,,
Doctrine_a3bef5fd65,绍派伤寒源虽不远而芳流长,,Doctrine,1,-1.12799,0.56589,0,绍派伤寒源虽不远而芳流长,,,,,,,绍派伤寒评价,徐荣斋,,,,,,
Doctrine_8a3fb2c95a,绍派伤寒注重观目，对病危者必察两目，通过目色判断病之存亡，认为观目为诊法之首要,,Doctrine,1,-0.0842,0.1423,680,绍派伤寒注重观目，对病危者必察两目，通过目色判断病之存亡，认为观目为诊法之首要,,,,,,,诊法诊治,绍派伤寒,,,,,,
Doctrine_2b11b9ac0a,俞根初观目法使医者能在纷繁的证候中抓住主要矛盾,,Doctrine,1,-0.71553,0.29351,0,俞根初观目法使医者能在纷繁的证候中抓住主要矛盾,,,,,,,观目法,俞根初,,,,,,
Doctrine_054613e85a,若能迅速观患者之目以测精气存亡，辨其寒热虚实，及时治疗，或能挽救患者于死亡线上,,Doctrine,1,-2.1455,0.67839,681,若能迅速观患者之目以测精气存亡，辨其寒热虚实，及时治疗，或能挽救患者于死亡线上,,,,,,,观目诊法,,,,,,,
Doctrine_68d1900ceb,舌诊将舌分为舌苔、舌膜、舌质三部分,,Doctrine,1,-0.95857,-1.00592,682,舌诊将舌分为舌苔、舌膜、舌质三部分,,,,,,,舌诊分类,,,,,,,
Doctrine_4662953b4a,四时感证邪气传变的浅深轻重及预后可从舌象测知,,Doctrine,1,-0.6262,0.95621,683,四时感证邪气传变的浅深轻重及预后可从舌象测知,,,,,,,舌诊总论,,,,,,,
Doctrine_c2001cb8f1,苔形以厚薄辨表里、有无辨虚实、偏全辨虚实部位,,Doctrine,1,-0.74946,0.22112,0,苔形以厚薄辨表里、有无辨虚实、偏全辨虚实部位,,,,,,,舌苔-苔形,俞根初,,,,,,
Doctrine_2fc3e3abfd,苔色分白、黄、灰、黑，根据不同苔色辨表里寒热虚实,,Doctrine,1,-0.81092,0.28805,0,苔色分白、黄、灰、黑，根据不同苔色辨表里寒热虚实,,,,,,,舌苔-苔色,俞根初,,,,,,
Doctrine_0dd0bc86c1,苔质分润燥、坚松，以定胃肠津液之虚实,,Doctrine,1,-0.73265,0.25845,0,苔质分润燥、坚松，以定胃肠津液之虚实,,,,,,,舌苔-苔质,俞根初,,,,,,
Doctrine_54ef5e7735,苔势有常变之说，真退、假退之别，以苔势的常变和真假进退判断病邪轻重和预后吉凶,,Doctrine,1,-0.71089,0.28375,0,苔势有常变之说，真退、假退之别，以苔势的常变和真假进退判断病邪轻重和预后吉凶,,,,,,,舌苔-苔势,俞根初,,,,,,
Doctrine_b5001f9d18,体形有胀瘪、凸凹、歪碎、痿战之别，以辨虚实,,Doctrine,1,-0.70822,0.21776,0,体形有胀瘪、凸凹、歪碎、痿战之别，以辨虚实,,,,,,,舌体-体形,俞根初,,,,,,
Doctrine_65a9a83386,体色分红、绛、青、紫，以察表里寒热虚实和传变,,Doctrine,1,-0.79181,0.33979,0,体色分红、绛、青、紫，以察表里寒热虚实和传变,,,,,,,舌体-体色,俞根初,,,,,,
Doctrine_718d37f8a9,舌体分老嫩、软硬、润燥和荣枯，以观虚实及预后,,Doctrine,1,-0.73685,0.20671,0,舌体分老嫩、软硬、润燥和荣枯，以观虚实及预后,,,,,,,舌体-质地,俞根初,,,,,,
Doctrine_e6bc466fcb,体势判断病情发展和预后,,Doctrine,1,-0.75037,0.2319,0,体势判断病情发展和预后,,,,,,,舌体-体势,俞根初,,,,,,
Doctrine_3d31ef09c4,舌象可以客观反映正气盛衰、病位深浅、病邪性质、病情进退，判断疾病预后转归，指导处方用药,,Doctrine,1,-1.35537,0.56099,0,舌象可以客观反映正气盛衰、病位深浅、病邪性质、病情进退，判断疾病预后转归，指导处方用药,,,,,,,舌诊意义,曹炳章,,,,,,
Doctrine_9ccc176c4b,舌尖属心，舌根属肾，中间属脾胃，两边候肝胆,,Doctrine,1,-1.44315,0.52014,0,舌尖属心，舌根属肾，中间属脾胃，两边候肝胆,,,,,,,舌部脏腑分候,曹炳章,,,,,,
Doctrine_2683eca733,辨浓淡以察病之轻重、辨深浅以审病之表里、辨荣枯以断病之吉凶、辨老嫩以析病之虚实,,Doctrine,1,-1.40039,0.52986,0,辨浓淡以察病之轻重、辨深浅以审病之表里、辨荣枯以断病之吉凶、辨老嫩以析病之虚实,,,,,,,辨舌特色,曹炳章,,,,,,
Doctrine_b7ab1c8747,腹诊始于《内经》，至《伤寒杂病论》将腹诊与方药相结合，开启腹诊辨证论治先河,,Doctrine,1,-2.30582,-0.35346,684,腹诊始于《内经》，至《伤寒杂病论》将腹诊与方药相结合，开启腹诊辨证论治先河,,,,,,,腹诊起源与发展,,,,,,,
Doctrine_3f9dde7b3e,以俞根初为代表的绍派伤寒重视腹诊,,Doctrine,1,-0.72946,0.14369,0,以俞根初为代表的绍派伤寒重视腹诊,,,,,,,腹诊,俞根初,,,,,,
Doctrine_80ea2fd448,胸腹为五脏六腑之宫城，阴阳气血之发源,,Doctrine,1,-0.75354,0.29623,0,胸腹为五脏六腑之宫城，阴阳气血之发源,,,,,,,腹诊理论,俞根初,,,,,,
Doctrine_8c79c0d698,补中医诊断之不逮，可法可传,,Doctrine,1,-1.10236,0.56983,0,补中医诊断之不逮，可法可传,,,,,,,腹诊,徐荣斋,,,,,,
Doctrine_7b6a64b5a3,虚里测吉凶、冲任辨真假寒热、察有形实积,,Doctrine,1,-0.74887,0.15134,0,虚里测吉凶、冲任辨真假寒热、察有形实积,,,,,,,腹诊意义,俞根初,,,,,,
Doctrine_541fe5f5de,采用触摩、寻扪、循按等操作手法来诊察胸腹部的软硬、寒热、润燥、疼痛与否,,Doctrine,1,-0.82619,0.30357,0,采用触摩、寻扪、循按等操作手法来诊察胸腹部的软硬、寒热、润燥、疼痛与否,,,,,,,腹诊手法,俞根初,,,,,,
Doctrine_0ddc785b83,诊胸胁重虚里、诊腹部重冲任，善诊胃家实、虫病有三候，冲任脉动、皆阴虚象,,Doctrine,1,-0.74577,0.26957,0,诊胸胁重虚里、诊腹部重冲任，善诊胃家实、虫病有三候，冲任脉动、皆阴虚象,,,,,,,腹诊特点,俞根初,,,,,,
Doctrine_95610bbb80,组方结合地域和体质，重视治理痰湿、调畅气机、顾护脾胃,,Doctrine,1,-0.24698,-0.43631,685,组方结合地域和体质，重视治理痰湿、调畅气机、顾护脾胃,,,,,,,绍派伤寒方剂特色,,,,,,,
Doctrine_fa25361ff7,此方为和解胆经之良方，凡胸痞作呕、寒热如疟者，投无不效,,Doctrine,1,-0.83439,0.46624,0,此方为和解胆经之良方，凡胸痞作呕、寒热如疟者，投无不效,,,,,,,蒿芩清胆汤功效,何秀山,,,,,,
Doctrine_b8411ee63c,青蒿脑清芬透络，从少阳胆经领邪外出，虽较疏达腠理之柴胡力缓，而辟秽之功比柴胡为尤甚,,Doctrine,1,-1.34251,0.37005,0,青蒿脑清芬透络，从少阳胆经领邪外出，虽较疏达腠理之柴胡力缓，而辟秽之功比柴胡为尤甚,,,,,,,青蒿脑与柴胡功效比较,何廉臣,,,,,,
Doctrine_61c6b28e11,有清热化湿利胆和胃、行气利水通三焦之功，为通治湿热之名方,,Doctrine,1,-1.6019,1.02129,686,有清热化湿利胆和胃、行气利水通三焦之功，为通治湿热之名方,,,,,,,蒿芩清胆汤功效,,,,,,,
Doctrine_1af19e33b2,蒿芩清胆汤加味联合西药治疗比单纯西药抗感染有更好临床疗效，能显著减轻患者临床症状及病情严重程度，减少住院费用和住院天数，,,Doctrine,1,-0.99041,0.4149,0,蒿芩清胆汤加味联合西药治疗比单纯西药抗感染有更好临床疗效，能显著减轻患者临床症状及病情严重程度，减少住院费用和住院天数，缩短热退时间，显著降低WBC、CRP、D-二聚体等炎症或凝血异常的指标，且有良好的安全性,,,,,,,蒿芩清胆汤加味联合西药治疗湿热内蕴型社区获得性肺炎的临床疗效,,,,,,,
Doctrine_3808780c8b,全方温中、辟秽、辛淡化湿，合而为温化芳淡、湿滞挟秽之良方,,Doctrine,1,-1.58448,-1.10851,687,全方温中、辟秽、辛淡化湿，合而为温化芳淡、湿滞挟秽之良方,,,,,,,藿香正气汤方剂功效,,,,,,,
Doctrine_5a5172b869,藿香正气汤为俞根初《通俗伤寒论》中的各湿病证中应用最多、最广的方剂,,Doctrine,1,-0.76724,0.28264,0,藿香正气汤为俞根初《通俗伤寒论》中的各湿病证中应用最多、最广的方剂,,,,,,,藿香正气汤,俞根初,,,,,,
Doctrine_3f1a1291e9,该方用药灵活、兼顾夹证，井然有序、标本有别，组方精炼、重视炮制，崇尚六经、重视三焦，博古依今、古方新用,,Doctrine,1,-0.26606,0.47498,688,该方用药灵活、兼顾夹证，井然有序、标本有别，组方精炼、重视炮制，崇尚六经、重视三焦，博古依今、古方新用,,,,,,,藿香正气汤,,,,,,,
Doctrine_d797815949,开肺通肠、痰火结闭之良方，可通达上下，使痰火一齐通解,,Doctrine,1,-0.85791,0.487,0,开肺通肠、痰火结闭之良方，可通达上下，使痰火一齐通解,,,,,,,陷胸承气汤,何秀山,,,,,,
Doctrine_e1f8d24f85,温病治法不如伤寒,,Doctrine,1,-1.34129,0.25027,0,温病治法不如伤寒,,,,,,,温病与伤寒治法比较,何廉臣,,,,,,
Doctrine_6b994e6194,伤寒证治全藉阳明,,Doctrine,1,-0.75945,0.20471,0,伤寒证治全藉阳明,,,,,,,伤寒证治重阳明,俞根初,,,,,,
Doctrine_f8917e81b5,难病取中,,Doctrine,1,-0.23153,0.70199,110,难病取中,,,,,,,癌症治疗方法,常青,,,,,,
Pattern_f2706872ac,阴证,,Pattern,7,1.24843,0.52154,1,,,,,,,,,,,,,,,
Pattern_280a57355f,阳证,,Pattern,6,1.84591,0.29688,1,,,,,,,,,,,,,,,
Pattern_aa54aae14b,湿热,,Pattern,5,1.24147,-0.64721,1,,,,,,,,,,,,,,湿|热,
Pattern_0d43806e92,虚证,,Pattern,5,1.65185,-0.00996,1,,,,,,,,,,,,,,虚,
Pattern_0639af8a16,太阴经湿疟,,Pattern,5,1.20024,-0.3899,1,,,,,,,,,,,,太阴,,湿,
Pattern_7c91d754e6,热霍乱,,Pattern,5,0.58009,-0.10862,1,,,,,,,,,,,,,,热,
Pattern_d9dda49ff0,实证,,Pattern,4,0.87311,-0.4475,1,,,,,,,,,,,,,,实,
Pattern_1c60500e7f,蓄血证,,Pattern,4,0.52249,-0.19143,1,,,,,,,,,,,,,,,
Pattern_175b53754e,暑湿伤气,,Pattern,4,1.97595,0.18886,1,,,,,,,,,,,,,,暑|湿,
Pattern_a8dbe48d83,风寒外束,,Pattern,4,1.43013,0.31833,1,,,,,,,,,,,,,,风|寒,
Pattern_fae7fea1aa,表证,,Pattern,3,1.19477,0.47838,1,,,,,,,,,,,,,,,
Pattern_bc5910d575,阴虚,,Pattern,3,1.68308,0.16385,1,,,,,,,,,,,,,,虚,
Pattern_6f8c336c3c,病之存亡,,Pattern,3,0.15001,-0.00627,14,,,,,,,,,,,,,,,
Pattern_e4d30b5252,已入血分,,Pattern,3,0.00518,-0.10539,15,,,,,,,,,,,,,,,
Pattern_697923f1b7,虚寒,,Pattern,3,1.01292,0.47377,1,,,,,,,,,,,,,,寒|虚,
Pattern_6731919680,湿伤脾阳,,Pattern,3,1.26313,-0.61388,1,,,,,,,,,,,,,,湿,
Pattern_f92f554625,肝胃气滞,,Pattern,3,0.17988,-0.46991,16,,,,,,,,,,,,,,,
Pattern_bfad60747a,肝痢,,Pattern,3,0.8308,0.71211,1,,,,,,,,,,,,,,,
Pattern_42b38c8fe1,肝风射肺,,Pattern,3,1.73339,0.18532,1,,,,,,,,,,,,,,风,
Pattern_0f7dbb86cf,胃病,,Pattern,3,1.22657,1.17909,17,,,,,,,,,,,,,,,
Pattern_9a1a34a065,水肿证,,Pattern,3,0.27261,0.75436,18,,,,,,,,,,,,,,,
Pattern_0470fc9c11,伤暑夹湿,,Pattern,3,2.0667,0.25556,1,,,,,,,,,,,,,,暑|湿,
Pattern_c5246da6e9,清肺胃化痰,,Pattern,3,1.8248,-0.21941,1,,,,,,,,,,,,,,痰,
Pattern_90c2d074ef,热象,,Pattern,3,0.81675,-0.0112,1,,,,,,,,,,,,,,热,
Pattern_efd68b6938,里证,,Pattern,2,1.77454,-0.93144,38,,,,,,,,,,,,,,,
Pattern_5c097fd8f2,三阴里证阴证,,Pattern,2,2.34333,-0.19771,49,,,,,,,,,,,,,,,
Pattern_a56f1ce370,脾肾两虚,,Pattern,2,1.73164,-0.0149,1,,,,,,,,,,,,,,虚,
Pattern_3faa421ff2,不治之疾,,Pattern,2,0.78626,0.95179,13,,,,,,,,,,,,,,,
Pattern_581b70c5f9,水气,,Pattern,2,1.06893,1.17477,50,,,,,,,,,,,,,,,
Pattern_d78ef71ea1,恶侯,,Pattern,2,0.5485,-0.99681,5,,,,,,,,,,,,,,,
Pattern_b06f4373bb,暑厥,,Pattern,2,2.05209,0.27088,1,,,,,,,,,,,,,,暑,
Pattern_e137a1bca4,肺伏痰火,,Pattern,2,0.9792,-0.06197,1,,,,,,,,,,,,,,火|痰,
Pattern_c311eb6c59,肺气失降,,Pattern,2,0.71363,0.13293,1,,,,,,,,,,,,,,,
Pattern_0897a78a55,阳旺阴虚之质,,Pattern,2,1.58085,0.06399,1,,,,,,,,,,,,,,虚,
Pattern_886ab49801,阴阳俱盛之质,,Pattern,2,1.30615,1.02226,12,,,,,,,,,,,,,,,
Pattern_d891dde7cd,阴盛阳虚之质,,Pattern,2,1.66371,-0.09694,1,,,,,,,,,,,,,,虚,
Pattern_301f219d24,阴阳两弱之质,,Pattern,2,0.5775,-0.8354,41,,,,,,,,,,,,,,,
Pattern_6323460529,已入气分,,Pattern,2,2.06802,0.52187,51,,,,,,,,,,,,,,,
Pattern_c283d0cf4c,热伏湿中,,Pattern,2,1.3094,-0.55367,1,,,,,,,,,,,,,,湿|热,
Pattern_8583c84aef,胃阴不足,,Pattern,2,0.67334,-0.89679,52,,,,,,,,,,,,,,,
Pattern_c220b0b0bf,热入血室,,Pattern,2,0.7623,-0.07037,1,,,,,,,,,,,,,,热,
Pattern_eaee8f0bcb,湿重于热,,Pattern,2,1.21561,-0.61883,1,,,,,,,,,,,,,,湿|热,
Pattern_e14fcfe8fa,吉凶,,Pattern,2,1.9979,-0.62607,5,,,,,,,,,,,,,,,
Pattern_1117e49be9,湿温,,Pattern,2,1.18556,-0.61599,1,,,,,,,,,,,,,,湿,
Pattern_20554792d6,暑湿类疟,,Pattern,2,2.06394,0.23357,1,,,,,,,,,,,,,,暑|湿,
Pattern_1dccc4a444,疾病诊治,,Pattern,2,0.90429,-0.10519,1,,,,,,,,,,,,,,,
Pattern_e1786fcaf3,用叶法,,Pattern,2,1.5473,1.04218,53,,,,,,,,,,,,,,,
Pattern_e31e3ec63c,湿痰困脾,,Pattern,2,1.29615,-0.60426,1,,,,,,,,,,,,,,湿|痰,
Pattern_c3f8fa1e5d,肝肺风热,,Pattern,2,1.65089,0.228,1,,,,,,,,,,,,,,风|热,
Pattern_9d5d494809,正虚邪恋,,Pattern,2,1.72166,-0.07259,1,,,,,,,,,,,,,,虚,
Pattern_af4d8bcb3a,邪在心肺之间,,Pattern,2,0.94441,-1.0796,46,,,,,,,,,,,,,,,
Pattern_f70fdd2e43,肺阴之虚至余热邪留,,Pattern,2,0.618,-0.03211,1,,,,,,,,,,,,,,热|虚,
Pattern_48f23215b1,上焦症,,Pattern,2,0.43362,-0.0735,1,,,,,,,,,,,,,上焦,,
Pattern_caffb84e9f,上焦温邪,,Pattern,2,0.43503,-0.09169,1,,,,,,,,,,,,,上焦,,
Pattern_2b80694ebb,津液已涸,,Pattern,2,0.95477,0.75326,1,,,,,,,,,,,,,,,
Pattern_a721c40f5b,肾阴大伤,,Pattern,2,1.98713,-0.86079,54,,,,,,,,,,,,,,,
Pattern_942b8ab593,血之热而不摄,,Pattern,2,0.64506,-0.17371,1,,,,,,,,,,,,,,热,
Pattern_75e9d1aa94,胃阴伤,,Pattern,2,1.55091,0.33438,1,,,,,,,,,,,,,,,
Pattern_951e0b46ed,风入胞门,,Pattern,2,1.62285,0.26091,1,,,,,,,,,,,,,,风,
Pattern_9c0c3ab2da,大危之象,,Pattern,2,0.02924,-0.26112,47,,,,,,,,,,,,,,,
Pattern_c855807f36,温热,,Pattern,2,0.82252,-0.03404,1,,,,,,,,,,,,,,热,
Pattern_886a0a186a,更感新邪,,Pattern,2,1.90436,-0.28993,1,,,,,,,,,,,,,,,
Pattern_e50954e998,喉痧,,Pattern,2,0.35576,0.6177,55,,,,,,,,,,,,,,,
Pattern_cd48f5b2f6,肺胃病变,,Pattern,2,1.38476,-1.08587,56,,,,,,,,,,,,,,,
Pattern_c8a585a3ba,三阴寒证,,Pattern,2,0.96277,0.63018,1,,,,,,,,,,,,,,寒,
Pattern_da1148d0da,热证,,Pattern,2,0.69986,-0.09087,1,,,,,,,,,,,,,,热,
Pattern_b9b4b8a036,房劳复,,Pattern,2,1.70619,-0.88546,58,,,,,,,,,,,,,,,
Pattern_d41de32469,女劳复,,Pattern,2,1.40505,1.08185,59,,,,,,,,,,,,,,,
Pattern_e75fd3064a,房劳复之死证,,Pattern,2,1.44134,0.99631,48,,,,,,,,,,,,,,,
Pattern_e274790512,肝热袭肺,,Pattern,2,0.7256,0.01744,1,,,,,,,,,,,,,,热,
Pattern_0783c564db,心经有留热,,Pattern,2,0.63401,-0.15299,1,,,,,,,,,,,,,,热,
Pattern_e470a56a03,实热证,,Pattern,2,0.69688,0.11597,1,,,,,,,,,,,,,,热|实,
Pattern_50690fded5,虚寒证,,Pattern,2,0.83645,0.45792,1,,,,,,,,,,,,,,寒|虚,
Pattern_795bd61b97,寒邪外袭皮毛卫分在足太阳经脉,,Pattern,1,0.91843,0.63335,1,,,,,,,,,,,,太阳,,寒,
Pattern_c8c1946f71,外感寒邪在太阳表层,,Pattern,1,0.92836,0.63676,1,,,,,,,,,,,,太阳,,寒,
Pattern_2204553567,人体虚寒，三阳不设防，寒邪直中三阴里地,,Pattern,1,0.90459,0.59289,1,,,,,,,,,,,,,,寒|虚,
Pattern_4f3ea96531,直中太阴,,Pattern,1,1.1669,-0.15932,1,,,,,,,,,,,,太阴,,,
Pattern_008a485946,直中少阴,,Pattern,1,0.86961,-0.47991,1,,,,,,,,,,,,少阴,,,
Pattern_b15fcaf8f6,直中厥阴,,Pattern,1,0.72837,0.25653,1,,,,,,,,,,,,厥阴,,,
Pattern_224655eea9,太阳证,,Pattern,1,0.91164,0.72601,1,,,,,,,,,,,,太阳,,,
Pattern_3b26d508c8,少阳证,,Pattern,1,1.47461,-0.34208,1,,,,,,,,,,,,少阳,,,
Pattern_a9506cf1a2,阳明证,,Pattern,1,0.95044,-0.35774,1,,,,,,,,,,,,阳明,,,
Pattern_fdd3f823e4,三阳阳证,,Pattern,1,0.45837,0.83684,112,,,,,,,,,,,,,,,
Pattern_414dc19dda,元气充足,,Pattern,1,0.07682,-0.06352,113,,,,,,,,,,,,,,,
Pattern_40a6c78cda,元气不足,,Pattern,1,1.80287,0.26357,1,,,,,,,,,,,,,,,
Pattern_b6c22fc5ef,得神,,Pattern,1,2.09471,-0.74547,114,,,,,,,,,,,,,,,
Pattern_0b52137398,失神,,Pattern,1,0.55919,-0.91414,115,,,,,,,,,,,,,,,
Pattern_9f2735f008,寒邪有余而元气不足,,Pattern,1,0.97687,0.60496,1,,,,,,,,,,,,,,寒,
Pattern_2ef5f13728,风寒外感邪未入深,,Pattern,1,1.5892,0.24417,1,,,,,,,,,,,,,,风|寒,
Pattern_bbb1238a5c,太阳少阴证,,Pattern,1,0.89977,0.7223,1,,,,,,,,,,,,太阳,,,
Pattern_0366050a63,脾肾两虚、水泛为痰,,Pattern,1,1.91832,-0.26911,1,,,,,,,,,,,,,,痰|虚,
Pattern_f15c3be6a5,阴虚伤寒,,Pattern,1,0.94557,0.63473,1,,,,,,,,,,,,,,寒|虚,
Pattern_593d6372df,邪入阳明、里热内实,,Pattern,1,0.8176,-0.19932,1,,,,,,,,,,,,阳明,,热|实,
Pattern_3f3feadf01,阴津枯竭、精气濒绝,,Pattern,1,1.52773,-1.04887,116,,,,,,,,,,,,,,,
Pattern_98555a3052,脉象蹈虚,,Pattern,1,1.51816,0.20855,1,,,,,,,,,,,,,,虚,
Pattern_83652705a6,六经辨证,,Pattern,1,2.22396,-0.36221,118,,,,,,,,,,,,,,,
Pattern_c105c5dcce,阳症,,Pattern,1,0.92839,-0.99881,119,,,,,,,,,,,,,,,
Pattern_f918ae7834,阴症,,Pattern,1,1.10622,0.46498,1,,,,,,,,,,,,,,,
Pattern_af1fed60a6,有神气，病多吉,,Pattern,1,1.81957,-0.80739,120,,,,,,,,,,,,,,,
Pattern_6925b087c3,无神气，病多凶,,Pattern,1,1.25878,1.1022,121,,,,,,,,,,,,,,,
Pattern_d6ac6305be,元神虚散,,Pattern,1,1.69631,0.03633,1,,,,,,,,,,,,,,虚,
Pattern_66a85420ea,脑系枯竭,,Pattern,1,2.20988,0.01676,122,,,,,,,,,,,,,,,
Pattern_cc2f36b66d,肾将枯,,Pattern,1,1.30253,-1.17363,123,,,,,,,,,,,,,,,
Pattern_c6f3c5c234,元神将脱,,Pattern,1,2.22619,0.54581,13,,,,,,,,,,,,,,,
Pattern_4218daa729,神气已去，病必不治,,Pattern,1,2.18595,-0.61684,124,,,,,,,,,,,,,,,
Pattern_d8b5166414,血热,,Pattern,1,0.65471,-0.00088,1,,,,,,,,,,,,,,热,
Pattern_958dab5f8d,肝火上盛,,Pattern,1,1.00167,0.283,1,,,,,,,,,,,,,,火,
Pattern_16e53063df,燥病,,Pattern,1,0.9167,0.99579,6,,,,,,,,,,,,,,燥,
Pattern_fccfe63775,燥甚,,Pattern,1,2.21001,-0.00423,6,,,,,,,,,,,,,,燥,
Pattern_0b1cabdc6a,湿病,,Pattern,1,1.16623,-0.5897,1,,,,,,,,,,,,,,湿,
Pattern_ac1cd56420,湿甚,,Pattern,1,1.18105,-0.58668,1,,,,,,,,,,,,,,湿,
Pattern_3a05f7bfe7,痰气,,Pattern,1,1.9228,-0.25704,1,,,,,,,,,,,,,,痰,
Pattern_0f998dedbf,肝气盛,,Pattern,1,0.89645,0.99022,125,,,,,,,,,,,,,,,
Pattern_f926d0cffa,肝风动,,Pattern,1,1.63058,0.22389,1,,,,,,,,,,,,,,风,
Pattern_637eef4929,脏腑状况,,Pattern,1,1.85577,-0.03968,1,,,,,,,,,,,,,,,
Pattern_a388badf98,寒热,,Pattern,1,0.91063,0.60148,1,,,,,,,,,,,,,,寒|热,
Pattern_fe7e5f0b7e,病之寒热虚实,,Pattern,1,0.99275,0.61193,1,,,,,,,,,,,,,,寒|热|虚,
Pattern_de59628bc0,脏腑之虚实,,Pattern,1,1.70985,0.03402,1,,,,,,,,,,,,,,虚|实,
Pattern_c4b2ee81b7,邪气之有无,,Pattern,1,0.22164,0.37746,126,,,,,,,,,,,,,,,
Pattern_7276b78e27,宗气积于腹中、常态,,Pattern,1,2.1745,0.26816,5,,,,,,,,,,,,,,,
Pattern_f5cddb3f13,宗气内虚,,Pattern,1,1.67546,-0.08494,1,,,,,,,,,,,,,,虚,
Pattern_95c6a5dab6,宗气外泄,,Pattern,1,1.51455,1.13159,127,,,,,,,,,,,,,,,
Pattern_4bc064b8f7,心胃气绝、病不治,,Pattern,1,0.29734,-0.5309,128,,,,,,,,,,,,,,,
Pattern_04aa10fbf7,必死,,Pattern,1,1.45344,-0.99305,39,,,,,,,,,,,,,,,
Pattern_72189a3c2a,气虚,,Pattern,1,1.71401,0.00251,1,,,,,,,,,,,,,,虚,
Pattern_d9f02d0c15,血虚,,Pattern,1,1.70198,0.02355,1,,,,,,,,,,,,,,虚,
Pattern_7148867f41,积聚,,Pattern,1,1.06428,-1.0235,129,,,,,,,,,,,,,,,
Pattern_d83406ef09,湿阻气机或肝气上逆,,Pattern,1,1.27558,-0.58285,1,,,,,,,,,,,,,,湿,
Pattern_03a17ee824,水结气分或肺气上壅,,Pattern,1,0.00421,0.02744,130,,,,,,,,,,,,,,,
Pattern_f61ab6a589,肺胀,,Pattern,1,1.92184,-0.71458,131,,,,,,,,,,,,,,,
Pattern_c378bf7cbb,肝平,,Pattern,1,2.19845,0.15395,132,,,,,,,,,,,,,,,
Pattern_5475528d74,痰热与气互结或蓄饮与气相搏,,Pattern,1,0.6891,-0.18579,1,,,,,,,,,,,,,,热|痰,
Pattern_9a4c80ed6f,肝郁,,Pattern,1,0.26285,0.61634,133,,,,,,,,,,,,,,,
Pattern_3ed82f6f1c,疝气,,Pattern,1,0.13284,-0.35285,134,,,,,,,,,,,,,,,
Pattern_75e82d296f,淤血,,Pattern,1,2.25922,-0.4772,135,,,,,,,,,,,,,,,
Pattern_03ed6db4c6,肝痛,,Pattern,1,0.82288,-1.04571,136,,,,,,,,,,,,,,,
Pattern_eda3693270,肝虚,,Pattern,1,1.70396,-0.06256,1,,,,,,,,,,,,,,虚,
Pattern_3991d22e28,胆火横窜包络或伏邪盘踞膜原,,Pattern,1,1.15126,0.30677,1,,,,,,,,,,,,,,火,
Pattern_be03a2448a,胃中平和而无宿滞,,Pattern,1,1.7926,-0.91966,137,,,,,,,,,,,,,,,
Pattern_29383fe74d,胃家实,,Pattern,1,0.84609,-0.49925,1,,,,,,,,,,,,,,实,
Pattern_a5942ae035,真热而假寒,,Pattern,1,0.98709,0.44953,1,,,,,,,,,,,,,,寒|热,
Pattern_3708dbf60c,真寒而假热,,Pattern,1,0.94287,0.58409,1,,,,,,,,,,,,,,寒|热,
Pattern_59f304d314,积热渐下,,Pattern,1,0.81369,0.06106,1,,,,,,,,,,,,,,热,
Pattern_289351b4df,水积胸,,Pattern,1,1.36067,1.1661,138,,,,,,,,,,,,,,,
Pattern_35c66888e1,食结胸,,Pattern,1,2.28257,-0.0734,139,,,,,,,,,,,,,,,
Pattern_6cc3ccee05,血结胸,,Pattern,1,1.9091,0.83034,140,,,,,,,,,,,,,,,
Pattern_33fbc63b81,食积,,Pattern,1,0.00698,-0.12825,141,,,,,,,,,,,,,,,
Pattern_3b5f26aa67,血瘀,,Pattern,1,0.12615,-0.33235,19,,,,,,,,,,,,,,瘀,
Pattern_cfe16ab418,虫积,,Pattern,1,0.56807,-1.00894,142,,,,,,,,,,,,,,,
Pattern_7efff7da4e,燥屎结于肠中,,Pattern,1,1.27961,-1.1758,6,,,,,,,,,,,,,,燥,
Pattern_59264d378c,阳明里实,,Pattern,1,0.91179,-0.37844,1,,,,,,,,,,,,阳明,,实,
Pattern_e0bdeb1395,膀胱蓄溺,,Pattern,1,1.28215,0.47322,1,,,,,,,,,,,,,,,
Pattern_ad4a115569,少阳半表证多,,Pattern,1,1.60293,-0.29919,1,,,,,,,,,,,,少阳,,,
Pattern_44ed04db90,少阳半里证多,,Pattern,1,1.59225,-0.31119,1,,,,,,,,,,,,少阳,,,
Pattern_e4d7b5f402,阳明邪犹在经,,Pattern,1,0.98554,-0.35131,1,,,,,,,,,,,,阳明,,,
Pattern_90b8bf190c,阳明邪浅中虚,,Pattern,1,1.3929,-0.19504,1,,,,,,,,,,,,阳明,,虚,
Pattern_fdbaa74480,阳明邪已入腑,,Pattern,1,0.99964,-0.34769,1,,,,,,,,,,,,阳明,,,
Pattern_c0258b36ad,太阴湿重兼寒,,Pattern,1,0.98304,0.35406,1,,,,,,,,,,,,太阴,,寒|湿,
Pattern_a6efec604e,太阴脾阳大虚,,Pattern,1,1.47569,-0.04061,1,,,,,,,,,,,,太阴,,虚,
Pattern_a7ddcf4f04,温疫伏于膜原,,Pattern,1,0.18885,0.48854,143,,,,,,,,,,,,,,,
Pattern_b8e835881e,膜原伏有浊秽,,Pattern,1,1.55278,0.96019,144,,,,,,,,,,,,,,,
Pattern_e12583aa61,湿热食滞,,Pattern,1,1.26304,-0.58847,1,,,,,,,,,,,,,,湿|热,
Pattern_df03295e51,温毒夹秽,,Pattern,1,2.31321,-0.32902,145,,,,,,,,,,,,,,,
Pattern_39e482fd9c,多夹冷酒或挟冷食,,Pattern,1,0.96552,-1.084,146,,,,,,,,,,,,,,,
Pattern_09ae3d4b33,多夹痰饮或挟寒瘀,,Pattern,1,0.95001,0.60627,1,,,,,,,,,,,,,,寒|痰|瘀,
Pattern_a0205d2537,太阴病多危笃,,Pattern,1,1.18141,-0.10854,1,,,,,,,,,,,,太阴,,,
Pattern_927eeec903,厥阴病其病必凶,,Pattern,1,0.71816,0.2451,1,,,,,,,,,,,,厥阴,,,
Pattern_789d0880a7,肝热络瘀或阳热酒毒,,Pattern,1,0.63581,-0.08542,1,,,,,,,,,,,,,,热|瘀,
Pattern_2020da2db7,寒中肝肾或酒后伤冷,,Pattern,1,0.98266,0.61484,1,,,,,,,,,,,,,,寒,
Pattern_f7c1348094,里热壅闭，主以三黄解毒汤,,Pattern,1,0.62963,-0.12482,1,,,,,,,,,,,,,,热,
Pattern_a45a98963c,胎陨在即，主以青黛石膏汤,,Pattern,1,2.1306,0.69913,147,,,,,,,,,,,,,,,
Pattern_b816a5d14e,产后伤寒，主以抵挡汤及桃仁承气汤,,Pattern,1,0.89335,0.59267,1,,,,,,,,,,,,,,寒,
Pattern_b14c388601,伤寒小产，主以大黄桃仁汤,,Pattern,1,0.92198,0.60527,1,,,,,,,,,,,,,,寒,
Pattern_535acbc4e1,阳明上脘病尚浅,,Pattern,1,1.01083,-0.34172,1,,,,,,,,,,,,阳明,,,
Pattern_6a35345333,阳明中脘病已重,,Pattern,1,0.96209,-0.36975,1,,,,,,,,,,,,阳明,,,
Pattern_e6b5fb8bdc,胃热冲肺,,Pattern,1,0.63365,-0.05751,1,,,,,,,,,,,,,,热,
Pattern_6a16bdb9f4,胃热冲心包络,,Pattern,1,0.63114,-0.07287,1,,,,,,,,,,,,,,热,
Pattern_b094044df9,胃热冲心,,Pattern,1,0.65913,-0.15835,1,,,,,,,,,,,,,,热,
Pattern_23fc23c216,胃热下烁肝肾,,Pattern,1,0.66151,-0.14371,1,,,,,,,,,,,,,,热,
Pattern_38c091082d,热重而湿轻,,Pattern,1,1.31887,-0.55822,1,,,,,,,,,,,,,,湿|热,
Pattern_861e163417,病势安危吉凶,,Pattern,1,1.90976,-0.82976,148,,,,,,,,,,,,,,,
Pattern_270b4300d5,厥阴火亢合阳明热结而成下证,,Pattern,1,0.95567,-0.0727,1,,,,,,,,,,,,阳明,,火|热,
Pattern_008d7b75f4,厥阴郁火深伏于肝脏血络,,Pattern,1,0.87106,0.23247,1,,,,,,,,,,,,厥阴,,火,
Pattern_a0afa23388,阳明病应下失下，邪盛正虚,,Pattern,1,1.39402,-0.18461,1,,,,,,,,,,,,阳明,,虚,
Pattern_c7395cd813,可渐进粥汤,,Pattern,1,0.46905,-0.74531,149,,,,,,,,,,,,,,,
Pattern_f001c2a887,可进谷气以扶正胜邪,,Pattern,1,1.33891,-1.01769,150,,,,,,,,,,,,,,,
Pattern_7980bf9617,血气流通,,Pattern,1,0.03543,-0.28699,151,,,,,,,,,,,,,,,
Pattern_d842858c9f,清心安神，袪火,,Pattern,1,1.08146,0.34435,1,,,,,,,,,,,,,,火,
Pattern_717bbfaa9d,暑瘵,,Pattern,1,1.94665,0.22552,1,,,,,,,,,,,,,,暑,
Pattern_6a70bf6ab6,暑秽,,Pattern,1,2.05307,0.23616,1,,,,,,,,,,,,,,暑,
Pattern_78db7b80a3,暑风,,Pattern,1,1.63702,0.19334,1,,,,,,,,,,,,,,风|暑,
Pattern_9a033af142,窍阻,,Pattern,1,2.12017,0.4207,153,,,,,,,,,,,,,,,
Pattern_8b0c05cd4f,干霍乱,,Pattern,1,0.81858,1.04422,152,,,,,,,,,,,,,,,
Pattern_2088faf3b5,湿霍乱,,Pattern,1,1.19011,-0.45482,1,,,,,,,,,,,,,,湿,
Pattern_3193d74670,肝风上翔,,Pattern,1,1.59342,0.25508,1,,,,,,,,,,,,,,风,
Pattern_bdd987b6e8,肝风上翔之甚,,Pattern,1,1.64828,0.18039,1,,,,,,,,,,,,,,风,
Pattern_d546a8490d,肝火旺盛,,Pattern,1,0.87307,0.14459,1,,,,,,,,,,,,,,火,
Pattern_8b80586aaf,血虚生风,,Pattern,1,1.61754,0.23705,1,,,,,,,,,,,,,,风|虚,
Pattern_a6a0eb9e51,血不养筋,,Pattern,1,1.66039,0.99512,160,,,,,,,,,,,,,,,
Pattern_290a812988,心血虚,,Pattern,1,1.69483,0.07096,1,,,,,,,,,,,,,,虚,
Pattern_90132d875d,先天尚强,,Pattern,1,2.3593,-0.04082,42,,,,,,,,,,,,,,,
Pattern_cbdc351f0d,长寿,,Pattern,1,1.23814,-1.10348,43,,,,,,,,,,,,,,,
Pattern_52c8da298c,病多火,,Pattern,1,1.30945,0.22489,1,,,,,,,,,,,,,,火,
Pattern_ff6971376c,平时少病，每病多重,,Pattern,1,0.09926,0.23032,12,,,,,,,,,,,,,,,
Pattern_7d373e9145,邪在卫分,,Pattern,1,0.52965,0.79872,156,,,,,,,,,,,,,,,
Pattern_a4cbce2c1e,邪入营分,,Pattern,1,2.0264,0.8222,157,,,,,,,,,,,,,,,
Pattern_6ca0740a5f,尺肤减瘦,,Pattern,1,0.15044,-0.03014,158,,,,,,,,,,,,,,,
Pattern_1526d2921b,尺肤贲起,,Pattern,1,0.82993,-0.34881,1,,,,,,,,,,,,,,,
Pattern_d824581b34,热邪外受，中却虚寒,,Pattern,1,0.97233,0.61673,1,,,,,,,,,,,,,,寒|热|虚,
Pattern_6f9fbead0c,本质阳虚,,Pattern,1,1.67426,0.04978,1,,,,,,,,,,,,,,虚,
Pattern_b1e38f34b1,寿不永、中年得中风,,Pattern,1,1.55829,0.15951,1,,,,,,,,,,,,,,风,
Pattern_094faabaef,先天尚强、大贵,,Pattern,1,0.33965,-0.71754,42,,,,,,,,,,,,,,,
Pattern_4c537077e9,多贫天,,Pattern,1,1.92993,0.91106,43,,,,,,,,,,,,,,,
Pattern_4865f5e6fb,湿邪,,Pattern,1,1.16221,-0.58,1,,,,,,,,,,,,,,湿,
Pattern_b64d4eab21,湿邪壅遏，三焦气化不宣,,Pattern,1,1.30696,-0.57314,1,,,,,,,,,,,,,,湿,
Pattern_6d021fad11,邪陷入阴,,Pattern,1,2.26201,0.22423,159,,,,,,,,,,,,,,,
Pattern_354da48ab1,中气大伤,,Pattern,1,0.9339,-0.48701,1,,,,,,,,,,,,,,,
Pattern_681ef8f94c,脾伤而转运不前,,Pattern,1,1.75428,-1.03082,154,,,,,,,,,,,,,,,
Pattern_2f052722e6,湿邪未化,,Pattern,1,1.30405,-0.58322,1,,,,,,,,,,,,,,湿,
Pattern_fe65645b91,中焦虚寒，浊阴聚胃,,Pattern,1,0.96138,0.52878,1,,,,,,,,,,,,,中焦,寒|虚,
Pattern_dc8850c9e9,肝郁化火、胃阴不足,,Pattern,1,1.01677,0.36795,1,,,,,,,,,,,,,,火,
Pattern_78ef105887,中焦之真寒,,Pattern,1,0.95166,0.52482,1,,,,,,,,,,,,,中焦,寒,
Pattern_b89e18ad7b,阴结,,Pattern,1,0.08392,-0.43705,161,,,,,,,,,,,,,,,
Pattern_50cf0d633c,上下之假热,,Pattern,1,0.64713,-0.02886,1,,,,,,,,,,,,,,热,
Pattern_e0c9130adb,秽浊之邪包热在内,,Pattern,1,0.65459,-0.01831,1,,,,,,,,,,,,,,热,
Pattern_0935ff0f38,浊邪包热,,Pattern,1,0.74616,0.10215,1,,,,,,,,,,,,,,热,
Pattern_a12837681f,肾气略为有根,,Pattern,1,0.85995,-1.13577,162,,,,,,,,,,,,,,,
Pattern_817916344c,元阳大亏,,Pattern,1,2.05567,0.54231,163,,,,,,,,,,,,,,,
Pattern_2c080bef80,火邪,,Pattern,1,1.13417,0.32063,1,,,,,,,,,,,,,,火,
Pattern_1c71b6fb5d,阳虚质,,Pattern,1,1.67918,0.03914,1,,,,,,,,,,,,,,虚,
Pattern_95ee36ca5e,热邪外受中虚寒,,Pattern,1,0.8751,0.56361,1,,,,,,,,,,,,,,寒|热|虚,
Pattern_b6c10858c4,难治,,Pattern,1,1.88661,-0.94504,164,,,,,,,,,,,,,,,
Pattern_7db49df539,热入血室，血室厥阴所主,,Pattern,1,0.707,0.07386,1,,,,,,,,,,,,厥阴,,热,
Pattern_809f6b9850,即脱,,Pattern,1,1.66245,1.07688,117,,,,,,,,,,,,,,,
Pattern_ce42a377ab,热邪陷入太阴,,Pattern,1,0.84258,-0.08598,1,,,,,,,,,,,,太阴,,热,
Pattern_2be294b3bf,温病未陷,,Pattern,1,0.35627,-0.73654,165,,,,,,,,,,,,,,,
Pattern_d249e934f2,有生机,,Pattern,1,1.26332,-1.10185,166,,,,,,,,,,,,,,,
Pattern_4d5bdf1a55,邪伏少阴，热蕴少阴,,Pattern,1,0.77955,-0.29288,1,,,,,,,,,,,,少阴,,热,
Pattern_90edacc35d,外感风邪,,Pattern,1,1.62099,0.21961,1,,,,,,,,,,,,,,风,
Pattern_8f7c51b389,内热勃发,,Pattern,1,0.78371,-0.25921,1,,,,,,,,,,,,,,热,
Pattern_ba8db51c0d,虚寒邪伏,,Pattern,1,0.89306,0.41988,1,,,,,,,,,,,,,,寒|虚,
Pattern_109417397b,风寒证,,Pattern,1,1.45548,0.31158,1,,,,,,,,,,,,,,风|寒,
Pattern_4053883553,虚象，非实证,,Pattern,1,1.73951,-0.02688,1,,,,,,,,,,,,,,虚|实,
Pattern_337cfde10b,邪闭于营,,Pattern,1,1.68299,0.98389,40,,,,,,,,,,,,,,,
Pattern_3cdb8fefbf,妄投凉药,,Pattern,1,0.90761,-0.46381,1,,,,,,,,,,,,,,,
Pattern_c1b47448c3,热病,,Pattern,1,0.74341,0.0373,1,,,,,,,,,,,,,,热,
Pattern_eef49393fc,血热发斑,,Pattern,1,0.63747,-0.04673,1,,,,,,,,,,,,,,热,
Pattern_78dce941c4,毒邪逼血,,Pattern,1,1.9092,0.92772,167,,,,,,,,,,,,,,,
Pattern_2b1b6c3f48,毒邪凝血,,Pattern,1,0.88743,1.14316,168,,,,,,,,,,,,,,,
Pattern_1036e01869,湿、热之偏重,,Pattern,1,1.17432,-0.47446,1,,,,,,,,,,,,,,湿|热,
Pattern_6285013c2e,湿阻清窍,,Pattern,1,1.28858,-0.57176,1,,,,,,,,,,,,,,湿,
Pattern_c0d2f44380,湿热郁蒸过极，内蒙清窍,,Pattern,1,1.22805,-0.59285,1,,,,,,,,,,,,,,湿|热,
Pattern_350142a5ca,湿阻气滞，或兼痰涎,,Pattern,1,1.24979,-0.63163,1,,,,,,,,,,,,,,湿|痰,
Pattern_50907ee281,热重于湿、热结在里,,Pattern,1,1.31104,-0.52701,1,,,,,,,,,,,,,,湿|热,
Pattern_08fa5936d3,热结在里,,Pattern,1,0.66835,-0.17248,1,,,,,,,,,,,,,,热,
Pattern_c6eed4b4f2,伏邪重,,Pattern,1,0.09478,0.46336,170,,,,,,,,,,,,,,,
Pattern_03b372cc19,气分邪热、郁遏灼津,,Pattern,1,0.6411,-0.06954,1,,,,,,,,,,,,,,热,
Pattern_453a9448ad,火为实证,,Pattern,1,1.12039,0.30708,1,,,,,,,,,,,,,,火|实,
Pattern_0fcb315aa8,燥为虚证,,Pattern,1,0.22953,0.39692,6,,,,,,,,,,,,,,燥|虚,
Pattern_9e82720ebd,食填膈上,,Pattern,1,2.18324,-0.23328,172,,,,,,,,,,,,,,,
Pattern_db82b96896,夹冷食伤胃,,Pattern,1,0.36306,-0.62733,38,,,,,,,,,,,,,,,
Pattern_a0f13e9add,宗气泄,,Pattern,1,1.01426,-1.1683,173,,,,,,,,,,,,,,,
Pattern_38a8008839,生命,,Pattern,1,0.18012,0.62663,39,,,,,,,,,,,,,,,
Pattern_5bbea1c1a5,寒热真假,,Pattern,1,0.91767,0.57484,1,,,,,,,,,,,,,,寒|热,
Pattern_f0cd2b346d,兼顾阳气,,Pattern,1,1.14483,1.0294,175,,,,,,,,,,,,,,,
Pattern_eebd8afe4b,兼顾津液,,Pattern,1,2.35127,0.14323,176,,,,,,,,,,,,,,,
Pattern_069adf4dff,湿邪伏于足少阴经,,Pattern,1,1.05098,-0.51267,1,,,,,,,,,,,,少阴,,湿,
Pattern_88581df320,湿热甚,,Pattern,1,1.08575,-0.50342,1,,,,,,,,,,,,,,湿|热,
Pattern_466b50ffaf,温热病变生不测,,Pattern,1,0.65618,-0.03637,1,,,,,,,,,,,,,,热,
Pattern_1151f4a422,手太阴肺、手厥阴心包络、手阳明大肠病,,Pattern,1,0.94591,-0.3256,1,,,,,,,,,,,,阳明,,,
Pattern_cf387443f0,邪气分布充斥,,Pattern,1,0.19502,-0.3012,178,,,,,,,,,,,,,,,
Pattern_a43f5004fe,温热已烁于胃,,Pattern,1,0.66959,-0.15928,1,,,,,,,,,,,,,,热,
Pattern_591bb46533,温热深踞阳明营分,,Pattern,1,0.80401,-0.1827,1,,,,,,,,,,,,阳明,,热,
Pattern_1c172cbb52,热极生风,,Pattern,1,1.60577,0.24908,1,,,,,,,,,,,,,,风|热,
Pattern_56b6122134,温邪窜入心胞,,Pattern,1,0.73761,1.09393,179,,,,,,,,,,,,,,,
Pattern_3c9cb66862,湿重于温,,Pattern,1,1.22723,-0.60332,1,,,,,,,,,,,,,,湿,
Pattern_222fd3c450,湿阻,,Pattern,1,1.30086,-0.56459,1,,,,,,,,,,,,,,湿,
Pattern_706c5ce574,湿热夹肝气,,Pattern,1,1.22843,-0.56882,1,,,,,,,,,,,,,,湿|热,
Pattern_c62d90f329,用又可法,,Pattern,1,0.04269,0.31451,180,,,,,,,,,,,,,,,
Pattern_fe54ac14b7,即下,,Pattern,1,1.72657,-0.87302,181,,,,,,,,,,,,,,,
Pattern_ae59ea9470,微下之,,Pattern,1,2.20538,-0.09741,182,,,,,,,,,,,,,,,
Pattern_04504a8c2a,大下之,,Pattern,1,0.47847,-0.12662,1,,,,,,,,,,,,,,,
Pattern_4a40731afb,重下之峻下之,,Pattern,1,0.57641,0.92559,45,,,,,,,,,,,,,,,
Pattern_2c938a0f12,肝经风热,,Pattern,1,1.53355,0.01557,1,,,,,,,,,,,,,,风|热,
Pattern_6afd8bdce9,风热余邪,,Pattern,1,1.64741,0.19689,1,,,,,,,,,,,,,,风|热,
Pattern_90c80436c6,肝阴不足,,Pattern,1,1.17153,-1.17997,183,,,,,,,,,,,,,,,
Pattern_6372c1861a,瘅疟由于暑邪之在肺,,Pattern,1,2.04961,0.2522,1,,,,,,,,,,,,,,暑,
Pattern_d80ddcea29,余邪未尽,,Pattern,1,0.07857,-0.0887,184,,,,,,,,,,,,,,,
Pattern_2c3dfba07c,肺经湿热,,Pattern,1,1.28852,-0.42316,1,,,,,,,,,,,,,,湿|热,
Pattern_ddca7ba8fd,肺移热于大肠，湿体,,Pattern,1,1.23441,-0.50942,1,,,,,,,,,,,,,,湿|热,
Pattern_dd722c847b,肺阴,,Pattern,1,1.00788,1.01552,185,,,,,,,,,,,,,,,
Pattern_339f940696,湿热未净、伤及气分,,Pattern,1,1.24234,-0.56582,1,,,,,,,,,,,,,,湿|热,
Pattern_1d8cb621a6,休息痢,,Pattern,1,2.32171,0.29814,186,,,,,,,,,,,,,,,
Pattern_1282cd1e86,瘟疫,,Pattern,1,0.26936,0.48129,187,,,,,,,,,,,,,,,
Pattern_551c144d77,瘟疫须下,,Pattern,1,1.63806,1.08747,188,,,,,,,,,,,,,,,
Pattern_fa8e4fc37f,瘟疫应峻下,,Pattern,1,1.9905,0.63562,45,,,,,,,,,,,,,,,
Pattern_d3a5b40a84,重汗治疗,,Pattern,1,2.23195,-0.33827,189,,,,,,,,,,,,,,,
Pattern_3e73b62872,瘟疫为湿热之邪,,Pattern,1,1.16405,-0.47667,1,,,,,,,,,,,,,,湿|热,
Pattern_b68423fda9,痢在肝分,,Pattern,1,1.26587,0.47448,1,,,,,,,,,,,,,,,
Pattern_4a252a94ca,热毒痢疾,,Pattern,1,0.64073,-0.01824,1,,,,,,,,,,,,,,热,
Pattern_72b0386528,邪陷下焦,,Pattern,1,1.45656,-0.32075,1,,,,,,,,,,,,,下焦,,
Pattern_8c5fa317c3,阳明症,,Pattern,1,1.15266,-0.2849,1,,,,,,,,,,,,阳明,,,
Pattern_b7ff7223df,阳明经热症,,Pattern,1,0.81808,-0.21133,1,,,,,,,,,,,,阳明,,热,
Pattern_f77a0c09e6,阳明腑症,,Pattern,1,0.91091,-0.29951,1,,,,,,,,,,,,阳明,,,
Pattern_1742e839cf,邪在血分,,Pattern,1,0.66286,0.89078,46,,,,,,,,,,,,,,,
Pattern_adbeb7dd66,湿热未净，伤及气分,,Pattern,1,1.25626,-0.56247,1,,,,,,,,,,,,,,湿|热,
Pattern_2bbb08821e,少阳经感风热,,Pattern,1,1.64142,-0.08095,1,,,,,,,,,,,,少阳,,风|热,
Pattern_0c5f232751,汗出,,Pattern,1,2.04277,0.18421,1,,,,,,,,,,,,,,,
Pattern_dd8c614bb4,少阳经风热,,Pattern,1,1.63267,-0.08677,1,,,,,,,,,,,,少阳,,风|热,
Pattern_a1a4ff912b,肝阴不足，肝阳亢动,,Pattern,1,1.38451,-0.42967,1,,,,,,,,,,,,,,,
Pattern_51c69603ed,肝阳犯胃,,Pattern,1,0.34167,-0.83042,192,,,,,,,,,,,,,,,
Pattern_dd80ab9fe2,肝火犯胃,,Pattern,1,1.26914,0.05964,1,,,,,,,,,,,,,,火,
Pattern_3ac35d0952,木郁克土，肝火犯胃,,Pattern,1,1.15239,0.28964,1,,,,,,,,,,,,,,火,
Pattern_51852231e8,血之热,,Pattern,1,0.67416,-0.13966,1,,,,,,,,,,,,,,热,
Pattern_0f7fe4cca9,肝经血热,,Pattern,1,0.67778,-0.14952,1,,,,,,,,,,,,,,热,
Pattern_bf1e7985be,迫血妄行,,Pattern,1,0.33671,0.71406,193,,,,,,,,,,,,,,,
Pattern_34e78c0df3,上甚之湿,,Pattern,1,1.26364,-0.59895,1,,,,,,,,,,,,,,湿,
Pattern_1e24ae9999,寒痰,,Pattern,1,0.87137,0.57382,1,,,,,,,,,,,,,,寒|痰,
Pattern_eb1f8f2bfb,热痰,,Pattern,1,0.66489,0.00169,1,,,,,,,,,,,,,,热|痰,
Pattern_3c5772921e,阳气不振,,Pattern,1,1.32895,-1.17056,194,,,,,,,,,,,,,,,
Pattern_e9fc3f9467,疸或衄,,Pattern,1,2.2497,-0.49816,13,,,,,,,,,,,,,,,
Pattern_85ee17bae5,新病、邪干清道,,Pattern,1,0.10023,-0.23478,195,,,,,,,,,,,,,,,
Pattern_c3018b9b9f,中气本虚,,Pattern,1,1.68513,-0.07566,1,,,,,,,,,,,,,,虚,
Pattern_2fd7f9f773,火之用事,,Pattern,1,1.02402,0.29766,1,,,,,,,,,,,,,,火,
Pattern_751c74309a,郁结,,Pattern,1,0.874,0.9835,196,,,,,,,,,,,,,,,
Pattern_9947ed4b13,正气之夺,,Pattern,1,0.21332,0.35556,197,,,,,,,,,,,,,,,
Pattern_c2b52ccb07,神明之乱,,Pattern,1,1.48896,1.13884,198,,,,,,,,,,,,,,,
Pattern_8c0e77838d,阳虚,,Pattern,1,1.56355,-0.08525,1,,,,,,,,,,,,,,虚,
Pattern_28ca6d1d6c,阳虚气陷,,Pattern,1,1.7091,-0.04785,1,,,,,,,,,,,,,,虚,
Pattern_488811b06d,阴虚化刚,,Pattern,1,1.70309,-0.03024,1,,,,,,,,,,,,,,虚,
Pattern_a8bafc7736,邪热在阳明经,,Pattern,1,0.81268,-0.17669,1,,,,,,,,,,,,阳明,,热,
Pattern_63d194f2cf,白虎汤证,,Pattern,1,0.4642,0.9381,200,,,,,,,,,,,,,,,
Pattern_63d5e52106,热结血室证,,Pattern,1,0.63424,-0.13425,1,,,,,,,,,,,,,,热,
Pattern_1c04eaa08e,邪正交争,,Pattern,1,2.26766,-0.19498,199,,,,,,,,,,,,,,,
Pattern_80d986c42a,虚寒之证,,Pattern,1,0.96516,0.60676,1,,,,,,,,,,,,,,寒|虚,
Pattern_bfdac6bab9,血因寒瘀而上冲于胃,,Pattern,1,0.89353,0.61729,1,,,,,,,,,,,,,,寒|瘀,
Pattern_ef4ba1772a,瘀血证,,Pattern,1,1.13263,1.104,19,,,,,,,,,,,,,,瘀,
Pattern_5bd89961d7,热盛内迫，斑疹被遏，邪入心包，热极动风,,Pattern,1,1.63675,0.20859,1,,,,,,,,,,,,,,风|热,
Pattern_d19b108f7b,红汗之外泄，斑疹可出,,Pattern,1,2.0885,0.62901,190,,,,,,,,,,,,,,,
Pattern_76ef56c79a,湿遏热伏,,Pattern,1,1.21117,-0.59213,1,,,,,,,,,,,,,,湿|热,
Pattern_67ef5b4a78,热入营血,,Pattern,1,0.64787,-0.04531,1,,,,,,,,,,,,,,热,
Pattern_f2cb897058,邪闭心包,,Pattern,1,1.99651,0.74454,201,,,,,,,,,,,,,,,
Pattern_2972d70ce0,湿热不扬,,Pattern,1,1.21359,-0.60235,1,,,,,,,,,,,,,,湿|热,
Pattern_602fef61c9,邪陷入里,,Pattern,1,0.77086,-0.35097,1,,,,,,,,,,,,,,,
Pattern_71820f930b,热邪亢盛,,Pattern,1,0.63915,-0.11152,1,,,,,,,,,,,,,,热,
Pattern_12e37aa999,阴液受灼,,Pattern,1,2.0743,-0.51103,47,,,,,,,,,,,,,,,
Pattern_e0abff5dd4,理气药应用,,Pattern,1,1.93789,-0.6975,202,,,,,,,,,,,,,,,
Pattern_15451fb4bc,病在太阴,,Pattern,1,1.00464,0.20231,1,,,,,,,,,,,,太阴,,,
Pattern_ea6bb9e582,属寒,,Pattern,1,0.95192,0.47813,1,,,,,,,,,,,,,,寒,
Pattern_0ed2c2eb79,腑病湿热,,Pattern,1,1.27577,-0.59335,1,,,,,,,,,,,,,,湿|热,
Pattern_5357584597,胃寒,,Pattern,1,0.93347,0.60966,1,,,,,,,,,,,,,,寒,
Pattern_38eb83391c,肠热,,Pattern,1,0.65511,-0.12787,1,,,,,,,,,,,,,,热,
Pattern_20357f99f6,肠滞不通,,Pattern,1,2.19467,0.17707,203,,,,,,,,,,,,,,,
Pattern_c94bc4181b,湿热潜伏太阴,,Pattern,1,1.18569,-0.3804,1,,,,,,,,,,,,太阴,,湿|热,
Pattern_8b47035a92,脓血下注,,Pattern,1,0.24902,0.59523,204,,,,,,,,,,,,,,,
Pattern_4e521e43c7,伤气,,Pattern,1,1.65684,0.91298,205,,,,,,,,,,,,,,,
Pattern_8dfcd7bc0e,伤血,,Pattern,1,2.26969,-0.45275,206,,,,,,,,,,,,,,,
Pattern_bb693ffb56,肺卫不宣,,Pattern,1,1.58342,-0.94772,44,,,,,,,,,,,,,,,
Pattern_8b0b503c06,风寒外侵,,Pattern,1,1.63718,0.24538,1,,,,,,,,,,,,,,风|寒,
Pattern_11cd311bff,邪在肌表,,Pattern,1,1.6995,0.34825,1,,,,,,,,,,,,,,,
Pattern_f0c2509e0d,肌表邪正相争,,Pattern,1,2.22245,0.36651,169,,,,,,,,,,,,,,,
Pattern_defe27bcf5,肺气不宣,,Pattern,1,0.10549,0.4877,44,,,,,,,,,,,,,,,
Pattern_46cab433b6,症属湿温,,Pattern,1,1.18797,-0.57372,1,,,,,,,,,,,,,,湿,
Pattern_214f8978e3,邪热结于阳明,,Pattern,1,0.8085,-0.21805,1,,,,,,,,,,,,阳明,,热,
Pattern_419af6c7f1,湿热变化为温燥阶段,,Pattern,1,1.17809,-0.57017,1,,,,,,,,,,,,,,湿|燥|热,
Pattern_139f897c0d,病入阳明而外证未解,,Pattern,1,0.96104,-0.3399,1,,,,,,,,,,,,阳明,,,
Pattern_1b6ae2e898,胃气尚存,,Pattern,1,2.20231,0.58931,207,,,,,,,,,,,,,,,
Pattern_d157c4c5b5,阳明腑证之脉洪大或沉实,,Pattern,1,0.92189,-0.37555,1,,,,,,,,,,,,阳明,,实,
Pattern_cd1b9a6ea9,阳明之热,,Pattern,1,0.80924,-0.20567,1,,,,,,,,,,,,阳明,,热,
Pattern_924d31da2f,太阴之湿与阳明之热相合,,Pattern,1,1.15728,-0.43236,1,,,,,,,,,,,,阳明,,湿|热,
Pattern_39a8dd7926,邪内陷,,Pattern,1,2.13446,-0.38721,40,,,,,,,,,,,,,,,
Pattern_786d496278,阳明不和，湿转化热,,Pattern,1,1.11062,-0.44235,1,,,,,,,,,,,,阳明,,湿|热,
Pattern_bcb61c7f1a,热邪传入巨阳,,Pattern,1,0.65107,-0.14256,1,,,,,,,,,,,,,,热,
Pattern_f741a827a8,痉昏之变,,Pattern,1,1.92235,0.14796,1,,,,,,,,,,,,,,,
Pattern_e65df68009,热结阳明,,Pattern,1,0.82231,-0.1899,1,,,,,,,,,,,,阳明,,热,
Pattern_e09f1f72d0,正不胜邪,,Pattern,1,1.92513,0.13503,1,,,,,,,,,,,,,,,
Pattern_6cb2ab993b,肝风易动,,Pattern,1,1.45099,0.14271,1,,,,,,,,,,,,,,风,
Pattern_ff11076e51,舌燥脉数,,Pattern,1,0.66743,-0.97894,6,,,,,,,,,,,,,,燥,
Pattern_565fda29dd,湿困,,Pattern,1,1.24403,-0.60172,1,,,,,,,,,,,,,,湿,
Pattern_9bdaa781a5,病后余湿流于下焦,,Pattern,1,1.3231,-0.43786,1,,,,,,,,,,,,,下焦,湿,
Pattern_e28c26bc29,膀胱湿热、湿热阻肺,,Pattern,1,1.20018,-0.60033,1,,,,,,,,,,,,,,湿|热,
Pattern_9b04ceabef,冲任皆虚,,Pattern,1,1.77999,0.07101,1,,,,,,,,,,,,,,虚,
Pattern_c89f4966ff,冲任失和,,Pattern,1,0.39088,-0.66196,209,,,,,,,,,,,,,,,
Pattern_f17b1522cf,冲任失约、精血不化,,Pattern,1,1.81343,-0.90542,208,,,,,,,,,,,,,,,
Pattern_2aff0cdc02,湿热着经络，寒热交作,,Pattern,1,0.99107,0.60156,1,,,,,,,,,,,,,,寒|湿|热,
Pattern_09f7f042e8,温邪未净,,Pattern,1,0.3455,0.83427,210,,,,,,,,,,,,,,,
Pattern_a874605aa5,病情,,Pattern,1,2.25844,-0.24086,3,,,,,,,,,,,,,,,
Pattern_de26deffcc,切脉凭指之涉于惝恍而杳无可据,,Pattern,1,0.78934,0.65187,1,,,,,,,,,,,,,,,
Pattern_04f218781e,内真热,,Pattern,1,0.63735,-0.03269,1,,,,,,,,,,,,,,热,
Pattern_fa8590f68e,寒症,,Pattern,1,0.87987,0.58321,1,,,,,,,,,,,,,,寒,
Pattern_4b1a547099,肝热湿痰在胃,,Pattern,1,1.17498,-0.5955,1,,,,,,,,,,,,,,湿|热|痰,
Pattern_05b71f39a8,食不能下,,Pattern,1,1.41817,1.00209,155,,,,,,,,,,,,,,,
Pattern_7088a55547,白喉初起,,Pattern,1,0.0109,0.16004,191,,,,,,,,,,,,,,,
Pattern_8b32201a89,白喉剧症,,Pattern,1,1.40951,-1.0809,177,,,,,,,,,,,,,,,
Pattern_6c4e03a8c6,正气虚脱,,Pattern,1,1.6923,-0.08528,1,,,,,,,,,,,,,,虚,
Pattern_cc26c4a071,阴液枯涸,,Pattern,1,0.59097,-1.02247,213,,,,,,,,,,,,,,,
Pattern_b63fa33113,伏气在内肌腠怫郁,,Pattern,1,2.16634,-0.49819,57,,,,,,,,,,,,,,伏气,
Pattern_05ba9420bd,疫邪遏于表,,Pattern,1,0.17796,0.46577,214,,,,,,,,,,,,,,,
Pattern_043fc6ddc2,误进寒凉喉已腐而肺气不布,,Pattern,1,0.95952,0.61561,1,,,,,,,,,,,,,,寒,
Pattern_95fdbdf5e4,阴气先伤邪气乘虚而犯肝胆,,Pattern,1,1.71333,-0.03256,1,,,,,,,,,,,,,,虚,
Pattern_2303bb579b,邪郁未伸,,Pattern,1,1.53084,0.96841,215,,,,,,,,,,,,,,,
Pattern_bde0a7bf17,表有风寒，湿邪未化火,,Pattern,1,1.60548,0.23408,1,,,,,,,,,,,,,,风|寒|湿,
Pattern_9eb54a1502,内挟秽浊不正之气,,Pattern,1,2.32033,-0.3034,216,,,,,,,,,,,,,,,
Pattern_0cd6ef9994,邪火束表分,,Pattern,1,1.08114,0.32593,1,,,,,,,,,,,,,,火,
Pattern_25fb71f8a2,邪在胃经气分，渐从热化,,Pattern,1,0.68119,-0.17127,1,,,,,,,,,,,,,,热,
Pattern_f43e543f5b,痧毒内炽,,Pattern,1,1.88994,0.84677,211,,,,,,,,,,,,,,,
Pattern_3a3f38b910,热邪由血管直逼心房,,Pattern,1,0.69519,-0.17692,1,,,,,,,,,,,,,,热,
Pattern_333370865b,痧已透，营热外泄,,Pattern,1,0.66505,-0.01915,1,,,,,,,,,,,,,,热,
Pattern_9f15c168f8,表邪未达，痧毒已渐及营分，为难治,,Pattern,1,0.99033,-1.0886,217,,,,,,,,,,,,,,,
Pattern_2190628760,血液因痧毒内燔而津液枯涸,,Pattern,1,2.1146,0.72037,218,,,,,,,,,,,,,,,
Pattern_06c7fdf4f7,血枯液涸,,Pattern,1,1.92851,-0.81287,219,,,,,,,,,,,,,,,
Pattern_c40a0a5cd9,痧毒攻心,,Pattern,1,2.28052,0.09944,220,,,,,,,,,,,,,,,
Pattern_e1d898d1c2,白喉,,Pattern,1,1.36202,-1.01379,221,,,,,,,,,,,,,,,
Pattern_6f2c389799,直入三阴,,Pattern,1,1.17401,0.44302,1,,,,,,,,,,,,,,,
Pattern_ccadcc418c,用温散,,Pattern,1,0.04125,-0.30927,222,,,,,,,,,,,,,,,
Pattern_c4781f866b,从阳治,,Pattern,1,0.79827,1.03697,223,,,,,,,,,,,,,,,
Pattern_f4a21b5f89,阴厥,,Pattern,1,0.73257,-1.09188,224,,,,,,,,,,,,,,,
Pattern_71d536a969,伤寒传经之热邪转入转深,,Pattern,1,0.86384,0.56496,1,,,,,,,,,,,,,,寒|热,
Pattern_de3a0a61d1,阴已先尽,,Pattern,1,0.1248,0.32799,225,,,,,,,,,,,,,,,
Pattern_91ec85a3b3,死亡,,Pattern,1,0.27768,-0.63784,226,,,,,,,,,,,,,,,
Pattern_eae0644930,阳虚阴症,,Pattern,1,1.67261,-0.10278,1,,,,,,,,,,,,,,虚,
Pattern_4f0e16f658,阳邪,,Pattern,1,0.99053,0.71815,1,,,,,,,,,,,,,,,
Pattern_f57d3346bd,邪与荣气搏,,Pattern,1,0.51419,0.78588,227,,,,,,,,,,,,,,,
Pattern_7ab68ea046,邪火病郁,,Pattern,1,1.04455,0.31452,1,,,,,,,,,,,,,,火,
Pattern_15d216e4d5,热入血室淤塞胞门,,Pattern,1,0.62362,-0.13454,1,,,,,,,,,,,,,,热,
Pattern_265e63e4ea,热逼血室，经水受迫而来,,Pattern,1,0.71321,-0.02092,1,,,,,,,,,,,,,,热,
Pattern_0e5424317a,胞门积瘀未尽,,Pattern,1,1.43551,-1.15202,19,,,,,,,,,,,,,,瘀,
Pattern_3d45972601,气虚不固肢体,,Pattern,1,1.69166,0.05294,1,,,,,,,,,,,,,,虚,
Pattern_a965f92584,气虚不上升,,Pattern,1,1.70347,0.04704,1,,,,,,,,,,,,,,虚,
Pattern_60099920ee,气虚不归原,,Pattern,1,1.68303,-0.09731,1,,,,,,,,,,,,,,虚,
Pattern_3e9dd81f06,可治之证,,Pattern,1,1.13719,-1.10417,228,,,,,,,,,,,,,,,
Pattern_8e0079b833,不治之症,,Pattern,1,2.03022,-0.7058,229,,,,,,,,,,,,,,,
Pattern_9d6ce38416,热病饮酒复热,,Pattern,1,0.64738,-0.08078,1,,,,,,,,,,,,,,热,
Pattern_30e7099804,应用人参白虎汤加葛根、黄连,,Pattern,1,0.92215,-0.46793,1,,,,,,,,,,,,,,,
Pattern_dba1ddaa24,瘥后食猪肉及羊血肥鱼油腻等,,Pattern,1,2.02413,-0.59021,212,,,,,,,,,,,,,,,
Pattern_66159acd14,病未平复犯房事,,Pattern,1,2.12968,0.39879,48,,,,,,,,,,,,,,,
Pattern_ef3efa0590,阴阳易,,Pattern,1,0.15467,0.58404,231,,,,,,,,,,,,,,,
Pattern_921d072c5a,重症,,Pattern,1,0.53521,-0.18717,1,,,,,,,,,,,,,,,
Pattern_aba16de103,小腹里急,,Pattern,1,1.01964,1.16905,230,,,,,,,,,,,,,,,
Pattern_bccebaaedc,房劳复之危候,,Pattern,1,1.64088,1.0043,232,,,,,,,,,,,,,,,
Pattern_b8db91dad8,湿霍乱初起,,Pattern,1,1.31633,-0.56841,1,,,,,,,,,,,,,,湿,
Pattern_08f02a766e,伤暑,,Pattern,1,2.04247,0.26594,1,,,,,,,,,,,,,,暑,
Pattern_249b69a976,邪热著营络，津液烁耗,,Pattern,1,0.63881,-0.09779,1,,,,,,,,,,,,,,热,
Pattern_4e19d4b73a,液涸动风，下焦龙雷之火上腾,,Pattern,1,1.54261,-0.06769,1,,,,,,,,,,,,,下焦,风|火,
Pattern_1140a14c08,命火上升，脾膀胱失司职,,Pattern,1,1.0672,0.3122,1,,,,,,,,,,,,,,火,
Pattern_321eeb13bc,镇肝育阴，滋液熄风,,Pattern,1,1.58079,0.21676,1,,,,,,,,,,,,,,风,
Pattern_60f821f131,似有转机,,Pattern,1,0.09266,-0.45835,233,,,,,,,,,,,,,,,
Pattern_47f198a84a,肝阳平复,,Pattern,1,0.88217,-1.1418,234,,,,,,,,,,,,,,,
Pattern_243a9a8646,病势改善,,Pattern,1,2.04492,0.55929,235,,,,,,,,,,,,,,,
Pattern_a5363565bf,肺中阴火仍未潜藏,,Pattern,1,1.34908,0.2719,1,,,,,,,,,,,,,,火,
Pattern_f585f7ff6b,肝阳,,Pattern,1,0.62919,-0.25477,1,,,,,,,,,,,,,,,
Pattern_43d48df731,肺胃热逼而成瘀血,,Pattern,1,0.68617,-0.15583,1,,,,,,,,,,,,,,热|瘀,
Pattern_30b9055059,气血渐行常道，上焦热瘀之血不能归入经隧,,Pattern,1,0.57166,-0.0818,1,,,,,,,,,,,,,上焦,热|瘀,
Pattern_916ecbc283,浮游余热未尽,,Pattern,1,0.64915,-0.09595,1,,,,,,,,,,,,,,热,
Pattern_dacd613692,清热润肺,,Pattern,1,0.64481,-0.12585,1,,,,,,,,,,,,,,热,
Pattern_0c057be6a8,阳明伏热盘踞卫分,,Pattern,1,0.81182,-0.18973,1,,,,,,,,,,,,阳明,,热,
Pattern_496b4f1cef,余热肃清,,Pattern,1,0.67233,-0.00682,1,,,,,,,,,,,,,,热,
Pattern_16cad9800f,下焦蓄血,,Pattern,1,1.23587,-0.30114,1,,,,,,,,,,,,,下焦,,
Pattern_aaf7aa3823,肠间积热宿垢,,Pattern,1,0.8036,-0.14406,1,,,,,,,,,,,,,,热,
Pattern_a11f6caedf,肝经余热,,Pattern,1,0.67807,-0.18257,1,,,,,,,,,,,,,,热,
Pattern_cf543db5e4,肺热痰湿,,Pattern,1,1.19526,-0.59098,1,,,,,,,,,,,,,,湿|热|痰,
Pattern_2b8e91f0dd,病候已除,,Pattern,1,1.90492,-0.93107,236,,,,,,,,,,,,,,,
Pattern_fb4065bd12,肝肾阴火凌心,,Pattern,1,0.90955,0.18238,1,,,,,,,,,,,,,,火,
Pattern_83a5dc6929,病情好转,,Pattern,1,0.37079,-0.75247,237,,,,,,,,,,,,,,,
Pattern_f23eca40b5,需益气滋肾阴,,Pattern,1,1.28432,-0.74595,1,,,,,,,,,,,,,,,
Pattern_f621a750cb,正气渐复,,Pattern,1,0.41535,0.69007,238,,,,,,,,,,,,,,,
Pattern_39f9d74d4e,急性病情恶化,,Pattern,1,0.86295,0.69773,1,,,,,,,,,,,,,,,
Pattern_679cf304d1,胸膜病、肺炎喘息、心脏病、肾脏病、热性病,,Pattern,1,0.64739,-0.00841,1,,,,,,,,,,,,,,热,
Pattern_18ef8ed40e,阳明热甚,,Pattern,1,0.8039,-0.19663,1,,,,,,,,,,,,阳明,,热,
Pattern_9249a8e67e,诸虚不足,,Pattern,1,1.72936,0.00709,1,,,,,,,,,,,,,,虚,
Pattern_66c417bbdc,外感病末传,,Pattern,1,1.83673,0.02179,1,,,,,,,,,,,,,,,
Pattern_79d4f3e4d3,内伤病初起,,Pattern,1,1.89096,0.94177,239,,,,,,,,,,,,,,,
Pattern_56c16a138d,表里深浅、寒热虚实,,Pattern,1,1.06719,0.5153,1,,,,,,,,,,,,,,寒|热|虚,
Pattern_29357b5c4b,心热,,Pattern,1,0.64964,-0.11119,1,,,,,,,,,,,,,,热,
Pattern_90b6bf0b94,胃有积滞,,Pattern,1,2.11674,-0.58612,240,,,,,,,,,,,,,,,
Pattern_ee1780dc8a,脾肾虚寒,,Pattern,1,0.86551,0.5546,1,,,,,,,,,,,,,,寒|虚,
Pattern_9647dcccea,肝胆湿热,,Pattern,1,1.28709,-0.58952,1,,,,,,,,,,,,,,湿|热,
Pattern_bbf103f65f,三焦蕴火或湿温伏邪,,Pattern,1,1.24948,-0.59275,1,,,,,,,,,,,,,,湿|火,
Pattern_b5e19defe5,霍乱,,Pattern,1,2.2151,0.38678,241,,,,,,,,,,,,,,,
Pattern_c9e665067b,普通腹泻,,Pattern,1,1.26286,-0.74922,1,,,,,,,,,,,,,,,
Pattern_18c47dbf4a,痢疾,,Pattern,1,1.2738,-0.74864,1,,,,,,,,,,,,,,,
Pattern_7b6d8460e2,疟疾,,Pattern,1,1.19001,0.43379,1,,,,,,,,,,,,,,,
Pattern_7d898accfb,头痛因发热而起,,Pattern,1,0.84338,0.13799,1,,,,,,,,,,,,,,热,
Pattern_ebe79531e9,寒郁化热,,Pattern,1,0.90716,0.61384,1,,,,,,,,,,,,,,寒|热,
Pattern_b232fab8d8,梅核气,,Pattern,1,0.08595,0.44209,242,,,,,,,,,,,,,,,
Pattern_9d70a41bd7,血虚肝旺,,Pattern,1,1.69861,-0.04754,1,,,,,,,,,,,,,,虚,
Pattern_1abdc29fa8,肝旺,,Pattern,1,0.16349,-0.59925,243,,,,,,,,,,,,,,,
Pattern_c92f4abf76,风热未清,,Pattern,1,1.44384,0.16009,1,,,,,,,,,,,,,,风|热,
Pattern_5997acd236,外感六经辨证,,Pattern,1,1.82822,-0.09208,1,,,,,,,,,,,,,,,
Pattern_fd4a54f9f3,内伤虚损辨证,,Pattern,1,1.72594,-0.04718,1,,,,,,,,,,,,,,虚,
Pattern_5786b93268,精气将夺,,Pattern,1,0.53776,0.8992,244,,,,,,,,,,,,,,,
Pattern_23465d644b,肾虚,,Pattern,1,1.693,-0.06334,1,,,,,,,,,,,,,,虚,
Pattern_870cd1e88b,肺热或痰湿内蒸,,Pattern,1,1.29337,-0.5811,1,,,,,,,,,,,,,,湿|热|痰,
Pattern_586d7ccaba,脾肾湿热壅滞,,Pattern,1,1.18699,-0.59834,1,,,,,,,,,,,,,,湿|热,
Pattern_947442f7d9,肝肾阴虚,,Pattern,1,1.70572,-0.0081,1,,,,,,,,,,,,,,虚,
Pattern_f70b1e14bf,暑月伤寒之病,,Pattern,1,0.94427,0.61507,1,,,,,,,,,,,,,,寒|暑,
Pattern_ee8f04df70,伏热,,Pattern,1,0.61768,-0.0563,1,,,,,,,,,,,,,,热,
Pattern_2ba3464551,外感,,Pattern,1,0.50661,-0.01247,1,,,,,,,,,,,,,,,
Pattern_5dae0666e0,余毒浅深,,Pattern,1,0.81444,0.24168,1,,,,,,,,,,,,,,,
Pattern_b962ff982e,毒火上下,,Pattern,1,1.1028,0.31979,1,,,,,,,,,,,,,,火,
Pattern_451a8b826c,精气存亡,,Pattern,1,0.82236,0.67222,1,,,,,,,,,,,,,,,
Pattern_dcaed8966e,寒热虚实,,Pattern,1,0.88725,0.60345,1,,,,,,,,,,,,,,寒|热|虚,
Pattern_209316d423,表里,,Pattern,1,0.15199,-0.57931,171,,,,,,,,,,,,,,,
Pattern_d5b469d908,虚实,,Pattern,1,1.70397,0.00828,1,,,,,,,,,,,,,,虚|实,
Pattern_0ce967c0bc,虚实部位,,Pattern,1,1.71284,-0.01635,1,,,,,,,,,,,,,,虚|实,
Pattern_47215348ab,表里寒热虚实,,Pattern,1,0.88318,0.57325,1,,,,,,,,,,,,,,寒|热|虚,
Pattern_3104539c59,胃肠津液之虚实,,Pattern,1,1.71299,0.01893,1,,,,,,,,,,,,,,虚|实,
Pattern_68df56dc21,病邪轻重和预后吉凶,,Pattern,1,1.29404,0.46511,1,,,,,,,,,,,,,,,
Pattern_202e997c08,虚实及预后,,Pattern,1,1.70004,-0.07705,1,,,,,,,,,,,,,,虚|实,
Pattern_e208fd5cea,四时感证邪气传变的浅深轻重及预后,,Pattern,1,1.90711,-0.72955,3,,,,,,,,,,,,,,,
Pattern_697b9cfc43,正气盛衰,,Pattern,1,1.04343,-1.02092,3,,,,,,,,,,,,,,,
Pattern_5b836cb4b6,病位深浅,,Pattern,1,0.2867,-0.51279,3,,,,,,,,,,,,,,,
Pattern_facdb5bb8c,病邪性质,,Pattern,1,1.53656,1.12485,3,,,,,,,,,,,,,,,
Pattern_6fb0913195,病情进退,,Pattern,1,0.00112,0.05392,3,,,,,,,,,,,,,,,
Pattern_5e250e91dc,疾病预后转归,,Pattern,1,0.50427,0.96737,3,,,,,,,,,,,,,,,
Pattern_22c1525e4e,脏腑阴阳气血状况,,Pattern,1,1.85447,-0.05329,1,,,,,,,,,,,,,,,
Pattern_13cf7290ed,真假寒热,,Pattern,1,0.93009,0.5798,1,,,,,,,,,,,,,,寒|热,
Pattern_f15be02597,疾病诊断,,Pattern,1,0.07657,0.05897,174,,,,,,,,,,,,,,,
Pattern_46b927da39,阴虚象,,Pattern,1,1.47418,0.1267,1,,,,,,,,,,,,,,虚,
Pattern_64138d0891,阴阳疑似、虚实难辨、寒热错杂之证情辨识,,Pattern,1,0.87233,0.59317,1,,,,,,,,,,,,,,寒|热|虚,
Pattern_0eea8ebe41,证情之寒热虚实判断,,Pattern,1,0.8917,0.5823,1,,,,,,,,,,,,,,寒|热|虚,
Pattern_b519a57e73,湿热郁伏少阳,,Pattern,1,1.4066,-0.43288,1,,,,,,,,,,,,少阳,,湿|热,
Pattern_5b2d9bb0ee,胆热犯胃,,Pattern,1,0.64691,-0.06063,1,,,,,,,,,,,,,,热,
Pattern_5e486960ca,三焦气化不利,,Pattern,1,1.96262,0.66963,245,,,,,,,,,,,,,,,
Pattern_18901002ef,太阳,,Pattern,0,0.91405,0.68379,1,,,,,,,,,,,,太阳,,,canonical vocabulary node
Pattern_c363464eef,阳明,,Pattern,0,0.96628,-0.28584,1,,,,,,,,,,,,阳明,,,canonical vocabulary node
Pattern_e595f587ae,少阳,,Pattern,0,1.56256,-0.26348,1,,,,,,,,,,,,少阳,,,canonical vocabulary node
Pattern_7393ca82b4,太阴,,Pattern,0,1.06097,-0.10557,1,,,,,,,,,,,,太阴,,,canonical vocabulary node
Pattern_d2d2dc5e41,少阴,,Pattern,0,0.89698,-0.43387,1,,,,,,,,,,,,少阴,,,canonical vocabulary node
Pattern_13c2886118,厥阴,,Pattern,0,0.75626,0.2018,1,,,,,,,,,,,,厥阴,,,canonical vocabulary node
Pattern_d14eca4d89,上焦,,Pattern,0,0.48542,-0.08161,1,,,,,,,,,,,,,上焦,,canonical vocabulary node
Pattern_67b898da88,中焦,,Pattern,0,0.95824,0.54547,1,,,,,,,,,,,,,中焦,,canonical vocabulary node
Pattern_161a66296e,下焦,,Pattern,0,1.40782,-0.29169,1,,,,,,,,,,,,,下焦,,canonical vocabulary node
Pattern_95d6e85688,风证,风,Pattern,0,1.59658,0.16116,1,,,,,,,,,,,,,,风,canonical vocabulary node
Pattern_4071d8d382,寒证,寒,Pattern,0,0.93501,0.55766,1,,,,,,,,,,,,,,寒,canonical vocabulary node
Pattern_75cf1a3951,暑证,暑,Pattern,0,2.02226,0.23758,1,,,,,,,,,,,,,,暑,canonical vocabulary node
Pattern_162310a07b,湿证,湿,Pattern,0,1.23049,-0.54409,1,,,,,,,,,,,,,,湿,canonical vocabulary node
Pattern_d4f0a2d956,燥证,燥,Pattern,0,2.17372,-0.63635,6,,,,,,,,,,,,,,燥,canonical vocabulary node
Pattern_fb0b5a0115,火证,火,Pattern,0,1.0544,0.24542,1,,,,,,,,,,,,,,火,canonical vocabulary node
Pattern_e984dbb293,痰证,痰,Pattern,0,1.88484,-0.24712,1,,,,,,,,,,,,,,痰,canonical vocabulary node
Pattern_bb2a5ef2bb,瘀证,瘀,Pattern,0,0.42122,-0.9037,19,,,,,,,,,,,,,,瘀,canonical vocabulary node
Pattern_cfc4c0820e,伏气证,伏气,Pattern,0,0.76237,1.10364,57,,,,,,,,,,,,,,伏气,canonical vocabulary node
Physician_b5cb5b9c75,俞根初,,Physician,102,-0.80636,0.25285,0,,根初,1734,1799,山阴（今绍兴市）陶里村,,,,,,,,,,
Physician_64d2cbdcf5,何廉臣,,Physician,70,-1.23291,0.32451,0,,,1861,1929,绍,,,,,,,,,,
Physician_bec16b53a7,曹炳章,,Physician,55,-1.34806,0.48952,0,,赤电,1878,1956,浙江鄞县,,,,,,,,,,
Physician_7577a19b15,章虚谷,,Physician,43,-0.9901,-0.54979,0,,,,,,,,,,,,,,,
Physician_c884303f88,徐荣斋,,Physician,36,-1.17823,0.53729,0,,国椿,1911,1982,浙江绍兴,,,,,,,,,,
Physician_9b47f4ab2d,赵晴初,,Physician,34,-1.49506,-0.19499,0,,,1823,1895,浙江会稽县（今绍兴市,,,,,,,,,,
Physician_dd9265a598,张景岳,,Physician,31,-1.58093,0.11291,0,,会卿,1563,1642,四川绵竹,,,,,,,,,,
Physician_63803ee7c4,仲景,,Physician,28,-1.14071,-0.23373,0,,,,,湖南高燥多寒之地,,,,,,,,,,
Physician_6e4b0d4ea3,胡宝书,,Physician,26,-0.86557,-0.19778,0,,宝书,1869,1933,菖蒲溇,,,,,,,,,,
Physician_dfc10f773b,张畹香,,Physician,25,-1.16171,-0.466,0,,,1801,1871,绍兴人,,,,,,,,,,
Physician_5f1fdad40e,叶天士,,Physician,22,-0.99455,-0.15421,0,,香岩,,,,,,,,,,,,,
Physician_f22c30466d,周伯度,,Physician,21,-1.74294,-0.65677,0,,,,,,,,,,,,,,,
Physician_189c916d15,何秀山,,Physician,19,-0.88554,0.42174,0,,,,,,,,,,,,,,,
Physician_5baca69bb0,张仲景,,Physician,12,-0.92502,-0.17865,0,,,,,,,,,,,,,,,
Physician_03d41e7dc4,邵兰荪,,Physician,12,-1.15235,0.36402,0,,兰荪,1864,1922,钱清杨汛,,,,,,,,,,
Physician_d9eb3817e4,吴鞠通,,Physician,12,-0.93328,0.15096,0,,,,,淮安,,,,,,,,,,
Physician_d77b132925,叶氏,,Physician,11,-0.99864,-0.34918,0,,,,,,,,,,,,,,,
Physician_1245bdc3d9,俞氏,,Physician,9,-1.21037,0.1432,0,,,,,,,,,,,,,,,
Physician_68fd45f47c,吴又可,,Physician,8,-1.05293,0.4574,0,,,,,,,,,,,,,,,
Physician_edacbc1805,裘吉生,,Physician,7,-1.93604,-0.90598,23,,,,,,,,,,,,,,,
Physician_d3749aaf09,东垣,,Physician,6,-1.70558,0.10358,0,,,,,,,,,,,,,,,
Physician_7918d7bc41,仲圣,,Physician,6,-1.02981,-0.45753,0,,,,,,,,,,,,,,,
Physician_3d32a4b038,景岳,,Physician,5,-1.85508,0.09723,0,,,,,,,,,,,,,,,
Physician_b57782ec58,王孟英,,Physician,5,-0.96795,0.06772,0,,,,,海宁,,,,,,,,,,
Physician_5b3251709f,尤在泾,,Physician,5,-1.3731,-0.07178,0,,,,,,,,,,,,,,,
Physician_149a06fb68,高学山,,Physician,4,-0.33506,0.71211,21,,,,,,,,,,,,,,,
Physician_b711a07540,朱丹溪,,Physician,4,-0.89973,-0.70297,0,,,,,,,,,,,,,,,
Physician_2dac7570c2,喻嘉言,,Physician,4,-1.40608,0.33484,0,,,,,,,,,,,,,,,
Physician_e1902129a6,樊开周,,Physician,4,-1.04839,0.21615,0,,,,,,,,,,,,,,,
Physician_1b9dcbaedd,恽铁樵,,Physician,4,-0.70081,1.07832,80,,,,,,,,,,,,,,,
Physician_5fe3002570,杨质安,,Physician,4,-1.35351,0.28736,0,,,,,,,,,,,,,,,
Physician_2262b1dd4a,许叔微,,Physician,3,-1.47959,0.36711,0,,,,,,,,,,,,,,,
Physician_3400e478ba,张山雷,,Physician,3,-1.37677,0.3311,0,,,,,,,,,,,,,,,
Physician_b9160a9b2b,王叔和,,Physician,3,-1.10968,-0.36289,0,,,,,,,,,,,,,,,
Physician_d688535bfe,吴氏,,Physician,3,-1.91441,-0.82563,68,,,,,,,,,,,,,,,
Physician_1a38154d6c,庞安常,,Physician,3,-1.41544,-0.0945,0,,,,,,,,,,,,,,,
Physician_bb3e1f6e01,陆九芝,,Physician,3,-1.03767,-1.02012,25,,,,,,,,,,,,,,,
Physician_175513da37,章氏,,Physician,3,-0.83414,-0.39564,0,,,,,,,,,,,,,,,
Physician_d7e73668cd,河间,,Physician,3,-0.15671,-0.1174,75,,,,,,,,,,,,,,,
Physician_dd5fc073f9,幼廉,,Physician,3,-1.45595,0.36268,0,,,,,,,,,,,,,,,
Physician_a1d65ba63d,吴坤安,,Physician,3,-0.72467,-0.05571,0,,,,,,,,,,,,,,,
Physician_eac9b7a6fd,张石顽,,Physician,3,-1.22723,-0.53827,0,,,,,,,,,,,,,,,
Physician_c6c1627e4f,徐洄溪,,Physician,3,-1.79066,-0.6972,0,,,,,,,,,,,,,,,
Physician_098da7d5ab,陆渊雷,,Physician,3,-1.16531,0.62745,0,,,,,,,,,,,,,,,
Physician_b07302a897,连建伟,,Physician,2,-0.87468,0.37628,0,,,,,,,,,,,,,,,
Physician_6a49bc377c,邓铁涛,,Physician,2,-0.46377,-0.84145,22,,,,,,,,,,,,,,,
Physician_fea56b4975,刘河间,,Physician,2,-0.92355,-0.72885,0,,,,,,,,,,,,,,,
Physician_82e3cd3f23,何幼廉,,Physician,2,-2.00373,-0.73654,281,,,,,,,,,,,,,,,
Physician_83d87cef85,陈逊斋,,Physician,2,-0.00018,-0.01207,282,,,,,,,,,,,,,,,
Physician_fa207f18e5,姜白鸥,,Physician,2,-1.93104,0.70486,283,,,,,,,,,,,,,,,
Physician_8f6a448570,张子和,,Physician,2,-0.74041,0.25137,0,,,,,,,,,,,,,,,
Physician_7e3cc09495,张氏,,Physician,2,-1.55903,-0.95773,72,,,,,,,,,,,,,,,
Physician_665035e9bf,田晋元,,Physician,2,-0.94554,-0.68141,0,,雪帆,,,,,,,,,,,,,
Physician_6fa685dac9,薛生白,,Physician,2,-0.84691,-0.22214,0,,,,,,,,,,,,,,,
Physician_8334df7ba8,丹溪,,Physician,2,-0.94864,-0.61717,0,,,,,,,,,,,,,,,
Physician_c62dc6d8b9,何炳元,,Physician,2,-0.85498,0.46053,0,,廉臣,1860,1929,浙江绍兴,,,,,,,,,,
Physician_e61cb7d893,沈云臣,,Physician,2,-0.8612,-0.02514,0,,,,,,,,,,,,,,,
Physician_3528ac6ae7,丁福保,,Physician,2,-1.24191,0.30494,0,,,,,,,,,,,,,,,
Physician_87aad2a5cb,张锡纯,,Physician,2,-1.29359,0.37385,0,,,,,,,,,,,,,,,
Physician_a99e02c7f4,史介生,,Physician,2,-1.24764,0.3893,0,,,,,,,,,,,,,,,
Physician_34e43c094c,石芾南,,Physician,2,-1.40387,0.38533,0,,,,,,,,,,,,,,,
Physician_7e002ca0a2,雷少逸,,Physician,2,-0.73296,-0.17659,0,,,,,,,,,,,,,,,
Physician_454f184e37,喻氏,,Physician,2,-2.0092,0.73038,86,,,,,,,,,,,,,,,
Physician_1dfab21924,陶节庵,,Physician,2,-0.1722,-0.61379,88,,,,,,,,,,,,,,,
Physician_65c6d4ba57,鲁东川,,Physician,2,-1.51558,-0.20445,0,,,,,,,,,,,,,,,
Physician_4d1b429b63,贺吉人,,Physician,2,-1.52,-0.18937,0,,,,,,,,,,,,,,,
Physician_75de1b9ba9,徐灵胎,,Physician,2,-1.61769,-0.23508,0,,,,,,,,,,,,,,,
Physician_03de385994,柯琴,,Physician,2,-1.52908,-0.17598,0,,,,,,,,,,,,,,,
Physician_83ff1072c8,周学海,,Physician,2,-0.7658,-0.22214,0,,,,,,,,,,,,,,,
Physician_a1dcfdb78f,曹颖甫,,Physician,2,-1.39895,1.08309,105,,,,,江阴,,,,,,,,,,
Physician_a72cc4f6a6,任㵯波,,Physician,2,-2.19945,0.42632,668,,,,,,,,,,,,,,,
Physician_e29995f2bf,胡云波,,Physician,2,-0.85913,-0.22907,0,,,,,,,,,,,,,,,
Physician_c5304433b8,张宏瑛,,Physician,2,-2.1631,0.50451,11,,,,,,,,,,,,,,,
Physician_a00a6d216e,董汉良,,Physician,2,-0.79165,0.95398,36,,,,,,,,,,,,,,,
Physician_b83bb2ffc4,任沨波,,Physician,1,-1.70079,0.88864,20,,,,,,,,,,,,,,,
Physician_a87561c078,任越安,,Physician,1,-2.19941,-0.1473,60,,,,,,,,,,,,,,,
Physician_78f70d4133,丹波氏,,Physician,1,-1.40971,0.29173,0,,,,,日本,,,,,,,,,,
Physician_165fbbda94,浅田惟常,,Physician,1,-1.45255,0.29676,0,,,,,,,,,,,,,,,
Physician_6cfc465052,赵睛初,,Physician,1,-1.45021,1.14865,61,,,,,,,,,,,,,,,
Physician_dde7109fc5,黄寿衮,,Physician,1,-2.25597,0.48444,62,,,,,,,,,,,,,,,
Physician_0ced925f3e,张鲁峰,,Physician,1,-0.77311,-0.94622,63,,,,,,,,,,,,,,,
Physician_1016ffdbe6,陈幼生,,Physician,1,-0.07775,0.07795,248,,,,,,,,,,,,,,,
Physician_b7cf1a2758,傅伯扬,,Physician,1,-2.10415,0.73372,249,,,,,,,,,,,,,,,
Physician_9b306bfc47,傅再扬,,Physician,1,-1.0178,-1.01715,250,,,,,,,,,,,,,,,
Physician_4a381ff775,陶晓兰,,Physician,1,-0.57121,0.92217,251,,,,,,,,,,,,,,,
Physician_31364d3353,潘文藻,,Physician,1,-2.32457,-0.28699,252,,,,,,,,,,,,,,,
Physician_7414245032,傅星槎,,Physician,1,-0.2741,-0.49015,253,,,,,苏州,,,,,,,,,,
Physician_e70659b784,俞日新,,Physician,1,-1.31752,1.17196,267,,,,,陶里,,,,,,,,,,
Physician_fac211e628,赓香,,Physician,1,-0.09799,0.22423,269,,,,,,,,,,,,,,,
Physician_9c9c6a6600,朱氏南阳,,Physician,1,-1.29556,0.07953,0,,,,,,,,,,,,,,,
Physician_7ec142db00,方氏中行,,Physician,1,-1.14255,0.08888,0,,,,,,,,,,,,,,,
Physician_5cd7ce0d9d,陶氏节庵,,Physician,1,-1.19971,0.07686,0,,,,,,,,,,,,,,,
Physician_4e055cd849,吴氏又可,,Physician,1,-1.2371,0.07879,0,,,,,,,,,,,,,,,
Physician_f935508bd6,张氏景岳,,Physician,1,-1.2755,0.06609,0,,,,,,,,,,,,,,,
Physician_7f6e66e2fd,俞嘉言,,Physician,1,-2.19374,0.60393,270,,,,,,,,,,,,,,,
Physician_b788a9cd60,末学,,Physician,1,-0.4508,0.92772,285,,,,,,,,,,,,,,,
Physician_dcc3994bf5,张长沙,,Physician,1,-0.80584,0.27135,0,,,,,,,,,,,,,,,
Physician_d649e19095,张凤逵,,Physician,1,-2.08966,0.75161,24,,,,,,,,,,,,,,,
Physician_4797a36751,扁鹊,,Physician,1,-0.5613,1.00479,70,,,,,,,,,,,,,,,
Physician_48fac8a86e,李氏,,Physician,1,-1.60096,1.10236,71,,,,,,,,,,,,,,,
Physician_598b94157a,章楠,,Physician,1,-0.94778,-0.66919,0,,虚谷,,,浙江会稽（绍兴,,,,,,,,,,
Physician_a206c0d9e4,陈祖望,,Physician,1,-0.26471,-0.47238,397,,,,,浙江山阴,,,,,,,,,,
Physician_90afcd0d1d,钱昌,,Physician,1,-1.56173,1.03697,398,,,,,浙江山阴,,,,,,,,,,
Physician_786e726320,叶天土,,Physician,1,-0.81305,-0.40783,0,,,,,,,,,,,,,,,
Physician_bd935d38b6,余云岫,,Physician,1,-0.24822,0.43896,400,,,,,,,,,,,,,,,
Physician_0e558be2f9,徐之才,,Physician,1,-0.65056,-0.88351,73,,,,,,,,,,,,,,,
Physician_00cd6687af,田乐川,,Physician,1,-2.2352,0.32799,401,,,,,,,,,,,,,,,
Physician_575be43098,方步范,,Physician,1,-0.58571,-1.01942,402,,,,,,,,,,,,,,,
Physician_5369bc95eb,史善长,,Physician,1,-0.32978,-0.7058,410,,,,,,,,,,,,,,,
Physician_c90593165f,张路玉,,Physician,1,-1.0976,1.0267,424,,,,,,,,,,,,,,,
Physician_2f03d4d40a,尤氏,,Physician,1,-0.26305,-0.7427,77,,,,,,,,,,,,,,,
Physician_6f77061a00,轩岐,,Physician,1,-0.85716,1.05679,437,,,,,,,,,,,,,,,
Physician_e8c6930ac8,杨茂森,,Physician,1,-0.03269,0.27581,79,,,,,,,,,,,,,,,
Physician_b569bd103a,沈兰垞,,Physician,1,-1.32292,-1.17131,441,,,,,,,,,,,,,,,
Physician_f6d9a08c8e,严继春,,Physician,1,-0.39738,0.66963,442,,,,,,,,,,,,,,,
Physician_ea50ecfdec,周雪樵,,Physician,1,-1.21561,0.31032,0,,,,,,,,,,,,,,,
Physician_18db9d7da5,蔡小香,,Physician,1,-2.28437,0.03743,443,,,,,,,,,,,,,,,
Physician_496dc706ff,傅嬾园,,Physician,1,-0.3374,-0.82609,444,,,,,,,,,,,,,,,
Physician_b8728e47cb,胡震,,Physician,1,-1.23524,1.02852,445,,,,,,,,,,,,,,,
Physician_72baf34b6a,毛凤岗,,Physician,1,-1.26189,0.32363,0,,,,,,,,,,,,,,,
Physician_77191eb4c3,严绍琪,,Physician,1,-1.20288,0.3233,0,,,,,,,,,,,,,,,
Physician_c1b25b6cd9,俞修源,,Physician,1,-1.24497,0.33825,0,,,,,,,,,,,,,,,
Physician_0b07d43237,郑惠中,,Physician,1,-1.21064,0.33576,0,,,,,,,,,,,,,,,
Physician_d41a33ac9e,周小农,,Physician,1,-1.26105,0.30886,0,,,,,无锡,,,,,,,,,,
Physician_d34fa867f5,余岩,,Physician,1,-1.88164,-0.85365,446,,,,,,,,,,,,,,,
Physician_305d5b592a,陈樾樵,,Physician,1,-1.41426,0.30758,0,,,,,,,,,,,,,,,
Physician_2865f2e1db,徐相宸,,Physician,1,-2.15891,-0.32036,451,,,,,上海,,,,,,,,,,
Physician_17c227e1e2,蔡元培,,Physician,1,-0.17346,-0.45597,452,,,,,,,,,,,,,,,
Physician_05352c87ff,何书田,,Physician,1,-0.77191,-0.04176,0,,,,,,,,,,,,,,,
Physician_af59a2fc8e,陆晋笙,,Physician,1,-1.64365,1.08509,453,,,,,,,,,,,,,,,
Physician_15935624a6,董说,,Physician,1,-1.35604,0.35474,0,,,,,,,,,,,,,,,
Physician_2993c24c00,皇甫谧,,Physician,1,-1.78667,0.92357,65,,,,,,,,,,,,,,,
Physician_dc5228a2d3,全元起,,Physician,1,-0.18151,-0.25281,64,,,,,,,,,,,,,,,
Physician_0ebedd72b2,王冰,,Physician,1,-1.2115,-1.17958,76,,,,,,,,,,,,,,,
Physician_97e445cb15,马培之,,Physician,1,-2.10752,-0.72945,459,,,,,,,,,,,,,,,
Physician_ab31ab1300,程钟龄,,Physician,1,-1.0918,0.38416,0,,,,,,,,,,,,,,,
Physician_d8250d5e34,张生甫,,Physician,1,-1.34207,0.33535,0,,,,,,,,,,,,,,,
Physician_f32e821b6b,杨栗山,,Physician,1,-1.93641,0.80553,461,,,,,,,,,,,,,,,
Physician_156af256d7,何氏,,Physician,1,-0.88669,0.01523,0,,,,,,,,,,,,,,,
Physician_803b8f80a1,魏柳州,,Physician,1,-1.33277,0.34144,0,,,,,,,,,,,,,,,
Physician_c864a982dc,嘉约翰,,Physician,1,-1.30485,0.3625,0,,,,,,,,,,,,,,,
Physician_15bb31faf7,李惺庵,,Physician,1,-0.2318,0.40227,27,,,,,,,,,,,,,,,
Physician_3f620b147f,蒲辅周,,Physician,1,-1.78421,1.01358,474,,,,,,,,,,,,,,,
Physician_efb1169b9b,程祖植,,Physician,1,-1.34032,0.325,0,,,,,,,,,,,,,,,
Physician_a5583fdda4,李志锐,,Physician,1,-0.13485,-0.35873,81,,,,,,,,,,,,,,,
Physician_20db30f6a0,俞东扶,,Physician,1,-0.55331,0.81741,2,,,,,,,,,,,,,,,
Physician_451281f009,刘氏,,Physician,1,-0.89332,1.14465,492,,,,,,,,,,,,,,,
Physician_47b64575df,缪氏,,Physician,1,-2.03943,-0.5677,493,,,,,,,,,,,,,,,
Physician_1de08ca507,雪樵君,,Physician,1,-1.57764,0.95015,7,,,,,,,,,,,,,,,
Physician_ff5f81bc7b,周氏,,Physician,1,-1.45512,-0.433,0,,,,,,,,,,,,,,,
Physician_b42c5740fc,包越瑚,,Physician,1,-0.16898,0.19684,502,,,,,,,,,,,,,,,
Physician_d8a6fc372f,又可,,Physician,1,-1.7442,1.03638,82,,,,,,,,,,,,,,,
Physician_76872817a9,仲师,,Physician,1,-0.92232,0.99725,28,,,,,,,,,,,,,,,
Physician_aeded2cb31,周岩,,Physician,1,-1.67168,-0.59933,0,,伯度,1832,约1905,浙江山阴人（今浙江绍兴,,,,,,,,,,
Physician_74d40103c3,陈士谔,,Physician,1,-0.53748,-0.80503,84,,,,,,,,,,,,,,,
Physician_82282d1726,陈修园,,Physician,1,-1.77352,-0.68493,0,,,,,,,,,,,,,,,
Physician_b9889989f3,邹润安,,Physician,1,-2.03438,-0.8139,85,,,,,,,,,,,,,,,
Physician_470d4dd492,唐容川,,Physician,1,-0.07532,-0.02665,515,,,,,,,,,,,,,,,
Physician_f540e4d776,陈平伯,,Physician,1,-0.03397,-0.28109,528,,,,,,,,,,,,,,,
Physician_23730012e7,陈载安,,Physician,1,-0.97824,-1.01005,538,,,,江墅,,,,,,,,,,,
Physician_e0637eb9ec,汪谢城,,Physician,1,-0.60765,0.94522,539,,,,,乌程,,,,,,,,,,
Physician_13114a4c53,赵舒安,,Physician,1,-1.48935,-0.22876,0,,,,,,,,,,,,,,,
Physician_c8ab6ed98f,方春阳,,Physician,1,-1.58129,0.32593,0,,,,,,,,,,,,,,,
Physician_e04df91378,赵能谷,,Physician,1,-0.69221,-0.99151,90,,,,,,,,,,,,,,,
Physician_a13eeb6934,陆拯,,Physician,1,-0.84888,1.13259,91,,,,,,,,,,,,,,,
Physician_95957a14f2,葛绥,,Physician,1,-0.25567,-0.45443,541,,,,,,,,,,,,,,,
Physician_74f36f5d02,李濒湖,,Physician,1,-1.50233,-0.22629,0,,,,,,,,,,,,,,,
Physician_99facf12e6,缪宜亭,,Physician,1,-0.09635,-0.21616,92,,,,,,,,,,,,,,,
Physician_e3dea4440d,卢氏,,Physician,1,-0.34912,0.72846,93,,,,,,,,,,,,,,,
Physician_ca40cd3570,张石顾,,Physician,1,-1.79869,-0.82348,31,,,,,,,,,,,,,,,
Physician_a8afb40c33,陆祖愚,,Physician,1,-0.68029,0.98555,32,,,,,,,,,,,,,,,
Physician_9c88300d20,恭钊,,Physician,1,-0.8361,-0.19366,0,,云波,,,,,,,,,,,,,
Physician_7abaf4bc25,道高,,Physician,1,-0.84378,-0.20973,0,,,,,,,,,,,,,,,
Physician_aafd7ebdbe,周声溢,,Physician,1,-0.58237,-0.92945,8,,,,,,,,,,,,,,,
Physician_6d248c70a7,沈金鳌,,Physician,1,-1.25257,1.10261,95,,,,,,,,,,,,,,,
Physician_b9ea9a7c9b,王馥原,,Physician,1,-1.10337,0.3837,0,,,,,,,,,,,,,,,
Physician_d9cb5ba6c4,周毅修,,Physician,1,-1.98131,0.8662,9,,,,,,,,,,,,,,,
Physician_575fa34550,周明道,,Physician,1,-0.98014,1.16295,9,,,,,,,,,,,,,,,
Physician_57aa13a2a5,沈敏之,,Physician,1,-1.99434,-0.63067,9,,,,,,,,,,,,,,,
Physician_cc82f2a2eb,潘国贤,,Physician,1,-2.09919,0.61328,96,,,,,,,,,,,,,,,
Physician_f51b4c3ede,魏康伯,,Physician,1,-0.59978,-0.85103,601,,,,,,,,,,,,,,,
Physician_8d1aa30c7c,劳和鸣,,Physician,1,-1.02227,1.09368,602,,,,,绍兴东关,,,,,,,,,,
Physician_82e7e7ab25,沈钦荣,,Physician,1,-1.67866,0.07434,0,,,,,,,,,,,,,,,
Physician_0f183447bd,孙懿人,,Physician,1,-0.1592,0.13735,23,,,,,,,,,,,,,,,
Physician_746b06e5ca,郑肖岩,,Physician,1,-1.41349,0.58159,0,,,,,,,,,,,,,,,
Physician_335ab26fb1,吴堃庵,,Physician,1,-1.39056,0.52443,0,,,,,,,,,,,,,,,
Physician_86e4d14c98,宋爱人,,Physician,1,-0.15314,0.08031,625,,,,,,,,,,,,,,,
Physician_169d5fbada,汪苓友,,Physician,1,-0.35954,-0.6227,10,,,,,,,,,,,,,,,
Physician_6a92e281a6,方氏,,Physician,1,-0.09935,-0.47392,98,,,,,,,,,,,,,,,
Physician_0849f1c3b5,柯氏,,Physician,1,-1.53363,-1.04689,99,,,,,,,,,,,,,,,
Physician_64dbd38c9c,陈自明,,Physician,1,-2.18091,0.24305,100,,,,,,,,,,,,,,,
Physician_9d434838d4,巢氏,,Physician,1,-0.61895,0.86379,628,,,,,,,,,,,,,,,
Physician_4dca3fbd85,程式,,Physician,1,-0.22414,-0.3837,33,,,,,,,,,,,,,,,
Physician_6a44078b82,张介宾,,Physician,1,-0.29391,0.52512,34,,,,,,,,,,,,,,,
Physician_970574a9b5,陶氏,,Physician,1,-2.24979,-0.27673,629,,,,,,,,,,,,,,,
Physician_3670c08ecf,王清任,,Physician,1,-1.418,0.563,0,,勋臣,,,,,,,,,,,,,
Physician_b6b68c16ea,林澜,,Physician,1,-1.00287,1.16663,101,,,,,,,,,,,,,,,
Physician_24e188a7cc,王士雄,,Physician,1,-1.98188,-0.64644,102,,,,,,,,,,,,,,,
Physician_c5e9205457,华佗,,Physician,1,-1.99806,0.8504,103,,,,,,,,,,,,,,,
Physician_8b991fe569,范永升,,Physician,1,-1.27843,0.57672,0,,,,,,,,,,,,,,,
Physician_58ee9f4186,周越铭,,Physician,1,-1.23232,-1.02867,640,,,,,,,,,,,,,,,
Physician_b77011231d,巢元方,,Physician,1,-2.35262,-0.1318,104,,,,,,,,,,,,,,,
Physician_2b927b7697,鹤冲元逸,,Physician,1,-0.00106,-0.03517,35,,,,,,,,,,,,,,,
Physician_b8d5a27781,藤本廉,,Physician,1,-0.19213,0.29157,106,,,,,,,,,,,,,,,
Physician_30c1870099,徐氏,,Physician,1,-2.13208,0.393,4,,,,,,,,,,,,,,,
Physician_18279ef1c2,寇宗爽,,Physician,1,-2.17276,0.48523,107,,,,,,,,,,,,,,,
Physician_72312b897a,石寿棠,,Physician,1,-1.51139,0.46235,0,,,,,,,,,,,,,,,
Physician_d44e51a34e,许辛木,,Physician,1,-0.31349,-0.55683,664,,,,,,,,,,,,,,,
Physician_2ffc58a1a2,何筱廉,,Physician,1,-0.68479,-1.07106,669,,,,,,,,,,,,,,,
Physician_fdcfb4b738,杨哲安,,Physician,1,-1.17477,0.55831,0,,,,,,,,,,,,,,,
Physician_17f48caa1c,张再良,,Physician,1,-0.81033,0.96138,108,,,,,,,,,,,,,,,
Physician_41bdcca219,胡再永,,Physician,1,-0.05238,-0.34766,36,,,,,,,,,,,,,,,
Physician_8a20eaf019,杨洁德,,Physician,1,-1.11819,-1.10327,37,,,,,,,,,,,,,,,
Physician_ae63c5d033,张楠,,Physician,1,-1.71803,0.87831,109,,,,,,,,,,,,,,,
Physician_b6345e111c,傅幼真,,Physician,1,-1.00087,1.0143,691,,,,,,,,,,,,,,,
Physician_f8f3be93a8,陈祖皋,,Physician,1,-2.05675,-0.67256,692,,,,,,,,,,,,,,,
Physician_198b2744ba,常青,,Physician,1,-1.39087,-1.08469,110,,,,,,,,,,,,,,,
Physician_35e82a6698,傅崇黻,,Physician,1,-2.20438,0.10741,111,,,,,,,,,,,,,,,
Work_5759b66c42,通俗伤寒论,,Work,69,-1.03561,0.38179,0,,,,,,俞根初,清乾、嘉年间,,,,,,,,
Work_c26590e9fe,重订通俗伤寒论,,Work,33,-1.07307,0.4377,0,,,,,,俞根初,2011,,,,,,,,
Work_1d76324e98,伤寒论,,Work,30,-1.0978,-0.31903,0,,,,,,仲景,,,,,,,,,
Work_c2858261d4,内经,,Work,28,-1.29116,-0.36594,0,,,,,,,,,,,,,,,
Work_f1b486c4b4,三订通俗伤寒论,,Work,21,-0.87587,0.34219,0,,,,,,俞根初,2002,,,,,,,,
Work_e1bbf1453e,重订广温热论,,Work,17,-1.07488,0.23689,0,,,,,,何廉臣,,,,,,,,,
Work_fa4b532437,医门棒喝,,Work,12,-0.95741,-0.6408,0,,,,,,章虚谷,道光五年（1825）,,,,,,,,
Work_22cdc1f3fd,本草思辨录,,Work,11,-1.62503,-0.56126,0,,,,,,周伯度,1904,,,,,,,,
Work_c16a148d0d,张氏温暑医旨,,Work,9,-1.16609,-0.49372,0,,,,,,张畹香,,,,,,,,,
Work_c6ca06bcfb,伤寒杂病论,,Work,8,-1.01623,-0.21661,0,,,,,,张仲景,,,,,,,,,
Work_de90dd136b,素问,,Work,7,-2.21912,-0.55914,64,,,,,,,,,,,,,,,
Work_97527e091f,温病条辨,,Work,7,-0.89457,0.07885,0,,,,,,吴鞠通,,,,,,,,,
Work_38e68ce142,存存斋医话稿,,Work,7,-1.52682,-0.19736,0,,,,,,赵晴初,,,,,,,,,
Work_671da25e98,六气感证要义,,Work,6,-1.71127,-0.63278,0,,,,,,周伯度,光绪戊戌正月（1898）,,,,,,,,
Work_1e67ecee5d,景岳全书,,Work,6,-1.65439,0.0967,0,,,,,,张景岳,,,,,,,,,
Work_13db2d32cd,六经总诀,,Work,6,-0.80505,0.36322,0,,,,,,俞根初,,,,,,,,,
Work_99a510090a,难经,,Work,6,-0.28384,-0.50773,26,,,,,,扁鹊,,,,,,,,,
Work_3b07717e62,景岳全书·伤寒典,,Work,5,-1.61617,0.12331,0,,,,,,张景岳,,,,,,,,,
Work_f9e0a22b56,六经治法,,Work,5,-0.83778,0.34787,0,,,,,,俞根初,,,,,,,,,
Work_0ac5470981,曹炳章医学论文集,,Work,5,-1.35937,0.52199,0,,,,,,曹炳章,,,,,,,,,
Work_f501ea7d8f,辨舌指南,,Work,5,-1.36593,0.50523,0,,,,,,曹炳章,1962,,,,,,,,
Work_d033104cc1,湿温时疫治疗法,,Work,4,-1.32231,0.31946,0,,,,,,何廉臣,,,,,,,,,
Work_4645542e3b,增订通俗伤寒论,,Work,4,-1.10902,0.39255,0,,,,,,何廉臣,2004,,,,,,,,
Work_27b47dea9a,景岳全书·杂证谟瘟疫篇,,Work,4,-1.67172,0.12678,0,,,,,,张景岳,,,,,,,,,
Work_c7448ee3a1,医学心悟,,Work,4,-0.69961,0.99512,272,,,,,,程钟龄,,,,,,,,,
Work_b9d1d1d3d3,感症宝筏,,Work,4,-1.25568,0.34928,0,,,,,,何廉臣,2011,,,,,,,,
Work_b6f619c8be,黄帝内经,,Work,4,-1.81464,0.81126,29,,,,,,,,,,,,,,,
Work_dbe8ad74f3,存存斋医稿,,Work,4,-1.48287,-0.25312,0,,,,,,赵晴初,,,,,,,,,
Work_892767e8c1,存存斋教子学医法,,Work,4,-1.54065,-0.25386,0,,,,,,赵晴初,,,,,,,,,
Work_a3d8d302ed,存存斋医话三集,,Work,4,-1.50187,-0.21151,0,,,,,,赵晴初,,,,,,,,,
Work_b0f1958460,喉痧证治要略,,Work,4,-1.40929,0.52429,0,,,,,,曹炳章,1917,,,,,,,,
Work_a90305df7b,彩图辨舌指南,,Work,4,-1.38562,0.5048,0,,,,,,曹炳章,,,,,,,,,
Work_72df7b8787,灵枢,,Work,3,-0.23983,0.4207,256,,,,,,,,,,,,,,,
Work_7c8476d8b4,质疑录,,Work,3,-1.62201,0.10245,0,,,,,,张景岳,,,,,,,,,
Work_669400289f,素问·阴阳应象大论,,Work,3,-0.96815,-0.67848,0,,,,,,,,,,,,,,,
Work_b4137a1c46,绍兴医药月报,,Work,3,-0.82656,0.47325,0,,,,,,曹炳章,1924,,,,,,,,
Work_79dc97bce5,千金方,,Work,3,-0.37027,-0.85834,67,,,,,,,,,,,,,,,
Work_6650bcdaba,伤寒要义,,Work,3,-0.79376,0.49118,0,,,,,,俞根初,,,,,,,,,
Work_fac46dbbf4,绍兴医药学报,,Work,3,-1.09668,-1.10185,284,,,,,,裘吉生,1916,,,,,,,,
Work_9921f3307c,伤寒,大伤寒,Work,3,-0.91755,0.38631,0,,,,,,俞根初,,,,,,,,,
Work_d8c1c07008,金匮,,Work,3,-2.00649,0.61466,69,,,,,,,,,,,,,,,
Work_ff514a3853,灵素节注类编,,Work,3,-0.89427,-0.48873,0,,,,,,章虚谷,道光十四年（1834）,,,,,,,,
Work_54bdb8354e,初集,,Work,3,-0.77461,-0.4143,0,,,,,,章氏,,,,,,,,,
Work_df76f7fc55,初集·卷三·平心论,,Work,3,-0.80315,-0.40433,0,,,,,,章氏,,,,,,,,,
Work_0e92e22455,全国名医验案类编,,Work,3,-1.28414,0.2865,0,,,,,,何廉臣,2018,,,,,,,,
Work_353e443eb9,时病论,,Work,3,-0.79223,-0.098,0,,,,,,雷少逸,,,,,,,,,
Work_930c32195b,医病简要,,Work,3,-1.21107,-0.52315,0,,,,,,张畹香,,,,,,,,,
Work_ee3ee2e3d7,金匮要略,,Work,3,-1.40432,-0.13228,0,,,,,,南阳先师,,,,,,,,,
Work_6e805283ba,珍本医书集成,,Work,3,-0.92101,-1.15123,23,,,,,,裘吉生,1936,,,,,,,,
Work_ad35b90a36,千金,,Work,3,-1.75189,0.85665,529,,,,,,,,,,,,,,,
Work_c5e3b0fe43,存存斋医话一集,,Work,3,-1.49089,-0.24397,0,,,,,,赵晴初,,,,,,,,,
Work_662bc2305c,伤寒十八方,,Work,3,-0.86596,-0.2526,0,,,,,,胡宝书,,,,,,,,,
Work_e9294ea128,邵兰荪医案,,Work,3,-1.25783,0.43931,0,,,,,,曹炳章,1937,,,,,,,,
Work_4acd795991,中国医学大成,,Work,3,-1.36544,0.49473,0,,,,,,曹氏,1937,,,,,,,,
Work_459263a214,增订伪药条辨,,Work,3,-1.35282,0.50204,0,,,,,,曹炳章,1928,,,,,,,,
Work_88ab8c6bd5,温热论,,Work,2,-0.99423,-0.28176,0,,,,,,叶氏,,,,,,,,,
Work_13677aae8b,伤寒百证歌注,,Work,2,-1.39362,0.35358,0,,,,,,许叔微,,,,,,,,,
Work_56221e2ae0,伤寒广要,,Work,2,-1.34434,0.30305,0,,,,,,丹波氏,,,,,,,,,
Work_b35a73c0b4,伤寒论识,,Work,2,-1.37498,0.31018,0,,,,,,浅田惟常,,,,,,,,,
Work_814baf8b8e,瘟痧证治要略,,Work,2,-1.40098,0.4822,0,,,,,,曹炳章,,,,,,,,,
Work_4929fd93c2,暑病证治要略,,Work,2,-1.38394,0.49443,0,,,,,,曹炳章,,,,,,,,,
Work_4066c75118,通俗伤寒论绪言,,Work,2,-1.38045,0.55135,0,,,,,,曹炳章,,,,,,,,,
Work_d754461e69,甲乙经,,Work,2,-1.36851,-1.16485,65,,,,,,皇甫谧,,,,,,,,,
Work_fac0827821,伤寒典,,Work,2,-1.60579,0.10924,0,,,,,,张景岳,,,,,,,,,
Work_371bcea53c,景岳全书·传忠录阴阳篇,,Work,2,-1.73358,0.09428,0,,,,,,张景岳,,,,,,,,,
Work_43d9b160fa,伤寒夹证,,Work,2,-0.81924,0.45639,0,,,,,,俞根初,,,,,,,,,
Work_74edfe7511,素问·热论,,Work,2,-2.19634,-0.16716,286,,,,,,,,,,,,,,,
Work_fe16527262,气血虚实,,Work,2,-0.79206,0.23019,0,,,,,,俞根初,,,,,,,,,
Work_cd4e40ab4d,六淫病用药法,,Work,2,-0.82732,0.34695,0,,,,,,,,,,,,,,,
Work_19dc0a6a7d,观两目法,,Work,2,-0.83806,0.36634,0,,,,,,俞根初,,,,,,,,,
Work_bd9a390aa7,温热经纬,,Work,2,-0.94293,0.02789,0,,,,,,王孟英,,,,,,,,,
Work_f7e85fccdc,二集,,Work,2,-0.8164,-0.41778,0,,,,,,章氏,,,,,,,,,
Work_58bf6a1210,阴阳大论,,Work,2,-0.46422,0.74065,76,,,,,,王冰,,,,,,,,,
Work_daaa92ef4b,医门棒喝初集,,Work,2,-0.96588,-0.54849,0,,,,,,章氏,,,,,,,,,
Work_0815264e33,瘟疫论,,Work,2,-1.03001,0.4919,0,,,,,,吴又可,,,,,,,,,
Work_b824414d90,实验药物学,,Work,2,-1.16234,0.3329,0,,,,,,何廉臣,,,,,,,,,
Work_5c88c447c3,廉臣医案,,Work,2,-1.17524,0.34736,0,,,,,,何廉臣,,,,,,,,,
Work_2ba401a3f8,新方歌诀,,Work,2,-1.16167,0.32242,0,,,,,,何廉臣,,,,,,,,,
Work_7cc678f151,广温热论,,Work,2,-0.84724,-0.01982,0,,,,,,何氏,,,,,,,,,
Work_da48914ac0,伤寒指掌,,Work,2,-0.79064,-0.02825,0,,,,,,吴坤安,,,,,,,,,
Work_e19e4660c8,印岩医话,,Work,2,-1.28065,0.32846,0,,,,,,何廉臣,,,,,,,,,
Work_c53939005c,临证指南医案,,Work,2,-1.0001,-0.27305,0,,,,,,叶氏,,,,,,,,,
Work_c7d4eba7b6,张氏温暑医旨·温邪篇,,Work,2,-1.18565,-0.48915,0,,,,,,张畹香,,,,,,,,,
Work_fc03201f7d,伤寒论·辨太阳病脉证并治上,,Work,2,-0.35796,-0.73843,30,,,,,,,,,,,,,,,
Work_e5b9083b06,外台,,Work,2,-0.41577,-0.79811,533,,,,,,,,,,,,,,,
Work_2524b789c7,存存斋本草撷华,,Work,2,-1.47628,-0.24495,0,,,,,,赵晴初,,,,,,,,,
Work_81c499aee4,医宗必读,,Work,2,-1.16178,0.56559,0,,,,,,,,,,,,,,,
Work_9ab71b9503,存存斋医话二集,,Work,2,-1.52338,-0.21654,0,,,,,,赵晴初,,,,,,,,,
Work_8650523e5a,存存斋医话稿·卷二,,Work,2,-1.51456,-0.23301,0,,,,,,赵晴初,,,,,,,,,
Work_b9a2ec6f87,医医病书,,Work,2,-1.17655,0.38196,0,,,,,,吴鞠通,,,,,,,,,
Work_61dafa6f42,存存斋医论,,Work,2,-1.60986,-0.05522,0,,,,,,赵晴初,2019,,,,,,,,
Work_8f099cc552,医案选按,,Work,2,-1.11735,-0.26215,0,,,,,,赵晴初,,,,,,,,,
Work_48f9be8a30,邵氏医案,,Work,2,-2.08705,0.6311,23,,,,,,裘吉生,,,,,,,,,
Work_a1529e61cd,秋瘟证治要略,,Work,2,-1.35609,0.51202,0,,,,,,曹炳章,1918,,,,,,,,
Work_e4dcedab8a,病源,,Work,2,-0.13802,-0.55378,630,,,,,,巢氏,,,,,,,,,
Work_62bd5f2943,医原,,Work,2,-1.43885,0.44571,0,,,,,,石芾南,,,,,,,,,
Work_2de3b291d1,妇科知要,,Work,2,-1.19432,0.56618,0,,,,,,徐荣斋,,,,,,,,,
Work_1473338f60,景岳全书•伤寒典,,Work,1,-1.61166,0.07568,0,,,,,,张景岳,,,,,,,,,
Work_1c53d4dc79,伤寒论翼,,Work,1,-1.16001,1.17983,246,,,,,,柯韵伯,,,,,,,,,
Work_e72b7b3bdc,伤寒法祖,,Work,1,-0.26684,-0.62222,60,,,,,,任越安,,,,,,,,,
Work_5d401f3a3e,医学心源,,Work,1,-0.21801,0.68335,20,,,,,,任沨波,,,,,,,,,
Work_e89d37f551,任氏简易方,,Work,1,-1.412,-1.08037,20,,,,,,任沨波,,,,,,,,,
Work_bdf97771a4,伤寒论本旨,,Work,1,-0.9878,-0.56963,0,,,,,,章虚谷,,,,,,,,,
Work_fd074ff823,伤寒热病辨,,Work,1,-0.98174,-0.5598,0,,,,,,章虚谷,,,,,,,,,
Work_2592bb3838,湿热条辨,,Work,1,-1.88852,-0.7476,247,,,,,,薛氏,,,,,,,,,
Work_3b853f56e9,伤寒尚论辨似,,Work,1,-2.35899,0.04876,21,,,,,,高学山,,,,,,,,,
Work_b09a0aaf94,感证宝筏,,Work,1,-1.22254,0.35886,0,,,,,,何廉臣,,,,,,,,,
Work_4302935d83,增订时病论,,Work,1,-1.19771,0.3523,0,,,,,,何廉臣,,,,,,,,,
Work_77861622d1,伤寒述义,,Work,1,-1.34347,0.31351,0,,,,,,丹波氏,,,,,,,,,
Work_099899db58,存存斋医话,,Work,1,-1.68335,-0.89863,61,,,,,,赵睛初,,,,,,,,,
Work_cdb95f92ee,梦南雷斋医话,,Work,1,-0.1306,0.3461,62,,,,,,黄寿衮,,,,,,,,,
Work_d8254355d1,馤塘医话,,Work,1,-0.81617,1.04339,63,,,,,,张鲁峰,,,,,,,,,
Work_4bfe63d6fe,暑温医旨,,Work,1,-1.17216,-0.48515,0,,,,,,张畹香,,,,,,,,,
Work_0b6f246040,历代伤寒书目考,,Work,1,-1.39272,0.48867,0,,,,,,曹炳章,,,,,,,,,
Work_686e5f063c,中医各家学说,,Work,1,-0.9395,0.52905,0,,,,,,,,,,,,,,,
Work_f023a55017,方剂学,,Work,1,-0.9498,0.5311,0,,,,,,,,,,,,,,,
Work_4855a24fb7,中医诊断学,,Work,1,-0.93185,0.52186,0,,,,,,,,,,,,,,,
Work_d278644b9a,类经,,Work,1,-1.60832,0.09343,0,,,,,,张景岳,,,,,,,,,
Work_54f12c3a88,太素,,Work,1,-2.2286,0.34852,257,,,,,,杨上善,,,,,,,,,
Work_3cce478ce8,读素问钞,,Work,1,-0.60572,-1.03082,258,,,,,,滑伯仁,,,,,,,,,
Work_c9018e32ef,古今名医汇粹·张景岳虚损论,,Work,1,-1.74339,0.06464,0,,,,,,,,,,,,,,,
Work_96cf470f77,类经图翼·大宝论,,Work,1,-0.37185,0.63859,66,,,,,,,,,,,,,,,
Work_d656e12ebd,景岳全书·新方八略引,,Work,1,-2.09459,-0.62012,260,,,,,,,,,,,,,,,
Work_703eecae40,景岳全书·阳不足再辨,,Work,1,-1.73376,0.14312,0,,,,,,,,,,,,,,,
Work_19871c045b,伤寒无补法辨,,Work,1,-1.60089,0.142,0,,,,,,张景岳,,,,,,,,,
Work_2966e90bd3,论虚邪治法,,Work,1,-1.6113,0.06519,0,,,,,,张景岳,,,,,,,,,
Work_387b0df5bc,论伤寒无补法,,Work,1,-1.61612,0.11114,0,,,,,,张景岳,,,,,,,,,
Work_b73f44beb3,伤寒治虚法,,Work,1,-1.60649,0.12737,0,,,,,,张景岳,,,,,,,,,
Work_e890bfa888,杂证谟瘟疫篇,,Work,1,-1.8824,0.09724,0,,,,,,景岳,,,,,,,,,
Work_219183235e,景岳全书·传忠录表证篇,,Work,1,-1.61137,0.14266,0,,,,,,张景岳,,,,,,,,,
Work_d634513dca,景岳全书·传忠录神气存亡论,,Work,1,-1.62213,0.07447,0,,,,,,张景岳,,,,,,,,,
Work_390e14f10f,山阴陶里俞氏宗谱,,Work,1,-0.80873,0.45715,0,,,,,,,,,,,,,,,
Work_ac2f1f7c1d,绍兴府志,,Work,1,-1.7825,-0.8354,268,,,,,,,,,,,,,,,
Work_192f27448b,伤寒总病论,,Work,1,-0.88361,-0.98644,271,,,,,,,,,,,,,,,
Work_5a9c82c014,顾松园医镜,,Work,1,-2.27608,-0.43705,273,,,,,,,,,,,,,,,
Work_a8fc4fdbf3,世医得效方,,Work,1,-0.21683,-0.36497,274,,,,,,,,,,,,,,,
Work_53ce3bcb26,张氏医通,,Work,1,-1.67744,0.9867,275,,,,,,,,,,,,,,,
Work_4cb6279a1b,医门法律,,Work,1,-1.50005,-1.13577,276,,,,,,,,,,,,,,,
Work_70daf162de,和剂局方,,Work,1,-0.30433,0.54231,277,,,,,,,,,,,,,,,
Work_2a38f2f627,医方集解,,Work,1,-2.26571,0.20558,278,,,,,,,,,,,,,,,
Work_cd4232246c,伤寒全生集,,Work,1,-0.47339,-0.94504,279,,,,,,,,,,,,,,,
Work_c2b57eeddb,伤寒诊法,,Work,1,-0.6405,0.28096,0,,,,,,俞根初,,,,,,,,,
Work_e92ca8cf7f,心法提要,,Work,1,-1.07758,1.0249,280,,,,,,俞根初,,,,,,,,,
Work_b300d41019,重订通俗伤寒论题辞,,Work,1,-1.39977,0.54095,0,,,,,,曹炳章,,,,,,,,,
Work_73af68211f,表里寒热,,Work,1,-0.7397,0.27813,0,,,,,,俞根初,,,,,,,,,
Work_fff329e953,条辨,,Work,1,-0.00615,0.12035,68,,,,,,吴氏,,,,,,,,,
Work_6a49b23db3,按胸腹,,Work,1,-0.59872,0.30711,0,,,,,,,,,,,,,,,
Work_72d7fe1bb5,六经方药,,Work,1,-0.90115,0.42023,0,,,,,,,,,,,,,,,
Work_ad79d888c5,治暑全书,,Work,1,-0.07644,0.05643,24,,,,,,张凤逵,,,,,,,,,
Work_ea085caddb,六经用药法,,Work,1,-0.81824,0.46684,0,,,,,,,,,,,,,,,
Work_9ac800cde2,妊娠伤寒,,Work,1,-0.71995,0.56964,0,,,,,,,,,,,,,,,
Work_1a633b3b8b,产后伤寒,,Work,1,-0.72808,0.57628,0,,,,,,,,,,,,,,,
Work_9b0893ae5d,伤寒阳明病释,,Work,1,-2.32995,-0.2646,25,,,,,,陆九芝,,,,,,,,,
Work_f8b267e54d,局方,,Work,1,-1.89816,-0.8398,302,,,,,,,,,,,,,,,
Work_842ed6639e,发汗剂,,Work,1,-1.08433,0.5177,0,,,,,,何秀山,,,,,,,,,
Work_1ee0c32a96,瘥后药物调理法,,Work,1,-0.78947,0.24691,0,,,,,,,,,,,,,,,
Work_88f2477f70,二集（一名《伤寒论本旨》或《活人新书,,Work,1,-0.79572,-0.39691,0,,,,,,章氏,道光十五年（1835）,,,,,,,,
Work_e01cc652c9,灵素节注类编·医门棒喝三集,,Work,1,-1.62226,0.33508,0,,,,,,章氏,1986年,,,,,,,,
Work_7c6aa4a3e9,初集·卷一·自题,,Work,1,-0.90608,-0.48302,0,,,,,,章氏,,,,,,,,,
Work_af9267016e,伤寒论·自序,,Work,1,-1.18418,-0.27771,0,,,,,,仲景,,,,,,,,,
Work_f93b740b9f,千金要方·卷一,,Work,1,-1.62743,-1.09188,399,,,,,,孙思邈,,,,,,,,,
Work_5162d9be1c,初集·卷二·方制要妙论,,Work,1,-2.13528,-0.69271,74,,,,,,,,,,,,,,,
Work_a530631576,遂初轩医话,,Work,1,-0.96143,1.00654,403,,,,,,方步范,,,,,,,,,
Work_5c46f35951,初集·卷一·条例,,Work,1,-2.08232,-0.63784,404,,,,,,,,,,,,,,,
Work_36c1006ad3,初集·卷一,,Work,1,-1.34036,1.16905,411,,,,,,,,,,,,,,,
Work_389e587259,周易,,Work,1,-0.20989,-0.34611,418,,,,,,,,,,,,,,,
Work_3bf5ac92f2,素问辨疑,,Work,1,-0.99224,-0.56008,0,,,,,,章虚谷,,,,,,,,,
Work_79977c327e,九卷,,Work,1,-1.6966,0.97681,419,,,,,,,,,,,,,,,
Work_bda66ea783,八十一难,,Work,1,-1.47783,-1.1418,420,,,,,,,,,,,,,,,
Work_38972bb882,金匱要略,,Work,1,-1.16588,-0.28267,0,,,,,,仲景,,,,,,,,,
Work_659d655347,热病论,,Work,1,-0.31508,0.55929,421,,,,,,,,,,,,,,,
Work_2202fe4458,通评虚实论,,Work,1,-0.96846,-0.62342,0,,,,,,,,,,,,,,,
Work_195aba361c,叶天士温病论,,Work,1,-0.95511,-0.54437,0,,,,,,章虚谷,,,,,,,,,
Work_1856975475,薛生白湿热条辨,,Work,1,-1.02124,-0.5682,0,,,,,,章虚谷,,,,,,,,,
Work_05e0f92613,叶香岩外感温热篇,,Work,1,-2.26951,0.18436,422,,,,,,叶天士,,,,,,,,,
Work_b921394d8b,薛生白湿热病篇,,Work,1,-0.45508,-0.93107,423,,,,,,薛生白,,,,,,,,,
Work_6c1e6b0bd4,贯珠集,,Work,1,-2.28296,-0.06719,77,,,,,,尤氏,,,,,,,,,
Work_ad67feab77,类编,,Work,1,-0.9691,-0.55848,0,,,,,,章虚谷,,,,,,,,,
Work_1b5d138ac2,六月感暑脾肾两伤助阳得愈案,,Work,1,-0.69512,-0.43267,0,,,,,,,,,,,,,,,
Work_8857f1d99c,风寒误作温病案,,Work,1,-0.99873,-0.56832,0,,,,,,,,,,,,,,,
Work_3157a96d0a,温暑提纲,,Work,1,-1.00916,-0.56711,0,,,,,,章虚谷,,,,,,,,,
Work_2f55f80d87,章虚谷遗著《灵素节注类编》钩沉,,Work,1,-2.08107,0.49896,79,,,,,,杨茂森,1980,,,,,,,,
Work_52d4c0e83e,医药丛书,,Work,1,-0.01174,0.16606,447,,,,,,,1916-1921,,,,,,,,
Work_edc5422add,国医百家,,Work,1,-2.02985,0.58195,448,,,,,,,1916-1921,,,,,,,,
Work_a90c1aad2d,绍兴医药丛书,,Work,1,-1.20503,0.36216,0,,,,,,,,,,,,,,,
Work_67c8e6e941,公编医学讲义之商榷,,Work,1,-1.27769,0.2996,0,,,,,,何廉臣,1915,,,,,,,,
Work_66d0589f3e,内科证治全书,,Work,1,-1.2846,0.31348,0,,,,,,何廉臣,,,,,,,,,
Work_c8abe3e1f5,中风新论,,Work,1,-1.1619,0.34339,0,,,,,,何廉臣,,,,,,,,,
Work_f6bd9832e1,痛风新论,,Work,1,-1.23717,0.35149,0,,,,,,何廉臣,,,,,,,,,
Work_71a80d1adf,儿科诊断学,,Work,1,-1.26263,0.29279,0,,,,,,何廉臣,,,,,,,,,
Work_97ff7f738c,药学汇讲,,Work,1,-1.17265,0.30467,0,,,,,,何廉臣,,,,,,,,,
Work_005ff038e9,肺痨汇编,,Work,1,-1.18748,0.34203,0,,,,,,何廉臣,,,,,,,,,
Work_2f494407c5,喉痧白喉证治全书,,Work,1,-1.26903,0.339,0,,,,,,何廉臣,,,,,,,,,
Work_76cbc35cc9,生理学讲义,,Work,1,-1.24606,0.28903,0,,,,,,何廉臣,,,,,,,,,
Work_d7cd18c58e,内经讲议,,Work,1,-1.17798,0.31916,0,,,,,,何廉臣,1923,,,,,,,,
Work_2c9697d6f4,新医宗必读,,Work,1,-1.20496,0.28979,0,,,,,,何廉臣,,,,,,,,,
Work_fcc3c137cb,全体总论,,Work,1,-1.29289,0.30363,0,,,,,,何廉臣,,,,,,,,,
Work_2d856b7833,勘病要诀,,Work,1,-1.22369,0.28539,0,,,,,,何廉臣,,,,,,,,,
Work_bf14c2389a,妇科学粹,,Work,1,-1.18146,0.33343,0,,,,,,何廉臣,,,,,,,,,
Work_48fc732118,药学粹言,,Work,1,-1.20219,0.30152,0,,,,,,何廉臣,,,,,,,,,
Work_46a26a6988,内科通论,,Work,1,-1.2967,0.3181,0,,,,,,何廉臣,,,,,,,,,
Work_cebbf83845,内经存真,,Work,1,-1.18512,0.31001,0,,,,,,何廉臣,,,,,,,,,
Work_f211f65b09,医学妙谛,,Work,1,-0.81384,-0.02187,0,,,,,,何书田,,,,,,,,,
Work_bb9a97f66d,增订伤寒百证歌,,Work,1,-1.24764,0.27865,0,,,,,,,,,,,,,,,
Work_37200f4cd2,新证伤寒广要,,Work,1,-1.25524,0.35977,0,,,,,,,,,,,,,,,
Work_d6d47e943f,鉴定伤寒论诀,,Work,1,-1.23474,0.3624,0,,,,,,,,,,,,,,,
Work_3ed5321089,伤寒论述义,,Work,1,-1.30863,0.30569,0,,,,,,,,,,,,,,,
Work_7f890e3a88,新订温病条辨,,Work,1,-1.30055,0.29028,0,,,,,,,,,,,,,,,
Work_650e0ffbca,吴鞠通医案按,,Work,1,-1.18205,0.35628,0,,,,,,,,,,,,,,,
Work_3eee72a0e8,叶天士医案按,,Work,1,-1.29696,0.32939,0,,,,,,,,,,,,,,,
Work_53a166449b,何氏医论,,Work,1,-0.20572,0.52136,455,,,,,,,,,,,,,,,
Work_9b155c7aca,续古今医案按,,Work,1,-2.32323,0.29226,456,,,,,,,,,,,,,,,
Work_2e4714918a,运气辨正,,Work,1,-1.41425,0.37037,0,,,,,,董说,,,,,,,,,
Work_dfe966a15f,医学衷中参西录,,Work,1,-1.33496,0.40895,0,,,,,,张锡纯,,,,,,,,,
Work_cfcb996968,医学达变,,Work,1,-1.41622,0.33759,0,,,,,,张生甫,,,,,,,,,
Work_d387fd3dea,温热暑疫全书,,Work,1,-0.49366,0.76801,463,,,,,,,,,,,,,,,
Work_0793b70a55,广瘟疫论,,Work,1,-1.1599,0.31207,0,,,,,,,,,,,,,,,
Work_111192a975,温热四时皆有,,Work,1,-0.74325,1.0962,471,,,,,,,,,,,,,,,
Work_bda5f5bc65,证治汇补,,Work,1,-2.2216,0.36891,27,,,,,,李惺庵,,,,,,,,,
Work_1947fe2ac3,察舌辨证歌,,Work,1,-0.67978,-0.07338,0,,,,,,吴坤安,,,,,,,,,
Work_143696e304,验方妙用,,Work,1,-1.38874,-1.00863,475,,,,,,何氏与其师樊开周先生,,,,,,,,,
Work_ee0c243ec2,温疫论,,Work,1,-0.50656,-0.77934,478,,,,,,,,,,,,,,,
Work_4cdf402a38,金匮翼,,Work,1,-1.14796,1.10454,479,,,,,,,,,,,,,,,
Work_e71e30ce1e,金鉴,,Work,1,-2.00197,-0.84662,480,,,,,,,,,,,,,,,
Work_cf5c2e9a94,外感温热篇,,Work,1,-1.01546,-0.19658,0,,,,,,叶天士,,,,,,,,,
Work_6a1bad9176,三时伏气外感篇,,Work,1,-0.97171,-0.18056,0,,,,,,叶天士,,,,,,,,,
Work_b33ce228de,止嗽散,,Work,1,-1.25238,-1.02745,496,,,,,,,,,,,,,,,
Work_457172edc0,自订疏风止嗽汤,,Work,1,-0.37817,0.76033,497,,,,,,,,,,,,,,,
Work_abaa4f9eba,何廉臣《重订广温热论》伏气温病学说探讨,,Work,1,-1.88174,-0.94867,501,,,,,,匡萃璋,1980,,,,,,,,
Work_0ca6dbdcf6,张畹香医案,,Work,1,-1.19315,-0.4818,0,,,,,,张畹香,,,,,,,,,
Work_2c3e6038f3,张氏温暑医旨·痢篇,,Work,1,-1.15279,-0.48789,0,,,,,,张畹香,,,,,,,,,
Work_d43d4b7ac1,张氏温暑医旨·瘄疹,,Work,1,-1.24618,-0.59448,0,,,,,,,,,,,,,,,
Work_abc0b685be,张氏温暑医旨·伤寒治论篇,,Work,1,-1.13931,-0.48583,0,,,,,,张畹香,,,,,,,,,
Work_b599d23ed1,仲景书,,Work,1,-0.2594,0.61116,83,,,,,,仲景,,,,,,,,,
Work_b3fe4c7c3d,说疫,,Work,1,-1.49252,-1.05989,509,,,,,,,,,,,,,,,
Work_da99e1fe2d,基本医书集成,,Work,1,-1.10489,1.10244,84,,,,,,陈士谔,1937,,,,,,,,
Work_eaff80a9d4,本草经,,Work,1,-2.18963,0.20382,511,,,,,,,,,,,,,,,
Work_19e67d7246,神农本草,,Work,1,-0.52902,-0.89289,512,,,,,,,,,,,,,,,
Work_646932a6b4,本事方,,Work,1,-0.98957,-0.19887,0,,,,,,,,,,,,,,,
Work_005d1334b7,伤寒类方,,Work,1,-1.79327,-0.71584,0,,,,,,徐洄溪,,,,,,,,,
Work_300645e2b6,兰台轨范,,Work,1,-1.80692,-0.704,0,,,,,,徐洄溪,,,,,,,,,
Work_a69f8b84fc,全体通考,,Work,1,-1.04852,1.17265,513,,,,,,,,,,,,,,,
Work_8ea23aa53f,素问·太阴阳明论,,Work,1,-0.56938,0.82948,87,,,,,,,,,,,,,,,
Work_32b5064a15,伤风难治论,,Work,1,-1.79658,-0.70587,0,,,,,,徐洄溪,,,,,,,,,
Work_78abdbbacd,伤寒序例,,Work,1,-1.67007,-0.99038,89,,,,,,,,,,,,,,,
Work_c356799838,巢氏病源,,Work,1,-1.20606,1.17971,534,,,,,,,,,,,,,,,
Work_6386cc1769,存存斋医话稿卷三,,Work,1,-2.13956,0.37435,90,,,,,,赵晴初,,,,,,,,,
Work_2535198503,存存斋医话稿未刊稿六十一则,,Work,1,-1.46206,0.41411,0,,,,,,赵氏,1983,,,,,,,,
Work_84f8e35a34,广辑存存斋医话稿,,Work,1,-2.06092,-0.53374,91,,,,,,陆拯,,,,,,,,,
Work_820d53a2de,全国中医图书联合目录,,Work,1,-1.58189,1.02932,542,,,,,,,,,,,,,,,
Work_ddb1e29b6a,存存斋医案留底,,Work,1,-1.53913,-0.18011,0,,,,,,赵氏,,,,,,,,,
Work_e9f8ea6408,医案偶存,,Work,1,-1.55457,-0.22752,0,,,,,,赵晴初,,,,,,,,,
Work_da272634a4,五脏别论,,Work,1,-2.2076,-0.07029,553,,,,,,,,,,,,,,,
Work_6bd3116be7,经脉别论,,Work,1,-0.31617,-0.68907,554,,,,,,,,,,,,,,,
Work_e301929e5c,营卫生会,,Work,1,-1.36314,1.1657,555,,,,,,,,,,,,,,,
Work_1056177d52,存存斋医话稿续集,,Work,1,-1.53059,-0.20715,0,,,,,,赵晴初,,,,,,,,,
Work_54d3dac20b,伤寒尚论篇,,Work,1,-1.23104,1.10382,21,,,,,,高学山,,,,,,,,,
Work_f7a2de54ba,生气通天论,,Work,1,-1.33227,1.01868,78,,,,,,,,,,,,,,,
Work_53f3c03ffb,缪宜亭先生医案,,Work,1,-1.87736,0.95189,92,,,,,,缪宜亭,,,,,,,,,
Work_ba8cf6bee8,存存斋医话续集,,Work,1,-1.60901,-0.2707,0,,,,,,,,,,,,,,,
Work_f4951f6b75,三世医验,,Work,1,-0.71844,-0.9208,580,,,,,,,,,,,,,,,
Work_fc18da25db,校正药性,,Work,1,-0.8188,-0.18727,0,,,,,,,,,,,,,,,
Work_996d07008b,医林荟萃,,Work,1,-1.83966,0.88649,584,,,,,,浙江省中医药研究院、浙江中医杂志社,1994年,,,,,,,,
Work_82774fa579,读医随笔,,Work,1,-0.72175,-0.22967,0,,,,,,周学海,,,,,,,,,
Work_1b063f259f,靖厂说医,,Work,1,-0.13548,0.54897,8,,,,,,周声溢,,,,,,,,,
Work_f0a6a5e8c1,素问·举痛论,,Work,1,-0.43587,-0.71216,94,,,,,,,,,,,,,,,
Work_0dc0b4c958,临证指南,,Work,1,-2.32872,0.2699,600,,,,,,叶天士,,,,,,,,,
Work_18870ba856,周辑邵氏医案评议,,Work,1,-0.07877,-0.09123,9,,,,,,周毅修,1987,,,,,,,,
Work_fa5da483f7,邵兰荪累验医案,,Work,1,-0.16207,0.15724,96,,,,,,潘国贤,,,,,,,,,
Work_75d193d29b,浙江中医杂志,,Work,1,-2.09311,-0.74741,603,,,,,,,1957,,,,,,,,
Work_42a4a332de,邵兰荪医案真迹,,Work,1,-0.1516,-0.05733,604,,,,,,,,,,,,,,,
Work_dbbd0b457c,绍兴市卫生志,,Work,1,-1.95198,0.79061,605,,,,,,沈钦荣,1989,,,,,,,,
Work_93a04071f5,素问·上古天真论,,Work,1,-0.22117,-0.68778,609,,,,,,,,,,,,,,,
Work_62ab4c05bc,素问·痿论篇第四十四,,Work,1,-1.39161,1.00803,610,,,,,,,,,,,,,,,
Work_954dfc3911,重订邵兰荪医案,,Work,1,-1.10965,0.40303,0,,,,,,,,,,,,,,,
Work_3981c07e7e,本草纲目,,Work,1,-2.10872,0.44539,613,,,,,,,2008,,,,,,,,
Work_d336ca7be8,和济药学月报,,Work,1,-1.32339,0.52514,0,,,,,,曹氏,1913,,,,,,,,
Work_4e250f1bb4,规定药品考正,,Work,1,-1.32909,0.51633,0,,,,,,曹氏,1913,,,,,,,,
Work_f8f8428e43,伪药条辨,,Work,1,-1.39055,0.54812,0,,,,,,郑肖岩,,,,,,,,,
Work_b3ce929842,辨舌新编绪,,Work,1,-1.80387,1.00159,618,,,,,,,,,,,,,,,
Work_9072633331,霍乱寒热辨证,,Work,1,-1.39483,0.49976,0,,,,,,曹炳章,,,,,,,,,
Work_3a1bdada7c,暑病证治要略弁言,,Work,1,-1.36902,-1.01251,619,,,,,,曹炳章,,,,,,,,,
Work_cc7e76847e,暑病证治要略·暑病种类,,Work,1,-0.68544,0.9035,97,,,,,,曹炳章,,,,,,,,,
Work_59bbc666f5,暑病证治要略·暑伏三焦膜原考,,Work,1,-0.29673,0.66398,620,,,,,,曹炳章,,,,,,,,,
Work_51798a8639,暑病证治要略·伏暑,,Work,1,-2.35445,0.11431,621,,,,,,曹炳章,,,,,,,,,
Work_51ba83986e,医学源流论,,Work,1,-1.65202,-0.25762,0,,,,,,徐灵胎,,,,,,,,,
Work_175f9bf27e,伤寒辨证广注,,Work,1,-0.43757,0.81842,10,,,,,,汪苓友,,,,,,,,,
Work_a59dd1ec3f,通俗伤寒论·夹阴伤寒,,Work,1,-2.05051,0.68061,626,,,,,,,,,,,,,,,
Work_4c9a31b2df,通俗伤寒论·夹痨伤寒,,Work,1,-0.9855,-1.16386,627,,,,,,,,,,,,,,,
Work_4a877c1a18,新方八略,,Work,1,-1.61838,0.09042,0,,,,,,张景岳,,,,,,,,,
Work_c18695371d,产宝方,,Work,1,-1.52414,0.97081,631,,,,,,,,,,,,,,,
Work_ea88a0924c,卫生宝鉴,,Work,1,-1.61129,-1.01736,632,,,,,,,,,,,,,,,
Work_249e77cc6a,医彀,,Work,1,-1.52215,-1.12931,33,,,,,,程式,,,,,,,,,
Work_8c15f3d23a,类经附翼,,Work,1,-2.26149,0.22672,34,,,,,,张介宾,,,,,,,,,
Work_9098e9fb43,通俗伤寒,,Work,1,-1.40246,0.49259,0,,,,,,,,,,,,,,,
Work_05c9c6d447,暑病证治要略·伤暑,,Work,1,-0.08556,-0.15239,638,,,,,,,,,,,,,,,
Work_12d69e9a63,以‘治学三境界’的精神学习〈内经,,Work,1,-1.1827,0.56677,0,,,,,,徐荣斋,,,,,,,,,
Work_b03ffa0562,健康报,,Work,1,-0.17302,0.21652,646,,,,,,,,,,,,,,,
Work_080f3d4311,读书教学与临证,,Work,1,-1.15685,0.55632,0,,,,,,,,,,,,,,,
Work_71ea4f5f9f,伤寒今释,,Work,1,-1.15957,0.65586,0,,,,,,陆渊雷,,,,,,,,,
Work_7b54deaecd,与友条论读伤寒论法,,Work,1,-0.72932,-0.24024,0,,,,,,周学海,,,,,,,,,
Work_e211b1c4d4,医断,,Work,1,-1.05761,1.0227,35,,,,,,鹤冲元逸,,,,,,,,,
Work_8a8ebdc7a0,妇科知要·四诊,,Work,1,-0.73915,0.93089,649,,,,,,,,,,,,,,,
Work_eb27cae856,读书教学与临证·诊余琐记,,Work,1,-1.26969,0.5249,0,,,,,,,,,,,,,,,
Work_f13b26def3,冷庐医话,,Work,1,-1.46194,1.06843,665,,,,,,,,,,,,,,,
Work_50c691bbe2,存存斋教子学医,,Work,1,-1.53658,-0.19218,0,,,,,,赵晴初,,,,,,,,,
Work_c7c935c658,存存斋医案留稿,,Work,1,-1.51338,-0.22258,0,,,,,,赵晴初,,,,,,,,,
Work_61dbd6f29a,存存斋伤寒附翼眉批,,Work,1,-1.50163,-0.24071,0,,,,,,赵晴初,,,,,,,,,
Work_3caa7a60f5,存存斋静香楼医案,,Work,1,-1.54,-0.16735,0,,,,,,赵晴初,,,,,,,,,
Work_64da14ca29,绍兴医药月刊,,Work,1,-1.26895,0.2821,0,,,,,,何廉臣,,,,,,,,,
Work_76cd8049d9,勘校通俗伤寒论,,Work,1,-1.27434,0.34988,0,,,,,,何廉臣,,,,,,,,,
Work_c3fa464cc4,重订感症宝筏,,Work,1,-1.28515,0.34054,0,,,,,,何廉臣,,,,,,,,,
Work_2adb302a3a,新医学必读,,Work,1,-1.18547,0.2958,0,,,,,,何廉臣,,,,,,,,,
Work_742aaa737c,新纂儿科诊断,,Work,1,-1.22481,0.29583,0,,,,,,何廉臣,,,,,,,,,
Work_fc020ffdea,绍兴同善局医方汇选,,Work,1,-0.85443,-0.24086,0,,,,,,胡宝书,,,,,,,,,
Work_ee0efeee5b,本草药性校正,,Work,1,-0.83363,-0.21667,0,,,,,,胡宝书,,,,,,,,,
Work_1e552a3ef8,新药性赋,,Work,1,-0.82734,-0.2026,0,,,,,,胡宝书,,,,,,,,,
Work_af6484b5d6,药学卫生报,,Work,1,-0.40034,-0.78304,677,,,,,,曹炳章,1913,,,,,,,,
Work_966b4ce067,鸦片戒除法,,Work,1,-1.34893,0.52252,0,,,,,,曹炳章,,,,,,,,,
Work_80d66fe55e,痰证膏丸说明书,,Work,1,-1.33856,0.52084,0,,,,,,曹炳章,,,,,,,,,
Work_3db3708a5b,规定药品之商榷,,Work,1,-1.37647,0.5099,0,,,,,,曹炳章,,,,,,,,,
Work_12f467c1c8,医界新智囊,,Work,1,-1.36767,0.51557,0,,,,,,曹炳章,,,,,,,,,
Work_143f578519,陆氏三世医,,Work,1,-1.33287,0.52966,0,,,,,,曹炳章,,,,,,,,,
Work_7182495058,内经精要汇编,,Work,1,-1.17189,0.56841,0,,,,,,徐荣斋,,,,,,,,,
Work_dac42ba29c,读书数学与临证,,Work,1,-1.14693,0.55975,0,,,,,,徐荣斋,,,,,,,,,
Work_e94aa88a47,绍派伤寒的理论发展及学术传承,,Work,1,-1.80847,-0.99871,11,,,,,,张宏瑛,2009,,,,,,,,
Work_64437294d8,伤寒论》：从经典转向通俗,,Work,1,-2.16912,-0.49262,108,,,,,,张再良,2018,,,,,,,,
Work_abf9295939,通俗伤寒论》承气汤衍化方探释,,Work,1,-2.17854,-0.47323,36,,,,,,董汉良,1992,,,,,,,,
Work_179bdf01f1,俞根初学术思想与《通俗伤寒论,,Work,1,-2.24719,0.28657,689,,,,,,沈元良,2013,,,,,,,,
Work_3b46744607,浅谈俞根初《通俗伤寒论》的温病证治特点,,Work,1,-0.54639,-0.99546,690,,,,,,熊益亮,2013,,,,,,,,
Work_c369e1afcb,浅析俞根初《通俗伤寒论》的特色辨证,,Work,1,-1.37778,1.08716,11,,,,,,张宏瑛,2011,,,,,,,,
Work_8e9dbb759f,通俗伤寒论治外感表证制方用药特色,,Work,1,-0.76981,-1.10641,36,,,,,,董汉良，胡再永,1996,,,,,,,,
Work_1747665b09,俞根初对《伤寒论》少阳证治的发展,,Work,1,-1.91715,0.71938,37,,,,,,杨洁德,2007,,,,,,,,
Work_6d7de007f4,俞根初对《伤寒论》少阳病证及和法研究,,Work,1,-0.43284,0.91332,37,,,,,,杨洁德,2006,,,,,,,,
Work_84444e08ab,浅谈俞根初对《伤寒论》伤寒阳明证治的发挥,,Work,1,-0.18663,0.27224,11,,,,,,张宏瑛,2012,,,,,,,,
Work_0875a49dfd,俞根初《通俗伤寒论》厥阴病证治研究,,Work,1,-0.04581,-0.32559,109,,,,,,张楠,2020,,,,,,,,
Work_373b405ae9,新纂儿科诊断学,,Work,1,-0.82543,0.49547,0,,,,,,何炳元,,,,,,,,,
Work_f29528f34a,药性探源,,Work,1,-0.84416,-0.23227,0,,,,,,胡宝书,,,,,,,,,
Work_0a74c42ec1,浙江名医传略,,Work,1,-1.34558,0.51257,0,,,,,,曹炳章,,,,,,,,,
Work_1dac758bab,中华医学大成,,Work,1,-1.37477,0.49954,0,,,,,,曹炳章,,,,,,,,,
Work_eff379319c,绍派伤寒学术研究,,Work,1,-0.00497,-0.10271,693,,,,,,陆晓东,1986,,,,,,,,
Work_72f2d60e71,绍兴医药文化,,Work,1,-1.71981,0.06548,0,,,,,,沈钦荣,2004,,,,,,,,
Work_b16698fa07,通俗伤寒论新编——绍派俞根初方应用,,Work,1,-1.87596,0.7593,694,,,,,,沈元良,2009,,,,,,,,
Work_cadcf75515,蒿芩清胆汤妙用集萃,,Work,1,-1.1797,-1.105,695,,,,,,沈元良,2013,,,,,,,,
Work_2a678f190e,越医薪传,,Work,1,-1.72063,0.07595,0,,,,,,张居适，沈钦荣,2013,,,,,,,,
Work_378c346cb7,绍派伤寒名家学术精要,,Work,1,-0.38316,0.87031,696,,,,,,沈元良,2016,,,,,,,,
Work_60d42fdaa8,绍派伤寒名家医话精编,,Work,1,-2.20603,-0.09033,697,,,,,,沈元良,2016,,,,,,,,
Work_b9476cb7d3,绍派伤寒名家验案精选,,Work,1,-0.30289,-0.67209,698,,,,,,沈元良,2016,,,,,,,,
Work_531ab57857,俞根初,,Work,1,-0.86883,0.45785,0,,,,,,江泳，谢天，韦章进,2017,,,,,,,,
Work_78e54b18b9,通俗伤寒论名方讲用,,Work,1,-1.38585,1.16191,699,,,,,,沈元良,2018,,,,,,,,
Work_88efb59247,浙江中医临床名家徐荣斋,,Work,1,-1.73259,-0.86922,700,,,,,,谢冠群,2019,,,,,,,,
Work_6ce43dd38a,绍派伤寒何廉臣方药论著选,,Work,1,-1.21605,0.34769,0,,,,,,何廉臣,2016,,,,,,,,
Work_35827fdac4,越医文化,,Work,1,-1.65028,0.20975,0,,,,,,沈钦荣，毛小明，方春阳,2017,,,,,,,,
Work_1cafe3eb66,嬾园医语,,Work,1,-0.44749,-0.82732,111,,,,,,傅崇黻,2019,,,,,,,,
Work_5ac52d7015,景岳学说研究,,Work,1,-0.11296,0.28715,701,,,,,,陈天祥等,1983,,,,,,,,
Work_1aeb591fcc,张景岳医案集,,Work,1,-2.22734,0.54359,702,,,,,,陈天祥、施仁潮、蔡定芳等,1983,,,,,,,,
